global_epoch,task,epoch_in_task,train_loss,val_loss
1,MBC_CheongJu.csv,1,0.9940417855978012,0.9859470658832126
2,MBC_CheongJu.csv,2,0.9693779150644938,0.9433534145355225
3,MBC_CheongJu.csv,3,0.8969612601730559,0.8311168948809305
4,MBC_CheongJu.csv,4,0.7380793624454074,0.6193528572718302
5,MBC_CheongJu.csv,5,0.4881139058205817,0.34044736954900956
6,MBC_CheongJu.csv,6,0.22227064416640335,0.11194318532943726
7,MBC_CheongJu.csv,7,0.05989058507192466,0.024892708907524746
8,MBC_CheongJu.csv,8,0.01728972686558134,0.015441597128907839
9,MBC_CheongJu.csv,9,0.013762766547087166,0.014665939948625036
10,MBC_CheongJu.csv,10,0.013030224634955326,0.013821525913145807
11,MBC_CheongJu.csv,11,0.01231922517116699,0.013016890320512984
12,MBC_CheongJu.csv,12,0.011668366173075305,0.012236405370963944
13,MBC_CheongJu.csv,13,0.010978362212578455,0.011507855107386908
14,MBC_CheongJu.csv,14,0.010308107102496756,0.010810740602513155
15,MBC_CheongJu.csv,15,0.009728767068332268,0.010157621879544523
16,MBC_CheongJu.csv,16,0.009182464292583367,0.009570879344311025
17,MBC_CheongJu.csv,17,0.008665232789806195,0.008994270840452777
18,MBC_CheongJu.csv,18,0.008153185752841333,0.008460296473155418
19,MBC_CheongJu.csv,19,0.0076775918067950345,0.007959067924982972
20,MBC_CheongJu.csv,20,0.007312737017249067,0.007523468126439386
21,MBC_CheongJu.csv,21,0.006899662665091455,0.007100685292647945
22,MBC_CheongJu.csv,22,0.006574360213966833,0.006718585888544719
23,MBC_CheongJu.csv,23,0.006257915636524558,0.00638124564041694
24,MBC_CheongJu.csv,24,0.005940603260468278,0.006055896015216907
25,MBC_CheongJu.csv,25,0.005663225582490365,0.005780446550084485
26,MBC_CheongJu.csv,26,0.005433266878955894,0.005513830058690574
27,MBC_CheongJu.csv,27,0.0052140581149918335,0.0052833640947937965
28,MBC_CheongJu.csv,28,0.0050032437106387485,0.0050860503947155345
29,MBC_CheongJu.csv,29,0.004862714791670442,0.004890150416435467
30,MBC_CheongJu.csv,30,0.004676607935430689,0.004732390400022268
31,MBC_CheongJu.csv,31,0.0045282368341253865,0.0045849481959723765
32,MBC_CheongJu.csv,32,0.004422033095680591,0.004440598034610351
33,MBC_CheongJu.csv,33,0.004316226365820815,0.004331659059971571
34,MBC_CheongJu.csv,34,0.004202474238506208,0.004227284885322054
35,MBC_CheongJu.csv,35,0.004117806972418394,0.004129475215449929
36,MBC_CheongJu.csv,36,0.004047041435519027,0.004053195990208123
37,MBC_CheongJu.csv,37,0.004014085493205736,0.003977593862348133
38,MBC_CheongJu.csv,38,0.003979093433978657,0.003915887584702836
39,MBC_CheongJu.csv,39,0.0038480986452971897,0.0038591831301649413
40,MBC_CheongJu.csv,40,0.003830749664403912,0.003816386063893636
41,MBC_CheongJu.csv,41,0.0037798671465781,0.0037704455769724315
42,MBC_CheongJu.csv,42,0.0037268136382206446,0.003733233264130023
43,MBC_CheongJu.csv,43,0.0037197458506044415,0.0036962013174262312
44,MBC_CheongJu.csv,44,0.0036574582465820843,0.003665246974883808
45,MBC_CheongJu.csv,45,0.0036561593490963182,0.0036404369295471245
46,MBC_CheongJu.csv,46,0.003626671231662234,0.0036160078727536732
47,MBC_CheongJu.csv,47,0.003607329977158871,0.0035881363114135135
48,MBC_CheongJu.csv,48,0.003618391942129367,0.003580825791383783
49,MBC_CheongJu.csv,49,0.003590645811830958,0.003553775501334005
50,MBC_CheongJu.csv,50,0.0035816742003791863,0.0035358134967585406
51,MBC_CheongJu.csv,51,0.0035667981137521565,0.003520052776568466
52,MBC_CheongJu.csv,52,0.0035206752945668995,0.003511513971413175
53,MBC_CheongJu.csv,53,0.003517446321590493,0.003495612000632617
54,MBC_CheongJu.csv,54,0.0034917871752339932,0.0034808943875961834
55,MBC_CheongJu.csv,55,0.0035012270155776706,0.003473621379170153
56,MBC_CheongJu.csv,56,0.0034778724398670923,0.00346185895614326
57,MBC_CheongJu.csv,57,0.0035010944314611456,0.0034551203716546297
58,MBC_CheongJu.csv,58,0.0034611699455935094,0.0034414709080010653
59,MBC_CheongJu.csv,59,0.0034641033853404224,0.0034351082156515783
60,MBC_CheongJu.csv,60,0.0034968647006381717,0.003430700343516138
61,MBC_CheongJu.csv,61,0.003448665316682309,0.003420570037431187
62,MBC_CheongJu.csv,62,0.0034371153839553394,0.0034098569045050275
63,MBC_CheongJu.csv,63,0.003502389299683273,0.003405092568654153
64,MBC_CheongJu.csv,64,0.003448495925921533,0.0034008586468795934
65,MBC_CheongJu.csv,65,0.0034429906259497833,0.003391898728700148
66,MBC_CheongJu.csv,66,0.003434680350538757,0.0033870897411058345
67,MBC_CheongJu.csv,67,0.0034068807209324506,0.0033828368824389246
68,MBC_CheongJu.csv,68,0.0033929754863493145,0.0033780797643380035
69,MBC_CheongJu.csv,69,0.0033950888901017606,0.003371095181339317
70,MBC_CheongJu.csv,70,0.0033745609851191854,0.0033687730061097276
71,MBC_CheongJu.csv,71,0.00340368731930438,0.0033652548833439746
72,MBC_CheongJu.csv,72,0.0034027294863739777,0.0033611703612324265
73,MBC_CheongJu.csv,73,0.0034214776824228466,0.003357602774889933
74,MBC_CheongJu.csv,74,0.0033999388300192854,0.003354740251476566
75,MBC_CheongJu.csv,75,0.0033941640867851675,0.0033513459170030225
76,MBC_CheongJu.csv,76,0.0033761363657605317,0.0033493575174361467
77,MBC_CheongJu.csv,77,0.0033804428660207326,0.0033454811200499535
78,MBC_CheongJu.csv,78,0.003386937249969277,0.003343497661666738
79,MBC_CheongJu.csv,79,0.0033701321485245395,0.003341167570195264
80,MBC_CheongJu.csv,80,0.003364261653688219,0.003339930773816175
81,MBC_CheongJu.csv,81,0.0033933574126826394,0.003337930085965329
82,MBC_CheongJu.csv,82,0.0034149158875354463,0.003336862712684605
83,MBC_CheongJu.csv,83,0.0033711596430900195,0.0033351819082680675
84,MBC_CheongJu.csv,84,0.0033606318498237264,0.0033323593541151946
85,MBC_CheongJu.csv,85,0.0033777898125764397,0.0033320157995654475
86,MBC_CheongJu.csv,86,0.0033667086261428064,0.0033305378682497474
87,MBC_CheongJu.csv,87,0.0033642490420283545,0.0033299907421072326
88,MBC_CheongJu.csv,88,0.0033761628955188724,0.00332942216967543
89,MBC_CheongJu.csv,89,0.003373311819612152,0.003328252247431212
90,MBC_CheongJu.csv,90,0.003362787874518997,0.0033279379778024224
91,MBC_CheongJu.csv,91,0.003361715747612632,0.003327516321506765
92,MBC_CheongJu.csv,92,0.0033496877877041698,0.003326493470619122
93,MBC_CheongJu.csv,93,0.0033584559116409058,0.003326356928381655
94,MBC_CheongJu.csv,94,0.003350305099350711,0.0033260013959887954
95,MBC_CheongJu.csv,95,0.0033601090092108482,0.003325982122785515
96,MBC_CheongJu.csv,96,0.00336587260891166,0.0033257794566452503
97,MBC_CheongJu.csv,97,0.003355739521794021,0.0033256299793720245
98,MBC_CheongJu.csv,98,0.003345454622629202,0.0033254956878307792
99,MBC_CheongJu.csv,99,0.0033645878752900493,0.0033254981972277164
100,MBC_CheongJu.csv,100,0.0033452393512965906,0.003325469015787045
101,Broad_CheongJu.csv,1,6.440561389923095,0.141371907459365
102,Broad_CheongJu.csv,2,2.731355807997964,0.4369762142499288
103,Broad_CheongJu.csv,3,1.6822952443903143,0.6417320701811049
104,Broad_CheongJu.csv,4,1.6105980439619585,0.662217014365726
105,Broad_CheongJu.csv,5,1.606004576249556,0.6609580318133036
106,Broad_CheongJu.csv,6,1.6035103386098688,0.6686157981554667
107,Broad_CheongJu.csv,7,1.598891071839766,0.6615520781940885
108,Broad_CheongJu.csv,8,1.5932982228019021,0.6569820178879632
109,Broad_CheongJu.csv,9,1.5962484316392378,0.6581153472264608
110,Broad_CheongJu.csv,10,1.5931571526960893,0.6673514445622762
111,Broad_CheongJu.csv,11,1.5915192408995196,0.6606787045796713
112,Broad_CheongJu.csv,12,1.5872784571214156,0.6630685660574172
113,Broad_CheongJu.csv,13,1.5906756401062012,0.6654978858100044
114,Broad_CheongJu.csv,14,1.5881459344517102,0.6567084259457059
115,Broad_CheongJu.csv,15,1.583927787433971,0.6592250135209825
116,Broad_CheongJu.csv,16,1.5824495835737749,0.654436919424269
117,Broad_CheongJu.csv,17,1.5839773286472667,0.6591107183032565
118,Broad_CheongJu.csv,18,1.5801577871496026,0.6689615514543321
119,Broad_CheongJu.csv,19,1.579323283108798,0.6540229055616591
120,Broad_CheongJu.csv,20,1.582556141506542,0.6647839546203613
121,Broad_CheongJu.csv,21,1.5840297742323441,0.6692004667388068
122,Broad_CheongJu.csv,22,1.5810210639780218,0.6680449975861443
123,Broad_CheongJu.csv,23,1.582492715662176,0.6776254375775655
124,Broad_CheongJu.csv,24,1.5787265994332054,0.6619603633880615
125,Broad_CheongJu.csv,25,1.577218812162226,0.6582980155944824
126,Broad_CheongJu.csv,26,1.5781643173911355,0.6584240529272292
127,Broad_CheongJu.csv,27,1.5816882978786122,0.6719833877351549
128,Broad_CheongJu.csv,28,1.5789188970219006,0.661765436331431
129,Broad_CheongJu.csv,29,1.5759469552473588,0.6686889992819892
130,Broad_CheongJu.csv,30,1.5759627515619452,0.6674476729498969
131,Broad_CheongJu.csv,31,1.574803889881481,0.6638093127144707
132,Broad_CheongJu.csv,32,1.580502210963856,0.666202598147922
133,Broad_CheongJu.csv,33,1.5757704908197576,0.6641581389639113
134,Broad_CheongJu.csv,34,1.5748297171159225,0.666272415055169
135,Broad_CheongJu.csv,35,1.573142892664129,0.6699375377760993
136,Broad_CheongJu.csv,36,1.5731962312351573,0.6610693335533142
137,Broad_CheongJu.csv,37,1.5715278777209196,0.6600975857840644
138,Broad_CheongJu.csv,38,1.571472985094244,0.6696938011381361
139,Broad_CheongJu.csv,39,1.5763115124268965,0.6702200836605496
140,Broad_CheongJu.csv,40,1.5739517580379139,0.663237452507019
141,Broad_CheongJu.csv,41,1.572997446493669,0.6576963861783346
142,Broad_CheongJu.csv,42,1.5722890615463256,0.66315715180503
143,Broad_CheongJu.csv,43,1.5767274618148803,0.6699453592300415
144,Broad_CheongJu.csv,44,1.5802806269038807,0.6554073956277635
145,Broad_CheongJu.csv,45,1.576639058373191,0.660006562868754
146,Broad_CheongJu.csv,46,1.5763784842057662,0.6743487450811598
147,Broad_CheongJu.csv,47,1.5776088129390369,0.6681082050005595
148,Broad_CheongJu.csv,48,1.5707857782190495,0.661848955684238
149,Broad_CheongJu.csv,49,1.5699539531360973,0.6668912900818719
150,Broad_CheongJu.csv,50,1.5730414672331376,0.6648775272899203
151,Broad_CheongJu.csv,51,1.574883998524059,0.6715741157531738
152,Broad_CheongJu.csv,52,1.5749845938249067,0.6679497361183167
153,Broad_CheongJu.csv,53,1.5723822897130793,0.6594146490097046
154,Broad_CheongJu.csv,54,1.5708015181801536,0.6591940389739143
155,Broad_CheongJu.csv,55,1.5740785642103716,0.6668540173106723
156,Broad_CheongJu.csv,56,1.5734883308410645,0.6632651024394565
157,Broad_CheongJu.csv,57,1.5718697829680008,0.6656088696585761
158,Broad_CheongJu.csv,58,1.5726989464326337,0.6626296639442444
159,Broad_CheongJu.csv,59,1.5736696741797707,0.6649651792314317
160,Broad_CheongJu.csv,60,1.5747350085865368,0.6713517109553019
161,Broad_CheongJu.csv,61,1.5698035695336081,0.663469996717241
162,Broad_CheongJu.csv,62,1.5709182435815985,0.6591009961234199
163,Broad_CheongJu.csv,63,1.5762503775683316,0.666022327211168
164,Broad_CheongJu.csv,64,1.5762827027927746,0.6660356720288595
165,Broad_CheongJu.csv,65,1.571395713632757,0.6629675163163079
166,Broad_CheongJu.csv,66,1.5707397352565418,0.6669499344295926
167,Broad_CheongJu.csv,67,1.5741327784278176,0.6647534767786661
168,Broad_CheongJu.csv,68,1.5737730633128773,0.6699704262945387
169,Broad_CheongJu.csv,69,1.5747028610923073,0.6681395437982347
170,Broad_CheongJu.csv,70,1.5750918800180609,0.6662926607661777
171,Broad_CheongJu.csv,71,1.571637259830128,0.6663474705484178
172,Broad_CheongJu.csv,72,1.5725152730941772,0.6645334892802768
173,Broad_CheongJu.csv,73,1.5757712971080433,0.6666284600893656
174,Broad_CheongJu.csv,74,1.5747638724066995,0.6688347127702501
175,Broad_CheongJu.csv,75,1.581634883447127,0.6710374620225694
176,Broad_CheongJu.csv,76,1.571960280158303,0.6669760876231723
177,Broad_CheongJu.csv,77,1.5711672045967795,0.6647746364275614
178,Broad_CheongJu.csv,78,1.5718326178464022,0.6654591295454237
179,Broad_CheongJu.csv,79,1.574036548354409,0.6658653219540914
180,Broad_CheongJu.csv,80,1.573909096284346,0.6644681493441263
181,Broad_CheongJu.csv,81,1.572713489965959,0.6655881537331475
182,Broad_CheongJu.csv,82,1.5802560957995329,0.6684317588806152
183,Broad_CheongJu.csv,83,1.5740131638266823,0.6666192147466872
184,Broad_CheongJu.csv,84,1.5777006019245494,0.6667847567134433
185,Broad_CheongJu.csv,85,1.5719463153318924,0.667513390382131
186,Broad_CheongJu.csv,86,1.574732249433344,0.6673910485373603
187,Broad_CheongJu.csv,87,1.5782074213027955,0.6673723989062839
188,Broad_CheongJu.csv,88,1.5720628131519665,0.6671142843034532
189,Broad_CheongJu.csv,89,1.577300110730258,0.6670226984553866
190,Broad_CheongJu.csv,90,1.5762192292646928,0.6678952442275153
191,Broad_CheongJu.csv,91,1.5731908884915438,0.6671958830621507
192,Broad_CheongJu.csv,92,1.5751774115995927,0.6670656601587931
193,Broad_CheongJu.csv,93,1.5772894339127974,0.6673175096511841
194,Broad_CheongJu.csv,94,1.5731544928117231,0.6672886676258512
195,Broad_CheongJu.csv,95,1.5708094076676802,0.6669004559516907
196,Broad_CheongJu.csv,96,1.57330782846971,0.6668139431211684
197,Broad_CheongJu.csv,97,1.5754057060588489,0.666853580209944
198,Broad_CheongJu.csv,98,1.5736920725215564,0.6668840448061625
199,Broad_CheongJu.csv,99,1.572204544327476,0.66682940059238
200,Broad_CheongJu.csv,100,1.5732228365811434,0.666812366909451
201,MBC_DaeJeon.csv,1,19.516361357949,0.43934247891108197
202,MBC_DaeJeon.csv,2,4.9348822767084295,0.7754100627369351
203,MBC_DaeJeon.csv,3,1.7976550384001297,0.8736639089054532
204,MBC_DaeJeon.csv,4,1.7230764497410167,0.8768721421559652
205,MBC_DaeJeon.csv,5,1.7004702459682117,0.8766002191437615
206,MBC_DaeJeon.csv,6,1.6820232608101584,0.8774662282731798
207,MBC_DaeJeon.csv,7,1.6728008963844994,0.8783728811475966
208,MBC_DaeJeon.csv,8,1.6632727146148683,0.8771797219912211
209,MBC_DaeJeon.csv,9,1.65840115330436,0.8827658494313558
210,MBC_DaeJeon.csv,10,1.6537239248102362,0.887417369418674
211,MBC_DaeJeon.csv,11,1.6522788936441595,0.8871739705403646
212,MBC_DaeJeon.csv,12,1.649993196400729,0.8796734346283807
213,MBC_DaeJeon.csv,13,1.6494521141052245,0.8809986313184103
214,MBC_DaeJeon.csv,14,1.6446315873752941,0.8875559634632535
215,MBC_DaeJeon.csv,15,1.6453167091716419,0.8919616010453966
216,MBC_DaeJeon.csv,16,1.6447979927062988,0.8837102982732985
217,MBC_DaeJeon.csv,17,1.6469306642358954,0.8705312013626099
218,MBC_DaeJeon.csv,18,1.6444051937623458,0.8878686560524834
219,MBC_DaeJeon.csv,19,1.6453739469701594,0.8876230253113641
220,MBC_DaeJeon.csv,20,1.6434478217905217,0.8753879401418898
221,MBC_DaeJeon.csv,21,1.6443900216709484,0.8814509577221341
222,MBC_DaeJeon.csv,22,1.6428261518478393,0.8859543138080173
223,MBC_DaeJeon.csv,23,1.6431295524943959,0.880530403720008
224,MBC_DaeJeon.csv,24,1.6406077406623147,0.8869049615330167
225,MBC_DaeJeon.csv,25,1.6413700407201595,0.8792878786722819
226,MBC_DaeJeon.csv,26,1.642742202498696,0.8859718508190579
227,MBC_DaeJeon.csv,27,1.6418459718877618,0.8847371008661058
228,MBC_DaeJeon.csv,28,1.6404795690016314,0.8829980823728774
229,MBC_DaeJeon.csv,29,1.6448476444591176,0.8852479060490926
230,MBC_DaeJeon.csv,30,1.6410243294455789,0.8758610222074721
231,MBC_DaeJeon.csv,31,1.6441822940653021,0.8911893566449484
232,MBC_DaeJeon.csv,32,1.6431670383973556,0.8896112905608283
233,MBC_DaeJeon.csv,33,1.642650469866666,0.8872069319089254
234,MBC_DaeJeon.csv,34,1.6437432592565364,0.8813973532782661
235,MBC_DaeJeon.csv,35,1.6439344471151178,0.8799834450085958
236,MBC_DaeJeon.csv,36,1.6416039943695069,0.8831712471114265
237,MBC_DaeJeon.csv,37,1.6414234161376953,0.8781272636519538
238,MBC_DaeJeon.csv,38,1.6417414556850087,0.8891368707021078
239,MBC_DaeJeon.csv,39,1.6407138976183804,0.8802608119116889
240,MBC_DaeJeon.csv,40,1.6421409108422018,0.881116529305776
241,MBC_DaeJeon.csv,41,1.641802267594771,0.8812037905057272
242,MBC_DaeJeon.csv,42,1.6408174124631014,0.8870772388246324
243,MBC_DaeJeon.csv,43,1.6415054603056474,0.876655552122328
244,MBC_DaeJeon.csv,44,1.6413281895897605,0.8905071881082323
245,MBC_DaeJeon.csv,45,1.6424740119413896,0.8840331037839254
246,MBC_DaeJeon.csv,46,1.642471194267273,0.8827917906973097
247,MBC_DaeJeon.csv,47,1.640808588808233,0.8898945583237542
248,MBC_DaeJeon.csv,48,1.6425739981911398,0.8887848986519707
249,MBC_DaeJeon.csv,49,1.6414358680898493,0.8834520843293932
250,MBC_DaeJeon.csv,50,1.6401221145283091,0.882454858885871
251,MBC_DaeJeon.csv,51,1.640044093132019,0.8802399502860175
252,MBC_DaeJeon.csv,52,1.6399393168362704,0.8815486629803976
253,MBC_DaeJeon.csv,53,1.6400212613019076,0.8880940940645006
254,MBC_DaeJeon.csv,54,1.6402837536551735,0.8865106370713975
255,MBC_DaeJeon.csv,55,1.640716476873918,0.8817188474867079
256,MBC_DaeJeon.csv,56,1.6402526140213012,0.8873084783554077
257,MBC_DaeJeon.csv,57,1.6406663114374334,0.8891225457191467
258,MBC_DaeJeon.csv,58,1.640794545953924,0.889330248037974
259,MBC_DaeJeon.csv,59,1.6412162672389636,0.8828893966144986
260,MBC_DaeJeon.csv,60,1.6422279032793912,0.8832750784026252
261,MBC_DaeJeon.csv,61,1.6410283262079413,0.8822278380393982
262,MBC_DaeJeon.csv,62,1.6408919312737205,0.8853253457281325
263,MBC_DaeJeon.csv,63,1.6411631475795398,0.8816183540556166
264,MBC_DaeJeon.csv,64,1.6401537981900303,0.8856942587428622
265,MBC_DaeJeon.csv,65,1.6397091063586149,0.8792083925671048
266,MBC_DaeJeon.csv,66,1.639895911650224,0.8853067225880094
267,MBC_DaeJeon.csv,67,1.640414623780684,0.8818751904699538
268,MBC_DaeJeon.csv,68,1.6414411263032394,0.885119100411733
269,MBC_DaeJeon.csv,69,1.6420033584941518,0.8833404448297288
270,MBC_DaeJeon.csv,70,1.6406500924717295,0.8848093615637885
271,MBC_DaeJeon.csv,71,1.6407133969393644,0.8857406179110209
272,MBC_DaeJeon.csv,72,1.642515644160184,0.8863503469361199
273,MBC_DaeJeon.csv,73,1.6401374361731789,0.8829753994941711
274,MBC_DaeJeon.csv,74,1.6390704393386841,0.8832005063692728
275,MBC_DaeJeon.csv,75,1.6410244638269598,0.8853436774677701
276,MBC_DaeJeon.csv,76,1.6407462640242143,0.8848548200395372
277,MBC_DaeJeon.csv,77,1.641032962365584,0.8846275806427002
278,MBC_DaeJeon.csv,78,1.640131757476113,0.8850072688526578
279,MBC_DaeJeon.csv,79,1.6401557510549372,0.8837573064698113
280,MBC_DaeJeon.csv,80,1.6398911822925915,0.8846489919556512
281,MBC_DaeJeon.csv,81,1.6401753468946978,0.8847511145803664
282,MBC_DaeJeon.csv,82,1.6397336331280794,0.883121583196852
283,MBC_DaeJeon.csv,83,1.6410438754341818,0.8838498062557645
284,MBC_DaeJeon.csv,84,1.6404697916724464,0.8839312460687425
285,MBC_DaeJeon.csv,85,1.6409217682751742,0.8837743269072639
286,MBC_DaeJeon.csv,86,1.6405202583833174,0.8845946192741394
287,MBC_DaeJeon.csv,87,1.6395159222862936,0.8836150500509474
288,MBC_DaeJeon.csv,88,1.64003060947765,0.884562075138092
289,MBC_DaeJeon.csv,89,1.6399209521033546,0.8845173054271274
290,MBC_DaeJeon.csv,90,1.6393625996329568,0.8839804199006822
291,MBC_DaeJeon.csv,91,1.6418316342613914,0.8839995662371317
292,MBC_DaeJeon.csv,92,1.6404803297736428,0.8840949734052023
293,MBC_DaeJeon.csv,93,1.6388862154700539,0.8839935660362244
294,MBC_DaeJeon.csv,94,1.6404131997715343,0.8840015663041009
295,MBC_DaeJeon.csv,95,1.6388196663423018,0.8839354713757833
296,MBC_DaeJeon.csv,96,1.6390571117401123,0.8839650617705451
297,MBC_DaeJeon.csv,97,1.6410211671482433,0.8838649193445841
298,MBC_DaeJeon.csv,98,1.6400751308961348,0.8839325043890212
299,MBC_DaeJeon.csv,99,1.6413420135324652,0.8839623332023621
300,MBC_DaeJeon.csv,100,1.6412220326336948,0.8839678896798028
301,KBS_DaeJeon.csv,1,8.508167405561966,0.7635499305195279
302,KBS_DaeJeon.csv,2,2.0665505452589557,0.9079474873012967
303,KBS_DaeJeon.csv,3,1.8141060439023105,0.9143222769101461
304,KBS_DaeJeon.csv,4,1.767920901558616,0.9207309815618727
305,KBS_DaeJeon.csv,5,1.74180926843123,0.9182744953367445
306,KBS_DaeJeon.csv,6,1.7262799089605159,0.9148877064387003
307,KBS_DaeJeon.csv,7,1.7089767195961691,0.9212716023127238
308,KBS_DaeJeon.csv,8,1.7003508394414728,0.9118521014849345
309,KBS_DaeJeon.csv,9,1.6970937642184172,0.9141440523995293
310,KBS_DaeJeon.csv,10,1.6948737166144632,0.9141053424941169
311,KBS_DaeJeon.csv,11,1.6931635921651667,0.9194624622662863
312,KBS_DaeJeon.csv,12,1.694057390906594,0.917437407705519
313,KBS_DaeJeon.csv,13,1.6944450118324974,0.9220449328422546
314,KBS_DaeJeon.csv,14,1.6925209327177568,0.9094406829939948
315,KBS_DaeJeon.csv,15,1.6919713843952526,0.9143464101685418
316,KBS_DaeJeon.csv,16,1.6940858602523803,0.9129912522104051
317,KBS_DaeJeon.csv,17,1.6923825177279386,0.9135811726252238
318,KBS_DaeJeon.csv,18,1.6911355235359886,0.9201378954781426
319,KBS_DaeJeon.csv,19,1.692326255278154,0.9077870580885146
320,KBS_DaeJeon.csv,20,1.6920455650849775,0.9061087965965271
321,KBS_DaeJeon.csv,21,1.6919872457330878,0.9090159469180636
322,KBS_DaeJeon.csv,22,1.6914040305397726,0.9162135852707757
323,KBS_DaeJeon.csv,23,1.6925219882618296,0.914519727230072
324,KBS_DaeJeon.csv,24,1.6904338880018754,0.9238963723182678
325,KBS_DaeJeon.csv,25,1.691110569780523,0.9155197143554688
326,KBS_DaeJeon.csv,26,1.6913989608938045,0.9188851382997301
327,KBS_DaeJeon.csv,27,1.6908842650326816,0.924887908829583
328,KBS_DaeJeon.csv,28,1.6946039134805853,0.9147501256730821
329,KBS_DaeJeon.csv,29,1.692234958301891,0.9146952033042908
330,KBS_DaeJeon.csv,30,1.6891896551305599,0.9157945911089579
331,KBS_DaeJeon.csv,31,1.6915962067517367,0.9154941373401217
332,KBS_DaeJeon.csv,32,1.6899085781790995,0.9131134284867181
333,KBS_DaeJeon.csv,33,1.692448150027882,0.9110015763176812
334,KBS_DaeJeon.csv,34,1.6925604603507303,0.9141751726468405
335,KBS_DaeJeon.csv,35,1.6907744906165383,0.9156492484940423
336,KBS_DaeJeon.csv,36,1.6913757866079158,0.9110101461410522
337,KBS_DaeJeon.csv,37,1.689870734648271,0.9059690568182204
338,KBS_DaeJeon.csv,38,1.692114602435719,0.915133708053165
339,KBS_DaeJeon.csv,39,1.6898872288790616,0.9263634151882596
340,KBS_DaeJeon.csv,40,1.6904293623837559,0.913996160030365
341,KBS_DaeJeon.csv,41,1.690768254886974,0.9111711117956374
342,KBS_DaeJeon.csv,42,1.692143633148887,0.9164694084061517
343,KBS_DaeJeon.csv,43,1.690379069068215,0.9170259038607279
344,KBS_DaeJeon.csv,44,1.6904026573354547,0.9205699430571662
345,KBS_DaeJeon.csv,45,1.6911239537325773,0.9108298950725131
346,KBS_DaeJeon.csv,46,1.6895828073674983,0.9094896713892618
347,KBS_DaeJeon.csv,47,1.6889512235468085,0.9186768796708848
348,KBS_DaeJeon.csv,48,1.6900192174044522,0.9154763420422872
349,KBS_DaeJeon.csv,49,1.6905782439491965,0.920677125453949
350,KBS_DaeJeon.csv,50,1.6888555656779896,0.9203769233491685
351,KBS_DaeJeon.csv,51,1.6906691572882913,0.9171573122342428
352,KBS_DaeJeon.csv,52,1.6901664907282048,0.9183685912026299
353,KBS_DaeJeon.csv,53,1.6893058646808972,0.9127743376625909
354,KBS_DaeJeon.csv,54,1.6895646875554866,0.9213164316283332
355,KBS_DaeJeon.csv,55,1.6890348239378496,0.9144420160187615
356,KBS_DaeJeon.csv,56,1.6898580681193958,0.917891694439782
357,KBS_DaeJeon.csv,57,1.689034605026245,0.9139726095729404
358,KBS_DaeJeon.csv,58,1.6877702886408026,0.9141624304983351
359,KBS_DaeJeon.csv,59,1.6889797709204935,0.9187779161665175
360,KBS_DaeJeon.csv,60,1.688023125041615,0.918486926290724
361,KBS_DaeJeon.csv,61,1.6897188836877997,0.9121718870268928
362,KBS_DaeJeon.csv,62,1.690774800560691,0.9241037170092264
363,KBS_DaeJeon.csv,63,1.6897652257572522,0.9173760943942599
364,KBS_DaeJeon.csv,64,1.6888370535590431,0.916058686044481
365,KBS_DaeJeon.csv,65,1.6875136028636586,0.9108181860711839
366,KBS_DaeJeon.csv,66,1.6895556818355213,0.9134927193323771
367,KBS_DaeJeon.csv,67,1.6885229804299093,0.9142241610421075
368,KBS_DaeJeon.csv,68,1.6887530478564177,0.9152830441792806
369,KBS_DaeJeon.csv,69,1.6884596911343661,0.9194857676823934
370,KBS_DaeJeon.csv,70,1.6883590438149192,0.9142127699322171
371,KBS_DaeJeon.csv,71,1.6897008657455443,0.9159713321261935
372,KBS_DaeJeon.csv,72,1.6894466486844149,0.914710091220008
373,KBS_DaeJeon.csv,73,1.6887277429754084,0.9147465825080872
374,KBS_DaeJeon.csv,74,1.6879982948303223,0.913845055633121
375,KBS_DaeJeon.csv,75,1.6899708401073108,0.9163069261444939
376,KBS_DaeJeon.csv,76,1.6894385727969083,0.9152579108874003
377,KBS_DaeJeon.csv,77,1.6877721201289784,0.9133823381529914
378,KBS_DaeJeon.csv,78,1.688189814307473,0.9143561787075467
379,KBS_DaeJeon.csv,79,1.6886308865113693,0.9164460963673062
380,KBS_DaeJeon.csv,80,1.6896537087180399,0.9148731562826369
381,KBS_DaeJeon.csv,81,1.6893233407627453,0.9167246354950799
382,KBS_DaeJeon.csv,82,1.6874927672472868,0.9151823653115166
383,KBS_DaeJeon.csv,83,1.6882362322373823,0.9150968260235257
384,KBS_DaeJeon.csv,84,1.6891809506849809,0.9155019389258491
385,KBS_DaeJeon.csv,85,1.688140578703447,0.9152988659010993
386,KBS_DaeJeon.csv,86,1.6888887080279265,0.9156668716006808
387,KBS_DaeJeon.csv,87,1.6893525448712436,0.9161217013994852
388,KBS_DaeJeon.csv,88,1.6880251581018622,0.9152357710732354
389,KBS_DaeJeon.csv,89,1.6891178066080266,0.9157176481352912
390,KBS_DaeJeon.csv,90,1.688859976421703,0.9155206349160936
391,KBS_DaeJeon.csv,91,1.6891468698328191,0.9158729778395759
392,KBS_DaeJeon.csv,92,1.6883837656541305,0.9152265389760336
393,KBS_DaeJeon.csv,93,1.6881345488808372,0.915494978427887
394,KBS_DaeJeon.csv,94,1.690018187869679,0.9156617191102769
395,KBS_DaeJeon.csv,95,1.6876257462935014,0.9153435760074191
396,KBS_DaeJeon.csv,96,1.6881342866204,0.9154114259613885
397,KBS_DaeJeon.csv,97,1.688184918056835,0.9154493080245124
398,KBS_DaeJeon.csv,98,1.6882975404912774,0.9154817594422234
399,KBS_DaeJeon.csv,99,1.6880383404818449,0.9154673284954495
400,KBS_DaeJeon.csv,100,1.6886953657323664,0.91548134220971
401,CMB_DaeJeon.csv,1,2.3850730245763607,0.9305467870500352
402,CMB_DaeJeon.csv,2,1.8969122843308883,0.9320009152094523
403,CMB_DaeJeon.csv,3,1.8191081415523183,0.9415932165251838
404,CMB_DaeJeon.csv,4,1.7774569164622913,0.9307300448417664
405,CMB_DaeJeon.csv,5,1.7519322351975875,0.9349381857448154
406,CMB_DaeJeon.csv,6,1.7381470203399658,0.9321475889947679
407,CMB_DaeJeon.csv,7,1.7320247715169734,0.9394800729221768
408,CMB_DaeJeon.csv,8,1.727389190413735,0.9341383907530043
409,CMB_DaeJeon.csv,9,1.7277831250971014,0.9316271411048042
410,CMB_DaeJeon.csv,10,1.7263251846486871,0.9258976644939847
411,CMB_DaeJeon.csv,11,1.7252571907910434,0.9403662151760526
412,CMB_DaeJeon.csv,12,1.7229417410763828,0.9333582454257541
413,CMB_DaeJeon.csv,13,1.7228628158569337,0.9354260431395637
414,CMB_DaeJeon.csv,14,1.7229784987189554,0.9344089362356398
415,CMB_DaeJeon.csv,15,1.723746080832048,0.9352335333824158
416,CMB_DaeJeon.csv,16,1.7256515849720349,0.9385283456908332
417,CMB_DaeJeon.csv,17,1.7243913823908026,0.9329852064450582
418,CMB_DaeJeon.csv,18,1.723054896701466,0.9275854825973511
419,CMB_DaeJeon.csv,19,1.7234480706128208,0.933165623082055
420,CMB_DaeJeon.csv,20,1.7239570075815374,0.9297507935100131
421,CMB_DaeJeon.csv,21,1.7237477562644266,0.9359088672531976
422,CMB_DaeJeon.csv,22,1.7229041771455245,0.9329518609576755
423,CMB_DaeJeon.csv,23,1.7227830973538485,0.9345768358972337
424,CMB_DaeJeon.csv,24,1.7236528158187867,0.9301201966073778
425,CMB_DaeJeon.csv,25,1.723980509151112,0.9240992466608683
426,CMB_DaeJeon.csv,26,1.7259396119551225,0.9330212076505026
427,CMB_DaeJeon.csv,27,1.7227948600595648,0.9378028247091506
428,CMB_DaeJeon.csv,28,1.7231090372258966,0.9324044187863668
429,CMB_DaeJeon.csv,29,1.723156493360346,0.9409996469815572
430,CMB_DaeJeon.csv,30,1.7265396920117464,0.9357854922612509
431,CMB_DaeJeon.csv,31,1.725802620974454,0.9284079869588217
432,CMB_DaeJeon.csv,32,1.7223960074511442,0.9304434127277799
433,CMB_DaeJeon.csv,33,1.7237608281048862,0.9303803973727756
434,CMB_DaeJeon.csv,34,1.7236649708314375,0.9335501458909776
435,CMB_DaeJeon.csv,35,1.7225859273563733,0.9355136023627387
436,CMB_DaeJeon.csv,36,1.7254875096407805,0.9382406009568108
437,CMB_DaeJeon.csv,37,1.7219196991486982,0.9309109118249681
438,CMB_DaeJeon.csv,38,1.7232174699956722,0.9393332070774503
439,CMB_DaeJeon.csv,39,1.7221971446817572,0.9311915636062622
440,CMB_DaeJeon.csv,40,1.7216932318427347,0.9349706967671713
441,CMB_DaeJeon.csv,41,1.7218757586045699,0.9324211676915487
442,CMB_DaeJeon.csv,42,1.7230819073590364,0.9322923686769273
443,CMB_DaeJeon.csv,43,1.7226664608175104,0.9366778267754449
444,CMB_DaeJeon.csv,44,1.7225695870139381,0.931380053361257
445,CMB_DaeJeon.csv,45,1.72429470799186,0.930238836341434
446,CMB_DaeJeon.csv,46,1.7221548275514083,0.9344676070743136
447,CMB_DaeJeon.csv,47,1.7232129682194104,0.932203471660614
448,CMB_DaeJeon.csv,48,1.7222049821506846,0.9312906397713555
449,CMB_DaeJeon.csv,49,1.722195291519165,0.935238864686754
450,CMB_DaeJeon.csv,50,1.723865946856412,0.935230897532569
451,CMB_DaeJeon.csv,51,1.7224749261682684,0.9377635717391968
452,CMB_DaeJeon.csv,52,1.721290414983576,0.9319470855924818
453,CMB_DaeJeon.csv,53,1.7221440878781404,0.9362655546930101
454,CMB_DaeJeon.csv,54,1.7238001411611383,0.9342394471168518
455,CMB_DaeJeon.csv,55,1.7210297627882525,0.9299329254362318
456,CMB_DaeJeon.csv,56,1.722336669401689,0.9315376612875197
457,CMB_DaeJeon.csv,57,1.72172739722512,0.9348114199108548
458,CMB_DaeJeon.csv,58,1.7233973828229037,0.9352631568908691
459,CMB_DaeJeon.csv,59,1.7236958330327814,0.9374468657705519
460,CMB_DaeJeon.csv,60,1.723367207700556,0.9376050962342156
461,CMB_DaeJeon.csv,61,1.721005723693154,0.9373782012197707
462,CMB_DaeJeon.csv,62,1.723552569476041,0.9340643750296699
463,CMB_DaeJeon.csv,63,1.7207459298047152,0.9366393884023031
464,CMB_DaeJeon.csv,64,1.7209411946209994,0.935474607679579
465,CMB_DaeJeon.csv,65,1.722785193269903,0.9386369983355204
466,CMB_DaeJeon.csv,66,1.7231708266518333,0.9334957069820828
467,CMB_DaeJeon.csv,67,1.7211341987956654,0.9360512296358744
468,CMB_DaeJeon.csv,68,1.7222255034880205,0.934609399901496
469,CMB_DaeJeon.csv,69,1.7220158316872336,0.9331986639234755
470,CMB_DaeJeon.csv,70,1.7213567386973987,0.9335458676020304
471,CMB_DaeJeon.csv,71,1.7230685710906983,0.9367759956253899
472,CMB_DaeJeon.csv,72,1.721991695057262,0.9350159764289856
473,CMB_DaeJeon.csv,73,1.7230781663547863,0.934240804778205
474,CMB_DaeJeon.csv,74,1.7228064883839,0.9343261122703552
475,CMB_DaeJeon.csv,75,1.72192889993841,0.9328635533650717
476,CMB_DaeJeon.csv,76,1.7208697904240002,0.9327857626809014
477,CMB_DaeJeon.csv,77,1.7225039091977206,0.9350200560357835
478,CMB_DaeJeon.csv,78,1.7223139936273748,0.9341937303543091
479,CMB_DaeJeon.csv,79,1.7211965235796842,0.9336131480005052
480,CMB_DaeJeon.csv,80,1.72286254492673,0.9333410130606757
481,CMB_DaeJeon.csv,81,1.720978279547258,0.9345708621872796
482,CMB_DaeJeon.csv,82,1.7213085521351208,0.9331685503323873
483,CMB_DaeJeon.csv,83,1.7226712595332752,0.9333159724871317
484,CMB_DaeJeon.csv,84,1.7219090808521618,0.9341423511505127
485,CMB_DaeJeon.csv,85,1.7224977731704711,0.9343982802497016
486,CMB_DaeJeon.csv,86,1.7213513526049526,0.9335220323668586
487,CMB_DaeJeon.csv,87,1.7250555818731135,0.9340317249298096
488,CMB_DaeJeon.csv,88,1.7214065941897305,0.9337601198090447
489,CMB_DaeJeon.csv,89,1.7214583917097612,0.9333434502283732
490,CMB_DaeJeon.csv,90,1.7224190365184437,0.9340208503935072
491,CMB_DaeJeon.csv,91,1.7214315717870539,0.9338313804732429
492,CMB_DaeJeon.csv,92,1.7229300022125245,0.9337201052241855
493,CMB_DaeJeon.csv,93,1.7223486661911012,0.9338687194718255
494,CMB_DaeJeon.csv,94,1.7202737418088045,0.9336838523546854
495,CMB_DaeJeon.csv,95,1.7225713513114236,0.933780829111735
496,CMB_DaeJeon.csv,96,1.721620570529591,0.9336349765459696
497,CMB_DaeJeon.csv,97,1.7234612118114125,0.9337226880921258
498,CMB_DaeJeon.csv,98,1.7214362946423618,0.9337685704231262
499,CMB_DaeJeon.csv,99,1.7228806950829245,0.9337614642249213
500,CMB_DaeJeon.csv,100,1.722031383080916,0.9337641530566745
501,MBC_ChungJu.csv,1,1.7432449037378484,0.951735172006819
502,MBC_ChungJu.csv,2,1.7352208614349365,0.9476506776279874
503,MBC_ChungJu.csv,3,1.7348154653202403,0.9524051811960008
504,MBC_ChungJu.csv,4,1.7359533439983021,0.948653519153595
505,MBC_ChungJu.csv,5,1.7343509565700184,0.9500444663895501
506,MBC_ChungJu.csv,6,1.7343957445838234,0.9418628878063626
507,MBC_ChungJu.csv,7,1.733634849028154,0.9475652906629775
508,MBC_ChungJu.csv,8,1.7326881191947243,0.950513482093811
509,MBC_ChungJu.csv,9,1.7338401794433593,0.9550055530336168
510,MBC_ChungJu.csv,10,1.7359453634782271,0.9516543481085036
511,MBC_ChungJu.csv,11,1.7346628080714832,0.9508100416925218
512,MBC_ChungJu.csv,12,1.7328479918566617,0.9502308633592393
513,MBC_ChungJu.csv,13,1.7347895037044179,0.9461294412612915
514,MBC_ChungJu.csv,14,1.733497511256825,0.9514603151215447
515,MBC_ChungJu.csv,15,1.7342318599874322,0.9467466142442491
516,MBC_ChungJu.csv,16,1.7328660899942572,0.9533175958527459
517,MBC_ChungJu.csv,17,1.7347455024719238,0.9494054317474365
518,MBC_ChungJu.csv,18,1.7331794457002119,0.9531898630989922
519,MBC_ChungJu.csv,19,1.7334437478672375,0.9503797756301032
520,MBC_ChungJu.csv,20,1.732919495755976,0.9532307518853081
521,MBC_ChungJu.csv,21,1.7338649034500122,0.9494550228118896
522,MBC_ChungJu.csv,22,1.7368498347022316,0.9484131137530009
523,MBC_ChungJu.csv,23,1.7345386483452536,0.9496843682395087
524,MBC_ChungJu.csv,24,1.7330788764086638,0.9452644454108344
525,MBC_ChungJu.csv,25,1.731684457172047,0.9463688929875692
526,MBC_ChungJu.csv,26,1.732718294317072,0.9500145448578728
527,MBC_ChungJu.csv,27,1.7346083337610418,0.9490814606348673
528,MBC_ChungJu.csv,28,1.7341141353953968,0.9510005248917474
529,MBC_ChungJu.csv,29,1.7336579647931185,0.9498130347993639
530,MBC_ChungJu.csv,30,1.7337655327536843,0.9501228796111213
531,MBC_ChungJu.csv,31,1.7330938751047307,0.9452324178483751
532,MBC_ChungJu.csv,32,1.733393610607494,0.9520064526134067
533,MBC_ChungJu.csv,33,1.7322888612747191,0.953060507774353
534,MBC_ChungJu.csv,34,1.7328470793637363,0.9472170935736762
535,MBC_ChungJu.csv,35,1.7333197897130792,0.9496985740131803
536,MBC_ChungJu.csv,36,1.7331170060417869,0.9498444265789456
537,MBC_ChungJu.csv,37,1.730647628957575,0.9508391949865553
538,MBC_ChungJu.csv,38,1.7332634730772538,0.9519664711422391
539,MBC_ChungJu.csv,39,1.732728607004339,0.952986478805542
540,MBC_ChungJu.csv,40,1.732142034443942,0.9528766208224826
541,MBC_ChungJu.csv,41,1.7317076964811846,0.9536226259337531
542,MBC_ChungJu.csv,42,1.7323694597591053,0.9490027560128106
543,MBC_ChungJu.csv,43,1.7314389098774303,0.9477043946584066
544,MBC_ChungJu.csv,44,1.7338174083016136,0.953900933265686
545,MBC_ChungJu.csv,45,1.7338941032236272,0.9504294925265842
546,MBC_ChungJu.csv,46,1.732041918147694,0.9487854838371277
547,MBC_ChungJu.csv,47,1.7340873783284967,0.9443804423014323
548,MBC_ChungJu.csv,48,1.7311515764756635,0.9441417455673218
549,MBC_ChungJu.csv,49,1.729743084040555,0.9478417502509223
550,MBC_ChungJu.csv,50,1.7318361455743962,0.9474704994095696
551,MBC_ChungJu.csv,51,1.7311449657786977,0.9490479032198588
552,MBC_ChungJu.csv,52,1.7334109132940119,0.947161422835456
553,MBC_ChungJu.csv,53,1.7309871283444491,0.9504029817051358
554,MBC_ChungJu.csv,54,1.7317303830927069,0.9463428854942322
555,MBC_ChungJu.csv,55,1.7330459052866156,0.9470588035053678
556,MBC_ChungJu.csv,56,1.7310448624870993,0.949264837635888
557,MBC_ChungJu.csv,57,1.7308909437873148,0.9529643191231622
558,MBC_ChungJu.csv,58,1.7305573159998113,0.949341701136695
559,MBC_ChungJu.csv,59,1.731184855374423,0.9524255990982056
560,MBC_ChungJu.csv,60,1.7325327808206732,0.9507868422402276
561,MBC_ChungJu.csv,61,1.730645513534546,0.9459394812583923
562,MBC_ChungJu.csv,62,1.7308110692284324,0.9456472727987502
563,MBC_ChungJu.csv,63,1.7305057829076593,0.9502176642417908
564,MBC_ChungJu.csv,64,1.730824392492121,0.9483616418308682
565,MBC_ChungJu.csv,65,1.7310188098387285,0.9452165563901266
566,MBC_ChungJu.csv,66,1.7293017994273792,0.9473483165105184
567,MBC_ChungJu.csv,67,1.7320068099282004,0.9500638246536255
568,MBC_ChungJu.csv,68,1.7311643145301125,0.9497319857279459
569,MBC_ChungJu.csv,69,1.7306171590631658,0.9484071797794766
570,MBC_ChungJu.csv,70,1.7314185857772828,0.9474037355846829
571,MBC_ChungJu.csv,71,1.7300076961517334,0.9489585823482938
572,MBC_ChungJu.csv,72,1.729993462562561,0.9488064779175652
573,MBC_ChungJu.csv,73,1.7302732315930454,0.9483327137099372
574,MBC_ChungJu.csv,74,1.7295238061384721,0.9493008852005005
575,MBC_ChungJu.csv,75,1.7305189869620583,0.9496075246069167
576,MBC_ChungJu.csv,76,1.7309922976927323,0.9485669997003343
577,MBC_ChungJu.csv,77,1.7303928093476728,0.948159482744005
578,MBC_ChungJu.csv,78,1.731982363354076,0.9492213792271085
579,MBC_ChungJu.csv,79,1.7304753303527831,0.9493592381477356
580,MBC_ChungJu.csv,80,1.7299002799120817,0.9483747614754571
581,MBC_ChungJu.csv,81,1.7294854749332775,0.9485789471202426
582,MBC_ChungJu.csv,82,1.7299002972516146,0.9485257334179349
583,MBC_ChungJu.csv,83,1.7304979584433815,0.9481153686841329
584,MBC_ChungJu.csv,84,1.7305192232131958,0.9487544695536295
585,MBC_ChungJu.csv,85,1.7303126985376531,0.9485922323332893
586,MBC_ChungJu.csv,86,1.7317275329069657,0.9492868714862399
587,MBC_ChungJu.csv,87,1.7299811926755038,0.9493529399236044
588,MBC_ChungJu.csv,88,1.7298336029052734,0.9485877884758843
589,MBC_ChungJu.csv,89,1.730403698574413,0.9489580127927992
590,MBC_ChungJu.csv,90,1.7307617751034823,0.9491449197133383
591,MBC_ChungJu.csv,91,1.7303219036622481,0.9489730993906657
592,MBC_ChungJu.csv,92,1.7298696517944336,0.9488233327865601
593,MBC_ChungJu.csv,93,1.7309837428006258,0.9489457011222839
594,MBC_ChungJu.csv,94,1.7308779239654541,0.949127991994222
595,MBC_ChungJu.csv,95,1.7305911042473532,0.9490762617852952
596,MBC_ChungJu.csv,96,1.7292069803584706,0.9489890800582038
597,MBC_ChungJu.csv,97,1.7313034816221757,0.9490689569049411
598,MBC_ChungJu.csv,98,1.731748401034962,0.949021127488878
599,MBC_ChungJu.csv,99,1.7301971652291037,0.9490888449880812
600,MBC_ChungJu.csv,100,1.7295226075432517,0.9490729437934028
601,KBS_ChungJu.csv,1,1.7534401633522727,0.9492693609661527
602,KBS_ChungJu.csv,2,1.7496194514361294,0.9558009770181444
603,KBS_ChungJu.csv,3,1.750723299113187,0.9538200696309408
604,KBS_ChungJu.csv,4,1.7516074982556429,0.9597704675462511
605,KBS_ChungJu.csv,5,1.749261543967507,0.9587412344084846
606,KBS_ChungJu.csv,6,1.7485850984399969,0.9550999071862962
607,KBS_ChungJu.csv,7,1.7507413777438077,0.9569863809479607
608,KBS_ChungJu.csv,8,1.7502164645628495,0.9584898087713454
609,KBS_ChungJu.csv,9,1.7483615680174394,0.9586655762460496
610,KBS_ChungJu.csv,10,1.748184696110812,0.9564168386989169
611,KBS_ChungJu.csv,11,1.7505797191099688,0.9505735105938382
612,KBS_ChungJu.csv,12,1.7514140150763773,0.9591129422187805
613,KBS_ChungJu.csv,13,1.7515004027973522,0.9624219735463461
614,KBS_ChungJu.csv,14,1.7492373336445202,0.9574966563118829
615,KBS_ChungJu.csv,15,1.7474009232087568,0.9602137605349222
616,KBS_ChungJu.csv,16,1.7495331200686368,0.9563175373607211
617,KBS_ChungJu.csv,17,1.7519635373895819,0.9510256383154128
618,KBS_ChungJu.csv,18,1.7493292071602562,0.950033618344201
619,KBS_ChungJu.csv,19,1.7502015027132902,0.9586775302886963
620,KBS_ChungJu.csv,20,1.749627002802762,0.959234529071384
621,KBS_ChungJu.csv,21,1.7488115267320112,0.9551438755459256
622,KBS_ChungJu.csv,22,1.749808103388006,0.95962526400884
623,KBS_ChungJu.csv,23,1.7482092944058505,0.9551932215690613
624,KBS_ChungJu.csv,24,1.748493038524281,0.9525979823536344
625,KBS_ChungJu.csv,25,1.746815276145935,0.9518421689669291
626,KBS_ChungJu.csv,26,1.7475782806223088,0.9529175228542752
627,KBS_ChungJu.csv,27,1.749911566214128,0.9582642515500387
628,KBS_ChungJu.csv,28,1.7463822516528043,0.9565302266014947
629,KBS_ChungJu.csv,29,1.7485545245083896,0.954994903670417
630,KBS_ChungJu.csv,30,1.7476929772983898,0.9497988290256925
631,KBS_ChungJu.csv,31,1.7509035327217795,0.9588855902353922
632,KBS_ChungJu.csv,32,1.74913348718123,0.9560431308216519
633,KBS_ChungJu.csv,33,1.749147636240179,0.9611520634757148
634,KBS_ChungJu.csv,34,1.7473751111464066,0.9524933960702684
635,KBS_ChungJu.csv,35,1.7485958424481478,0.9567489359113905
636,KBS_ChungJu.csv,36,1.7507565650072965,0.9596521523263719
637,KBS_ChungJu.csv,37,1.7466441978107798,0.9579354524612427
638,KBS_ChungJu.csv,38,1.7486787579276346,0.96023780769772
639,KBS_ChungJu.csv,39,1.7480006911537864,0.9573452406459384
640,KBS_ChungJu.csv,40,1.7465835831382057,0.9564437336391873
641,KBS_ChungJu.csv,41,1.7467655485326594,0.9537782470385233
642,KBS_ChungJu.csv,42,1.7469859448346226,0.9609976079728868
643,KBS_ChungJu.csv,43,1.7461805993860418,0.9553064174122281
644,KBS_ChungJu.csv,44,1.7479650822552768,0.9546918405426873
645,KBS_ChungJu.csv,45,1.7467397993261164,0.9577876925468445
646,KBS_ChungJu.csv,46,1.747105097770691,0.9586041635937161
647,KBS_ChungJu.csv,47,1.7489823406392877,0.9587104452980889
648,KBS_ChungJu.csv,48,1.7470412882891568,0.9538914362589518
649,KBS_ChungJu.csv,49,1.746976824240251,0.9607630107137892
650,KBS_ChungJu.csv,50,1.748290601643649,0.9561886787414551
651,KBS_ChungJu.csv,51,1.7478211836381392,0.9572512110074362
652,KBS_ChungJu.csv,52,1.746367679942738,0.9544682833883498
653,KBS_ChungJu.csv,53,1.7448008277199485,0.958268920580546
654,KBS_ChungJu.csv,54,1.745782867344943,0.9551106029086642
655,KBS_ChungJu.csv,55,1.7460308486765082,0.9547171923849318
656,KBS_ChungJu.csv,56,1.7473847974430432,0.9542670117484199
657,KBS_ChungJu.csv,57,1.7452990553595804,0.9553021722369723
658,KBS_ChungJu.csv,58,1.7465339638970114,0.9564372698465983
659,KBS_ChungJu.csv,59,1.7482321305708453,0.9553916719224718
660,KBS_ChungJu.csv,60,1.7460376912897284,0.9564309451315138
661,KBS_ChungJu.csv,61,1.7465876557610251,0.9565361671977572
662,KBS_ChungJu.csv,62,1.7469693834131415,0.9560011095470853
663,KBS_ChungJu.csv,63,1.7463495774702593,0.9547499219576517
664,KBS_ChungJu.csv,64,1.747539082440463,0.9565766718652513
665,KBS_ChungJu.csv,65,1.7452084064483642,0.9567557242181566
666,KBS_ChungJu.csv,66,1.7459327914498068,0.954759763346778
667,KBS_ChungJu.csv,67,1.7453744758259166,0.9560629924138387
668,KBS_ChungJu.csv,68,1.7467978542501277,0.9557830691337585
669,KBS_ChungJu.csv,69,1.745645646615462,0.9555847313668993
670,KBS_ChungJu.csv,70,1.7456734787334096,0.9566875961091783
671,KBS_ChungJu.csv,71,1.7448445385152644,0.9539383053779602
672,KBS_ChungJu.csv,72,1.7449067462574352,0.9558986888991462
673,KBS_ChungJu.csv,73,1.7470266753976995,0.9550484220186869
674,KBS_ChungJu.csv,74,1.7460992986505681,0.9552433292071024
675,KBS_ChungJu.csv,75,1.74569429917769,0.955219566822052
676,KBS_ChungJu.csv,76,1.745918455990878,0.9564885364638435
677,KBS_ChungJu.csv,77,1.7459892706437545,0.9564174016316732
678,KBS_ChungJu.csv,78,1.7456477338617498,0.9556843572192721
679,KBS_ChungJu.csv,79,1.7460449825633655,0.9565179944038391
680,KBS_ChungJu.csv,80,1.7470828858288852,0.9560439387957255
681,KBS_ChungJu.csv,81,1.7455149325457486,0.9565616514947679
682,KBS_ChungJu.csv,82,1.746006358753551,0.9567360149489509
683,KBS_ChungJu.csv,83,1.7450587359341707,0.9559578829341464
684,KBS_ChungJu.csv,84,1.745605590126731,0.9558693303002251
685,KBS_ChungJu.csv,85,1.7452562267130072,0.9568038913938735
686,KBS_ChungJu.csv,86,1.7462201985445889,0.9556404418415494
687,KBS_ChungJu.csv,87,1.7447959423065185,0.9555418093999227
688,KBS_ChungJu.csv,88,1.746302266554399,0.9560971193843417
689,KBS_ChungJu.csv,89,1.747736219926314,0.9559744331571791
690,KBS_ChungJu.csv,90,1.744062345678156,0.9558675156699287
691,KBS_ChungJu.csv,91,1.7460329337553544,0.9560204413202074
692,KBS_ChungJu.csv,92,1.744818360155279,0.9559656646516588
693,KBS_ChungJu.csv,93,1.7455389738082885,0.9562697609265646
694,KBS_ChungJu.csv,94,1.7464706897735596,0.9561799168586731
695,KBS_ChungJu.csv,95,1.744759785045277,0.9561002651850382
696,KBS_ChungJu.csv,96,1.745882394097068,0.9560976690716214
697,KBS_ChungJu.csv,97,1.7454205838116732,0.9561153517829047
698,KBS_ChungJu.csv,98,1.7463856892152265,0.9561204711596171
699,KBS_ChungJu.csv,99,1.744625997543335,0.9561045236057706
700,KBS_ChungJu.csv,100,1.7452406124635176,0.9561149080594381
701,KBS_main.csv,1,1.7821204488927669,0.9541543126106262
702,KBS_main.csv,2,1.773453868519176,0.9532526466581557
703,KBS_main.csv,3,1.773565259846774,0.9525787631670634
704,KBS_main.csv,4,1.7716675584966486,0.9573976132604811
705,KBS_main.csv,5,1.7718946565281262,0.9550384084383646
706,KBS_main.csv,6,1.7723126736554233,0.9590665764278836
707,KBS_main.csv,7,1.7709843613884666,0.9515065749486288
708,KBS_main.csv,8,1.7699085929177023,0.9570462306340536
709,KBS_main.csv,9,1.7706188635392623,0.9588401913642883
710,KBS_main.csv,10,1.769896557114341,0.9534417655732896
711,KBS_main.csv,11,1.7675442869013005,0.9622718956735399
712,KBS_main.csv,12,1.7666458064859563,0.9555127223332723
713,KBS_main.csv,13,1.7686576453122225,0.9511950016021729
714,KBS_main.csv,14,1.7719467943364924,0.9513799150784811
715,KBS_main.csv,15,1.7678875402970748,0.9577677912182279
716,KBS_main.csv,16,1.7665363485162908,0.9574392769071791
717,KBS_main.csv,17,1.767573298107494,0.9608704116609361
718,KBS_main.csv,18,1.7633970607410778,0.9555083447032504
719,KBS_main.csv,19,1.7637075424194335,0.9556406140327454
720,KBS_main.csv,20,1.765241271799261,0.9608388476901584
721,KBS_main.csv,21,1.7656461412256415,0.9650029804971483
722,KBS_main.csv,22,1.7663162860003385,0.955592672030131
723,KBS_main.csv,23,1.7655206420204856,0.9548621442582872
724,KBS_main.csv,24,1.7647831223227761,0.9573475983407762
725,KBS_main.csv,25,1.7662233222614636,0.9567529890272353
726,KBS_main.csv,26,1.7647782910953869,0.9555602073669434
727,KBS_main.csv,27,1.7637747049331665,0.9522806935840182
728,KBS_main.csv,28,1.7643660870465365,0.9608764979574416
729,KBS_main.csv,29,1.7647315480492332,0.9594308071666293
730,KBS_main.csv,30,1.7630586602471092,0.9596979882982042
731,KBS_main.csv,31,1.7627089088613337,0.962141043610043
732,KBS_main.csv,32,1.764596128463745,0.9569073849254184
733,KBS_main.csv,33,1.7647656592455778,0.9584574566947089
734,KBS_main.csv,34,1.7637244181199507,0.9592409200138516
735,KBS_main.csv,35,1.7643502582203259,0.9610241254170736
736,KBS_main.csv,36,1.7624920780008488,0.9540567861662971
737,KBS_main.csv,37,1.7653762297196822,0.9587061206499735
738,KBS_main.csv,38,1.763372971794822,0.9627140627966987
739,KBS_main.csv,39,1.7635985547846014,0.9587892889976501
740,KBS_main.csv,40,1.7628308079459452,0.95654872390959
741,KBS_main.csv,41,1.767621170390736,0.9623244139883254
742,KBS_main.csv,42,1.764801718971946,0.9588974648051791
743,KBS_main.csv,43,1.7626150889830157,0.9563897914356656
744,KBS_main.csv,44,1.765214950388128,0.9533613589074876
745,KBS_main.csv,45,1.7633076060901989,0.9540793829494052
746,KBS_main.csv,46,1.7641524856740778,0.9592830406294929
747,KBS_main.csv,47,1.763595986366272,0.9510333273145888
748,KBS_main.csv,48,1.762827595797452,0.9567629231346978
749,KBS_main.csv,49,1.7647983269257979,0.9587197701136271
750,KBS_main.csv,50,1.7613117174668746,0.9533883863025241
751,KBS_main.csv,51,1.7634770284999501,0.9589521288871765
752,KBS_main.csv,52,1.7638027667999268,0.9579636454582214
753,KBS_main.csv,53,1.7624935258518566,0.9585044648912218
754,KBS_main.csv,54,1.7632397499951449,0.9571837253040738
755,KBS_main.csv,55,1.761432123184204,0.9578318927023146
756,KBS_main.csv,56,1.7626568360762163,0.9560556080606248
757,KBS_main.csv,57,1.7640997886657714,0.9590685897403293
758,KBS_main.csv,58,1.7622622359882703,0.95514890882704
759,KBS_main.csv,59,1.7624600172042846,0.9573873546388414
760,KBS_main.csv,60,1.7629727038470182,0.9599271946483188
761,KBS_main.csv,61,1.7614324591376564,0.9597749511400858
762,KBS_main.csv,62,1.762157940864563,0.9578285415967306
763,KBS_main.csv,63,1.7620672182603316,0.955930577384101
764,KBS_main.csv,64,1.7627986951307817,0.9561376306745741
765,KBS_main.csv,65,1.7635065403851595,0.9566407998402914
766,KBS_main.csv,66,1.7622451327063822,0.9563875926865472
767,KBS_main.csv,67,1.7613432038914074,0.9610012173652649
768,KBS_main.csv,68,1.7627480030059814,0.9574801127115885
769,KBS_main.csv,69,1.7623769283294677,0.958225773440467
770,KBS_main.csv,70,1.7627002867785366,0.9586700333489312
771,KBS_main.csv,71,1.7626707488840276,0.9569708572493659
772,KBS_main.csv,72,1.7614555597305297,0.9598786102400886
773,KBS_main.csv,73,1.7613269632512873,0.9578798611958822
774,KBS_main.csv,74,1.762455036423423,0.960642523235745
775,KBS_main.csv,75,1.7616342371160334,0.9583780897988213
776,KBS_main.csv,76,1.760599509152499,0.9573285182317098
777,KBS_main.csv,77,1.7612450534647162,0.957224084271325
778,KBS_main.csv,78,1.761004148830067,0.9568803509076437
779,KBS_main.csv,79,1.7621998093344948,0.9591940707630582
780,KBS_main.csv,80,1.7630673603578046,0.9575718707508512
781,KBS_main.csv,81,1.7611626386642456,0.958371082941691
782,KBS_main.csv,82,1.7626374504782938,0.958758274714152
783,KBS_main.csv,83,1.762504144148393,0.9579661819669936
784,KBS_main.csv,84,1.761598066850142,0.9575588835610284
785,KBS_main.csv,85,1.7605515415018256,0.9580313430892097
786,KBS_main.csv,86,1.7612612139094959,0.957845946153005
787,KBS_main.csv,87,1.7613352970643477,0.9577276905377706
788,KBS_main.csv,88,1.7603109403090043,0.9582455423143175
789,KBS_main.csv,89,1.7619637402621182,0.958298405011495
790,KBS_main.csv,90,1.7700446085496382,0.9580110841327243
791,KBS_main.csv,91,1.7604454799131914,0.9577689965566
792,KBS_main.csv,92,1.7597572500055487,0.958190467622545
793,KBS_main.csv,93,1.7616002017801458,0.958033045132955
794,KBS_main.csv,94,1.7613560156388717,0.9582273761431376
795,KBS_main.csv,95,1.7590161431919444,0.9580459859636095
796,KBS_main.csv,96,1.760146682912653,0.9580368532074822
797,KBS_main.csv,97,1.7593109347603537,0.958003368642595
798,KBS_main.csv,98,1.760717528516596,0.9580290648672316
799,KBS_main.csv,99,1.7619645508852873,0.9580466482374403
800,KBS_main.csv,100,1.7610382210124622,0.9580625030729506
801,SBS.csv,1,1.7729394912719727,0.9594183762868246
802,SBS.csv,2,1.7714089697057551,0.9651908742056953
803,SBS.csv,3,1.770978028124029,0.9647920793957181
804,SBS.csv,4,1.769465025988492,0.9731435245937772
805,SBS.csv,5,1.7703508918935602,0.9621997872988383
806,SBS.csv,6,1.7712553869594228,0.9621807403034635
807,SBS.csv,7,1.7708413405851884,0.962688578499688
808,SBS.csv,8,1.7708912220868198,0.9664921164512634
809,SBS.csv,9,1.7702021035281095,0.9614412188529968
810,SBS.csv,10,1.770341281457381,0.9643529587321811
811,SBS.csv,11,1.7708473964170977,0.9681967894236246
812,SBS.csv,12,1.7732010212811558,0.9619110888904996
813,SBS.csv,13,1.770639291676608,0.9580309722158644
814,SBS.csv,14,1.771420710737055,0.9597633216116164
815,SBS.csv,15,1.7697165510871193,0.9609159959687127
816,SBS.csv,16,1.7714767824519764,0.9616770015822517
817,SBS.csv,17,1.7686172225258567,0.9624046087265015
818,SBS.csv,18,1.7712334112687544,0.9651236202981737
819,SBS.csv,19,1.7699736508456143,0.9630130794313219
820,SBS.csv,20,1.770522206479853,0.9654816455311246
821,SBS.csv,21,1.7703903653404929,0.9654204249382019
822,SBS.csv,22,1.7699721401387996,0.9634976453251309
823,SBS.csv,23,1.7700705246491866,0.9606050252914429
824,SBS.csv,24,1.7694637753746727,0.9625019033749899
825,SBS.csv,25,1.7695651964707808,0.9679234822591146
826,SBS.csv,26,1.7705871712077748,0.9627153277397156
827,SBS.csv,27,1.768999043377963,0.9634740617540147
828,SBS.csv,28,1.7686044172807174,0.961507519086202
829,SBS.csv,29,1.7690665483474732,0.9613749517334832
830,SBS.csv,30,1.7682311361486263,0.95951775709788
831,SBS.csv,31,1.7688815290277655,0.9611275990804037
832,SBS.csv,32,1.768988340551203,0.9693988230493333
833,SBS.csv,33,1.7673163804140959,0.9632744126849704
834,SBS.csv,34,1.769797845320268,0.9606976641549004
835,SBS.csv,35,1.772374194318598,0.9665613439348009
836,SBS.csv,36,1.7705974903973667,0.9677442378467984
837,SBS.csv,37,1.7663296764547174,0.9583365784751045
838,SBS.csv,38,1.769105367227034,0.9598495960235596
839,SBS.csv,39,1.7675138148394498,0.9597940113809373
840,SBS.csv,40,1.7674999367107045,0.9638105498419868
841,SBS.csv,41,1.7677229382775046,0.9604142970509
842,SBS.csv,42,1.7677190542221068,0.9644616511132982
843,SBS.csv,43,1.7691760128194636,0.964948813120524
844,SBS.csv,44,1.7675109776583584,0.9645971722073026
845,SBS.csv,45,1.7664747606624256,0.9592483308580186
846,SBS.csv,46,1.765474271774292,0.9630341860983107
847,SBS.csv,47,1.7657576691020618,0.9624856445524428
848,SBS.csv,48,1.7664954207160257,0.9622366295920478
849,SBS.csv,49,1.7681544780731202,0.9652841753429837
850,SBS.csv,50,1.7685254140333695,0.9633688463105096
851,SBS.csv,51,1.767433155666698,0.9598754578166537
852,SBS.csv,52,1.7667633425105702,0.9607341024610732
853,SBS.csv,53,1.7659287582744252,0.9641249709659152
854,SBS.csv,54,1.7656238837675615,0.9603520962927077
855,SBS.csv,55,1.7664335337552157,0.9655365546544393
856,SBS.csv,56,1.7676120606335726,0.9632770419120789
857,SBS.csv,57,1.7678269277919423,0.9619507789611816
858,SBS.csv,58,1.7660066041079434,0.9627874493598938
859,SBS.csv,59,1.7649502710862592,0.9654432071579827
860,SBS.csv,60,1.7660794019699098,0.9605358176761203
861,SBS.csv,61,1.7679061044346203,0.9639167388280233
862,SBS.csv,62,1.7681114435195924,0.9643802245457967
863,SBS.csv,63,1.7666914484717628,0.9596949948204888
864,SBS.csv,64,1.7677504214373503,0.961371898651123
865,SBS.csv,65,1.76570105119185,0.9643648399247063
866,SBS.csv,66,1.7667884674939243,0.9614526960584853
867,SBS.csv,67,1.7667433565313166,0.9624970753987631
868,SBS.csv,68,1.7661495338786732,0.9614838494194878
869,SBS.csv,69,1.7646506677974354,0.9606811338000827
870,SBS.csv,70,1.7662076083096592,0.9622033304638333
871,SBS.csv,71,1.765303373336792,0.9641478657722473
872,SBS.csv,72,1.7671142773194746,0.9660241934988234
873,SBS.csv,73,1.766759315404025,0.9635799990759956
874,SBS.csv,74,1.7668804905631326,0.9647401769955953
875,SBS.csv,75,1.7648908224972812,0.9621614085303413
876,SBS.csv,76,1.7662605112249201,0.9609564542770386
877,SBS.csv,77,1.767140596563166,0.9628982610172696
878,SBS.csv,78,1.7670743812214245,0.9637263880835639
879,SBS.csv,79,1.7661121650175615,0.9617020090421041
880,SBS.csv,80,1.7679821447892623,0.9630055493778653
881,SBS.csv,81,1.7660563512281937,0.9629329442977905
882,SBS.csv,82,1.76787607236342,0.9625110493765937
883,SBS.csv,83,1.7652789332649925,0.962592707739936
884,SBS.csv,84,1.7635818004608155,0.9620354506704543
885,SBS.csv,85,1.7665754665027966,0.962651358710395
886,SBS.csv,86,1.7653196594931864,0.9624813199043274
887,SBS.csv,87,1.7662361426786943,0.9624617165989346
888,SBS.csv,88,1.7665909030220726,0.9626463519202338
889,SBS.csv,89,1.7652032028545033,0.9625303347905477
890,SBS.csv,90,1.7652863524176858,0.9621770514382256
891,SBS.csv,91,1.7646361697803845,0.9622822668817308
892,SBS.csv,92,1.7661398302425038,0.9624864127900865
893,SBS.csv,93,1.7662773869254373,0.9624045623673333
894,SBS.csv,94,1.7648566419428044,0.9623917473687066
895,SBS.csv,95,1.7649748065254904,0.9624291327264574
896,SBS.csv,96,1.7662878946824507,0.9624158673816257
897,SBS.csv,97,1.766190394488248,0.9624837835629781
898,SBS.csv,98,1.765918410908092,0.9624461796548631
899,SBS.csv,99,1.7658510684967041,0.96243730518553
900,SBS.csv,100,1.7647006381641734,0.9624248411920335
901,MBC_sa.csv,1,1.7827468720349398,0.9721144967608981
902,MBC_sa.csv,2,1.7812169790267944,0.9689504967795478
903,MBC_sa.csv,3,1.7788521203127774,0.969238175286187
904,MBC_sa.csv,4,1.7786057688973167,0.9635220501157973
905,MBC_sa.csv,5,1.7820340048183094,0.9652199347813925
906,MBC_sa.csv,6,1.781450815634294,0.9672588242424859
907,MBC_sa.csv,7,1.7783579284494573,0.9666593538390266
908,MBC_sa.csv,8,1.7802680384029042,0.9642320473988851
909,MBC_sa.csv,9,1.7798503290523182,0.9704286787245009
910,MBC_sa.csv,10,1.7804870648817583,0.9627412888738844
911,MBC_sa.csv,11,1.7810079552910545,0.9626499546898736
912,MBC_sa.csv,12,1.7813900123942983,0.9687446753184
913,MBC_sa.csv,13,1.7790379307486794,0.9705485237969292
914,MBC_sa.csv,14,1.7805838844992898,0.964876221285926
915,MBC_sa.csv,15,1.7772525722330266,0.9671866430176629
916,MBC_sa.csv,16,1.779182861068032,0.9639885425567627
917,MBC_sa.csv,17,1.776693133874373,0.9701346821255155
918,MBC_sa.csv,18,1.7794259093024514,0.9670766194661459
919,MBC_sa.csv,19,1.7786841479214754,0.9645806617206998
920,MBC_sa.csv,20,1.7820170597596603,0.9657651517126296
921,MBC_sa.csv,21,1.779223346710205,0.9685164822472466
922,MBC_sa.csv,22,1.7805911367589777,0.9658806324005127
923,MBC_sa.csv,23,1.7797142375599255,0.9639060563511319
924,MBC_sa.csv,24,1.7764805208552967,0.9654988182915581
925,MBC_sa.csv,25,1.7777107585560192,0.9712864226765103
926,MBC_sa.csv,26,1.7795128930698743,0.963330414560106
927,MBC_sa.csv,27,1.7805594639344648,0.9633168114556206
928,MBC_sa.csv,28,1.7788164680654353,0.9696746667226156
929,MBC_sa.csv,29,1.7765118663961237,0.9660612344741821
930,MBC_sa.csv,30,1.7803278424523092,0.9721738828553094
931,MBC_sa.csv,31,1.779287082498724,0.9664655857616
932,MBC_sa.csv,32,1.7788188392465765,0.9636655516094632
933,MBC_sa.csv,33,1.7774311737580732,0.9635990460713705
934,MBC_sa.csv,34,1.7794272075999866,0.9680101871490479
935,MBC_sa.csv,35,1.7809528285806828,0.9639383488231235
936,MBC_sa.csv,36,1.7778859376907348,0.9642715586556329
937,MBC_sa.csv,37,1.7765222592787309,0.969466421339247
938,MBC_sa.csv,38,1.778196324001659,0.966937416129642
939,MBC_sa.csv,39,1.7782793413509022,0.9666298495398628
940,MBC_sa.csv,40,1.7797629898244685,0.9643910990820991
941,MBC_sa.csv,41,1.7766055648977106,0.9682435923152499
942,MBC_sa.csv,42,1.778122901916504,0.9639239244990878
943,MBC_sa.csv,43,1.7787157665599476,0.967659056186676
944,MBC_sa.csv,44,1.7766380591826005,0.9667913118998209
945,MBC_sa.csv,45,1.7769601345062256,0.9609838989045885
946,MBC_sa.csv,46,1.7782142769206655,0.9656448033120897
947,MBC_sa.csv,47,1.775891444899819,0.9666018221113417
948,MBC_sa.csv,48,1.776785152608698,0.9627296262317233
949,MBC_sa.csv,49,1.7784823482686822,0.9663723905881246
950,MBC_sa.csv,50,1.7777460813522339,0.967218452029758
951,MBC_sa.csv,51,1.7764377875761552,0.9662109944555495
952,MBC_sa.csv,52,1.7780025612224233,0.9685748285717435
953,MBC_sa.csv,53,1.7783928242596714,0.968854116068946
954,MBC_sa.csv,54,1.7767523462122137,0.9671340584754944
955,MBC_sa.csv,55,1.7779691696166993,0.9661157859696282
956,MBC_sa.csv,56,1.777796942537481,0.9652088416947259
957,MBC_sa.csv,57,1.7774059057235718,0.9645237260394626
958,MBC_sa.csv,58,1.780169385129755,0.9686996406979032
959,MBC_sa.csv,59,1.7752183090556752,0.9687983327441745
960,MBC_sa.csv,60,1.7778866442767056,0.9681045214335123
961,MBC_sa.csv,61,1.779202365875244,0.9633005062739054
962,MBC_sa.csv,62,1.778044639934193,0.9694298108418783
963,MBC_sa.csv,63,1.7761944077231668,0.9676570031378005
964,MBC_sa.csv,64,1.7774459448727695,0.9669132961167229
965,MBC_sa.csv,65,1.7783079732548106,0.9675252437591553
966,MBC_sa.csv,66,1.7762662627480246,0.9697559674580892
967,MBC_sa.csv,67,1.7781656807119197,0.9701506495475769
968,MBC_sa.csv,68,1.7775259494781495,0.964630299144321
969,MBC_sa.csv,69,1.7764891104264693,0.9643948011928134
970,MBC_sa.csv,70,1.776674730127508,0.9659179978900485
971,MBC_sa.csv,71,1.777308778329329,0.9671872324413724
972,MBC_sa.csv,72,1.776696159622886,0.9656593799591064
973,MBC_sa.csv,73,1.775176184827631,0.9661811921331618
974,MBC_sa.csv,74,1.7773461536927657,0.9677455491489835
975,MBC_sa.csv,75,1.7751289280978115,0.9677569203906589
976,MBC_sa.csv,76,1.7771807345477018,0.9675017462836372
977,MBC_sa.csv,77,1.7766215107657692,0.9684223466449313
978,MBC_sa.csv,78,1.776313183524392,0.9665822916560702
979,MBC_sa.csv,79,1.7759590842507103,0.9668177167574564
980,MBC_sa.csv,80,1.774220085144043,0.9667820665571425
981,MBC_sa.csv,81,1.7761052500117909,0.9682036439577738
982,MBC_sa.csv,82,1.7775073419917713,0.9668370286623637
983,MBC_sa.csv,83,1.7764749266884543,0.9670247501797147
984,MBC_sa.csv,84,1.775109100341797,0.9666931695408292
985,MBC_sa.csv,85,1.775295079838146,0.9669035209549798
986,MBC_sa.csv,86,1.774357964775779,0.9671666622161865
987,MBC_sa.csv,87,1.776663986119357,0.9675591323110793
988,MBC_sa.csv,88,1.7762324831702492,0.966917097568512
989,MBC_sa.csv,89,1.7765078869732944,0.9669238792525398
990,MBC_sa.csv,90,1.7756494890559804,0.9668732749091254
991,MBC_sa.csv,91,1.7761404449289495,0.9669443435139127
992,MBC_sa.csv,92,1.7747914205897939,0.9670569035742018
993,MBC_sa.csv,93,1.7763763731176203,0.9669111768404642
994,MBC_sa.csv,94,1.776998933878812,0.9671461052364774
995,MBC_sa.csv,95,1.776548526503823,0.9670080807473924
996,MBC_sa.csv,96,1.7754381483251398,0.9671301444371542
997,MBC_sa.csv,97,1.776287824457342,0.9671174685160319
998,MBC_sa.csv,98,1.776702846180309,0.9671166274282668
999,MBC_sa.csv,99,1.7746919458562678,0.9671282635794746
1000,MBC_sa.csv,100,1.7756176645105535,0.9671298530366685
1001,KBS_KangNeung.csv,1,1.7490244778719815,0.972161610921224
1002,KBS_KangNeung.csv,2,1.741589693589644,0.9693446291817559
1003,KBS_KangNeung.csv,3,1.7426201950420033,0.9697738422287835
1004,KBS_KangNeung.csv,4,1.7395589264956388,0.9691162109375
1005,KBS_KangNeung.csv,5,1.7414398345080289,0.9724206063482497
1006,KBS_KangNeung.csv,6,1.7413913119922986,0.9703467554516263
1007,KBS_KangNeung.csv,7,1.741895031929016,0.9693397945827908
1008,KBS_KangNeung.csv,8,1.7406492406671696,0.9688057369656033
1009,KBS_KangNeung.csv,9,1.7375519665804777,0.9714294142193265
1010,KBS_KangNeung.csv,10,1.7367172978141092,0.9703226221932305
1011,KBS_KangNeung.csv,11,1.737799106944691,0.9750140640470717
1012,KBS_KangNeung.csv,12,1.7353892261331731,0.9709021515316434
1013,KBS_KangNeung.csv,13,1.733587015758861,0.9699147939682007
1014,KBS_KangNeung.csv,14,1.7346183083274147,0.9705836640463935
1015,KBS_KangNeung.csv,15,1.7348254572261463,0.9709441132015653
1016,KBS_KangNeung.csv,16,1.7354257388548417,0.973597612645891
1017,KBS_KangNeung.csv,17,1.734706291285428,0.9699910150633918
1018,KBS_KangNeung.csv,18,1.732887367768721,0.9744638668166267
1019,KBS_KangNeung.csv,19,1.7364022168246183,0.9665151702033149
1020,KBS_KangNeung.csv,20,1.7316713723269377,0.9711169070667691
1021,KBS_KangNeung.csv,21,1.7346365560184827,0.970266580581665
1022,KBS_KangNeung.csv,22,1.7311937874013728,0.9693733586205376
1023,KBS_KangNeung.csv,23,1.7315758423371748,0.9718909594747756
1024,KBS_KangNeung.csv,24,1.7284750569950451,0.9689494371414185
1025,KBS_KangNeung.csv,25,1.7309387163682417,0.9750455949041579
1026,KBS_KangNeung.csv,26,1.7285821546207776,0.9667324821154276
1027,KBS_KangNeung.csv,27,1.730586342378096,0.9749297036064996
1028,KBS_KangNeung.csv,28,1.727125789902427,0.9721662402153015
1029,KBS_KangNeung.csv,29,1.728799692067233,0.970864819155799
1030,KBS_KangNeung.csv,30,1.7274682066657328,0.970441374513838
1031,KBS_KangNeung.csv,31,1.724329772862521,0.9744094014167786
1032,KBS_KangNeung.csv,32,1.7311533451080323,0.9706782499949137
1033,KBS_KangNeung.csv,33,1.7278108965266834,0.9758333497577243
1034,KBS_KangNeung.csv,34,1.7280440655621616,0.9737729430198669
1035,KBS_KangNeung.csv,35,1.724477960846641,0.9711902340253195
1036,KBS_KangNeung.csv,36,1.7230346809733998,0.9711446364720663
1037,KBS_KangNeung.csv,37,1.7249498258937488,0.9756951861911349
1038,KBS_KangNeung.csv,38,1.7258191845633768,0.9743000666300455
1039,KBS_KangNeung.csv,39,1.7244530894539574,0.9726184142960442
1040,KBS_KangNeung.csv,40,1.7239756714213978,0.9716090824868944
1041,KBS_KangNeung.csv,41,1.7250141815705733,0.9735052320692275
1042,KBS_KangNeung.csv,42,1.7229119756005027,0.9724275668462118
1043,KBS_KangNeung.csv,43,1.7215281161394986,0.9756750994258456
1044,KBS_KangNeung.csv,44,1.724833718213168,0.9737532867325677
1045,KBS_KangNeung.csv,45,1.7223273060538553,0.9707091649373373
1046,KBS_KangNeung.csv,46,1.7212177081541582,0.9698318507936265
1047,KBS_KangNeung.csv,47,1.7216779405420477,0.973299052980211
1048,KBS_KangNeung.csv,48,1.7233306017788974,0.972354531288147
1049,KBS_KangNeung.csv,49,1.7223432345823808,0.9735067751672533
1050,KBS_KangNeung.csv,50,1.7226906104521318,0.9758963518672519
1051,KBS_KangNeung.csv,51,1.7209868387742475,0.9731084174580045
1052,KBS_KangNeung.csv,52,1.7185457121242176,0.9716343283653259
1053,KBS_KangNeung.csv,53,1.7213446790521796,0.9735419551531473
1054,KBS_KangNeung.csv,54,1.7220432953401046,0.9710789720217387
1055,KBS_KangNeung.csv,55,1.7193218534643,0.9736941191885207
1056,KBS_KangNeung.csv,56,1.720963384888389,0.9722469647725424
1057,KBS_KangNeung.csv,57,1.7212321346456354,0.975605222913954
1058,KBS_KangNeung.csv,58,1.7211560205979781,0.9718427393171523
1059,KBS_KangNeung.csv,59,1.716219477220015,0.9735183384683397
1060,KBS_KangNeung.csv,60,1.7178002790971236,0.9702449772093031
1061,KBS_KangNeung.csv,61,1.7199097655036233,0.9714242484834459
1062,KBS_KangNeung.csv,62,1.7199813019145618,0.9699491262435913
1063,KBS_KangNeung.csv,63,1.7170795939185404,0.9706225660112169
1064,KBS_KangNeung.csv,64,1.71905723918568,0.9726837343639798
1065,KBS_KangNeung.csv,65,1.7184658635746348,0.9706560373306274
1066,KBS_KangNeung.csv,66,1.717977523803711,0.9754969875017802
1067,KBS_KangNeung.csv,67,1.718418580835516,0.9715237551265292
1068,KBS_KangNeung.csv,68,1.7194683941927824,0.971139027012719
1069,KBS_KangNeung.csv,69,1.719841393557462,0.9735176629490323
1070,KBS_KangNeung.csv,70,1.7168831890279597,0.9740405347612169
1071,KBS_KangNeung.csv,71,1.7189998171546244,0.9723284973038567
1072,KBS_KangNeung.csv,72,1.7189344427802347,0.9733317163255479
1073,KBS_KangNeung.csv,73,1.7161520004272461,0.973145325978597
1074,KBS_KangNeung.csv,74,1.7200762943788008,0.9722872508896722
1075,KBS_KangNeung.csv,75,1.7171793352473865,0.9732145998213027
1076,KBS_KangNeung.csv,76,1.7144204486500134,0.972993791103363
1077,KBS_KangNeung.csv,77,1.716322601925243,0.9704849190182157
1078,KBS_KangNeung.csv,78,1.7185918396169488,0.9725048873159621
1079,KBS_KangNeung.csv,79,1.716194842078469,0.9728163679440817
1080,KBS_KangNeung.csv,80,1.7173403544859454,0.9721143974198235
1081,KBS_KangNeung.csv,81,1.717871414531361,0.9721270799636841
1082,KBS_KangNeung.csv,82,1.7187437946146185,0.9734208120240105
1083,KBS_KangNeung.csv,83,1.7181686596436934,0.9718702766630385
1084,KBS_KangNeung.csv,84,1.716897229714827,0.9732342229949104
1085,KBS_KangNeung.csv,85,1.7159663005308672,0.9730250835418701
1086,KBS_KangNeung.csv,86,1.7202444336631082,0.9723457561598884
1087,KBS_KangNeung.csv,87,1.715040683746338,0.9729323718282912
1088,KBS_KangNeung.csv,88,1.7188566381281072,0.972708887524075
1089,KBS_KangNeung.csv,89,1.7152200893922285,0.9725719889005026
1090,KBS_KangNeung.csv,90,1.715859148719094,0.9727537830670675
1091,KBS_KangNeung.csv,91,1.7170106064189563,0.9731713003582425
1092,KBS_KangNeung.csv,92,1.716606686332009,0.9727795455190871
1093,KBS_KangNeung.csv,93,1.7168268767270174,0.9727871749136183
1094,KBS_KangNeung.csv,94,1.7156012708490544,0.9727731744448344
1095,KBS_KangNeung.csv,95,1.7157891165126453,0.9728255536821153
1096,KBS_KangNeung.csv,96,1.7182187167080967,0.9726951056056552
1097,KBS_KangNeung.csv,97,1.7180249387567694,0.9727201263109843
1098,KBS_KangNeung.csv,98,1.7155057235197588,0.9727353387408786
1099,KBS_KangNeung.csv,99,1.7159533327276058,0.9727935327423943
1100,KBS_KangNeung.csv,100,1.7159736915068193,0.9727862940894233
1101,MBC_KangNeung.csv,1,1.7354086875915526,0.9728984965218438
1102,MBC_KangNeung.csv,2,1.7320410403338347,0.9733688963784112
1103,MBC_KangNeung.csv,3,1.7306609522212635,0.9637701180246141
1104,MBC_KangNeung.csv,4,1.7343321561813354,0.9743953810797797
1105,MBC_KangNeung.csv,5,1.7354864510622892,0.9717395769225227
1106,MBC_KangNeung.csv,6,1.730165830525485,0.9752402438057793
1107,MBC_KangNeung.csv,7,1.7320879351009022,0.9737729628880819
1108,MBC_KangNeung.csv,8,1.7291132233359596,0.9720428387324015
1109,MBC_KangNeung.csv,9,1.7330744288184425,0.9748803642061021
1110,MBC_KangNeung.csv,10,1.7303503101522273,0.9757344259156121
1111,MBC_KangNeung.csv,11,1.7302489107305354,0.9747617708312141
1112,MBC_KangNeung.csv,12,1.731081019748341,0.9724434614181519
1113,MBC_KangNeung.csv,13,1.7306718002666126,0.9723774790763855
1114,MBC_KangNeung.csv,14,1.7311496301130815,0.9734823637538486
1115,MBC_KangNeung.csv,15,1.7326321818611838,0.9758424295319451
1116,MBC_KangNeung.csv,16,1.7290089845657348,0.9718500441975064
1117,MBC_KangNeung.csv,17,1.7252191825346512,0.9710763361718919
1118,MBC_KangNeung.csv,18,1.7281205914237283,0.9746090438630846
1119,MBC_KangNeung.csv,19,1.7290584109046243,0.9747072921858894
1120,MBC_KangNeung.csv,20,1.7269154050133444,0.9733752475844489
1121,MBC_KangNeung.csv,21,1.7268780448219994,0.9733331071005927
1122,MBC_KangNeung.csv,22,1.7257615913044322,0.9764473372035556
1123,MBC_KangNeung.csv,23,1.7274891289797696,0.9751268823941549
1124,MBC_KangNeung.csv,24,1.7231626163829457,0.9719204902648926
1125,MBC_KangNeung.csv,25,1.7239883986386386,0.9739288952615526
1126,MBC_KangNeung.csv,26,1.728416213122281,0.9778538213835822
1127,MBC_KangNeung.csv,27,1.7252048232338646,0.9762389726108975
1128,MBC_KangNeung.csv,28,1.7222315246408635,0.9674884213341607
1129,MBC_KangNeung.csv,29,1.7262388771230524,0.9687793917126126
1130,MBC_KangNeung.csv,30,1.723177643255754,0.9772309329774644
1131,MBC_KangNeung.csv,31,1.7231994022022594,0.9774509337213304
1132,MBC_KangNeung.csv,32,1.722529032013633,0.9736118912696838
1133,MBC_KangNeung.csv,33,1.7223611853339456,0.9767013457086351
1134,MBC_KangNeung.csv,34,1.7259775486859408,0.9739410612318251
1135,MBC_KangNeung.csv,35,1.722600280154835,0.9728425410058763
1136,MBC_KangNeung.csv,36,1.7224952459335328,0.9695255292786492
1137,MBC_KangNeung.csv,37,1.7220240224491465,0.9711529612541199
1138,MBC_KangNeung.csv,38,1.721521882577376,0.9774399797121683
1139,MBC_KangNeung.csv,39,1.7240488789298318,0.9746199780040317
1140,MBC_KangNeung.csv,40,1.7200984001159667,0.9753216902414957
1141,MBC_KangNeung.csv,41,1.7195164225318216,0.9776038063897027
1142,MBC_KangNeung.csv,42,1.7231235374103893,0.9788313176896837
1143,MBC_KangNeung.csv,43,1.7209373192353683,0.9782520598835416
1144,MBC_KangNeung.csv,44,1.7185428532687101,0.9765751361846924
1145,MBC_KangNeung.csv,45,1.7254083156585693,0.9752614299456278
1146,MBC_KangNeung.csv,46,1.7195870529521595,0.974404599931505
1147,MBC_KangNeung.csv,47,1.722991121898998,0.9715461466047499
1148,MBC_KangNeung.csv,48,1.721716208891435,0.9711451729138693
1149,MBC_KangNeung.csv,49,1.7212120272896507,0.9768266876538595
1150,MBC_KangNeung.csv,50,1.7184000968933106,0.9694892896546258
1151,MBC_KangNeung.csv,51,1.7213394490155307,0.974819004535675
1152,MBC_KangNeung.csv,52,1.7160974697633222,0.9755015307002597
1153,MBC_KangNeung.csv,53,1.7178254799409347,0.9768218596776327
1154,MBC_KangNeung.csv,54,1.7201992056586526,0.9737035367223952
1155,MBC_KangNeung.csv,55,1.7192594289779664,0.97446608543396
1156,MBC_KangNeung.csv,56,1.7182766437530517,0.9729331135749817
1157,MBC_KangNeung.csv,57,1.7164276881651446,0.9764292306370206
1158,MBC_KangNeung.csv,58,1.7189055984670465,0.9757915602789985
1159,MBC_KangNeung.csv,59,1.7186596350236372,0.97281104988522
1160,MBC_KangNeung.csv,60,1.7172233733263882,0.975235554907057
1161,MBC_KangNeung.csv,61,1.719683499769731,0.97433959113227
1162,MBC_KangNeung.csv,62,1.7156737154180353,0.9766947362158034
1163,MBC_KangNeung.csv,63,1.7195518190210515,0.9783414668507047
1164,MBC_KangNeung.csv,64,1.716562639583241,0.970581505033705
1165,MBC_KangNeung.csv,65,1.722218650037592,0.9728545480304294
1166,MBC_KangNeung.csv,66,1.7188514427705244,0.9743450350231595
1167,MBC_KangNeung.csv,67,1.7172450520775535,0.9772573312123617
1168,MBC_KangNeung.csv,68,1.7193855263970115,0.9758648541238573
1169,MBC_KangNeung.csv,69,1.7173272154547952,0.9747140208880106
1170,MBC_KangNeung.csv,70,1.719516023722562,0.9760037660598755
1171,MBC_KangNeung.csv,71,1.715374517440796,0.9758728014098274
1172,MBC_KangNeung.csv,72,1.7156559445641257,0.9736335277557373
1173,MBC_KangNeung.csv,73,1.7168853477998214,0.9736359649234347
1174,MBC_KangNeung.csv,74,1.7165047472173518,0.972762299908532
1175,MBC_KangNeung.csv,75,1.7187166820872914,0.9743218819300333
1176,MBC_KangNeung.csv,76,1.7160544785586271,0.9746686882442899
1177,MBC_KangNeung.csv,77,1.7157053644006903,0.973051389058431
1178,MBC_KangNeung.csv,78,1.7150715134360575,0.9743091795179579
1179,MBC_KangNeung.csv,79,1.7187797286293722,0.9750664830207825
1180,MBC_KangNeung.csv,80,1.7191781369122592,0.9752954112158881
1181,MBC_KangNeung.csv,81,1.717063097520308,0.9758697946866354
1182,MBC_KangNeung.csv,82,1.7186489170247858,0.9767284856902229
1183,MBC_KangNeung.csv,83,1.7174191691658713,0.9736656016773648
1184,MBC_KangNeung.csv,84,1.716415652361783,0.9751046299934387
1185,MBC_KangNeung.csv,85,1.7182883761145853,0.974952412976159
1186,MBC_KangNeung.csv,86,1.7176948655735362,0.9746461179521348
1187,MBC_KangNeung.csv,87,1.7189356348731302,0.9748079379399618
1188,MBC_KangNeung.csv,88,1.713215429132635,0.975107855266995
1189,MBC_KangNeung.csv,89,1.7167924014004794,0.9748745494418674
1190,MBC_KangNeung.csv,90,1.714645697853782,0.9749231934547424
1191,MBC_KangNeung.csv,91,1.7174126841805197,0.9747780428992378
1192,MBC_KangNeung.csv,92,1.717030744119124,0.9748772184054056
1193,MBC_KangNeung.csv,93,1.7172144001180476,0.9749850696987576
1194,MBC_KangNeung.csv,94,1.715546278520064,0.974875013033549
1195,MBC_KangNeung.csv,95,1.7144725842909379,0.9751166370179918
1196,MBC_KangNeung.csv,96,1.7163909673690796,0.9751409822040134
1197,MBC_KangNeung.csv,97,1.7166846080259843,0.975095636314816
1198,MBC_KangNeung.csv,98,1.7166327996687456,0.9750910732481215
1199,MBC_KangNeung.csv,99,1.7172382029620084,0.9750743442111545
1200,MBC_KangNeung.csv,100,1.7177369876341386,0.9750477274258932
1201,TBN_DaeGu.csv,1,1.7947103175249968,0.9746916559007432
1202,TBN_DaeGu.csv,2,1.7859630302949385,0.9736634824011061
1203,TBN_DaeGu.csv,3,1.7865170608867298,0.975419388877021
1204,TBN_DaeGu.csv,4,1.7880182613026012,0.9767142865392897
1205,TBN_DaeGu.csv,5,1.7904638680544767,0.9776484436459012
1206,TBN_DaeGu.csv,6,1.7885451230135831,0.9784789880116781
1207,TBN_DaeGu.csv,7,1.7885119546543469,0.9753328098191155
1208,TBN_DaeGu.csv,8,1.7870232517069036,0.9781451755099826
1209,TBN_DaeGu.csv,9,1.7867415514859286,0.9774394498931037
1210,TBN_DaeGu.csv,10,1.7853417071429165,0.9761365387174818
1211,TBN_DaeGu.csv,11,1.7863613843917847,0.9726059635480245
1212,TBN_DaeGu.csv,12,1.7908697605133057,0.9742046395937601
1213,TBN_DaeGu.csv,13,1.7864774985746903,0.9732925163375007
1214,TBN_DaeGu.csv,14,1.7844403505325317,0.9720538391007317
1215,TBN_DaeGu.csv,15,1.786846941167658,0.9734727475378249
1216,TBN_DaeGu.csv,16,1.7865518981760198,0.9783316850662231
1217,TBN_DaeGu.csv,17,1.789563064141707,0.9741030401653714
1218,TBN_DaeGu.csv,18,1.7848703471097078,0.9764114949438307
1219,TBN_DaeGu.csv,19,1.786178638718345,0.974944637881385
1220,TBN_DaeGu.csv,20,1.7852886611765082,0.9753396511077881
1221,TBN_DaeGu.csv,21,1.7834664518182928,0.9729753533999125
1222,TBN_DaeGu.csv,22,1.7861566283486106,0.9773290223545499
1223,TBN_DaeGu.csv,23,1.7870276927948,0.9784156017833285
1224,TBN_DaeGu.csv,24,1.781727467883717,0.9792785710758634
1225,TBN_DaeGu.csv,25,1.7846823475577616,0.9758570459153917
1226,TBN_DaeGu.csv,26,1.7827997641129927,0.9733227888743082
1227,TBN_DaeGu.csv,27,1.7837472850626166,0.9753511879179213
1228,TBN_DaeGu.csv,28,1.7816309863870794,0.9724344544940524
1229,TBN_DaeGu.csv,29,1.785996721007607,0.980375177330441
1230,TBN_DaeGu.csv,30,1.7826551177284935,0.9748818013403151
1231,TBN_DaeGu.csv,31,1.7814617243680086,0.9772781332333883
1232,TBN_DaeGu.csv,32,1.7846481800079346,0.9756829275025262
1233,TBN_DaeGu.csv,33,1.7821394942023538,0.9741582870483398
1234,TBN_DaeGu.csv,34,1.7805548234419388,0.9796147280269198
1235,TBN_DaeGu.csv,35,1.7862284833734685,0.9765453471077813
1236,TBN_DaeGu.csv,36,1.7815800948576495,0.9768227338790894
1237,TBN_DaeGu.csv,37,1.7789115992459383,0.976789395014445
1238,TBN_DaeGu.csv,38,1.7811965400522405,0.9780824316872491
1239,TBN_DaeGu.csv,39,1.7854079853404652,0.9762021170722114
1240,TBN_DaeGu.csv,40,1.7847052595832131,0.9747407767507765
1241,TBN_DaeGu.csv,41,1.7813587318767201,0.9732065267033048
1242,TBN_DaeGu.csv,42,1.7848114035346292,0.9762477808528476
1243,TBN_DaeGu.csv,43,1.7837630553679034,0.9748525023460388
1244,TBN_DaeGu.csv,44,1.785706342350353,0.9788014888763428
1245,TBN_DaeGu.csv,45,1.782234694740989,0.9782497220569186
1246,TBN_DaeGu.csv,46,1.7827551343224266,0.9756024877230326
1247,TBN_DaeGu.csv,47,1.7833522861654107,0.9787842300203111
1248,TBN_DaeGu.csv,48,1.782066035270691,0.9776728285683526
1249,TBN_DaeGu.csv,49,1.7836167313835838,0.9812047613991631
1250,TBN_DaeGu.csv,50,1.7836783842606978,0.9763808515336778
1251,TBN_DaeGu.csv,51,1.7815372618761929,0.9769469234678481
1252,TBN_DaeGu.csv,52,1.7813204938715155,0.9759457641177707
1253,TBN_DaeGu.csv,53,1.78218486959284,0.9733628233273824
1254,TBN_DaeGu.csv,54,1.7851833386854692,0.9779672159088982
1255,TBN_DaeGu.csv,55,1.7833876718174329,0.975736121336619
1256,TBN_DaeGu.csv,56,1.7835546385158192,0.9750943250126309
1257,TBN_DaeGu.csv,57,1.7832860751585526,0.9785552885797288
1258,TBN_DaeGu.csv,58,1.7806511423804543,0.9760714107089572
1259,TBN_DaeGu.csv,59,1.7809824293309993,0.9754033552275764
1260,TBN_DaeGu.csv,60,1.7794842676682905,0.9775416983498467
1261,TBN_DaeGu.csv,61,1.7816438263112848,0.9761411680115594
1262,TBN_DaeGu.csv,62,1.7821176008744672,0.9752416875627306
1263,TBN_DaeGu.csv,63,1.782380351153287,0.9791296720504761
1264,TBN_DaeGu.csv,64,1.7826093131845648,0.9782517618603177
1265,TBN_DaeGu.csv,65,1.7820123304020274,0.975759870476193
1266,TBN_DaeGu.csv,66,1.7816954179243607,0.9777803487247891
1267,TBN_DaeGu.csv,67,1.7833103960210628,0.9788114825884501
1268,TBN_DaeGu.csv,68,1.7818314595655962,0.978425489531623
1269,TBN_DaeGu.csv,69,1.7823644442991777,0.9758200910356309
1270,TBN_DaeGu.csv,70,1.7804103981364856,0.9772651659117805
1271,TBN_DaeGu.csv,71,1.7829367485913363,0.9777450561523438
1272,TBN_DaeGu.csv,72,1.7822858615355057,0.9767708910836114
1273,TBN_DaeGu.csv,73,1.7813412514599887,0.9758816361427307
1274,TBN_DaeGu.csv,74,1.782296568697149,0.9744058847427368
1275,TBN_DaeGu.csv,75,1.7803599574349143,0.9794805844624838
1276,TBN_DaeGu.csv,76,1.7826745575124567,0.9768962528970506
1277,TBN_DaeGu.csv,77,1.781525031003085,0.9747802217801412
1278,TBN_DaeGu.csv,78,1.7817920099605213,0.9767407245106168
1279,TBN_DaeGu.csv,79,1.7804298769343982,0.9773163861698575
1280,TBN_DaeGu.csv,80,1.7819325988942927,0.9754801193873087
1281,TBN_DaeGu.csv,81,1.7805322083559902,0.9766376415888468
1282,TBN_DaeGu.csv,82,1.7827374805103648,0.9766219920582242
1283,TBN_DaeGu.csv,83,1.7824182445352728,0.9744282099935744
1284,TBN_DaeGu.csv,84,1.783120818571611,0.9763524995909797
1285,TBN_DaeGu.csv,85,1.7823358145627108,0.9763602548175387
1286,TBN_DaeGu.csv,86,1.77847610170191,0.9765535857942369
1287,TBN_DaeGu.csv,87,1.780685426972129,0.9770181311501397
1288,TBN_DaeGu.csv,88,1.7814827160401778,0.9761468436982896
1289,TBN_DaeGu.csv,89,1.7821206417950717,0.9764035211669074
1290,TBN_DaeGu.csv,90,1.7814728715203025,0.9761839840147231
1291,TBN_DaeGu.csv,91,1.783149708401073,0.9761215647061666
1292,TBN_DaeGu.csv,92,1.7827482917092063,0.9762454562717013
1293,TBN_DaeGu.csv,93,1.7827209407633,0.9760405355029635
1294,TBN_DaeGu.csv,94,1.7814132170243697,0.9761470291349623
1295,TBN_DaeGu.csv,95,1.779568121650002,0.9762677417861091
1296,TBN_DaeGu.csv,96,1.7803015058690852,0.9762223892741733
1297,TBN_DaeGu.csv,97,1.7831044175408104,0.9761856661902534
1298,TBN_DaeGu.csv,98,1.778652013431896,0.976158340771993
1299,TBN_DaeGu.csv,99,1.7831810799511996,0.9761799441443549
1300,TBN_DaeGu.csv,100,1.7841434175317938,0.9761858251359727
1301,TBC_DaeGu.csv,1,1.7785376938906583,0.9765282273292542
1302,TBC_DaeGu.csv,2,1.7794327172366056,0.97817548778322
1303,TBC_DaeGu.csv,3,1.7864925427870317,0.9698099891344706
1304,TBC_DaeGu.csv,4,1.7824336051940919,0.9779352015919156
1305,TBC_DaeGu.csv,5,1.7835749279369006,0.9748764038085938
1306,TBC_DaeGu.csv,6,1.7792796460064975,0.9779760307735867
1307,TBC_DaeGu.csv,7,1.7811057567596436,0.9785680108600192
1308,TBC_DaeGu.csv,8,1.7825731299140237,0.9787970516416762
1309,TBC_DaeGu.csv,9,1.7868316043506969,0.9778929750124613
1310,TBC_DaeGu.csv,10,1.7801550323312934,0.9764240450329251
1311,TBC_DaeGu.csv,11,1.7791777459057894,0.9772126277287801
1312,TBC_DaeGu.csv,12,1.7813439477573743,0.9768997497028775
1313,TBC_DaeGu.csv,13,1.7824402223933826,0.9774185021718343
1314,TBC_DaeGu.csv,14,1.7826139818538318,0.976363844341702
1315,TBC_DaeGu.csv,15,1.7866401347247036,0.9787128435240852
1316,TBC_DaeGu.csv,16,1.7829092610966075,0.979552772310045
1317,TBC_DaeGu.csv,17,1.7815282973376187,0.9761141472392612
1318,TBC_DaeGu.csv,18,1.781845305182717,0.976908286412557
1319,TBC_DaeGu.csv,19,1.7822529099204323,0.9739291204346551
1320,TBC_DaeGu.csv,20,1.7829126964915882,0.9788504971398247
1321,TBC_DaeGu.csv,21,1.7827799146825618,0.9800199601385329
1322,TBC_DaeGu.csv,22,1.7845106319947677,0.9753965073161655
1323,TBC_DaeGu.csv,23,1.7820670236240734,0.9773429234822592
1324,TBC_DaeGu.csv,24,1.782485784183849,0.981321202384101
1325,TBC_DaeGu.csv,25,1.7808857094157826,0.9761386712392172
1326,TBC_DaeGu.csv,26,1.7809435757723722,0.9779936207665337
1327,TBC_DaeGu.csv,27,1.777597485889088,0.9800336625840929
1328,TBC_DaeGu.csv,28,1.784844287959012,0.9797177977032132
1329,TBC_DaeGu.csv,29,1.7837132367220792,0.9766606953408983
1330,TBC_DaeGu.csv,30,1.7838280612772162,0.9813457992341783
1331,TBC_DaeGu.csv,31,1.7782192945480346,0.9783654941452874
1332,TBC_DaeGu.csv,32,1.777564456246116,0.975794878270891
1333,TBC_DaeGu.csv,33,1.779797415299849,0.9787485665745206
1334,TBC_DaeGu.csv,34,1.781093085895885,0.9786704646216499
1335,TBC_DaeGu.csv,35,1.7806493585759944,0.9775923755433824
1336,TBC_DaeGu.csv,36,1.7840164162895895,0.9800814655092027
1337,TBC_DaeGu.csv,37,1.7811753511428834,0.9767937593989902
1338,TBC_DaeGu.csv,38,1.7840068752115423,0.9725967910554674
1339,TBC_DaeGu.csv,39,1.7833832762458108,0.9766766097810533
1340,TBC_DaeGu.csv,40,1.7811620365489613,0.9787649181154039
1341,TBC_DaeGu.csv,41,1.780125956101851,0.9786073697937859
1342,TBC_DaeGu.csv,42,1.7793822461908513,0.9798970686064826
1343,TBC_DaeGu.csv,43,1.7806909236040982,0.9778763718075223
1344,TBC_DaeGu.csv,44,1.7799103823575106,0.9792334238688151
1345,TBC_DaeGu.csv,45,1.778775971586054,0.9770167138841417
1346,TBC_DaeGu.csv,46,1.7826290889219805,0.9751668704880608
1347,TBC_DaeGu.csv,47,1.7803147532723167,0.9762677947680155
1348,TBC_DaeGu.csv,48,1.7807610966942526,0.976713584529029
1349,TBC_DaeGu.csv,49,1.7789295066486706,0.978541824552748
1350,TBC_DaeGu.csv,50,1.7798898458480834,0.979692624674903
1351,TBC_DaeGu.csv,51,1.7800223242152822,0.9772319661246406
1352,TBC_DaeGu.csv,52,1.7780930150638927,0.9779080086284213
1353,TBC_DaeGu.csv,53,1.7799435897306963,0.9767523805300394
1354,TBC_DaeGu.csv,54,1.779412772438743,0.9806188941001892
1355,TBC_DaeGu.csv,55,1.7772589250044388,0.9794080919689603
1356,TBC_DaeGu.csv,56,1.7801768064498902,0.9780027998818291
1357,TBC_DaeGu.csv,57,1.7813799598000266,0.9786618020799425
1358,TBC_DaeGu.csv,58,1.7808907053687355,0.9772274494171143
1359,TBC_DaeGu.csv,59,1.7803257096897471,0.9784656763076782
1360,TBC_DaeGu.csv,60,1.7809400601820513,0.9798934128549364
1361,TBC_DaeGu.csv,61,1.7803463914177635,0.9771910376018949
1362,TBC_DaeGu.csv,62,1.7805648543617942,0.9783705406718783
1363,TBC_DaeGu.csv,63,1.780720546028831,0.9786396159066094
1364,TBC_DaeGu.csv,64,1.7791041894392534,0.9786551859643724
1365,TBC_DaeGu.csv,65,1.7778444160114635,0.9789044128523933
1366,TBC_DaeGu.csv,66,1.7780991836027666,0.9788282977210151
1367,TBC_DaeGu.csv,67,1.77788245677948,0.9792298078536987
1368,TBC_DaeGu.csv,68,1.7803802338513461,0.9776828752623664
1369,TBC_DaeGu.csv,69,1.7788786454634233,0.979254510667589
1370,TBC_DaeGu.csv,70,1.7800506700168957,0.9796402917967902
1371,TBC_DaeGu.csv,71,1.781134219603105,0.9790262712372674
1372,TBC_DaeGu.csv,72,1.7801226377487183,0.9783237179120382
1373,TBC_DaeGu.csv,73,1.7803285316987472,0.9799834423595004
1374,TBC_DaeGu.csv,74,1.7775532397356901,0.9790266089969211
1375,TBC_DaeGu.csv,75,1.7784083648161455,0.9765245185958015
1376,TBC_DaeGu.csv,76,1.780534729090604,0.9786782993210686
1377,TBC_DaeGu.csv,77,1.78052434054288,0.977882550822364
1378,TBC_DaeGu.csv,78,1.7792214090173895,0.9780408011542426
1379,TBC_DaeGu.csv,79,1.7788919643922285,0.9778837230470445
1380,TBC_DaeGu.csv,80,1.7808176409114491,0.9791894621319241
1381,TBC_DaeGu.csv,81,1.7798966060985217,0.9767602350976732
1382,TBC_DaeGu.csv,82,1.7765662821856412,0.9780946903758578
1383,TBC_DaeGu.csv,83,1.7772219332781705,0.9786400397618612
1384,TBC_DaeGu.csv,84,1.7762450976805253,0.9783198104964362
1385,TBC_DaeGu.csv,85,1.780566551468589,0.9773496985435486
1386,TBC_DaeGu.csv,86,1.7786421992562034,0.9782602787017822
1387,TBC_DaeGu.csv,87,1.7784598285501654,0.9785135322146945
1388,TBC_DaeGu.csv,88,1.7805346142161975,0.9782876239882575
1389,TBC_DaeGu.csv,89,1.779932748187672,0.9780153897073534
1390,TBC_DaeGu.csv,90,1.7797671513123945,0.9782159527142843
1391,TBC_DaeGu.csv,91,1.7797090053558349,0.9782804581854079
1392,TBC_DaeGu.csv,92,1.7765381683002819,0.978076716264089
1393,TBC_DaeGu.csv,93,1.779482126235962,0.9783034457100762
1394,TBC_DaeGu.csv,94,1.7778412667187777,0.9784455895423889
1395,TBC_DaeGu.csv,95,1.776214068586176,0.9783344666163126
1396,TBC_DaeGu.csv,96,1.7780780163678256,0.9784241848521762
1397,TBC_DaeGu.csv,97,1.7781851053237916,0.9783898525767856
1398,TBC_DaeGu.csv,98,1.7773053060878408,0.9783670902252197
1399,TBC_DaeGu.csv,99,1.7789870327169246,0.9783293008804321
1400,TBC_DaeGu.csv,100,1.777819648655978,0.9783212410079108
1401,JeonJu_Radio.csv,1,1.8094437035647306,0.9785580370161269
1402,JeonJu_Radio.csv,2,1.8048185565254904,0.982652849621243
1403,JeonJu_Radio.csv,3,1.8050963705236263,0.9768784443537394
1404,JeonJu_Radio.csv,4,1.8024240212007003,0.9829436275694106
1405,JeonJu_Radio.csv,5,1.7991893789984963,0.9810822937223647
1406,JeonJu_Radio.csv,6,1.8029813311316751,0.972393254439036
1407,JeonJu_Radio.csv,7,1.8033162507143887,0.9766320188840231
1408,JeonJu_Radio.csv,8,1.8004546122117475,0.9786937236785889
1409,JeonJu_Radio.csv,9,1.8050903103568336,0.977410614490509
1410,JeonJu_Radio.csv,10,1.801411340453408,0.9764196011755202
1411,JeonJu_Radio.csv,11,1.8036527265201916,0.9797687331835429
1412,JeonJu_Radio.csv,12,1.8029557076367464,0.9806430869632297
1413,JeonJu_Radio.csv,13,1.8014640309593895,0.9785961243841383
1414,JeonJu_Radio.csv,14,1.8005681796507402,0.9786644313070509
1415,JeonJu_Radio.csv,15,1.8035365624861284,0.9794577691290114
1416,JeonJu_Radio.csv,16,1.8030641902576794,0.9745920168028938
1417,JeonJu_Radio.csv,17,1.7987953597849065,0.9751449227333069
1418,JeonJu_Radio.csv,18,1.8028790062124078,0.9749563203917609
1419,JeonJu_Radio.csv,19,1.7986616871573708,0.9801867273118761
1420,JeonJu_Radio.csv,20,1.7994548905979504,0.9788231187396579
1421,JeonJu_Radio.csv,21,1.8003837563774803,0.9764185746510824
1422,JeonJu_Radio.csv,22,1.79979220086878,0.9743239482243856
1423,JeonJu_Radio.csv,23,1.7978212421590631,0.9760371711519029
1424,JeonJu_Radio.csv,24,1.7977562102404507,0.9770248532295227
1425,JeonJu_Radio.csv,25,1.7990307005968962,0.9733218351999918
1426,JeonJu_Radio.csv,26,1.7990554722872647,0.9761119551128812
1427,JeonJu_Radio.csv,27,1.8010468114506115,0.9804854061868455
1428,JeonJu_Radio.csv,28,1.8032539996233854,0.9781087305810716
1429,JeonJu_Radio.csv,29,1.803699959408153,0.9765305254194472
1430,JeonJu_Radio.csv,30,1.7979067520661787,0.9738351636462741
1431,JeonJu_Radio.csv,31,1.8020743586800314,0.9771110812822977
1432,JeonJu_Radio.csv,32,1.7996495767073197,0.9757692482736375
1433,JeonJu_Radio.csv,33,1.8027700792659413,0.9809098243713379
1434,JeonJu_Radio.csv,34,1.7990552165291527,0.9761444926261902
1435,JeonJu_Radio.csv,35,1.8014758240092885,0.9777735074361166
1436,JeonJu_Radio.csv,36,1.801267975026911,0.9763365983963013
1437,JeonJu_Radio.csv,37,1.7994366429068827,0.9777764876683553
1438,JeonJu_Radio.csv,38,1.8002467177130959,0.9791473150253296
1439,JeonJu_Radio.csv,39,1.7994565270163796,0.9765494730737474
1440,JeonJu_Radio.csv,40,1.799968305501071,0.9785890711678399
1441,JeonJu_Radio.csv,41,1.7972488923506302,0.9773428506321378
1442,JeonJu_Radio.csv,42,1.7987422271208329,0.9760408335261874
1443,JeonJu_Radio.csv,43,1.7969476396387274,0.9745368361473083
1444,JeonJu_Radio.csv,44,1.8006568908691407,0.9775740305582682
1445,JeonJu_Radio.csv,45,1.798258469321511,0.9779863821135627
1446,JeonJu_Radio.csv,46,1.7968365734273737,0.9787801636589898
1447,JeonJu_Radio.csv,47,1.7998643680052324,0.9770396285586886
1448,JeonJu_Radio.csv,48,1.7968358516693115,0.9746854106585184
1449,JeonJu_Radio.csv,49,1.7973904978145252,0.9792374968528748
1450,JeonJu_Radio.csv,50,1.800044426051053,0.97866200738483
1451,JeonJu_Radio.csv,51,1.799405691840432,0.979959077305264
1452,JeonJu_Radio.csv,52,1.798678055676547,0.9792437619633145
1453,JeonJu_Radio.csv,53,1.8005812168121338,0.9772683315806918
1454,JeonJu_Radio.csv,54,1.8015330639752474,0.9789572026994493
1455,JeonJu_Radio.csv,55,1.7998208739540793,0.9775193068716261
1456,JeonJu_Radio.csv,56,1.798925770412792,0.9777086443371243
1457,JeonJu_Radio.csv,57,1.8012199705297296,0.9765399495760599
1458,JeonJu_Radio.csv,58,1.8002498171546242,0.9773256977399191
1459,JeonJu_Radio.csv,59,1.799199279871854,0.9781007303131951
1460,JeonJu_Radio.csv,60,1.7982916268435392,0.9780080914497375
1461,JeonJu_Radio.csv,61,1.79711003520272,0.9776038924853007
1462,JeonJu_Radio.csv,62,1.7989544868469238,0.9780092305607266
1463,JeonJu_Radio.csv,63,1.7955184481360695,0.9782436953650581
1464,JeonJu_Radio.csv,64,1.799472730809992,0.9791575736469693
1465,JeonJu_Radio.csv,65,1.7973282488909634,0.9779898722966512
1466,JeonJu_Radio.csv,66,1.7993807597593827,0.9758271243837144
1467,JeonJu_Radio.csv,67,1.796634479002519,0.9775982764032152
1468,JeonJu_Radio.csv,68,1.7988718834790316,0.9766471982002258
1469,JeonJu_Radio.csv,69,1.7978179064663973,0.9772452380922105
1470,JeonJu_Radio.csv,70,1.8000369505448774,0.9774956769413419
1471,JeonJu_Radio.csv,71,1.7967449968511409,0.9780855377515157
1472,JeonJu_Radio.csv,72,1.798566781390797,0.977397448486752
1473,JeonJu_Radio.csv,73,1.7993585326454855,0.9776898158921136
1474,JeonJu_Radio.csv,74,1.799603486061096,0.9783671564526029
1475,JeonJu_Radio.csv,75,1.7982050917365335,0.9767632616890801
1476,JeonJu_Radio.csv,76,1.7991189674897627,0.9765129884084066
1477,JeonJu_Radio.csv,77,1.7974455334923485,0.9784360925356547
1478,JeonJu_Radio.csv,78,1.7970314632762563,0.9772320323520236
1479,JeonJu_Radio.csv,79,1.8010241703553633,0.9773286845948961
1480,JeonJu_Radio.csv,80,1.7998329205946488,0.977906154261695
1481,JeonJu_Radio.csv,81,1.7993905197490345,0.9766791661580404
1482,JeonJu_Radio.csv,82,1.7994082255796953,0.9771411154005263
1483,JeonJu_Radio.csv,83,1.7966735644774003,0.9776832924948798
1484,JeonJu_Radio.csv,84,1.7960354414853184,0.9770049386554294
1485,JeonJu_Radio.csv,85,1.7977074601433494,0.9777760903040568
1486,JeonJu_Radio.csv,86,1.7998848633332687,0.9773778319358826
1487,JeonJu_Radio.csv,87,1.8017858071760697,0.9774077071083916
1488,JeonJu_Radio.csv,88,1.7990918029438365,0.9775418175591363
1489,JeonJu_Radio.csv,89,1.7970035314559936,0.9779679973920187
1490,JeonJu_Radio.csv,90,1.8023827097632668,0.9771706461906433
1491,JeonJu_Radio.csv,91,1.7989448915828359,0.9773464931382073
1492,JeonJu_Radio.csv,92,1.7989538127725775,0.9774158265855577
1493,JeonJu_Radio.csv,93,1.7976462450894442,0.9773842957284715
1494,JeonJu_Radio.csv,94,1.7989580089395696,0.97756736808353
1495,JeonJu_Radio.csv,95,1.8000401236794212,0.9773587385813395
1496,JeonJu_Radio.csv,96,1.7966170397671786,0.9773598180876838
1497,JeonJu_Radio.csv,97,1.7961552511562,0.9773792293336656
1498,JeonJu_Radio.csv,98,1.7993132569573143,0.9773649175961813
1499,JeonJu_Radio.csv,99,1.7979567419398914,0.9773800571759542
1500,JeonJu_Radio.csv,100,1.7970100554552946,0.9773828387260437
1501,KBS_JeonJu.csv,1,1.8014873244545677,0.97667529185613
1502,KBS_JeonJu.csv,2,1.8001087167046286,0.9785614808400472
1503,KBS_JeonJu.csv,3,1.80038114677776,0.9781587455007765
1504,KBS_JeonJu.csv,4,1.801352485743436,0.9834489425023397
1505,KBS_JeonJu.csv,5,1.8031540242108433,0.9779629839791192
1506,KBS_JeonJu.csv,6,1.8063714547590777,0.9856196509467231
1507,KBS_JeonJu.csv,7,1.8046664974906228,0.978577733039856
1508,KBS_JeonJu.csv,8,1.8048276619477706,0.9798342651791043
1509,KBS_JeonJu.csv,9,1.7984283750707453,0.9784760740068223
1510,KBS_JeonJu.csv,10,1.797050614790483,0.976213706864251
1511,KBS_JeonJu.csv,11,1.802839114449241,0.9770547416475084
1512,KBS_JeonJu.csv,12,1.7973771615461869,0.9779393937852647
1513,KBS_JeonJu.csv,13,1.8052691589702259,0.9829468395974901
1514,KBS_JeonJu.csv,14,1.8001836343245072,0.976994103855557
1515,KBS_JeonJu.csv,15,1.7978775804693048,0.9777931703461541
1516,KBS_JeonJu.csv,16,1.7987985307520087,0.9784556229909261
1517,KBS_JeonJu.csv,17,1.8014259771867231,0.9784983860121833
1518,KBS_JeonJu.csv,18,1.8009539474140515,0.9788243969281515
1519,KBS_JeonJu.csv,19,1.8034438653425737,0.9752935237354703
1520,KBS_JeonJu.csv,20,1.8007163546302103,0.9801759123802185
1521,KBS_JeonJu.csv,21,1.79846791787581,0.9794744319385953
1522,KBS_JeonJu.csv,22,1.8001923886212436,0.9730574488639832
1523,KBS_JeonJu.csv,23,1.8028732624920931,0.978529261218177
1524,KBS_JeonJu.csv,24,1.799691169912165,0.982405318154229
1525,KBS_JeonJu.csv,25,1.7989563118327747,0.979331029786004
1526,KBS_JeonJu.csv,26,1.8025238795713945,0.9802480671140883
1527,KBS_JeonJu.csv,27,1.8001643202521584,0.9787504937913682
1528,KBS_JeonJu.csv,28,1.797062162919478,0.975218739774492
1529,KBS_JeonJu.csv,29,1.7999871795827693,0.9782878094249301
1530,KBS_JeonJu.csv,30,1.7969303933056917,0.9780088067054749
1531,KBS_JeonJu.csv,31,1.8027485153891825,0.9770933323436313
1532,KBS_JeonJu.csv,32,1.8021063436161389,0.9767029285430908
1533,KBS_JeonJu.csv,33,1.8026080695065585,0.9769293665885925
1534,KBS_JeonJu.csv,34,1.799465205452659,0.9755738178888956
1535,KBS_JeonJu.csv,35,1.8014439084313132,0.9770399000909593
1536,KBS_JeonJu.csv,36,1.7990024588324807,0.9799061682489183
1537,KBS_JeonJu.csv,37,1.8009980071674694,0.9811208777957492
1538,KBS_JeonJu.csv,38,1.798440816185691,0.9808216227425469
1539,KBS_JeonJu.csv,39,1.8020491448315707,0.974936412440406
1540,KBS_JeonJu.csv,40,1.8006805138154462,0.9773814479509989
1541,KBS_JeonJu.csv,41,1.801601160656322,0.9794352849324545
1542,KBS_JeonJu.csv,42,1.8013718648390336,0.9749188158247206
1543,KBS_JeonJu.csv,43,1.8014534365047108,0.9819206330511305
1544,KBS_JeonJu.csv,44,1.8000271168622104,0.9771349694993761
1545,KBS_JeonJu.csv,45,1.7970429962331598,0.9764911399947273
1546,KBS_JeonJu.csv,46,1.7977368463169445,0.9759005374378629
1547,KBS_JeonJu.csv,47,1.8014651168476452,0.9776013625992669
1548,KBS_JeonJu.csv,48,1.799642714587125,0.9779091344939338
1549,KBS_JeonJu.csv,49,1.8007968274029817,0.9782924387190077
1550,KBS_JeonJu.csv,50,1.797551079229875,0.978044781419966
1551,KBS_JeonJu.csv,51,1.799143624305725,0.98058463467492
1552,KBS_JeonJu.csv,52,1.8016162807291205,0.9812215169270834
1553,KBS_JeonJu.csv,53,1.8000057935714722,0.9787991113132901
1554,KBS_JeonJu.csv,54,1.7988352038643576,0.979744017124176
1555,KBS_JeonJu.csv,55,1.7974869294600053,0.976261211766137
1556,KBS_JeonJu.csv,56,1.7990979129617863,0.9778638680775961
1557,KBS_JeonJu.csv,57,1.797735584865917,0.9768502116203308
1558,KBS_JeonJu.csv,58,1.7966409314762462,0.9763943288061354
1559,KBS_JeonJu.csv,59,1.7996021530844948,0.9771489633454217
1560,KBS_JeonJu.csv,60,1.7989508455449885,0.9811467859480116
1561,KBS_JeonJu.csv,61,1.7991801131855358,0.9770585298538208
1562,KBS_JeonJu.csv,62,1.799731107191606,0.9762901796234978
1563,KBS_JeonJu.csv,63,1.7991897171193902,0.9778828024864197
1564,KBS_JeonJu.csv,64,1.7982796820727263,0.9794200393888686
1565,KBS_JeonJu.csv,65,1.7963730985468085,0.9784701665242513
1566,KBS_JeonJu.csv,66,1.795634844086387,0.9807415737046136
1567,KBS_JeonJu.csv,67,1.7998256770047274,0.9785520368152194
1568,KBS_JeonJu.csv,68,1.7967843120748346,0.9765989515516493
1569,KBS_JeonJu.csv,69,1.7977692885832353,0.9787090553177727
1570,KBS_JeonJu.csv,70,1.7986938758329911,0.979444702466329
1571,KBS_JeonJu.csv,71,1.797598006508567,0.9772843586073982
1572,KBS_JeonJu.csv,72,1.798537260835821,0.9785445729891459
1573,KBS_JeonJu.csv,73,1.7978882377797907,0.9800607297155592
1574,KBS_JeonJu.csv,74,1.7987833976745606,0.9783370693524679
1575,KBS_JeonJu.csv,75,1.791819732839411,0.9776278270615472
1576,KBS_JeonJu.csv,76,1.8006188479336824,0.9786015020476447
1577,KBS_JeonJu.csv,77,1.7992445122111926,0.978379468123118
1578,KBS_JeonJu.csv,78,1.7916586550799283,0.9781862629784478
1579,KBS_JeonJu.csv,79,1.7979755900122902,0.978625112109714
1580,KBS_JeonJu.csv,80,1.7971022215756502,0.9787267843882242
1581,KBS_JeonJu.csv,81,1.7952615369449962,0.9775293204519484
1582,KBS_JeonJu.csv,82,1.7952471234581686,0.9784810741742452
1583,KBS_JeonJu.csv,83,1.7954724290154196,0.9774641791979471
1584,KBS_JeonJu.csv,84,1.801621337370439,0.9777601559956869
1585,KBS_JeonJu.csv,85,1.7978938687931407,0.9785046180089315
1586,KBS_JeonJu.csv,86,1.800743946162137,0.9783034986919827
1587,KBS_JeonJu.csv,87,1.8000866543162952,0.9782117141617669
1588,KBS_JeonJu.csv,88,1.796159308606928,0.9785231351852417
1589,KBS_JeonJu.csv,89,1.7962392395192928,0.978115995724996
1590,KBS_JeonJu.csv,90,1.799351609836925,0.97782830397288
1591,KBS_JeonJu.csv,91,1.7956286907196044,0.9782617158359952
1592,KBS_JeonJu.csv,92,1.7981439763849432,0.9785542488098145
1593,KBS_JeonJu.csv,93,1.7939101305874912,0.9786076876852248
1594,KBS_JeonJu.csv,94,1.798365931077437,0.9783920049667358
1595,KBS_JeonJu.csv,95,1.7973196138035168,0.9785812298456827
1596,KBS_JeonJu.csv,96,1.7992220401763916,0.9785143600569831
1597,KBS_JeonJu.csv,97,1.7979991696097635,0.9784429007106357
1598,KBS_JeonJu.csv,98,1.7957487908276644,0.9783951507674323
1599,KBS_JeonJu.csv,99,1.7971313043074175,0.978434595796797
1600,KBS_JeonJu.csv,100,1.8026541298085994,0.9783932566642761
1601,KBS_MokPo.csv,1,1.7948927142403341,0.9795109298494127
1602,KBS_MokPo.csv,2,1.7929877411235462,0.976138969262441
1603,KBS_MokPo.csv,3,1.7888770775361496,0.9749413927396139
1604,KBS_MokPo.csv,4,1.7937386144291272,0.9808037545945909
1605,KBS_MokPo.csv,5,1.78765493739735,0.9806942078802321
1606,KBS_MokPo.csv,6,1.7860753796317361,0.9788855777846442
1607,KBS_MokPo.csv,7,1.7854407505555587,0.9766161508030362
1608,KBS_MokPo.csv,8,1.785738275267861,0.981338640054067
1609,KBS_MokPo.csv,9,1.7821037379178133,0.9796165625254313
1610,KBS_MokPo.csv,10,1.7889693650332363,0.9804713196224637
1611,KBS_MokPo.csv,11,1.7849801952188664,0.9802320003509521
1612,KBS_MokPo.csv,12,1.7843334804881703,0.9779213402006361
1613,KBS_MokPo.csv,13,1.7945561777461658,0.9760615825653076
1614,KBS_MokPo.csv,14,1.7836966904726896,0.9856080545319451
1615,KBS_MokPo.csv,15,1.7913421804254706,0.9774284627702501
1616,KBS_MokPo.csv,16,1.784791898727417,0.9823551376660665
1617,KBS_MokPo.csv,17,1.7854771093888717,0.9807716939184401
1618,KBS_MokPo.csv,18,1.7845238468863747,0.9822203318277994
1619,KBS_MokPo.csv,19,1.7796998023986816,0.9780450529522366
1620,KBS_MokPo.csv,20,1.780698537826538,0.9779417713483175
1621,KBS_MokPo.csv,21,1.7816837375814265,0.9778750671280755
1622,KBS_MokPo.csv,22,1.7834933064200662,0.9855209390322367
1623,KBS_MokPo.csv,23,1.7863377896222201,0.9801982641220093
1624,KBS_MokPo.csv,24,1.7829011050137606,0.9806575377782186
1625,KBS_MokPo.csv,25,1.7837579228661278,0.9763701359430949
1626,KBS_MokPo.csv,26,1.78278845873746,0.9822031656901041
1627,KBS_MokPo.csv,27,1.7804373632777821,0.9746295478608873
1628,KBS_MokPo.csv,28,1.78621543970975,0.9803690115610758
1629,KBS_MokPo.csv,29,1.7833180796016346,0.9808103972011142
1630,KBS_MokPo.csv,30,1.781797380880876,0.9769662155045403
1631,KBS_MokPo.csv,31,1.7801243803717874,0.9785155720180936
1632,KBS_MokPo.csv,32,1.7820727456699719,0.9819428589608934
1633,KBS_MokPo.csv,33,1.779464468089017,0.9788830346531339
1634,KBS_MokPo.csv,34,1.7807403456081043,0.9783580170737373
1635,KBS_MokPo.csv,35,1.7843546238812533,0.9827569193310208
1636,KBS_MokPo.csv,36,1.782868842645125,0.9781899187299941
1637,KBS_MokPo.csv,37,1.7809314120899546,0.9778894782066345
1638,KBS_MokPo.csv,38,1.7822590762918646,0.9784009324179755
1639,KBS_MokPo.csv,39,1.779055660421198,0.978110690911611
1640,KBS_MokPo.csv,40,1.7793119538914073,0.9800851609971788
1641,KBS_MokPo.csv,41,1.7788168430328368,0.982136242919498
1642,KBS_MokPo.csv,42,1.7834917198527942,0.9788272711965773
1643,KBS_MokPo.csv,43,1.781284167549827,0.9825700455241733
1644,KBS_MokPo.csv,44,1.7807834191755816,0.9785171151161194
1645,KBS_MokPo.csv,45,1.7784046389839865,0.9786854386329651
1646,KBS_MokPo.csv,46,1.7765447161414407,0.9789896541171603
1647,KBS_MokPo.csv,47,1.7817680770700628,0.9785259829627143
1648,KBS_MokPo.csv,48,1.7779952135953037,0.9773701760503981
1649,KBS_MokPo.csv,49,1.782310594211925,0.9785667392942641
1650,KBS_MokPo.csv,50,1.7758907708254728,0.9797630574968126
1651,KBS_MokPo.csv,51,1.7793505668640137,0.98182612657547
1652,KBS_MokPo.csv,52,1.7762064630335028,0.9829814632733663
1653,KBS_MokPo.csv,53,1.7726052566008135,0.9816531340281168
1654,KBS_MokPo.csv,54,1.7791023211045698,0.9785930514335632
1655,KBS_MokPo.csv,55,1.7790575222535567,0.9831945962376065
1656,KBS_MokPo.csv,56,1.7835910775444723,0.9811811513370938
1657,KBS_MokPo.csv,57,1.7804570176384666,0.9793984956211514
1658,KBS_MokPo.csv,58,1.7780725890939886,0.9779919915729098
1659,KBS_MokPo.csv,59,1.772952138293873,0.9822902745670743
1660,KBS_MokPo.csv,60,1.7798239642923528,0.982499341169993
1661,KBS_MokPo.csv,61,1.781686871702021,0.9801941712697347
1662,KBS_MokPo.csv,62,1.7802986470135775,0.9796971943643358
1663,KBS_MokPo.csv,63,1.7758463296023281,0.9800541864501106
1664,KBS_MokPo.csv,64,1.7744343822652644,0.9789524541960822
1665,KBS_MokPo.csv,65,1.7793617205186323,0.9799318975872464
1666,KBS_MokPo.csv,66,1.7740188663656062,0.9822045101059808
1667,KBS_MokPo.csv,67,1.7758541649038142,0.9800235165490044
1668,KBS_MokPo.csv,68,1.7753612236543135,0.9784650339020623
1669,KBS_MokPo.csv,69,1.7770329041914505,0.979741997188992
1670,KBS_MokPo.csv,70,1.7765947103500366,0.9806807570987277
1671,KBS_MokPo.csv,71,1.778851662982594,0.9787530303001404
1672,KBS_MokPo.csv,72,1.7767240264198996,0.9794347484906515
1673,KBS_MokPo.csv,73,1.7742997451262041,0.9789677792125278
1674,KBS_MokPo.csv,74,1.7730166413567283,0.9792920549710592
1675,KBS_MokPo.csv,75,1.7775155826048417,0.9780471192465888
1676,KBS_MokPo.csv,76,1.7746047951958397,0.9791929125785828
1677,KBS_MokPo.csv,77,1.7770762746984308,0.9800426297717624
1678,KBS_MokPo.csv,78,1.7768790331753817,0.9788451393445333
1679,KBS_MokPo.csv,79,1.7727736256339333,0.9783507850435045
1680,KBS_MokPo.csv,80,1.7736973242326217,0.9809146192338731
1681,KBS_MokPo.csv,81,1.7775824416767467,0.9798532393243577
1682,KBS_MokPo.csv,82,1.7763727881691673,0.9802839756011963
1683,KBS_MokPo.csv,83,1.7754511811516502,0.9795555671056112
1684,KBS_MokPo.csv,84,1.7753842158751054,0.9804538289705912
1685,KBS_MokPo.csv,85,1.7764569195834072,0.9795247912406921
1686,KBS_MokPo.csv,86,1.778048196705905,0.9809428453445435
1687,KBS_MokPo.csv,87,1.7789243026213213,0.9792683985498216
1688,KBS_MokPo.csv,88,1.7766970591111617,0.9795451296700372
1689,KBS_MokPo.csv,89,1.7771556507457387,0.9795011745558845
1690,KBS_MokPo.csv,90,1.7753172636032104,0.9797052211231656
1691,KBS_MokPo.csv,91,1.7767239288850265,0.9797397388352288
1692,KBS_MokPo.csv,92,1.7735717101530595,0.9798189798990885
1693,KBS_MokPo.csv,93,1.7778208125721324,0.9798693524466621
1694,KBS_MokPo.csv,94,1.7793562173843385,0.9797452555762397
1695,KBS_MokPo.csv,95,1.7737768259915438,0.9797861708535088
1696,KBS_MokPo.csv,96,1.7744621406901966,0.979749235841963
1697,KBS_MokPo.csv,97,1.777232376011935,0.9798821343315972
1698,KBS_MokPo.csv,98,1.7766599503430454,0.9798028071721395
1699,KBS_MokPo.csv,99,1.7759085113351996,0.9797647992769877
1700,KBS_MokPo.csv,100,1.7763638366352428,0.9797567327817281
1701,KBS_SunCheon.csv,1,1.830551645972512,0.9831716418266296
1702,KBS_SunCheon.csv,2,1.8004673155871305,0.9801879723866781
1703,KBS_SunCheon.csv,3,1.8007106997750022,0.9839432901806302
1704,KBS_SunCheon.csv,4,1.8021974433552135,0.98014235496521
1705,KBS_SunCheon.csv,5,1.8019053242423317,0.9826317429542542
1706,KBS_SunCheon.csv,6,1.8028924985365433,0.9787774615817599
1707,KBS_SunCheon.csv,7,1.8039012518796054,0.9834383659892612
1708,KBS_SunCheon.csv,8,1.7966646107760342,0.9822486241658529
1709,KBS_SunCheon.csv,9,1.7966014103455976,0.9861194557613797
1710,KBS_SunCheon.csv,10,1.7982427618720316,0.9843458202150133
1711,KBS_SunCheon.csv,11,1.7926153052936902,0.9801776674058702
1712,KBS_SunCheon.csv,12,1.798348366130482,0.9850107563866509
1713,KBS_SunCheon.csv,13,1.7992745767940175,0.9827263951301575
1714,KBS_SunCheon.csv,14,1.8020337039774115,0.980816490120358
1715,KBS_SunCheon.csv,15,1.7959228537299416,0.9814313583903842
1716,KBS_SunCheon.csv,16,1.7955627636475997,0.9799187978108724
1717,KBS_SunCheon.csv,17,1.7985220410607077,0.9822058147854276
1718,KBS_SunCheon.csv,18,1.7955484520305287,0.983875917063819
1719,KBS_SunCheon.csv,19,1.7951199184764515,0.9821123083432516
1720,KBS_SunCheon.csv,20,1.7942829132080078,0.9832148088349236
1721,KBS_SunCheon.csv,21,1.79667292508212,0.9851560923788283
1722,KBS_SunCheon.csv,22,1.795926215431907,0.9820762541559007
1723,KBS_SunCheon.csv,23,1.7921474890275435,0.9810231857829623
1724,KBS_SunCheon.csv,24,1.794465988332575,0.9808472990989685
1725,KBS_SunCheon.csv,25,1.797467617555098,0.9844586186938815
1726,KBS_SunCheon.csv,26,1.7950198216871782,0.9818155037032233
1727,KBS_SunCheon.csv,27,1.7936067147688433,0.9834614594777426
1728,KBS_SunCheon.csv,28,1.796616833860224,0.9836834669113159
1729,KBS_SunCheon.csv,29,1.7939172571355646,0.9784664909044901
1730,KBS_SunCheon.csv,30,1.7958341121673584,0.9850600560506185
1731,KBS_SunCheon.csv,31,1.7964458920738913,0.9822150270144144
1732,KBS_SunCheon.csv,32,1.7924929597161032,0.9844831029574076
1733,KBS_SunCheon.csv,33,1.7956482215361163,0.982457525200314
1734,KBS_SunCheon.csv,34,1.793312313339927,0.9800649020406935
1735,KBS_SunCheon.csv,35,1.7932135993784124,0.9828440679444207
1736,KBS_SunCheon.csv,36,1.7926968249407682,0.982149084409078
1737,KBS_SunCheon.csv,37,1.7924936836416072,0.9837336275312636
1738,KBS_SunCheon.csv,38,1.7961486036127263,0.9795294404029846
1739,KBS_SunCheon.csv,39,1.7918994014913385,0.983386774857839
1740,KBS_SunCheon.csv,40,1.7989490595730868,0.9824692342016432
1741,KBS_SunCheon.csv,41,1.7959023649042303,0.9822862876786126
1742,KBS_SunCheon.csv,42,1.7892388538880781,0.9817944367726644
1743,KBS_SunCheon.csv,43,1.795042714205655,0.9820228086577522
1744,KBS_SunCheon.csv,44,1.7884201895106921,0.9844026698006524
1745,KBS_SunCheon.csv,45,1.79189377264543,0.9827312893337674
1746,KBS_SunCheon.csv,46,1.792445637963035,0.9849210447735257
1747,KBS_SunCheon.csv,47,1.7956217830831354,0.9843668407864041
1748,KBS_SunCheon.csv,48,1.7932400508360429,0.9812594917085435
1749,KBS_SunCheon.csv,49,1.7958469650962137,0.9848751558197869
1750,KBS_SunCheon.csv,50,1.7909192952242765,0.9825089904997084
1751,KBS_SunCheon.csv,51,1.7908402356234463,0.9821626477771335
1752,KBS_SunCheon.csv,52,1.793319500576366,0.9820461604330275
1753,KBS_SunCheon.csv,53,1.7944615667516535,0.9822870890299479
1754,KBS_SunCheon.csv,54,1.7941124027425592,0.9821644888983833
1755,KBS_SunCheon.csv,55,1.7903699441389604,0.9828927583164639
1756,KBS_SunCheon.csv,56,1.7954680161042647,0.9803429974450005
1757,KBS_SunCheon.csv,57,1.7923159317536788,0.9804008669323392
1758,KBS_SunCheon.csv,58,1.7928737336939031,0.9814156227641635
1759,KBS_SunCheon.csv,59,1.7898344885219226,0.9823973510000441
1760,KBS_SunCheon.csv,60,1.789435501532121,0.9857015940878127
1761,KBS_SunCheon.csv,61,1.7926524855873802,0.9821888142161899
1762,KBS_SunCheon.csv,62,1.7901728738437999,0.9832665390438504
1763,KBS_SunCheon.csv,63,1.7922150655226274,0.9808565047052171
1764,KBS_SunCheon.csv,64,1.7917180516503073,0.9822087221675448
1765,KBS_SunCheon.csv,65,1.7859347213398327,0.9816472265455458
1766,KBS_SunCheon.csv,66,1.7932487444444136,0.9809793829917908
1767,KBS_SunCheon.csv,67,1.7942563923922452,0.9834959506988525
1768,KBS_SunCheon.csv,68,1.7917673847892068,0.9843881262673272
1769,KBS_SunCheon.csv,69,1.7921163407239047,0.9827368789248996
1770,KBS_SunCheon.csv,70,1.7881894978609951,0.9830199480056763
1771,KBS_SunCheon.csv,71,1.7909782084551724,0.9817595746782091
1772,KBS_SunCheon.csv,72,1.790602048960599,0.9812276760737101
1773,KBS_SunCheon.csv,73,1.792326400496743,0.9822871420118544
1774,KBS_SunCheon.csv,74,1.7931170160120184,0.983582595984141
1775,KBS_SunCheon.csv,75,1.7915343739769676,0.9829220705562167
1776,KBS_SunCheon.csv,76,1.7910626064647328,0.9807884693145752
1777,KBS_SunCheon.csv,77,1.793757963180542,0.9834645390510559
1778,KBS_SunCheon.csv,78,1.7916305498643355,0.9808634320894877
1779,KBS_SunCheon.csv,79,1.7895926692269064,0.982085194852617
1780,KBS_SunCheon.csv,80,1.7896058841185136,0.9810389876365662
1781,KBS_SunCheon.csv,81,1.7960732156580144,0.9823767013019986
1782,KBS_SunCheon.csv,82,1.7944674058394,0.9821231166521708
1783,KBS_SunCheon.csv,83,1.7915478706359864,0.9828837977515327
1784,KBS_SunCheon.csv,84,1.789021576534618,0.982378171549903
1785,KBS_SunCheon.csv,85,1.794061582738703,0.9827621049351163
1786,KBS_SunCheon.csv,86,1.7924570495432073,0.9825125866466098
1787,KBS_SunCheon.csv,87,1.7944434664466165,0.9826926059193082
1788,KBS_SunCheon.csv,88,1.791951001774181,0.9825276401307848
1789,KBS_SunCheon.csv,89,1.7888857993212612,0.9823295142915514
1790,KBS_SunCheon.csv,90,1.7913288398222489,0.9823747740851508
1791,KBS_SunCheon.csv,91,1.79117281220176,0.9825004869037204
1792,KBS_SunCheon.csv,92,1.7934193069284612,0.9822448028458489
1793,KBS_SunCheon.csv,93,1.7956807548349554,0.9822533792919583
1794,KBS_SunCheon.csv,94,1.7929399078542536,0.9824142919646369
1795,KBS_SunCheon.csv,95,1.7897142063487659,0.9824113117323982
1796,KBS_SunCheon.csv,96,1.7887312867424705,0.9824388954374526
1797,KBS_SunCheon.csv,97,1.7916884639046409,0.9824850161870321
1798,KBS_SunCheon.csv,98,1.7903839479793202,0.9824612802929349
1799,KBS_SunCheon.csv,99,1.7924507141113282,0.982453359497918
1800,KBS_SunCheon.csv,100,1.7919167323545977,0.9824793272548251
1801,KBS_GwangJu.csv,1,1.826867682283575,0.9789970318476359
1802,KBS_GwangJu.csv,2,1.820862871950323,0.9804809292157491
1803,KBS_GwangJu.csv,3,1.8163490707224066,0.9827223287688361
1804,KBS_GwangJu.csv,4,1.8154840924523092,0.9831893642743429
1805,KBS_GwangJu.csv,5,1.820159946788441,0.9784815973705716
1806,KBS_GwangJu.csv,6,1.8183645811947908,0.9779417117436727
1807,KBS_GwangJu.csv,7,1.8204519141804087,0.9806947112083435
1808,KBS_GwangJu.csv,8,1.8170657721432772,0.9833378394444784
1809,KBS_GwangJu.csv,9,1.823250692540949,0.978343321217431
1810,KBS_GwangJu.csv,10,1.8193059747869318,0.9789014326201545
1811,KBS_GwangJu.csv,11,1.8173999201167714,0.9775553544362386
1812,KBS_GwangJu.csv,12,1.817111197384921,0.9792681137720743
1813,KBS_GwangJu.csv,13,1.8168810757723721,0.9810498224364387
1814,KBS_GwangJu.csv,14,1.8165898214687,0.9809680316183302
1815,KBS_GwangJu.csv,15,1.8151246135885066,0.9798799885643853
1816,KBS_GwangJu.csv,16,1.8205248074098066,0.9792712926864624
1817,KBS_GwangJu.csv,17,1.8168735070662065,0.9831733306248983
1818,KBS_GwangJu.csv,18,1.823525164344094,0.9826232194900513
1819,KBS_GwangJu.csv,19,1.819706468148665,0.97954789797465
1820,KBS_GwangJu.csv,20,1.81643789248033,0.9811281032032437
1821,KBS_GwangJu.csv,21,1.8198183731599287,0.9763861563470628
1822,KBS_GwangJu.csv,22,1.816539879278703,0.9835097326172723
1823,KBS_GwangJu.csv,23,1.813714751330289,0.9807423618104723
1824,KBS_GwangJu.csv,24,1.8181327147917314,0.9825109839439392
1825,KBS_GwangJu.csv,25,1.8162769902836193,0.9797003070513407
1826,KBS_GwangJu.csv,26,1.8191715023734354,0.9803681042459276
1827,KBS_GwangJu.csv,27,1.8142217614433982,0.9796435766749911
1828,KBS_GwangJu.csv,28,1.8193882291967218,0.983102473947737
1829,KBS_GwangJu.csv,29,1.8136581334200772,0.9793088104989793
1830,KBS_GwangJu.csv,30,1.8153750029477207,0.9815084271960788
1831,KBS_GwangJu.csv,31,1.8178927833383733,0.9793582757314047
1832,KBS_GwangJu.csv,32,1.8167320359836925,0.9798027144538032
1833,KBS_GwangJu.csv,33,1.8168105233799328,0.9802201721403334
1834,KBS_GwangJu.csv,34,1.8152840332551436,0.9799787137243483
1835,KBS_GwangJu.csv,35,1.8168123093518345,0.9787555800543891
1836,KBS_GwangJu.csv,36,1.8136473287235606,0.9819696545600891
1837,KBS_GwangJu.csv,37,1.8162105040116743,0.9823343422677782
1838,KBS_GwangJu.csv,38,1.8140107436613604,0.9810821149084303
1839,KBS_GwangJu.csv,39,1.814641571044922,0.9806404709815979
1840,KBS_GwangJu.csv,40,1.8151516437530517,0.9779553016026815
1841,KBS_GwangJu.csv,41,1.8173045895316384,0.9807453685336642
1842,KBS_GwangJu.csv,42,1.8174558812921697,0.9811070097817315
1843,KBS_GwangJu.csv,43,1.815063832022927,0.9847824573516846
1844,KBS_GwangJu.csv,44,1.8172980937090788,0.981847518020206
1845,KBS_GwangJu.csv,45,1.8153170542283492,0.9797919458813138
1846,KBS_GwangJu.csv,46,1.8152338418093594,0.9837647676467896
1847,KBS_GwangJu.csv,47,1.8137778217142277,0.981814357969496
1848,KBS_GwangJu.csv,48,1.8161674174395475,0.9835805098215739
1849,KBS_GwangJu.csv,49,1.8168250430714001,0.9826248817973666
1850,KBS_GwangJu.csv,50,1.8145346966656772,0.982119599978129
1851,KBS_GwangJu.csv,51,1.816646112095226,0.9816194044219123
1852,KBS_GwangJu.csv,52,1.813404393196106,0.980998780992296
1853,KBS_GwangJu.csv,53,1.8140483422712845,0.9823044803407457
1854,KBS_GwangJu.csv,54,1.8157072132283991,0.981563925743103
1855,KBS_GwangJu.csv,55,1.8159832455895164,0.9796610938178169
1856,KBS_GwangJu.csv,56,1.8166637377305463,0.9819789528846741
1857,KBS_GwangJu.csv,57,1.809372598474676,0.9802399211459689
1858,KBS_GwangJu.csv,58,1.816388860615817,0.9829599459966024
1859,KBS_GwangJu.csv,59,1.8146453163840555,0.9824339482519362
1860,KBS_GwangJu.csv,60,1.813484077020125,0.9806988570425246
1861,KBS_GwangJu.csv,61,1.814502564343539,0.9810172385639615
1862,KBS_GwangJu.csv,62,1.8148327632383867,0.9806400405036079
1863,KBS_GwangJu.csv,63,1.8136107856577093,0.9814673728413053
1864,KBS_GwangJu.csv,64,1.8164530775763772,0.9804731474982368
1865,KBS_GwangJu.csv,65,1.8142861171202227,0.9808849626117282
1866,KBS_GwangJu.csv,66,1.812759408083829,0.9804781675338745
1867,KBS_GwangJu.csv,67,1.8139405792409724,0.9803968071937561
1868,KBS_GwangJu.csv,68,1.8142576109279285,0.9820273717244467
1869,KBS_GwangJu.csv,69,1.812060343135487,0.9809392624431186
1870,KBS_GwangJu.csv,70,1.8152049866589632,0.980423265033298
1871,KBS_GwangJu.csv,71,1.8128007932142778,0.9810851613680521
1872,KBS_GwangJu.csv,72,1.8156742507761174,0.9813170101907518
1873,KBS_GwangJu.csv,73,1.8125220103697344,0.9813290039698283
1874,KBS_GwangJu.csv,74,1.8114253976128318,0.9822313520643446
1875,KBS_GwangJu.csv,75,1.812642713026567,0.9821670452753702
1876,KBS_GwangJu.csv,76,1.8116168282248757,0.982105533281962
1877,KBS_GwangJu.csv,77,1.8136361837387085,0.9823163151741028
1878,KBS_GwangJu.csv,78,1.81193743835796,0.9818728168805441
1879,KBS_GwangJu.csv,79,1.8136420445008712,0.980860067738427
1880,KBS_GwangJu.csv,80,1.8125642776489257,0.9812197883923849
1881,KBS_GwangJu.csv,81,1.8127854130484842,0.9809914893574185
1882,KBS_GwangJu.csv,82,1.8160213167017156,0.9813210235701667
1883,KBS_GwangJu.csv,83,1.8139223185452549,0.9808750814861722
1884,KBS_GwangJu.csv,84,1.8146535634994507,0.9813007977273729
1885,KBS_GwangJu.csv,85,1.8095573728734797,0.9820441471205817
1886,KBS_GwangJu.csv,86,1.814023733139038,0.9808578027619256
1887,KBS_GwangJu.csv,87,1.8140066428617998,0.9811486138237847
1888,KBS_GwangJu.csv,88,1.8161178545518355,0.9812835057576498
1889,KBS_GwangJu.csv,89,1.8126388744874433,0.9809269242816501
1890,KBS_GwangJu.csv,90,1.8121416395360774,0.981446193324195
1891,KBS_GwangJu.csv,91,1.8126786470413208,0.9813154008653429
1892,KBS_GwangJu.csv,92,1.8141287912021984,0.9812258217069838
1893,KBS_GwangJu.csv,93,1.8116269198330965,0.9812617500623068
1894,KBS_GwangJu.csv,94,1.8142905191941694,0.9810826579729716
1895,KBS_GwangJu.csv,95,1.8128472718325528,0.9810662203364902
1896,KBS_GwangJu.csv,96,1.8140698823061856,0.9811065859264798
1897,KBS_GwangJu.csv,97,1.8121202403848822,0.9811030162705315
1898,KBS_GwangJu.csv,98,1.8120946927504107,0.9811375339825948
1899,KBS_GwangJu.csv,99,1.8120481751181863,0.9811413089434305
1900,KBS_GwangJu.csv,100,1.8152284795587712,0.981164726946089
