global_epoch,task,epoch_in_task,train_loss,val_loss
1,MBC_CheongJu.csv,1,28784.689019097223,28357.739800347223
2,MBC_CheongJu.csv,2,28152.276692708332,27402.584852430555
3,MBC_CheongJu.csv,3,26730.284505208332,25392.018446180555
4,MBC_CheongJu.csv,4,24121.074164496527,22177.06618923611
5,MBC_CheongJu.csv,5,20385.901421440973,17920.487630208332
6,MBC_CheongJu.csv,6,15725.596652560764,12933.727647569445
7,MBC_CheongJu.csv,7,10569.30280219184,7765.434678819444
8,MBC_CheongJu.csv,8,5592.973626030816,3279.3399793836807
9,MBC_CheongJu.csv,9,1851.3524136013455,711.4004720052084
10,MBC_CheongJu.csv,10,486.57918972439234,425.4109836154514
11,MBC_CheongJu.csv,11,324.8397051493327,281.96685791015625
12,MBC_CheongJu.csv,12,227.01014794243707,206.3719007703993
13,MBC_CheongJu.csv,13,172.00035773383246,151.68190680609808
14,MBC_CheongJu.csv,14,135.43407694498697,125.18238067626953
15,MBC_CheongJu.csv,15,119.65124278598361,112.72295803493924
16,MBC_CheongJu.csv,16,110.49799219767253,106.25930786132812
17,MBC_CheongJu.csv,17,104.0997142791748,100.99103122287326
18,MBC_CheongJu.csv,18,101.05852635701497,96.94105190700955
19,MBC_CheongJu.csv,19,99.0586011674669,95.45533159044054
20,MBC_CheongJu.csv,20,97.5960087246365,94.08548567030165
21,MBC_CheongJu.csv,21,97.50660366482205,93.68309444851346
22,MBC_CheongJu.csv,22,97.63382636176215,94.69448343912761
23,MBC_CheongJu.csv,23,96.60905075073242,94.51500532362196
24,MBC_CheongJu.csv,24,96.53177388509114,93.9666765001085
25,MBC_CheongJu.csv,25,96.49158583747015,93.05756208631728
26,MBC_CheongJu.csv,26,96.93601332770453,93.03801388210721
27,MBC_CheongJu.csv,27,96.16687986585829,92.96933915879991
28,MBC_CheongJu.csv,28,96.19910028245714,93.3779059516059
29,MBC_CheongJu.csv,29,96.51629787021213,92.78631761338976
30,MBC_CheongJu.csv,30,95.95981343587239,93.03992207845052
31,MBC_CheongJu.csv,31,95.58827145894368,92.66395144992404
32,MBC_CheongJu.csv,32,95.62661827935113,93.15755632188585
33,MBC_CheongJu.csv,33,95.41147793663873,92.5031975640191
34,MBC_CheongJu.csv,34,96.48462592230902,92.8648189968533
35,MBC_CheongJu.csv,35,96.74038696289062,93.52575259738498
36,MBC_CheongJu.csv,36,95.77711296081543,92.36116621229384
37,MBC_CheongJu.csv,37,95.54129325018988,92.67881266276042
38,MBC_CheongJu.csv,38,96.96997833251953,92.5186784532335
39,MBC_CheongJu.csv,39,95.70791880289714,93.72331407335069
40,MBC_CheongJu.csv,40,95.65217166476779,92.43156602647569
41,MBC_CheongJu.csv,41,94.99392339918349,92.28771040174696
42,MBC_CheongJu.csv,42,94.65031645033095,91.8468526204427
43,MBC_CheongJu.csv,43,95.33810763888889,91.82847425672743
44,MBC_CheongJu.csv,44,94.71756807963054,91.72001224093967
45,MBC_CheongJu.csv,45,94.55131657918294,91.75231170654297
46,MBC_CheongJu.csv,46,94.72823354932997,92.86114162868924
47,MBC_CheongJu.csv,47,94.65953742133246,91.41154903835721
48,MBC_CheongJu.csv,48,95.0728522406684,92.55982971191406
49,MBC_CheongJu.csv,49,94.40393129984538,91.25858561197917
50,MBC_CheongJu.csv,50,94.86673715379503,91.47936672634549
51,MBC_CheongJu.csv,51,94.91101349724664,93.21624416775174
52,MBC_CheongJu.csv,52,93.5236275990804,90.97732798258464
53,MBC_CheongJu.csv,53,94.28245502048068,90.83182017008464
54,MBC_CheongJu.csv,54,94.50990358988444,91.17372385660808
55,MBC_CheongJu.csv,55,93.29586844974094,90.58793385823567
56,MBC_CheongJu.csv,56,94.20182779100206,90.75975460476346
57,MBC_CheongJu.csv,57,94.16790559556749,90.55401102701823
58,MBC_CheongJu.csv,58,94.26460287306044,90.32223341200087
59,MBC_CheongJu.csv,59,92.91314697265625,90.26107957628038
60,MBC_CheongJu.csv,60,93.29764578077528,90.39920722113715
61,MBC_CheongJu.csv,61,93.5911356608073,90.0315678914388
62,MBC_CheongJu.csv,62,93.55651325649686,90.71420796712239
63,MBC_CheongJu.csv,63,93.01838556925456,90.0046632554796
64,MBC_CheongJu.csv,64,93.44236670600043,89.73060946994357
65,MBC_CheongJu.csv,65,92.30767250061035,89.61570315890842
66,MBC_CheongJu.csv,66,92.87393124898274,89.78285895453558
67,MBC_CheongJu.csv,67,92.12569533454047,89.52600182427301
68,MBC_CheongJu.csv,68,93.04976548088922,89.38341183132596
69,MBC_CheongJu.csv,69,92.04949696858723,89.55760701497395
70,MBC_CheongJu.csv,70,92.03347524007161,89.47995079888238
71,MBC_CheongJu.csv,71,92.21130794949002,89.2127219306098
72,MBC_CheongJu.csv,72,93.14589945475261,89.49080657958984
73,MBC_CheongJu.csv,73,92.44789780510797,89.7530034383138
74,MBC_CheongJu.csv,74,92.32177649603949,89.08245340983073
75,MBC_CheongJu.csv,75,92.09388330247667,88.94001346164279
76,MBC_CheongJu.csv,76,92.60073322719998,88.9026607937283
77,MBC_CheongJu.csv,77,92.27586343553331,88.90149180094402
78,MBC_CheongJu.csv,78,91.76327387491862,88.80112542046442
79,MBC_CheongJu.csv,79,92.37301466200087,89.39644198947482
80,MBC_CheongJu.csv,80,92.22075271606445,88.73622555202908
81,MBC_CheongJu.csv,81,91.60535727606879,88.76492479112413
82,MBC_CheongJu.csv,82,92.14812914530437,88.85571034749348
83,MBC_CheongJu.csv,83,93.14262877570258,88.63963996039496
84,MBC_CheongJu.csv,84,91.65033700731065,88.76199595133464
85,MBC_CheongJu.csv,85,91.12826209598117,88.63367801242404
86,MBC_CheongJu.csv,86,91.69422382778592,88.63849470350478
87,MBC_CheongJu.csv,87,92.03151914808485,88.71378072102864
88,MBC_CheongJu.csv,88,91.67592853969998,88.6284425523546
89,MBC_CheongJu.csv,89,92.86252551608615,88.60054355197482
90,MBC_CheongJu.csv,90,92.39212481180827,88.60574086507161
91,MBC_CheongJu.csv,91,91.60742229885525,88.62553236219618
92,MBC_CheongJu.csv,92,92.16733402676053,88.61729770236545
93,MBC_CheongJu.csv,93,91.54711553785536,88.63859303792317
94,MBC_CheongJu.csv,94,91.92228825887044,88.57262505425348
95,MBC_CheongJu.csv,95,92.30493100484212,88.60476345486111
96,MBC_CheongJu.csv,96,91.80008443196614,88.57642449273004
97,MBC_CheongJu.csv,97,92.48070971171062,88.57594553629558
98,MBC_CheongJu.csv,98,92.6480155520969,88.57491217719183
99,MBC_CheongJu.csv,99,91.81655057271321,88.5696784125434
100,MBC_CheongJu.csv,100,91.68268034193251,88.56689876980252
101,Broad_CheongJu.csv,1,13274.387766335227,4045.5960557725693
102,Broad_CheongJu.csv,2,11267.313938210227,3617.7900661892363
103,Broad_CheongJu.csv,3,11243.138796164772,3894.5992567274307
104,Broad_CheongJu.csv,4,11221.601455965909,3793.5556640625
105,Broad_CheongJu.csv,5,11219.3642578125,3541.7134602864585
106,Broad_CheongJu.csv,6,11209.740589488636,3768.0734049479165
107,Broad_CheongJu.csv,7,11209.557634943181,3564.3798556857637
108,Broad_CheongJu.csv,8,11202.982475142046,3660.3482530381943
109,Broad_CheongJu.csv,9,11194.1904296875,3880.23583984375
110,Broad_CheongJu.csv,10,11201.187553267046,3491.0719129774307
111,Broad_CheongJu.csv,11,11213.427130681817,3718.7674967447915
112,Broad_CheongJu.csv,12,11204.76651278409,3429.408745659722
113,Broad_CheongJu.csv,13,11217.17645596591,3842.9823947482637
114,Broad_CheongJu.csv,14,11203.765376420455,3807.8014322916665
115,Broad_CheongJu.csv,15,11199.967134232955,3764.873779296875
116,Broad_CheongJu.csv,16,11206.744211647727,3438.6952311197915
117,Broad_CheongJu.csv,17,11207.256818181819,3994.928168402778
118,Broad_CheongJu.csv,18,11198.5240234375,3476.924018012153
119,Broad_CheongJu.csv,19,11200.6576171875,3351.3629286024307
120,Broad_CheongJu.csv,20,11203.096946022728,3457.8287489149307
121,Broad_CheongJu.csv,21,11205.201740056818,3858.6440700954863
122,Broad_CheongJu.csv,22,11191.711434659092,3867.599799262153
123,Broad_CheongJu.csv,23,11192.277308238636,3912.800726996528
124,Broad_CheongJu.csv,24,11203.929296875,3461.5598958333335
125,Broad_CheongJu.csv,25,11192.99442471591,3792.520073784722
126,Broad_CheongJu.csv,26,11180.636097301136,3608.9087727864585
127,Broad_CheongJu.csv,27,11197.184730113637,3630.0274793836807
128,Broad_CheongJu.csv,28,11193.904154829546,3565.089409722222
129,Broad_CheongJu.csv,29,11197.268128551137,3699.1222059461807
130,Broad_CheongJu.csv,30,11202.0734375,3760.5467393663193
131,Broad_CheongJu.csv,31,11199.102982954546,3788.1575520833335
132,Broad_CheongJu.csv,32,11200.484268465909,3933.2696668836807
133,Broad_CheongJu.csv,33,11197.738441051137,3677.4430067274307
134,Broad_CheongJu.csv,34,11196.379048295454,3745.4142795138887
135,Broad_CheongJu.csv,35,11196.641264204545,3754.0892469618057
136,Broad_CheongJu.csv,36,11200.684499289773,3859.383544921875
137,Broad_CheongJu.csv,37,11195.413050426136,3668.263237847222
138,Broad_CheongJu.csv,38,11200.323774857954,3681.5180392795137
139,Broad_CheongJu.csv,39,11194.432386363636,3533.715630425347
140,Broad_CheongJu.csv,40,11201.026438210227,3747.4364149305557
141,Broad_CheongJu.csv,41,11197.380024857954,3875.318901909722
142,Broad_CheongJu.csv,42,11197.660564630682,3812.5888671875
143,Broad_CheongJu.csv,43,11188.96807528409,3941.311333550347
144,Broad_CheongJu.csv,44,11194.0640625,3674.3525390625
145,Broad_CheongJu.csv,45,11194.659002130682,3610.236029730903
146,Broad_CheongJu.csv,46,11204.362233664773,3717.6825358072915
147,Broad_CheongJu.csv,47,11195.94795809659,3603.0058322482637
148,Broad_CheongJu.csv,48,11201.098153409092,3706.3763834635415
149,Broad_CheongJu.csv,49,11199.676154119317,3780.9163682725693
150,Broad_CheongJu.csv,50,11197.74325284091,3653.313530815972
151,Broad_CheongJu.csv,51,11188.838600852272,3589.0545518663193
152,Broad_CheongJu.csv,52,11198.534161931819,3753.1843532986113
153,Broad_CheongJu.csv,53,11193.297372159092,3773.2899576822915
154,Broad_CheongJu.csv,54,11200.431321022726,3892.5928005642363
155,Broad_CheongJu.csv,55,11189.086434659092,3621.80810546875
156,Broad_CheongJu.csv,56,11205.494957386363,3690.2336697048613
157,Broad_CheongJu.csv,57,11198.628764204546,3765.2094997829863
158,Broad_CheongJu.csv,58,11203.549875710227,3675.5113118489585
159,Broad_CheongJu.csv,59,11192.217915482954,3838.7542588975693
160,Broad_CheongJu.csv,60,11187.414559659092,3827.7557508680557
161,Broad_CheongJu.csv,61,11193.711168323864,3700.2725965711807
162,Broad_CheongJu.csv,62,11202.640074573863,3740.0909830729165
163,Broad_CheongJu.csv,63,11197.406693892046,3744.0605197482637
164,Broad_CheongJu.csv,64,11187.439346590909,3637.2449001736113
165,Broad_CheongJu.csv,65,11193.332954545454,3651.2266710069443
166,Broad_CheongJu.csv,66,11200.043448153408,3709.84326171875
167,Broad_CheongJu.csv,67,11190.559037642046,3733.294867621528
168,Broad_CheongJu.csv,68,11198.927325994318,3752.7682834201387
169,Broad_CheongJu.csv,69,11199.2982421875,3773.923285590278
170,Broad_CheongJu.csv,70,11194.525550426137,3793.584038628472
171,Broad_CheongJu.csv,71,11191.35458096591,3787.5163302951387
172,Broad_CheongJu.csv,72,11195.801988636364,3757.3517795138887
173,Broad_CheongJu.csv,73,11199.58330965909,3739.6444498697915
174,Broad_CheongJu.csv,74,11192.105433238636,3767.6169704861113
175,Broad_CheongJu.csv,75,11198.703568892046,3645.5274522569443
176,Broad_CheongJu.csv,76,11190.681321022726,3758.2246907552085
177,Broad_CheongJu.csv,77,11200.57315340909,3746.177978515625
178,Broad_CheongJu.csv,78,11192.476438210228,3718.531982421875
179,Broad_CheongJu.csv,79,11184.21123934659,3764.6179470486113
180,Broad_CheongJu.csv,80,11185.48544034091,3804.892333984375
181,Broad_CheongJu.csv,81,11196.405681818182,3759.968560112847
182,Broad_CheongJu.csv,82,11195.5017578125,3683.3038194444443
183,Broad_CheongJu.csv,83,11210.469602272728,3735.415473090278
184,Broad_CheongJu.csv,84,11194.362872869318,3769.6486545138887
185,Broad_CheongJu.csv,85,11188.542151988637,3751.833251953125
186,Broad_CheongJu.csv,86,11191.176988636364,3759.7724338107637
187,Broad_CheongJu.csv,87,11189.867009943182,3748.8179524739585
188,Broad_CheongJu.csv,88,11197.90694247159,3724.5779079861113
189,Broad_CheongJu.csv,89,11190.340376420454,3721.6735568576387
190,Broad_CheongJu.csv,90,11197.791477272727,3737.335747612847
191,Broad_CheongJu.csv,91,11186.28231534091,3732.3261990017363
192,Broad_CheongJu.csv,92,11203.046040482954,3737.6259494357637
193,Broad_CheongJu.csv,93,11189.819371448864,3725.9794921875
194,Broad_CheongJu.csv,94,11194.70703125,3727.7618272569443
195,Broad_CheongJu.csv,95,11196.075532670455,3734.8542751736113
196,Broad_CheongJu.csv,96,11186.292844460228,3728.6052517361113
197,Broad_CheongJu.csv,97,11192.648490767046,3729.4594997829863
198,Broad_CheongJu.csv,98,11193.966530539772,3729.1883680555557
199,Broad_CheongJu.csv,99,11198.653728693182,3729.024658203125
200,Broad_CheongJu.csv,100,11190.610546875,3728.316216362847
201,MBC_DaeJeon.csv,1,9351.272833806817,3639.6011013454863
202,MBC_DaeJeon.csv,2,9350.547585227272,3278.5131564670137
203,MBC_DaeJeon.csv,3,9342.286772017045,3791.9891764322915
204,MBC_DaeJeon.csv,4,9351.008238636363,3490.85888671875
205,MBC_DaeJeon.csv,5,9355.447674005682,3405.492919921875
206,MBC_DaeJeon.csv,6,9353.3076171875,3798.1759168836807
207,MBC_DaeJeon.csv,7,9350.561860795455,3197.9390733506943
208,MBC_DaeJeon.csv,8,9346.67724609375,3517.8699001736113
209,MBC_DaeJeon.csv,9,9344.994779829545,3576.8112521701387
210,MBC_DaeJeon.csv,10,9344.86532315341,3250.4169108072915
211,MBC_DaeJeon.csv,11,9333.486186079546,3348.2889268663193
212,MBC_DaeJeon.csv,12,9341.670285866478,3638.7174479166665
213,MBC_DaeJeon.csv,13,9344.786399147728,3724.495903862847
214,MBC_DaeJeon.csv,14,9346.684446022728,3567.2762586805557
215,MBC_DaeJeon.csv,15,9362.564195667614,3347.3436686197915
216,MBC_DaeJeon.csv,16,9338.600363991478,3719.5986056857637
217,MBC_DaeJeon.csv,17,9345.41581143466,3472.531494140625
218,MBC_DaeJeon.csv,18,9336.619069602273,3449.2131618923613
219,MBC_DaeJeon.csv,19,9357.819762073863,3639.7409939236113
220,MBC_DaeJeon.csv,20,9336.405832741477,3751.3009440104165
221,MBC_DaeJeon.csv,21,9342.10371981534,3500.46533203125
222,MBC_DaeJeon.csv,22,9322.916530539773,3592.8115234375
223,MBC_DaeJeon.csv,23,9348.96004971591,3347.4256184895835
224,MBC_DaeJeon.csv,24,9335.210626775568,3623.6570909288193
225,MBC_DaeJeon.csv,25,9359.904048295455,3576.802056206597
226,MBC_DaeJeon.csv,26,9338.646493252842,3834.539306640625
227,MBC_DaeJeon.csv,27,9344.757102272728,3501.8984646267363
228,MBC_DaeJeon.csv,28,9330.229279119318,3466.497314453125
229,MBC_DaeJeon.csv,29,9346.045072798295,3909.6849500868057
230,MBC_DaeJeon.csv,30,9339.094087357955,3538.5152723524307
231,MBC_DaeJeon.csv,31,9359.050062144886,3435.8634440104165
232,MBC_DaeJeon.csv,32,9340.379119318182,3441.3609754774307
233,MBC_DaeJeon.csv,33,9344.379509943183,3544.290717230903
234,MBC_DaeJeon.csv,34,9344.891876775568,3676.8279622395835
235,MBC_DaeJeon.csv,35,9343.716832386364,3395.211724175347
236,MBC_DaeJeon.csv,36,9337.925568181818,3590.534613715278
237,MBC_DaeJeon.csv,37,9352.395294744318,3550.0875651041665
238,MBC_DaeJeon.csv,38,9331.23759765625,3633.6802842881943
239,MBC_DaeJeon.csv,39,9325.383052201705,3524.7112087673613
240,MBC_DaeJeon.csv,40,9324.974263139204,3517.269585503472
241,MBC_DaeJeon.csv,41,9342.680717329546,3554.7344835069443
242,MBC_DaeJeon.csv,42,9332.58768643466,3618.2230088975693
243,MBC_DaeJeon.csv,43,9340.4681640625,3363.4362521701387
244,MBC_DaeJeon.csv,44,9341.960475852273,3485.0539822048613
245,MBC_DaeJeon.csv,45,9339.694850852273,3489.0048014322915
246,MBC_DaeJeon.csv,46,9344.615403053976,3528.3703342013887
247,MBC_DaeJeon.csv,47,9342.036576704546,3565.5353732638887
248,MBC_DaeJeon.csv,48,9346.625159801137,3414.0498318142363
249,MBC_DaeJeon.csv,49,9331.131196732955,3422.2209201388887
250,MBC_DaeJeon.csv,50,9342.799982244318,3599.8941514756943
251,MBC_DaeJeon.csv,51,9351.137713068181,3487.5566134982637
252,MBC_DaeJeon.csv,52,9353.974272017045,3525.7785373263887
253,MBC_DaeJeon.csv,53,9353.020880681817,3547.276123046875
254,MBC_DaeJeon.csv,54,9344.384889914772,3558.5696072048613
255,MBC_DaeJeon.csv,55,9333.860280539773,3569.9412434895835
256,MBC_DaeJeon.csv,56,9334.789897017046,3410.1395128038193
257,MBC_DaeJeon.csv,57,9322.534712357954,3464.7603624131943
258,MBC_DaeJeon.csv,58,9338.711345880682,3421.762749565972
259,MBC_DaeJeon.csv,59,9330.740465198864,3469.3306477864585
260,MBC_DaeJeon.csv,60,9339.496564275569,3446.0079210069443
261,MBC_DaeJeon.csv,61,9336.8701171875,3442.8988172743057
262,MBC_DaeJeon.csv,62,9339.797141335228,3458.1323513454863
263,MBC_DaeJeon.csv,63,9342.956516335227,3440.0936414930557
264,MBC_DaeJeon.csv,64,9345.959685724432,3451.9294162326387
265,MBC_DaeJeon.csv,65,9343.611452414772,3571.0050455729165
266,MBC_DaeJeon.csv,66,9325.276100852272,3580.2505967881943
267,MBC_DaeJeon.csv,67,9332.572674005682,3520.2506510416665
268,MBC_DaeJeon.csv,68,9321.72745028409,3469.6354166666665
269,MBC_DaeJeon.csv,69,9333.029421164772,3612.036431206597
270,MBC_DaeJeon.csv,70,9344.182537286932,3551.123725043403
271,MBC_DaeJeon.csv,71,9344.345658735796,3372.3390842013887
272,MBC_DaeJeon.csv,72,9341.971182528408,3480.083930121528
273,MBC_DaeJeon.csv,73,9344.973490767046,3480.9608561197915
274,MBC_DaeJeon.csv,74,9331.20107421875,3420.4295789930557
275,MBC_DaeJeon.csv,75,9335.407723721592,3525.9966634114585
276,MBC_DaeJeon.csv,76,9336.151473721591,3560.251274956597
277,MBC_DaeJeon.csv,77,9331.07772549716,3538.1232638888887
278,MBC_DaeJeon.csv,78,9325.92354403409,3536.1217447916665
279,MBC_DaeJeon.csv,79,9341.1943359375,3531.3603244357637
280,MBC_DaeJeon.csv,80,9349.332581676137,3508.4226888020835
281,MBC_DaeJeon.csv,81,9338.296395596592,3517.8648274739585
282,MBC_DaeJeon.csv,82,9333.819211647728,3559.979736328125
283,MBC_DaeJeon.csv,83,9343.9453125,3512.7562391493057
284,MBC_DaeJeon.csv,84,9333.383229758523,3511.595024956597
285,MBC_DaeJeon.csv,85,9337.67685546875,3496.5385470920137
286,MBC_DaeJeon.csv,86,9338.323552911932,3487.8870985243057
287,MBC_DaeJeon.csv,87,9345.722505326705,3513.6364474826387
288,MBC_DaeJeon.csv,88,9334.886674360796,3498.3409830729165
289,MBC_DaeJeon.csv,89,9326.952521306817,3491.744194878472
290,MBC_DaeJeon.csv,90,9331.682350852272,3491.7619900173613
291,MBC_DaeJeon.csv,91,9327.9111328125,3485.7615017361113
292,MBC_DaeJeon.csv,92,9335.446750710227,3485.9078233506943
293,MBC_DaeJeon.csv,93,9340.24969815341,3502.3371853298613
294,MBC_DaeJeon.csv,94,9338.438920454546,3506.2334798177085
295,MBC_DaeJeon.csv,95,9337.81484375,3499.91650390625
296,MBC_DaeJeon.csv,96,9333.967151988636,3504.419731987847
297,MBC_DaeJeon.csv,97,9320.3771484375,3501.463677300347
298,MBC_DaeJeon.csv,98,9339.110626775568,3502.6943359375
299,MBC_DaeJeon.csv,99,9338.805681818181,3501.1482204861113
300,MBC_DaeJeon.csv,100,9331.496342329545,3502.2608506944443
301,KBS_DaeJeon.csv,1,8603.329092684658,3055.3157552083335
302,KBS_DaeJeon.csv,2,8607.644176136364,2747.307671440972
303,KBS_DaeJeon.csv,3,8605.734330610796,3034.0819227430557
304,KBS_DaeJeon.csv,4,8580.276580255682,2804.4651963975693
305,KBS_DaeJeon.csv,5,8594.611798650569,2643.2864040798613
306,KBS_DaeJeon.csv,6,8611.129802911932,3098.3128255208335
307,KBS_DaeJeon.csv,7,8600.0978515625,3011.8849012586807
308,KBS_DaeJeon.csv,8,8602.8841796875,2631.4224717881943
309,KBS_DaeJeon.csv,9,8593.87762784091,2823.5907118055557
310,KBS_DaeJeon.csv,10,8597.290536221592,2849.3493381076387
311,KBS_DaeJeon.csv,11,8598.75380859375,3106.23974609375
312,KBS_DaeJeon.csv,12,8595.71621981534,2848.265326605903
313,KBS_DaeJeon.csv,13,8608.394655539772,2740.5838216145835
314,KBS_DaeJeon.csv,14,8591.93094815341,2809.3277723524307
315,KBS_DaeJeon.csv,15,8613.859215198863,2769.4669596354165
316,KBS_DaeJeon.csv,16,8602.646138139204,2966.8954806857637
317,KBS_DaeJeon.csv,17,8589.987198153409,2993.246039496528
318,KBS_DaeJeon.csv,18,8590.519992897727,2879.8482259114585
319,KBS_DaeJeon.csv,19,8587.29960049716,2965.608642578125
320,KBS_DaeJeon.csv,20,8591.871147017046,3019.562445746528
321,KBS_DaeJeon.csv,21,8595.142737926137,3010.1661512586807
322,KBS_DaeJeon.csv,22,8598.466432883522,3011.49267578125
323,KBS_DaeJeon.csv,23,8602.02607421875,2867.3624674479165
324,KBS_DaeJeon.csv,24,8596.927068536932,2852.6637369791665
325,KBS_DaeJeon.csv,25,8595.139870383522,2958.2763400607637
326,KBS_DaeJeon.csv,26,8600.536363636364,2811.8119845920137
327,KBS_DaeJeon.csv,27,8596.592782315342,2873.184380425347
328,KBS_DaeJeon.csv,28,8604.01787997159,2937.913330078125
329,KBS_DaeJeon.csv,29,8597.996795099432,3063.6824544270835
330,KBS_DaeJeon.csv,30,8589.807830255682,2909.4736056857637
331,KBS_DaeJeon.csv,31,8598.04072265625,3003.7270779079863
332,KBS_DaeJeon.csv,32,8604.785200639204,2954.0024685329863
333,KBS_DaeJeon.csv,33,8595.844841974433,2898.620307074653
334,KBS_DaeJeon.csv,34,8600.12021484375,2986.922905815972
335,KBS_DaeJeon.csv,35,8591.322514204545,2848.7789171006943
336,KBS_DaeJeon.csv,36,8589.50869140625,3081.9506564670137
337,KBS_DaeJeon.csv,37,8596.350221946022,3080.8642849392363
338,KBS_DaeJeon.csv,38,8595.46221590909,2924.3615451388887
339,KBS_DaeJeon.csv,39,8614.26953125,2904.211127387153
340,KBS_DaeJeon.csv,40,8595.528373579546,3261.4587131076387
341,KBS_DaeJeon.csv,41,8598.77373046875,3266.714545355903
342,KBS_DaeJeon.csv,42,8620.036789772726,3004.030707465278
343,KBS_DaeJeon.csv,43,8604.237837357954,2831.2552897135415
344,KBS_DaeJeon.csv,44,8607.988840553977,3020.0310872395835
345,KBS_DaeJeon.csv,45,8595.470747514204,2936.7298719618057
346,KBS_DaeJeon.csv,46,8591.485795454546,2901.2018771701387
347,KBS_DaeJeon.csv,47,8593.262437855114,2920.7588975694443
348,KBS_DaeJeon.csv,48,8588.16426669034,2873.1172688802085
349,KBS_DaeJeon.csv,49,8597.940598366476,2886.929009331597
350,KBS_DaeJeon.csv,50,8598.770259232955,3072.567626953125
351,KBS_DaeJeon.csv,51,8599.437020596592,2917.7558865017363
352,KBS_DaeJeon.csv,52,8599.032279829546,2995.9317491319443
353,KBS_DaeJeon.csv,53,8596.40205078125,2999.1459689670137
354,KBS_DaeJeon.csv,54,8606.383345170454,2929.7955186631943
355,KBS_DaeJeon.csv,55,8594.163849431818,2921.4554578993057
356,KBS_DaeJeon.csv,56,8603.68915127841,2937.16796875
357,KBS_DaeJeon.csv,57,8596.829723011364,2828.4332139756943
358,KBS_DaeJeon.csv,58,8603.288583096592,2900.897216796875
359,KBS_DaeJeon.csv,59,8577.842640269886,2988.732421875
360,KBS_DaeJeon.csv,60,8591.476322798295,2724.6263563368057
361,KBS_DaeJeon.csv,61,8596.193341619319,2958.664740668403
362,KBS_DaeJeon.csv,62,8603.167844460228,2922.4169650607637
363,KBS_DaeJeon.csv,63,8599.023055752841,2927.3204210069443
364,KBS_DaeJeon.csv,64,8600.050035511364,2904.830512152778
365,KBS_DaeJeon.csv,65,8603.39786044034,2907.6260036892363
366,KBS_DaeJeon.csv,66,8598.573304332387,2850.5238172743057
367,KBS_DaeJeon.csv,67,8599.278781960227,2994.615180121528
368,KBS_DaeJeon.csv,68,8581.12539950284,2946.9287923177085
369,KBS_DaeJeon.csv,69,8592.805886008522,2986.414116753472
370,KBS_DaeJeon.csv,70,8590.265962357955,2944.552788628472
371,KBS_DaeJeon.csv,71,8594.65243252841,3073.1004231770835
372,KBS_DaeJeon.csv,72,8591.10712002841,2910.960747612847
373,KBS_DaeJeon.csv,73,8590.458247514205,2868.2025553385415
374,KBS_DaeJeon.csv,74,8587.045561079545,3001.7850748697915
375,KBS_DaeJeon.csv,75,8587.592702414773,3011.0750868055557
376,KBS_DaeJeon.csv,76,8600.166006747158,2911.3468424479165
377,KBS_DaeJeon.csv,77,8595.956720525568,2908.4045138888887
378,KBS_DaeJeon.csv,78,8601.04541015625,2932.943549262153
379,KBS_DaeJeon.csv,79,8595.791610440341,2932.479736328125
380,KBS_DaeJeon.csv,80,8593.721297940341,2987.8486599392363
381,KBS_DaeJeon.csv,81,8594.655655184659,2957.260986328125
382,KBS_DaeJeon.csv,82,8603.047674005682,2976.1805284288193
383,KBS_DaeJeon.csv,83,8606.998295454545,2940.7609592013887
384,KBS_DaeJeon.csv,84,8584.174769176136,2882.0559895833335
385,KBS_DaeJeon.csv,85,8592.752956321023,2932.2130262586807
386,KBS_DaeJeon.csv,86,8592.105646306818,2961.332573784722
387,KBS_DaeJeon.csv,87,8590.592782315342,2947.3861219618057
388,KBS_DaeJeon.csv,88,8604.636798650568,2942.6556260850693
389,KBS_DaeJeon.csv,89,8596.45370205966,2941.2099880642363
390,KBS_DaeJeon.csv,90,8603.145285866478,2945.3860948350693
391,KBS_DaeJeon.csv,91,8587.420152698864,2957.4527994791665
392,KBS_DaeJeon.csv,92,8585.464026988637,2947.9107801649307
393,KBS_DaeJeon.csv,93,8590.544708806818,2946.571831597222
394,KBS_DaeJeon.csv,94,8601.932137784092,2944.1982421875
395,KBS_DaeJeon.csv,95,8585.640971235796,2951.1027560763887
396,KBS_DaeJeon.csv,96,8583.495978338067,2947.0365397135415
397,KBS_DaeJeon.csv,97,8582.608718039774,2945.741265190972
398,KBS_DaeJeon.csv,98,8611.393519176136,2946.1377766927085
399,KBS_DaeJeon.csv,99,8592.872594105114,2945.8409830729165
400,KBS_DaeJeon.csv,100,8586.054048295455,2945.6544325086807
401,CMB_DaeJeon.csv,1,8207.14385653409,2765.683159722222
402,CMB_DaeJeon.csv,2,8209.333957741477,2671.2471788194443
403,CMB_DaeJeon.csv,3,8212.12411221591,2671.2983669704863
404,CMB_DaeJeon.csv,4,8197.228471235796,2641.9442274305557
405,CMB_DaeJeon.csv,5,8199.288494318182,2969.5399034288193
406,CMB_DaeJeon.csv,6,8198.391574928977,2639.6700032552085
407,CMB_DaeJeon.csv,7,8191.900035511364,2714.270751953125
408,CMB_DaeJeon.csv,8,8214.201225142046,2907.1956651475693
409,CMB_DaeJeon.csv,9,8203.436044034092,2622.6488444010415
410,CMB_DaeJeon.csv,10,8213.00956143466,2708.288764105903
411,CMB_DaeJeon.csv,11,8197.371635298296,2925.599555121528
412,CMB_DaeJeon.csv,12,8207.288307883522,2802.5146484375
413,CMB_DaeJeon.csv,13,8210.792471590908,2618.1143934461807
414,CMB_DaeJeon.csv,14,8199.514683948864,2719.5126681857637
415,CMB_DaeJeon.csv,15,8208.840873579546,2797.56494140625
416,CMB_DaeJeon.csv,16,8214.226083096592,2800.650824652778
417,CMB_DaeJeon.csv,17,8197.20635653409,2520.7747395833335
418,CMB_DaeJeon.csv,18,8213.946413352272,2802.3101942274307
419,CMB_DaeJeon.csv,19,8181.627308238636,2706.924126519097
420,CMB_DaeJeon.csv,20,8218.562730823864,2609.1797146267363
421,CMB_DaeJeon.csv,21,8218.753844105113,2512.8466525607637
422,CMB_DaeJeon.csv,22,8215.424822443181,2742.467041015625
423,CMB_DaeJeon.csv,23,8212.452175071023,2647.0685763888887
424,CMB_DaeJeon.csv,24,8220.751171875,2652.793023003472
425,CMB_DaeJeon.csv,25,8198.521049360796,2399.7161458333335
426,CMB_DaeJeon.csv,26,8217.741637073863,2657.528618706597
427,CMB_DaeJeon.csv,27,8198.938689630682,2819.4891221788193
428,CMB_DaeJeon.csv,28,8207.79657315341,2769.766547309028
429,CMB_DaeJeon.csv,29,8190.55537109375,2726.3983561197915
430,CMB_DaeJeon.csv,30,8219.78623046875,2669.1093478732637
431,CMB_DaeJeon.csv,31,8205.846413352272,2694.5386827256943
432,CMB_DaeJeon.csv,32,8197.684410511363,2668.219482421875
433,CMB_DaeJeon.csv,33,8197.5458984375,2731.8744845920137
434,CMB_DaeJeon.csv,34,8200.052077414774,2699.8800184461807
435,CMB_DaeJeon.csv,35,8195.814426491477,2956.976996527778
436,CMB_DaeJeon.csv,36,8199.518243963068,2648.5132649739585
437,CMB_DaeJeon.csv,37,8202.742737926137,2720.1326497395835
438,CMB_DaeJeon.csv,38,8202.27412997159,2652.9625108506943
439,CMB_DaeJeon.csv,39,8201.590598366478,2784.726860894097
440,CMB_DaeJeon.csv,40,8211.2826171875,2646.0572102864585
441,CMB_DaeJeon.csv,41,8211.461922940342,2607.9416775173613
442,CMB_DaeJeon.csv,42,8210.635129616478,2677.2411024305557
443,CMB_DaeJeon.csv,43,8210.134241832386,2737.8478732638887
444,CMB_DaeJeon.csv,44,8198.562162642045,2701.8282877604165
445,CMB_DaeJeon.csv,45,8199.386612215909,2672.4271104600693
446,CMB_DaeJeon.csv,46,8211.475896661932,2669.0174696180557
447,CMB_DaeJeon.csv,47,8210.864018110795,2761.5558268229165
448,CMB_DaeJeon.csv,48,8198.892959872159,2739.5459255642363
449,CMB_DaeJeon.csv,49,8194.10928622159,2785.8218044704863
450,CMB_DaeJeon.csv,50,8197.179128196023,2759.9114583333335
451,CMB_DaeJeon.csv,51,8197.50811434659,2609.9974229600693
452,CMB_DaeJeon.csv,52,8200.632936789772,2816.2636447482637
453,CMB_DaeJeon.csv,53,8202.514382102272,2567.5098470052085
454,CMB_DaeJeon.csv,54,8200.193909801137,2749.9905056423613
455,CMB_DaeJeon.csv,55,8195.176384943183,2798.5057779947915
456,CMB_DaeJeon.csv,56,8213.17392578125,2576.651123046875
457,CMB_DaeJeon.csv,57,8212.076100852273,2707.0637478298613
458,CMB_DaeJeon.csv,58,8214.452903053978,2706.4535861545137
459,CMB_DaeJeon.csv,59,8202.404270241477,2536.8459743923613
460,CMB_DaeJeon.csv,60,8214.564976917614,2752.9813368055557
461,CMB_DaeJeon.csv,61,8200.11786221591,2683.0820583767363
462,CMB_DaeJeon.csv,62,8206.792888849432,2721.4372287326387
463,CMB_DaeJeon.csv,63,8199.098481889205,2718.2280002170137
464,CMB_DaeJeon.csv,64,8203.618705610796,2764.5279676649307
465,CMB_DaeJeon.csv,65,8212.733176491478,2780.843071831597
466,CMB_DaeJeon.csv,66,8220.159215198864,2755.5355360243057
467,CMB_DaeJeon.csv,67,8199.492178622158,2710.0537923177085
468,CMB_DaeJeon.csv,68,8200.231063565341,2721.198432074653
469,CMB_DaeJeon.csv,69,8202.342986505682,2627.6232638888887
470,CMB_DaeJeon.csv,70,8193.390172230114,2786.9811740451387
471,CMB_DaeJeon.csv,71,8205.374937855113,2731.9093153211807
472,CMB_DaeJeon.csv,72,8204.604172585226,2721.6201443142363
473,CMB_DaeJeon.csv,73,8216.685626775568,2699.958550347222
474,CMB_DaeJeon.csv,74,8206.855211292614,2720.0279947916665
475,CMB_DaeJeon.csv,75,8198.871324573864,2707.2212727864585
476,CMB_DaeJeon.csv,76,8190.672416548296,2682.9076334635415
477,CMB_DaeJeon.csv,77,8195.654607599432,2745.2454698350693
478,CMB_DaeJeon.csv,78,8204.857244318182,2641.1959635416665
479,CMB_DaeJeon.csv,79,8198.460919744319,2685.254692925347
480,CMB_DaeJeon.csv,80,8204.104279119318,2742.2284342447915
481,CMB_DaeJeon.csv,81,8205.649076704545,2730.8690321180557
482,CMB_DaeJeon.csv,82,8210.216867897727,2706.5694173177085
483,CMB_DaeJeon.csv,83,8206.233567116476,2733.2767198350693
484,CMB_DaeJeon.csv,84,8218.338973721591,2707.149359809028
485,CMB_DaeJeon.csv,85,8193.58907137784,2726.074951171875
486,CMB_DaeJeon.csv,86,8205.715926846591,2686.8049045138887
487,CMB_DaeJeon.csv,87,8219.83672762784,2677.5010850694443
488,CMB_DaeJeon.csv,88,8208.209996448864,2693.0457899305557
489,CMB_DaeJeon.csv,89,8218.185910866478,2712.6480577256943
490,CMB_DaeJeon.csv,90,8189.9150390625,2719.252387152778
491,CMB_DaeJeon.csv,91,8206.002778764205,2713.1374240451387
492,CMB_DaeJeon.csv,92,8195.64794921875,2707.8990342881943
493,CMB_DaeJeon.csv,93,8220.481099076704,2702.64404296875
494,CMB_DaeJeon.csv,94,8200.82403231534,2699.067925347222
495,CMB_DaeJeon.csv,95,8190.895738636364,2699.0971950954863
496,CMB_DaeJeon.csv,96,8215.223286576704,2703.572075737847
497,CMB_DaeJeon.csv,97,8217.997798295455,2708.3238389756943
498,CMB_DaeJeon.csv,98,8195.815110085226,2706.9444715711807
499,CMB_DaeJeon.csv,99,8204.946147017046,2705.884521484375
500,CMB_DaeJeon.csv,100,8193.51288174716,2706.2764756944443
501,MBC_ChungJu.csv,1,8390.78798828125,2844.782172309028
502,MBC_ChungJu.csv,2,8393.254270241478,2996.6084798177085
503,MBC_ChungJu.csv,3,8389.668412642046,2951.0366482204863
504,MBC_ChungJu.csv,4,8381.274076704545,2964.313910590278
505,MBC_ChungJu.csv,5,8372.414923650567,3106.3807508680557
506,MBC_ChungJu.csv,6,8353.852272727272,3088.7044270833335
507,MBC_ChungJu.csv,7,8367.351003196023,3094.8456217447915
508,MBC_ChungJu.csv,8,8357.395614346591,2948.4315049913193
509,MBC_ChungJu.csv,9,8343.1783203125,3010.0701768663193
510,MBC_ChungJu.csv,10,8348.085191761364,2891.6763780381943
511,MBC_ChungJu.csv,11,8342.909437144886,2827.8117404513887
512,MBC_ChungJu.csv,12,8351.25655184659,3041.5403917100693
513,MBC_ChungJu.csv,13,8339.07403231534,2935.6274685329863
514,MBC_ChungJu.csv,14,8332.495685369318,2751.9912109375
515,MBC_ChungJu.csv,15,8317.72128018466,3080.157524956597
516,MBC_ChungJu.csv,16,8340.019176136364,2950.3490397135415
517,MBC_ChungJu.csv,17,8330.805442116478,2883.589165581597
518,MBC_ChungJu.csv,18,8329.137713068181,2963.0557454427085
519,MBC_ChungJu.csv,19,8319.801784446023,2660.366265190972
520,MBC_ChungJu.csv,20,8340.968430397726,3113.757514105903
521,MBC_ChungJu.csv,21,8322.903888494318,2923.9629720052085
522,MBC_ChungJu.csv,22,8319.487162642046,2776.6669921875
523,MBC_ChungJu.csv,23,8325.382750355113,2910.5461154513887
524,MBC_ChungJu.csv,24,8320.492711292614,2964.7730577256943
525,MBC_ChungJu.csv,25,8324.55391512784,2736.4146864149307
526,MBC_ChungJu.csv,26,8306.803151633523,2582.7339680989585
527,MBC_ChungJu.csv,27,8337.423597301136,2741.384521484375
528,MBC_ChungJu.csv,28,8313.97762784091,2920.0755208333335
529,MBC_ChungJu.csv,29,8319.969451349432,2908.089789496528
530,MBC_ChungJu.csv,30,8317.938112571022,2904.309814453125
531,MBC_ChungJu.csv,31,8332.413538707386,2889.484673394097
532,MBC_ChungJu.csv,32,8322.186186079545,3062.7883029513887
533,MBC_ChungJu.csv,33,8310.666157670454,3027.9325086805557
534,MBC_ChungJu.csv,34,8307.428435724432,2974.4910481770835
535,MBC_ChungJu.csv,35,8312.46621981534,2898.0219997829863
536,MBC_ChungJu.csv,36,8325.170534446022,3042.924262152778
537,MBC_ChungJu.csv,37,8322.399946732954,2869.5037977430557
538,MBC_ChungJu.csv,38,8307.36004971591,2809.958794487847
539,MBC_ChungJu.csv,39,8322.847647372158,2904.4019911024307
540,MBC_ChungJu.csv,40,8311.485626775568,3117.34814453125
541,MBC_ChungJu.csv,41,8310.958939985796,2774.8541124131943
542,MBC_ChungJu.csv,42,8314.23662997159,2882.9105360243057
543,MBC_ChungJu.csv,43,8316.196564275568,2867.650336371528
544,MBC_ChungJu.csv,44,8309.435893110796,2774.6828884548613
545,MBC_ChungJu.csv,45,8332.95645419034,2791.8304036458335
546,MBC_ChungJu.csv,46,8310.510040838068,2752.143744574653
547,MBC_ChungJu.csv,47,8305.620569957386,2831.6424424913193
548,MBC_ChungJu.csv,48,8319.94736328125,2942.632378472222
549,MBC_ChungJu.csv,49,8311.344602272728,2823.3653157552085
550,MBC_ChungJu.csv,50,8318.159747869318,2849.3504503038193
551,MBC_ChungJu.csv,51,8318.374786931818,2903.3476833767363
552,MBC_ChungJu.csv,52,8315.89111328125,2971.9172634548613
553,MBC_ChungJu.csv,53,8317.74208984375,2713.4491102430557
554,MBC_ChungJu.csv,54,8332.49658203125,2732.7408854166665
555,MBC_ChungJu.csv,55,8295.473259943183,3009.3183322482637
556,MBC_ChungJu.csv,56,8305.05576171875,2960.1182996961807
557,MBC_ChungJu.csv,57,8309.067879971592,2876.4071180555557
558,MBC_ChungJu.csv,58,8308.157732599431,2961.6525065104165
559,MBC_ChungJu.csv,59,8303.296218039774,2934.5097927517363
560,MBC_ChungJu.csv,60,8320.562393465909,2934.0633138020835
561,MBC_ChungJu.csv,61,8313.772674005682,2928.3958333333335
562,MBC_ChungJu.csv,62,8313.949325284091,2916.3354763454863
563,MBC_ChungJu.csv,63,8310.632652698863,2845.7428114149307
564,MBC_ChungJu.csv,64,8308.902077414772,2899.2588975694443
565,MBC_ChungJu.csv,65,8299.706640625,2890.2350802951387
566,MBC_ChungJu.csv,66,8296.446875,2806.1799587673613
567,MBC_ChungJu.csv,67,8310.204057173296,2931.4588216145835
568,MBC_ChungJu.csv,68,8317.738032670455,2970.9370388454863
569,MBC_ChungJu.csv,69,8315.881329900569,2837.603271484375
570,MBC_ChungJu.csv,70,8315.11748934659,2799.536078559028
571,MBC_ChungJu.csv,71,8322.944966264204,2900.8545193142363
572,MBC_ChungJu.csv,72,8306.217693536932,2921.8224283854165
573,MBC_ChungJu.csv,73,8308.27080965909,2852.2875705295137
574,MBC_ChungJu.csv,74,8303.26944247159,2899.085503472222
575,MBC_ChungJu.csv,75,8326.281516335228,2913.4981282552085
576,MBC_ChungJu.csv,76,8331.334144176137,2893.4493272569443
577,MBC_ChungJu.csv,77,8311.903053977272,2870.8611924913193
578,MBC_ChungJu.csv,78,8309.894273792614,2860.4761013454863
579,MBC_ChungJu.csv,79,8296.830974786932,2851.019341362847
580,MBC_ChungJu.csv,80,8306.288210227272,2943.320610894097
581,MBC_ChungJu.csv,81,8307.126473721592,2908.453911675347
582,MBC_ChungJu.csv,82,8305.900994318183,2862.4583333333335
583,MBC_ChungJu.csv,83,8318.365403053976,2863.2472059461807
584,MBC_ChungJu.csv,84,8300.30733309659,2889.7078721788193
585,MBC_ChungJu.csv,85,8324.279234730113,2892.425048828125
586,MBC_ChungJu.csv,86,8301.947283380681,2926.4578450520835
587,MBC_ChungJu.csv,87,8307.351020951704,2903.0829264322915
588,MBC_ChungJu.csv,88,8322.26337002841,2903.6206868489585
589,MBC_ChungJu.csv,89,8313.687562144887,2878.1768663194443
590,MBC_ChungJu.csv,90,8302.134907670454,2867.7506239149307
591,MBC_ChungJu.csv,91,8326.571546519886,2881.850396050347
592,MBC_ChungJu.csv,92,8310.83907137784,2893.744927300347
593,MBC_ChungJu.csv,93,8319.697993607955,2887.5244411892363
594,MBC_ChungJu.csv,94,8313.029332386364,2889.2820095486113
595,MBC_ChungJu.csv,95,8322.848464133524,2885.3457302517363
596,MBC_ChungJu.csv,96,8317.950115411932,2880.4940592447915
597,MBC_ChungJu.csv,97,8310.133513849432,2881.785698784722
598,MBC_ChungJu.csv,98,8309.694256036932,2880.428955078125
599,MBC_ChungJu.csv,99,8301.013307883522,2878.7417805989585
600,MBC_ChungJu.csv,100,8328.33514737216,2878.5294596354165
601,KBS_ChungJu.csv,1,8105.70791015625,2784.9882541232637
602,KBS_ChungJu.csv,2,8109.406889204545,2846.0555013020835
603,KBS_ChungJu.csv,3,8112.454083806818,2842.5467664930557
604,KBS_ChungJu.csv,4,8094.748037997159,2637.6344401041665
605,KBS_ChungJu.csv,5,8105.670170454546,2785.2364908854165
606,KBS_ChungJu.csv,6,8106.213201349432,2716.3584255642363
607,KBS_ChungJu.csv,7,8092.864053622159,2542.400336371528
608,KBS_ChungJu.csv,8,8092.3802734375,2834.8250868055557
609,KBS_ChungJu.csv,9,8087.670152698864,2858.6317274305557
610,KBS_ChungJu.csv,10,8087.781205610795,2720.545708550347
611,KBS_ChungJu.csv,11,8101.515811434659,2693.646728515625
612,KBS_ChungJu.csv,12,8086.720481178977,2714.568305121528
613,KBS_ChungJu.csv,13,8104.374378551136,2718.247612847222
614,KBS_ChungJu.csv,14,8093.149050071022,3021.662299262153
615,KBS_ChungJu.csv,15,8091.479039417613,2980.703667534722
616,KBS_ChungJu.csv,16,8086.439950284091,2834.3406846788193
617,KBS_ChungJu.csv,17,8103.460999644886,2685.5873209635415
618,KBS_ChungJu.csv,18,8103.795454545455,2857.5122884114585
619,KBS_ChungJu.csv,19,8091.217302911932,2928.125
620,KBS_ChungJu.csv,20,8101.643474786932,2915.5483127170137
621,KBS_ChungJu.csv,21,8098.489248934659,2953.4682888454863
622,KBS_ChungJu.csv,22,8097.795090553977,2827.0504014756943
623,KBS_ChungJu.csv,23,8117.857466264205,2901.930121527778
624,KBS_ChungJu.csv,24,8074.716388494318,2663.7046712239585
625,KBS_ChungJu.csv,25,8085.914222301137,2952.50634765625
626,KBS_ChungJu.csv,26,8101.527459161932,2821.7994791666665
627,KBS_ChungJu.csv,27,8102.568723366478,2846.9725477430557
628,KBS_ChungJu.csv,28,8100.364390980114,2910.2676052517363
629,KBS_ChungJu.csv,29,8086.835147372159,2669.9673936631943
630,KBS_ChungJu.csv,30,8103.814248934659,2805.8550889756943
631,KBS_ChungJu.csv,31,8095.107404119318,2649.104058159722
632,KBS_ChungJu.csv,32,8097.269167258522,2840.9115939670137
633,KBS_ChungJu.csv,33,8093.626722301136,3119.7464463975693
634,KBS_ChungJu.csv,34,8095.498721590909,2843.6182725694443
635,KBS_ChungJu.csv,35,8097.70947265625,2988.815728081597
636,KBS_ChungJu.csv,36,8099.518448153409,2655.9632975260415
637,KBS_ChungJu.csv,37,8098.626553622159,2944.7901475694443
638,KBS_ChungJu.csv,38,8083.498330965909,2912.0994466145835
639,KBS_ChungJu.csv,39,8091.115385298295,2909.5537380642363
640,KBS_ChungJu.csv,40,8076.014044744318,2823.7436252170137
641,KBS_ChungJu.csv,41,8074.854714133523,2840.10302734375
642,KBS_ChungJu.csv,42,8105.433425071023,2997.232421875
643,KBS_ChungJu.csv,43,8100.461052911932,2748.8695475260415
644,KBS_ChungJu.csv,44,8091.560751065341,2733.570556640625
645,KBS_ChungJu.csv,45,8097.702512428978,2788.6077745225693
646,KBS_ChungJu.csv,46,8097.426358309659,2726.4159071180557
647,KBS_ChungJu.csv,47,8088.175284090909,3000.9329698350693
648,KBS_ChungJu.csv,48,8081.478977272727,2701.8953993055557
649,KBS_ChungJu.csv,49,8105.288165838068,2843.3201497395835
650,KBS_ChungJu.csv,50,8081.179678622159,2879.8135036892363
651,KBS_ChungJu.csv,51,8090.097789417614,2718.1485188802085
652,KBS_ChungJu.csv,52,8091.0369140625,2848.0106608072915
653,KBS_ChungJu.csv,53,8086.232865767045,2781.081244574653
654,KBS_ChungJu.csv,54,8091.640793678977,2611.5255533854165
655,KBS_ChungJu.csv,55,8098.758700284091,2764.356743706597
656,KBS_ChungJu.csv,56,8102.797798295454,2762.6999782986113
657,KBS_ChungJu.csv,57,8096.081072443182,2740.7501627604165
658,KBS_ChungJu.csv,58,8097.276793323864,2787.3789333767363
659,KBS_ChungJu.csv,59,8092.802228338068,2917.5750596788193
660,KBS_ChungJu.csv,60,8084.298002485795,2878.0760091145835
661,KBS_ChungJu.csv,61,8097.242587002841,2924.719916449653
662,KBS_ChungJu.csv,62,8091.112420099432,2905.718315972222
663,KBS_ChungJu.csv,63,8089.460280539773,2612.8863661024307
664,KBS_ChungJu.csv,64,8087.875887784091,2727.4695638020835
665,KBS_ChungJu.csv,65,8097.39287109375,2836.260932074653
666,KBS_ChungJu.csv,66,8091.570348011363,2754.2541232638887
667,KBS_ChungJu.csv,67,8083.275870028409,2804.5445963541665
668,KBS_ChungJu.csv,68,8085.322958096591,2744.6957736545137
669,KBS_ChungJu.csv,69,8083.995525568182,2802.2390407986113
670,KBS_ChungJu.csv,70,8094.979794034091,2793.6055772569443
671,KBS_ChungJu.csv,71,8090.525870028409,2804.77001953125
672,KBS_ChungJu.csv,72,8092.188361150568,2744.6851399739585
673,KBS_ChungJu.csv,73,8090.845241477273,2902.3495822482637
674,KBS_ChungJu.csv,74,8084.350319602273,2820.4679361979165
675,KBS_ChungJu.csv,75,8098.466566051136,2837.8085666232637
676,KBS_ChungJu.csv,76,8083.473783735795,2778.279296875
677,KBS_ChungJu.csv,77,8090.141885653409,2809.8952907986113
678,KBS_ChungJu.csv,78,8096.735031960227,2726.6563585069443
679,KBS_ChungJu.csv,79,8118.703009588068,2759.1162109375
680,KBS_ChungJu.csv,80,8083.432776988637,2796.9608561197915
681,KBS_ChungJu.csv,81,8095.443119673296,2799.7304416232637
682,KBS_ChungJu.csv,82,8080.623401988636,2838.8378092447915
683,KBS_ChungJu.csv,83,8080.652210582386,2799.5093044704863
684,KBS_ChungJu.csv,84,8088.738467684659,2821.2829318576387
685,KBS_ChungJu.csv,85,8089.514772727272,2786.7022298177085
686,KBS_ChungJu.csv,86,8100.251811079545,2802.6317003038193
687,KBS_ChungJu.csv,87,8078.726100852273,2784.908637152778
688,KBS_ChungJu.csv,88,8090.529749644887,2816.2151963975693
689,KBS_ChungJu.csv,89,8103.35458984375,2808.2669542100693
690,KBS_ChungJu.csv,90,8096.628879616477,2805.5604654947915
691,KBS_ChungJu.csv,91,8081.962127130681,2797.8339572482637
692,KBS_ChungJu.csv,92,8087.217356178977,2806.7898220486113
693,KBS_ChungJu.csv,93,8082.559978693182,2803.1572536892363
694,KBS_ChungJu.csv,94,8083.553062855113,2808.904839409722
695,KBS_ChungJu.csv,95,8091.591006747159,2809.151068793403
696,KBS_ChungJu.csv,96,8093.816912286932,2809.653266059028
697,KBS_ChungJu.csv,97,8088.441761363636,2807.539252387153
698,KBS_ChungJu.csv,98,8089.487109375,2805.7996690538193
699,KBS_ChungJu.csv,99,8093.364106889205,2805.2122667100693
700,KBS_ChungJu.csv,100,8086.74951171875,2805.37646484375
701,KBS_main.csv,1,7429.898721590909,2180.0241427951387
702,KBS_main.csv,2,7426.780601917613,1853.2832980685764
703,KBS_main.csv,3,7407.410955255682,1953.0368109809028
704,KBS_main.csv,4,7424.042267400569,1857.1999376085068
705,KBS_main.csv,5,7394.992063210228,1894.6996120876736
706,KBS_main.csv,6,7380.978524502841,2046.9440375434028
707,KBS_main.csv,7,7389.766495028409,2066.772447374132
708,KBS_main.csv,8,7372.789621803977,1865.4000515407986
709,KBS_main.csv,9,7371.301793323863,1842.8973659939236
710,KBS_main.csv,10,7372.360697798295,1904.0008816189236
711,KBS_main.csv,11,7389.756099076704,2022.8381890190972
712,KBS_main.csv,12,7372.369540127841,1975.6107584635417
713,KBS_main.csv,13,7364.862526633523,1936.8358968098958
714,KBS_main.csv,14,7367.224893465909,1819.219997829861
715,KBS_main.csv,15,7366.923348721591,2022.6363796657986
716,KBS_main.csv,16,7376.462073863637,2033.3924696180557
717,KBS_main.csv,17,7378.669486860796,1950.266574435764
718,KBS_main.csv,18,7370.929181463068,1904.0387505425347
719,KBS_main.csv,19,7360.685884232955,1945.536593967014
720,KBS_main.csv,20,7363.280104758523,1955.8416341145833
721,KBS_main.csv,21,7373.844611150568,1745.7672390407986
722,KBS_main.csv,22,7371.81162109375,1918.0694444444443
723,KBS_main.csv,23,7362.940687144886,1904.0409613715278
724,KBS_main.csv,24,7354.809730113637,1713.6584608289932
725,KBS_main.csv,25,7368.362579900569,1829.2113172743057
726,KBS_main.csv,26,7352.449156605114,1801.5843777126736
727,KBS_main.csv,27,7350.252761008523,1682.5414225260417
728,KBS_main.csv,28,7356.426873224432,1794.4083794487847
729,KBS_main.csv,29,7354.710236150569,1969.863498263889
730,KBS_main.csv,30,7363.670951704546,1829.4921875
731,KBS_main.csv,31,7334.983948863636,1876.1970893012153
732,KBS_main.csv,32,7371.504634232954,1756.9125434027778
733,KBS_main.csv,33,7346.092631392045,1992.7280951605903
734,KBS_main.csv,34,7351.7982421875,1870.8796251085068
735,KBS_main.csv,35,7351.310688920455,1897.7360432942708
736,KBS_main.csv,36,7346.651784446023,1804.6251627604167
737,KBS_main.csv,37,7342.530362215909,2071.0988091362847
738,KBS_main.csv,38,7343.768758877841,1983.351833767361
739,KBS_main.csv,39,7344.181196732955,1979.866238064236
740,KBS_main.csv,40,7354.588938210227,1879.6322564019097
741,KBS_main.csv,41,7364.448180042614,1812.7789849175347
742,KBS_main.csv,42,7344.469984019886,1966.971896701389
743,KBS_main.csv,43,7354.515962357955,1878.6727430555557
744,KBS_main.csv,44,7349.021821732955,1821.356201171875
745,KBS_main.csv,45,7368.512242542613,1922.605984157986
746,KBS_main.csv,46,7353.620028409091,1852.2962510850693
747,KBS_main.csv,47,7330.986736505682,1828.6453857421875
748,KBS_main.csv,48,7344.41826171875,1715.5463189019097
749,KBS_main.csv,49,7345.036212713068,1816.1059027777778
750,KBS_main.csv,50,7360.019886363636,1959.2695176866318
751,KBS_main.csv,51,7347.831560724432,1869.7452528211807
752,KBS_main.csv,52,7347.945862926136,1810.624755859375
753,KBS_main.csv,53,7337.127707741477,1914.442654079861
754,KBS_main.csv,54,7374.139630681818,1872.521213107639
755,KBS_main.csv,55,7350.530539772727,1824.5249701605903
756,KBS_main.csv,56,7340.684561434659,1801.3499213324653
757,KBS_main.csv,57,7336.848517400568,1931.9779188368057
758,KBS_main.csv,58,7352.872212357955,1807.8532850477432
759,KBS_main.csv,59,7362.0431640625,1844.7890625
760,KBS_main.csv,60,7345.532998934659,1862.9056803385417
761,KBS_main.csv,61,7347.482155539773,1843.6243353949653
762,KBS_main.csv,62,7344.359534801137,1883.4663899739583
763,KBS_main.csv,63,7355.156036931819,1834.657199435764
764,KBS_main.csv,64,7355.844957386364,2008.5945231119792
765,KBS_main.csv,65,7332.082457386364,1926.553683810764
766,KBS_main.csv,66,7341.323073508523,1906.8318820529514
767,KBS_main.csv,67,7343.206809303977,1833.8984781901042
768,KBS_main.csv,68,7338.489870383522,1910.63134765625
769,KBS_main.csv,69,7351.315012428977,1902.2037624782986
770,KBS_main.csv,70,7343.08369140625,1877.7697618272568
771,KBS_main.csv,71,7353.348863636364,1908.1279432508682
772,KBS_main.csv,72,7342.772869318182,1834.4908447265625
773,KBS_main.csv,73,7342.115997869319,1837.5553792317708
774,KBS_main.csv,74,7332.889541903409,1905.7283121744792
775,KBS_main.csv,75,7341.561709872159,1888.1856146918403
776,KBS_main.csv,76,7346.7228515625,1916.0494656032986
777,KBS_main.csv,77,7326.222425426136,1881.235812717014
778,KBS_main.csv,78,7345.401598011364,1897.8392876519097
779,KBS_main.csv,79,7336.234357244318,1869.2456732855903
780,KBS_main.csv,80,7332.589231178978,1844.2095675998264
781,KBS_main.csv,81,7338.359712357955,1859.1406792534722
782,KBS_main.csv,82,7338.492063210228,1898.5370415581597
783,KBS_main.csv,83,7342.311772017046,1850.6508924696182
784,KBS_main.csv,84,7337.33564453125,1856.2152642144097
785,KBS_main.csv,85,7329.350994318182,1872.5833875868057
786,KBS_main.csv,86,7350.605415482954,1892.9356418185764
787,KBS_main.csv,87,7342.739390980114,1880.6939154730903
788,KBS_main.csv,88,7343.371253551137,1882.0709635416667
789,KBS_main.csv,89,7341.377104048295,1879.824679904514
790,KBS_main.csv,90,7345.146155894887,1877.0624321831597
791,KBS_main.csv,91,7352.096111505682,1885.5506727430557
792,KBS_main.csv,92,7345.686825284091,1882.8777669270833
793,KBS_main.csv,93,7354.471990411932,1883.4429931640625
794,KBS_main.csv,94,7338.291539417613,1880.9841715494792
795,KBS_main.csv,95,7334.147913707387,1877.8771837022568
796,KBS_main.csv,96,7332.507199928978,1875.6624348958333
797,KBS_main.csv,97,7341.860999644887,1874.091525607639
798,KBS_main.csv,98,7355.543892045454,1874.3808729383682
799,KBS_main.csv,99,7340.014240056818,1874.9664442274307
800,KBS_main.csv,100,7341.958540482955,1875.0726182725693
801,SBS.csv,1,7226.050799005682,1957.9586181640625
802,SBS.csv,2,7215.2796875,1740.5821940104167
803,SBS.csv,3,7220.416202059659,1988.7423909505208
804,SBS.csv,4,7223.4490234375,1807.4413384331597
805,SBS.csv,5,7202.889453125,1755.9019504123264
806,SBS.csv,6,7213.116779119318,2069.4195149739585
807,SBS.csv,7,7200.114231178977,1830.098361545139
808,SBS.csv,8,7204.639675071023,1631.2653944227432
809,SBS.csv,9,7213.184534801137,2050.0700954861113
810,SBS.csv,10,7196.888876065341,1670.3419053819443
811,SBS.csv,11,7202.675355113636,2091.028021918403
812,SBS.csv,12,7213.963654119319,1913.7376844618057
813,SBS.csv,13,7198.161585582387,1903.1514892578125
814,SBS.csv,14,7216.352556818182,1977.2520209418403
815,SBS.csv,15,7207.040802556819,1783.4503716362847
816,SBS.csv,16,7203.931676136363,1954.6260850694443
817,SBS.csv,17,7207.557510653409,2022.1904703776042
818,SBS.csv,18,7196.827237215909,1896.2110053168403
819,SBS.csv,19,7191.895845170455,1779.4135199652778
820,SBS.csv,20,7199.470632102273,2116.900336371528
821,SBS.csv,21,7196.464444247159,1685.5994330512153
822,SBS.csv,22,7216.057537286932,1779.6898735894097
823,SBS.csv,23,7206.50517578125,1893.1241183810764
824,SBS.csv,24,7206.894957386364,1928.3275010850693
825,SBS.csv,25,7202.515101207387,1811.3900417751736
826,SBS.csv,26,7185.021892755682,1807.0771348741318
827,SBS.csv,27,7197.579714133522,1945.1085476345486
828,SBS.csv,28,7214.227405894886,1945.0460611979167
829,SBS.csv,29,7203.729891690341,1876.4415690104167
830,SBS.csv,30,7198.414639559659,1665.4873453776042
831,SBS.csv,31,7197.415376420455,1847.7854817708333
832,SBS.csv,32,7198.076260653409,2005.406222873264
833,SBS.csv,33,7195.003080610795,1879.5060356987847
834,SBS.csv,34,7183.498180042614,1718.827175564236
835,SBS.csv,35,7194.448135653409,1801.2078314887153
836,SBS.csv,36,7181.284641335227,1806.3300916883682
837,SBS.csv,37,7201.242169744318,1973.7391221788193
838,SBS.csv,38,7199.778497869318,1849.4481472439236
839,SBS.csv,39,7185.339533025568,1856.1234130859375
840,SBS.csv,40,7198.2193359375,1930.184814453125
841,SBS.csv,41,7185.635795454546,1985.6136745876736
842,SBS.csv,42,7169.50556640625,1835.8497450086807
843,SBS.csv,43,7202.649928977273,1895.0833875868057
844,SBS.csv,44,7200.574263139205,1947.249972873264
845,SBS.csv,45,7205.754110440341,1627.7861192491318
846,SBS.csv,46,7191.690713778409,1786.8778754340278
847,SBS.csv,47,7199.182821377841,1878.3019070095486
848,SBS.csv,48,7202.355894886364,1927.214599609375
849,SBS.csv,49,7186.357945667613,1822.8785400390625
850,SBS.csv,50,7187.606773792613,1885.6867133246528
851,SBS.csv,51,7175.545738636363,1831.1929389105903
852,SBS.csv,52,7198.949911221591,1907.5716824001736
853,SBS.csv,53,7188.422771661932,1868.568088107639
854,SBS.csv,54,7180.132466264205,1815.7207166883682
855,SBS.csv,55,7193.679696377841,1914.1778564453125
856,SBS.csv,56,7189.321857244318,1829.9861789279514
857,SBS.csv,57,7187.112100497159,1870.4962293836807
858,SBS.csv,58,7189.488423295455,1717.689968532986
859,SBS.csv,59,7190.762100497159,1830.6709391276042
860,SBS.csv,60,7172.582883522728,1838.7459988064236
861,SBS.csv,61,7195.523180042614,1846.4149441189236
862,SBS.csv,62,7175.605983664773,1801.0128580729167
863,SBS.csv,63,7189.622452059659,1888.8522813585068
864,SBS.csv,64,7186.021209161931,1907.3931070963542
865,SBS.csv,65,7201.379927201705,1827.9988199869792
866,SBS.csv,66,7195.751908735795,1845.0773518880208
867,SBS.csv,67,7196.191867897727,1877.8836534288193
868,SBS.csv,68,7196.580575284091,1835.4340006510417
869,SBS.csv,69,7191.537020596591,1854.5344102647568
870,SBS.csv,70,7178.885724431818,1783.5413140190972
871,SBS.csv,71,7189.174156605113,1854.6537272135417
872,SBS.csv,72,7187.877370383523,1906.6851671006943
873,SBS.csv,73,7194.631525213068,1801.761745876736
874,SBS.csv,74,7190.994779829545,1842.3077935112847
875,SBS.csv,75,7179.632990056818,1761.9331597222222
876,SBS.csv,76,7187.225071022727,1820.1072998046875
877,SBS.csv,77,7178.521528764205,1823.2483452690972
878,SBS.csv,78,7197.153151633523,1841.5781928168403
879,SBS.csv,79,7193.342444957387,1898.197726779514
880,SBS.csv,80,7178.549289772727,1807.6866590711807
881,SBS.csv,81,7182.572842684659,1828.0542941623264
882,SBS.csv,82,7192.318900923296,1819.3115912543403
883,SBS.csv,83,7187.772585227272,1842.067626953125
884,SBS.csv,84,7194.447718394887,1857.9117431640625
885,SBS.csv,85,7183.691681463069,1845.5190836588542
886,SBS.csv,86,7197.57158203125,1812.4337565104167
887,SBS.csv,87,7185.283167613637,1834.4358452690972
888,SBS.csv,88,7196.682883522727,1854.8014322916667
889,SBS.csv,89,7183.634419389205,1844.97998046875
890,SBS.csv,90,7193.913973721591,1841.442599826389
891,SBS.csv,91,7192.598987926136,1834.7559814453125
892,SBS.csv,92,7187.593252840909,1840.1516655815972
893,SBS.csv,93,7199.185688920455,1839.9688585069443
894,SBS.csv,94,7191.663103693182,1843.1674669053818
895,SBS.csv,95,7189.252254971591,1842.702907986111
896,SBS.csv,96,7202.887313565341,1839.765896267361
897,SBS.csv,97,7193.165571732955,1838.8051893446182
898,SBS.csv,98,7178.238023792614,1839.3922797309028
899,SBS.csv,99,7191.627645596591,1839.9317762586807
900,SBS.csv,100,7186.426260653409,1840.5729437934028
901,MBC_sa.csv,1,7290.404891690341,1822.248263888889
902,MBC_sa.csv,2,7307.185147372159,2062.357720269097
903,MBC_sa.csv,3,7299.757848011363,2106.877346462674
904,MBC_sa.csv,4,7294.148428622159,2015.0135362413193
905,MBC_sa.csv,5,7284.004847301137,2240.4819607204863
906,MBC_sa.csv,6,7291.283975497159,1918.1018608940972
907,MBC_sa.csv,7,7299.116397372159,2047.5353461371528
908,MBC_sa.csv,8,7308.424493963068,2097.5010579427085
909,MBC_sa.csv,9,7304.166237571023,2240.7187771267363
910,MBC_sa.csv,10,7294.297993607955,2168.6265326605903
911,MBC_sa.csv,11,7300.039754971591,1954.9785698784722
912,MBC_sa.csv,12,7294.681374289773,2180.283257378472
913,MBC_sa.csv,13,7298.801136363636,2006.1911078559028
914,MBC_sa.csv,14,7293.499964488637,1932.4597303602432
915,MBC_sa.csv,15,7297.568146306819,2012.4436170789932
916,MBC_sa.csv,16,7311.198109019886,2056.507826063368
917,MBC_sa.csv,17,7301.419806463068,1875.9014214409722
918,MBC_sa.csv,18,7297.683034446023,1956.7399766710068
919,MBC_sa.csv,19,7293.494034090909,1878.4765489366318
920,MBC_sa.csv,20,7282.453018465909,2085.151869032118
921,MBC_sa.csv,21,7293.539533025568,2089.4685329861113
922,MBC_sa.csv,22,7308.475710227272,2107.458726671007
923,MBC_sa.csv,23,7289.955752840909,2020.5391438802083
924,MBC_sa.csv,24,7302.497345525569,1927.070041232639
925,MBC_sa.csv,25,7286.373703835227,2053.3424072265625
926,MBC_sa.csv,26,7294.413307883523,2029.873046875
927,MBC_sa.csv,27,7292.425168678978,1841.5745171440972
928,MBC_sa.csv,28,7287.469327059659,1939.6602511935764
929,MBC_sa.csv,29,7293.421120383523,1926.7124837239583
930,MBC_sa.csv,30,7288.599334161931,2069.591403537326
931,MBC_sa.csv,31,7290.676136363636,1981.1338568793403
932,MBC_sa.csv,32,7292.088192471591,1989.9405381944443
933,MBC_sa.csv,33,7259.915500710227,2051.530612521701
934,MBC_sa.csv,34,7286.669708806819,2016.9027506510417
935,MBC_sa.csv,35,7278.477805397727,2059.3661431206597
936,MBC_sa.csv,36,7286.810182883522,2021.68798828125
937,MBC_sa.csv,37,7301.288245738637,1893.3657090928818
938,MBC_sa.csv,38,7298.333274147727,2045.942599826389
939,MBC_sa.csv,39,7291.931960227273,1988.7999538845486
940,MBC_sa.csv,40,7300.436115056818,1951.7350260416667
941,MBC_sa.csv,41,7297.465349786932,2066.4796006944443
942,MBC_sa.csv,42,7302.932892400569,1966.518798828125
943,MBC_sa.csv,43,7283.502112926137,2012.4549560546875
944,MBC_sa.csv,44,7291.825204190341,2033.8734673394097
945,MBC_sa.csv,45,7296.082120028409,1994.4695366753472
946,MBC_sa.csv,46,7299.83876953125,2193.686957465278
947,MBC_sa.csv,47,7279.201260653409,1997.240993923611
948,MBC_sa.csv,48,7283.260484730114,1991.3708902994792
949,MBC_sa.csv,49,7282.871644176136,2159.161824544271
950,MBC_sa.csv,50,7263.643110795455,1941.340603298611
951,MBC_sa.csv,51,7289.938618607955,2048.513658311632
952,MBC_sa.csv,52,7284.632661576705,1980.5526665581597
953,MBC_sa.csv,53,7288.448757102273,2018.8021782769097
954,MBC_sa.csv,54,7288.369051846591,1976.4513753255208
955,MBC_sa.csv,55,7286.035582386364,1999.8251274956597
956,MBC_sa.csv,56,7290.842631392045,1966.5712348090278
957,MBC_sa.csv,57,7274.182528409091,2069.759331597222
958,MBC_sa.csv,58,7295.018181818182,2032.5717095269097
959,MBC_sa.csv,59,7290.567977627841,2158.4360622829863
960,MBC_sa.csv,60,7300.3771484375,1960.6748996310764
961,MBC_sa.csv,61,7292.038938210228,1983.7189398871528
962,MBC_sa.csv,62,7288.9267578125,2131.4060736762153
963,MBC_sa.csv,63,7299.385928622159,2022.399875217014
964,MBC_sa.csv,64,7293.195454545455,1948.0045572916667
965,MBC_sa.csv,65,7287.821457741477,2039.204345703125
966,MBC_sa.csv,66,7278.918661221591,1998.740505642361
967,MBC_sa.csv,67,7296.107297585228,1963.5976426866318
968,MBC_sa.csv,68,7290.50380859375,1984.193332248264
969,MBC_sa.csv,69,7289.222567471591,2020.2962239583333
970,MBC_sa.csv,70,7312.767613636363,2014.805636935764
971,MBC_sa.csv,71,7274.721857244318,2034.5816921657986
972,MBC_sa.csv,72,7296.954572088068,2024.4568684895833
973,MBC_sa.csv,73,7290.7693359375,2043.6779106987847
974,MBC_sa.csv,74,7293.827334872159,2011.1420355902778
975,MBC_sa.csv,75,7303.635813210227,2025.4036865234375
976,MBC_sa.csv,76,7289.396759588069,1962.3480631510417
977,MBC_sa.csv,77,7274.360529119318,2021.1396348741318
978,MBC_sa.csv,78,7293.637286931818,1978.7457953559028
979,MBC_sa.csv,79,7300.244185014205,2005.9110243055557
980,MBC_sa.csv,80,7285.712127130681,2030.1075846354167
981,MBC_sa.csv,81,7277.105291193182,2015.4217122395833
982,MBC_sa.csv,82,7282.266068892045,1998.1768527560764
983,MBC_sa.csv,83,7290.965323153409,2029.3400200737847
984,MBC_sa.csv,84,7292.617205255682,2022.3621554904514
985,MBC_sa.csv,85,7288.375949928977,2004.2827962239583
986,MBC_sa.csv,86,7282.820383522727,2016.3053792317708
987,MBC_sa.csv,87,7291.5478515625,2025.771511501736
988,MBC_sa.csv,88,7294.910191761363,2020.4397379557292
989,MBC_sa.csv,89,7278.466663707386,2023.2096761067708
990,MBC_sa.csv,90,7278.576899857954,2027.3629692925347
991,MBC_sa.csv,91,7284.630921519886,2032.4025065104167
992,MBC_sa.csv,92,7273.773180042614,2013.0447455512153
993,MBC_sa.csv,93,7277.242116477273,2015.3933783637153
994,MBC_sa.csv,94,7300.188725142046,2022.2315538194443
995,MBC_sa.csv,95,7295.404634232955,2021.5379231770833
996,MBC_sa.csv,96,7301.769469105114,2023.310329861111
997,MBC_sa.csv,97,7275.957439630682,2021.950168185764
998,MBC_sa.csv,98,7271.405903764205,2022.4289008246528
999,MBC_sa.csv,99,7299.441681463069,2023.805691189236
1000,MBC_sa.csv,100,7281.540891335228,2023.3012559678818
1001,KBS_KangNeung.csv,1,7210.229412286932,2153.4657524956597
1002,KBS_KangNeung.csv,2,7183.456534090909,2068.872409396701
1003,KBS_KangNeung.csv,3,7168.879412286932,2400.4971788194443
1004,KBS_KangNeung.csv,4,7167.584170809659,2101.414944118924
1005,KBS_KangNeung.csv,5,7146.874209872159,2173.1780870225693
1006,KBS_KangNeung.csv,6,7171.461665482954,2176.6727159288193
1007,KBS_KangNeung.csv,7,7147.8119140625,2223.4637044270835
1008,KBS_KangNeung.csv,8,7139.942595880681,2144.615139431424
1009,KBS_KangNeung.csv,9,7145.610458096591,2223.3680013020835
1010,KBS_KangNeung.csv,10,7153.516024502841,2233.719048394097
1011,KBS_KangNeung.csv,11,7145.044655539773,2203.5756022135415
1012,KBS_KangNeung.csv,12,7154.944984019887,2198.59814453125
1013,KBS_KangNeung.csv,13,7145.052494673296,2235.0916341145835
1014,KBS_KangNeung.csv,14,7125.185094105113,2388.7129720052085
1015,KBS_KangNeung.csv,15,7125.290154474432,1990.4598253038193
1016,KBS_KangNeung.csv,16,7131.592276278409,2251.5279947916665
1017,KBS_KangNeung.csv,17,7147.333371803978,2249.9770236545137
1018,KBS_KangNeung.csv,18,7131.795330255682,2163.8627658420137
1019,KBS_KangNeung.csv,19,7141.908478338069,2138.942626953125
1020,KBS_KangNeung.csv,20,7134.565189985796,2234.7230088975693
1021,KBS_KangNeung.csv,21,7134.448606178978,2238.6454264322915
1022,KBS_KangNeung.csv,22,7143.186976207387,2120.940239800347
1023,KBS_KangNeung.csv,23,7125.906170099432,2265.8132052951387
1024,KBS_KangNeung.csv,24,7127.225603693182,2044.0637071397568
1025,KBS_KangNeung.csv,25,7123.213165838069,2187.379204644097
1026,KBS_KangNeung.csv,26,7122.740953480114,2141.3254123263887
1027,KBS_KangNeung.csv,27,7131.617595880682,2253.9974772135415
1028,KBS_KangNeung.csv,28,7122.87197265625,2055.496188693576
1029,KBS_KangNeung.csv,29,7127.315589488637,2195.6827799479165
1030,KBS_KangNeung.csv,30,7135.108797940341,2060.1066216362847
1031,KBS_KangNeung.csv,31,7120.577423650569,2160.194769965278
1032,KBS_KangNeung.csv,32,7131.736514559659,2199.0635036892363
1033,KBS_KangNeung.csv,33,7140.082235440341,2050.7403564453125
1034,KBS_KangNeung.csv,34,7116.381276633523,2257.9521213107637
1035,KBS_KangNeung.csv,35,7129.427698863637,2150.699761284722
1036,KBS_KangNeung.csv,36,7121.1779296875,2079.804646809896
1037,KBS_KangNeung.csv,37,7102.362100497159,2145.2430962456597
1038,KBS_KangNeung.csv,38,7131.875727982954,2049.316162109375
1039,KBS_KangNeung.csv,39,7119.030726207387,2215.423773871528
1040,KBS_KangNeung.csv,40,7132.346102627841,2217.089898003472
1041,KBS_KangNeung.csv,41,7129.309055397727,2318.5231119791665
1042,KBS_KangNeung.csv,42,7122.408851207387,2127.476318359375
1043,KBS_KangNeung.csv,43,7122.006853693182,2241.9456380208335
1044,KBS_KangNeung.csv,44,7109.091184303978,2104.021294487847
1045,KBS_KangNeung.csv,45,7123.343838778409,2118.2111138237847
1046,KBS_KangNeung.csv,46,7118.518022017045,2108.1176486545137
1047,KBS_KangNeung.csv,47,7122.874529474432,2143.139689127604
1048,KBS_KangNeung.csv,48,7128.125275213069,2143.7272271050347
1049,KBS_KangNeung.csv,49,7115.187571022727,2132.0029025607637
1050,KBS_KangNeung.csv,50,7115.665047940341,2211.1353895399307
1051,KBS_KangNeung.csv,51,7102.452494673295,2172.981987847222
1052,KBS_KangNeung.csv,52,7112.612446732955,2154.9502766927085
1053,KBS_KangNeung.csv,53,7121.387935014204,2152.973388671875
1054,KBS_KangNeung.csv,54,7115.286505681818,2220.3448350694443
1055,KBS_KangNeung.csv,55,7131.821963778409,2116.414510091146
1056,KBS_KangNeung.csv,56,7127.909650213068,2088.5853814019097
1057,KBS_KangNeung.csv,57,7140.095356889205,2062.026421440972
1058,KBS_KangNeung.csv,58,7120.911692116477,2157.806301540799
1059,KBS_KangNeung.csv,59,7117.208043323863,2181.65869140625
1060,KBS_KangNeung.csv,60,7119.183380681819,2228.42919921875
1061,KBS_KangNeung.csv,61,7114.650310724432,2184.0473361545137
1062,KBS_KangNeung.csv,62,7109.144691051137,2148.558987087674
1063,KBS_KangNeung.csv,63,7120.411789772727,2078.6716986762153
1064,KBS_KangNeung.csv,64,7126.530450994318,2267.5213216145835
1065,KBS_KangNeung.csv,65,7120.848552911932,2138.5653211805557
1066,KBS_KangNeung.csv,66,7121.701242897727,2152.962117513021
1067,KBS_KangNeung.csv,67,7125.510529119319,2200.3780110677085
1068,KBS_KangNeung.csv,68,7125.502281605113,2090.5030517578125
1069,KBS_KangNeung.csv,69,7117.055743963068,2135.2827826605903
1070,KBS_KangNeung.csv,70,7114.739621803978,2129.767076280382
1071,KBS_KangNeung.csv,71,7101.335875355114,2133.050794813368
1072,KBS_KangNeung.csv,72,7118.704208096591,2182.8794216579863
1073,KBS_KangNeung.csv,73,7118.645072798296,2108.431735568576
1074,KBS_KangNeung.csv,74,7109.766166548296,2104.3033989800347
1075,KBS_KangNeung.csv,75,7117.211629971591,2101.829047309028
1076,KBS_KangNeung.csv,76,7103.65263671875,2110.8022189670137
1077,KBS_KangNeung.csv,77,7125.215962357955,2142.994425455729
1078,KBS_KangNeung.csv,78,7126.692782315341,2150.970011393229
1079,KBS_KangNeung.csv,79,7107.478817471591,2157.05810546875
1080,KBS_KangNeung.csv,80,7104.799529474431,2120.4515380859375
1081,KBS_KangNeung.csv,81,7108.1826171875,2128.2379557291665
1082,KBS_KangNeung.csv,82,7119.523188920454,2121.4482421875
1083,KBS_KangNeung.csv,83,7109.055300071022,2134.1295572916665
1084,KBS_KangNeung.csv,84,7110.754518821022,2161.098537868924
1085,KBS_KangNeung.csv,85,7124.926029829546,2157.959025065104
1086,KBS_KangNeung.csv,86,7105.04189453125,2145.333753797743
1087,KBS_KangNeung.csv,87,7115.652991832387,2141.961086697049
1088,KBS_KangNeung.csv,88,7104.56982421875,2138.8283013237847
1089,KBS_KangNeung.csv,89,7115.092711292614,2153.1827799479165
1090,KBS_KangNeung.csv,90,7121.354651988637,2137.9964463975693
1091,KBS_KangNeung.csv,91,7100.095836292614,2141.7321506076387
1092,KBS_KangNeung.csv,92,7120.288600852273,2147.1082356770835
1093,KBS_KangNeung.csv,93,7108.248508522727,2139.0769721137153
1094,KBS_KangNeung.csv,94,7123.511337002841,2135.436319986979
1095,KBS_KangNeung.csv,95,7120.632741477273,2134.0549587673613
1096,KBS_KangNeung.csv,96,7120.579723011364,2135.845364040799
1097,KBS_KangNeung.csv,97,7116.453409090909,2135.6993815104165
1098,KBS_KangNeung.csv,98,7122.044877485795,2134.361857096354
1099,KBS_KangNeung.csv,99,7114.717844460227,2134.229790581597
1100,KBS_KangNeung.csv,100,7116.844131747159,2134.156724717882
1101,MBC_KangNeung.csv,1,6905.895223721591,1908.9484727647568
1102,MBC_KangNeung.csv,2,6894.14970703125,1584.4103461371528
1103,MBC_KangNeung.csv,3,6901.786319247159,1691.2273356119792
1104,MBC_KangNeung.csv,4,6905.511337002841,1754.5659044053818
1105,MBC_KangNeung.csv,5,6902.165562855113,1611.8177897135417
1106,MBC_KangNeung.csv,6,6895.012384588068,1803.6498887803818
1107,MBC_KangNeung.csv,7,6890.394229403409,1719.1951361762153
1108,MBC_KangNeung.csv,8,6902.072975852273,1728.2952880859375
1109,MBC_KangNeung.csv,9,6893.078400213069,1860.5844184027778
1110,MBC_KangNeung.csv,10,6899.766033380682,1776.738742404514
1111,MBC_KangNeung.csv,11,6894.846235795455,1814.6740587022568
1112,MBC_KangNeung.csv,12,6892.559383877841,1816.0184868706597
1113,MBC_KangNeung.csv,13,6896.637073863636,1793.6566704644097
1114,MBC_KangNeung.csv,14,6900.608185369319,1799.1022542317708
1115,MBC_KangNeung.csv,15,6911.342045454546,1722.5617268880208
1116,MBC_KangNeung.csv,16,6892.860147372159,1835.5693901909722
1117,MBC_KangNeung.csv,17,6878.918936434659,1730.6630181206597
1118,MBC_KangNeung.csv,18,6906.448854758522,1593.4630805121528
1119,MBC_KangNeung.csv,19,6900.639213423296,1798.5185953776042
1120,MBC_KangNeung.csv,20,6903.103036221591,1893.8235541449653
1121,MBC_KangNeung.csv,21,6888.850630326705,1796.045627170139
1122,MBC_KangNeung.csv,22,6888.467746803977,1716.9275987413193
1123,MBC_KangNeung.csv,23,6909.386851917614,1833.4153645833333
1124,MBC_KangNeung.csv,24,6890.619673295455,1803.26220703125
1125,MBC_KangNeung.csv,25,6894.534517045455,1767.5245632595486
1126,MBC_KangNeung.csv,26,6884.750319602273,1741.9345838758682
1127,MBC_KangNeung.csv,27,6898.740678267045,1780.6890190972222
1128,MBC_KangNeung.csv,28,6902.113041548296,1735.277370876736
1129,MBC_KangNeung.csv,29,6916.748251065341,1654.3367513020833
1130,MBC_KangNeung.csv,30,6902.526793323864,1712.8133680555557
1131,MBC_KangNeung.csv,31,6890.167471590909,1801.2627360026042
1132,MBC_KangNeung.csv,32,6897.718403764205,1687.1722005208333
1133,MBC_KangNeung.csv,33,6885.244273792614,1856.0257297092014
1134,MBC_KangNeung.csv,34,6886.442302911932,1741.3206651475693
1135,MBC_KangNeung.csv,35,6887.653533380681,1787.8883463541667
1136,MBC_KangNeung.csv,36,6902.738201349432,1650.2170545789932
1137,MBC_KangNeung.csv,37,6894.63251953125,1749.5547010633682
1138,MBC_KangNeung.csv,38,6893.951589133523,1888.1644151475693
1139,MBC_KangNeung.csv,39,6892.425923295455,1925.4639756944443
1140,MBC_KangNeung.csv,40,6892.738982599431,1834.5823432074653
1141,MBC_KangNeung.csv,41,6902.346333451705,1863.7436387803818
1142,MBC_KangNeung.csv,42,6899.587118252841,1857.623508029514
1143,MBC_KangNeung.csv,43,6894.055024857955,1759.3891059027778
1144,MBC_KangNeung.csv,44,6902.238796164773,1737.6124267578125
1145,MBC_KangNeung.csv,45,6897.244850852273,1692.124294704861
1146,MBC_KangNeung.csv,46,6902.829891690341,1808.4313015407986
1147,MBC_KangNeung.csv,47,6875.17939453125,1719.9946153428818
1148,MBC_KangNeung.csv,48,6885.433806818181,1850.0359700520833
1149,MBC_KangNeung.csv,49,6887.874928977273,1715.6980658637153
1150,MBC_KangNeung.csv,50,6899.882182173295,1755.6327311197917
1151,MBC_KangNeung.csv,51,6894.977379261363,1915.1348063151042
1152,MBC_KangNeung.csv,52,6902.675506036931,1733.4123942057292
1153,MBC_KangNeung.csv,53,6892.601935369318,1763.7453206380208
1154,MBC_KangNeung.csv,54,6890.383824573863,1822.381564670139
1155,MBC_KangNeung.csv,55,6898.778355823863,1818.2920600043403
1156,MBC_KangNeung.csv,56,6895.210094105114,1740.4704996744792
1157,MBC_KangNeung.csv,57,6893.814080255682,1741.438991970486
1158,MBC_KangNeung.csv,58,6897.854643110795,1703.4979790581597
1159,MBC_KangNeung.csv,59,6902.595090553978,1808.371066623264
1160,MBC_KangNeung.csv,60,6884.711354758523,1702.2058241102432
1161,MBC_KangNeung.csv,61,6892.098588423295,1697.5960286458333
1162,MBC_KangNeung.csv,62,6900.489541903409,1820.0260552300347
1163,MBC_KangNeung.csv,63,6891.1462890625,1738.2174207899307
1164,MBC_KangNeung.csv,64,6894.07734375,1696.2671847873264
1165,MBC_KangNeung.csv,65,6890.628497869318,1721.6329481336807
1166,MBC_KangNeung.csv,66,6894.003036221591,1761.679416232639
1167,MBC_KangNeung.csv,67,6895.317507102272,1761.4599473741318
1168,MBC_KangNeung.csv,68,6883.590749289773,1790.0987413194443
1169,MBC_KangNeung.csv,69,6890.912677556818,1743.728759765625
1170,MBC_KangNeung.csv,70,6895.416654829545,1742.2767469618057
1171,MBC_KangNeung.csv,71,6898.507199928978,1754.245876736111
1172,MBC_KangNeung.csv,72,6895.088014914772,1725.252468532986
1173,MBC_KangNeung.csv,73,6896.506942471591,1745.9541693793403
1174,MBC_KangNeung.csv,74,6895.2822265625,1792.7352159288193
1175,MBC_KangNeung.csv,75,6881.700905539773,1740.6392550998264
1176,MBC_KangNeung.csv,76,6887.256107954546,1746.5560845269097
1177,MBC_KangNeung.csv,77,6893.073002485796,1773.0411919487847
1178,MBC_KangNeung.csv,78,6905.073686079545,1779.2269694010417
1179,MBC_KangNeung.csv,79,6883.670472301136,1775.427761501736
1180,MBC_KangNeung.csv,80,6888.197061434659,1778.0504692925347
1181,MBC_KangNeung.csv,81,6888.935662286932,1759.3428819444443
1182,MBC_KangNeung.csv,82,6900.140749289772,1751.6868218315972
1183,MBC_KangNeung.csv,83,6892.332430752841,1736.0590413411458
1184,MBC_KangNeung.csv,84,6887.151065340909,1768.4179551866318
1185,MBC_KangNeung.csv,85,6891.011807528409,1778.3776177300347
1186,MBC_KangNeung.csv,86,6876.888751775568,1772.7770182291667
1187,MBC_KangNeung.csv,87,6887.707457386364,1754.9854329427083
1188,MBC_KangNeung.csv,88,6890.883318536932,1761.36865234375
1189,MBC_KangNeung.csv,89,6896.628036221591,1774.8594835069443
1190,MBC_KangNeung.csv,90,6890.377104048295,1763.0011257595486
1191,MBC_KangNeung.csv,91,6887.070498934659,1764.3231065538193
1192,MBC_KangNeung.csv,92,6874.294220525569,1759.5765380859375
1193,MBC_KangNeung.csv,93,6890.203888494319,1759.2999674479167
1194,MBC_KangNeung.csv,94,6902.624964488637,1756.905490451389
1195,MBC_KangNeung.csv,95,6889.877476917613,1755.8514811197917
1196,MBC_KangNeung.csv,96,6877.95986328125,1753.4320610894097
1197,MBC_KangNeung.csv,97,6884.572318892046,1754.5267876519097
1198,MBC_KangNeung.csv,98,6890.111070667614,1755.0741509331597
1199,MBC_KangNeung.csv,99,6892.627405894887,1755.4472113715278
1200,MBC_KangNeung.csv,100,6894.496910511363,1755.8035074869792
1201,TBN_DaeGu.csv,1,7431.568084161931,2327.7625325520835
1202,TBN_DaeGu.csv,2,7431.665474076704,2446.2441677517363
1203,TBN_DaeGu.csv,3,7420.584428267045,2154.922078450521
1204,TBN_DaeGu.csv,4,7419.908567116478,2262.918212890625
1205,TBN_DaeGu.csv,5,7409.082865767045,2252.0689832899307
1206,TBN_DaeGu.csv,6,7417.875896661932,2033.6546902126736
1207,TBN_DaeGu.csv,7,7408.523135653409,2253.9181043836807
1208,TBN_DaeGu.csv,8,7408.190376420454,2317.6122233072915
1209,TBN_DaeGu.csv,9,7398.966379616477,2101.2503255208335
1210,TBN_DaeGu.csv,10,7396.335369318182,2193.3780653211807
1211,TBN_DaeGu.csv,11,7389.478577769886,2245.161078559028
1212,TBN_DaeGu.csv,12,7387.431667258523,2148.698432074653
1213,TBN_DaeGu.csv,13,7394.920640980114,2389.8562825520835
1214,TBN_DaeGu.csv,14,7374.876890980114,2289.9154459635415
1215,TBN_DaeGu.csv,15,7387.338387784091,2264.651421440972
1216,TBN_DaeGu.csv,16,7384.286026278409,2335.4784884982637
1217,TBN_DaeGu.csv,17,7367.816264204545,2124.869615342882
1218,TBN_DaeGu.csv,18,7370.250071022727,2335.3787977430557
1219,TBN_DaeGu.csv,19,7341.742746803977,2266.4156087239585
1220,TBN_DaeGu.csv,20,7375.91064453125,2211.2596299913193
1221,TBN_DaeGu.csv,21,7382.437331321023,2325.7336154513887
1222,TBN_DaeGu.csv,22,7360.294176136364,2206.0022786458335
1223,TBN_DaeGu.csv,23,7364.697398792614,2174.3546278211807
1224,TBN_DaeGu.csv,24,7367.771803977273,2154.473429361979
1225,TBN_DaeGu.csv,25,7353.716415127841,2330.2921278211807
1226,TBN_DaeGu.csv,26,7377.066787997159,2429.5067274305557
1227,TBN_DaeGu.csv,27,7370.529944957387,2165.212944878472
1228,TBN_DaeGu.csv,28,7364.767826704546,2285.9545627170137
1229,TBN_DaeGu.csv,29,7369.492054332386,2265.6698133680557
1230,TBN_DaeGu.csv,30,7361.630255681818,2191.518744574653
1231,TBN_DaeGu.csv,31,7377.081551846591,2213.5209147135415
1232,TBN_DaeGu.csv,32,7365.352317116477,2093.6568603515625
1233,TBN_DaeGu.csv,33,7350.350266335227,2111.5689697265625
1234,TBN_DaeGu.csv,34,7362.2205078125,2265.7452256944443
1235,TBN_DaeGu.csv,35,7366.102183948864,2303.7804090711807
1236,TBN_DaeGu.csv,36,7365.444051846591,2176.556586371528
1237,TBN_DaeGu.csv,37,7371.524866832387,2254.0892198350693
1238,TBN_DaeGu.csv,38,7379.521120383522,2278.7743055555557
1239,TBN_DaeGu.csv,39,7369.3240234375,2182.8282877604165
1240,TBN_DaeGu.csv,40,7349.448561789773,2168.656534830729
1241,TBN_DaeGu.csv,41,7367.779039417614,2268.4580891927085
1242,TBN_DaeGu.csv,42,7367.10419921875,2188.6258680555557
1243,TBN_DaeGu.csv,43,7389.295765269886,2332.819390190972
1244,TBN_DaeGu.csv,44,7371.406303267046,2173.276123046875
1245,TBN_DaeGu.csv,45,7369.161665482955,2142.5021158854165
1246,TBN_DaeGu.csv,46,7366.548286576704,2254.1628146701387
1247,TBN_DaeGu.csv,47,7354.001003196023,2219.1022677951387
1248,TBN_DaeGu.csv,48,7361.5654296875,2256.4992404513887
1249,TBN_DaeGu.csv,49,7363.381427556818,2159.251071506076
1250,TBN_DaeGu.csv,50,7356.860147372159,2344.20556640625
1251,TBN_DaeGu.csv,51,7356.612420099432,2147.1691623263887
1252,TBN_DaeGu.csv,52,7372.845676491477,2328.657036675347
1253,TBN_DaeGu.csv,53,7374.107270951705,2172.239461263021
1254,TBN_DaeGu.csv,54,7370.580850497159,2151.738226996528
1255,TBN_DaeGu.csv,55,7360.875115411932,2163.861029730903
1256,TBN_DaeGu.csv,56,7355.317737926136,2146.747653537326
1257,TBN_DaeGu.csv,57,7354.7384765625,2329.84716796875
1258,TBN_DaeGu.csv,58,7363.331454190341,2238.835259331597
1259,TBN_DaeGu.csv,59,7348.135901988637,2230.3026529947915
1260,TBN_DaeGu.csv,60,7361.337553267045,2192.1838107638887
1261,TBN_DaeGu.csv,61,7368.506276633523,2155.363864474826
1262,TBN_DaeGu.csv,62,7355.909614701704,2153.941704644097
1263,TBN_DaeGu.csv,63,7350.916663707387,2172.1148274739585
1264,TBN_DaeGu.csv,64,7354.742080965909,2298.2848036024307
1265,TBN_DaeGu.csv,65,7372.058380681819,2241.600287543403
1266,TBN_DaeGu.csv,66,7348.331756036931,2138.4766303168403
1267,TBN_DaeGu.csv,67,7347.493119673295,2133.873969184028
1268,TBN_DaeGu.csv,68,7354.992320667614,2161.2009006076387
1269,TBN_DaeGu.csv,69,7353.903719815341,2141.773234049479
1270,TBN_DaeGu.csv,70,7356.797807173295,2208.1755642361113
1271,TBN_DaeGu.csv,71,7347.070108309659,2245.715576171875
1272,TBN_DaeGu.csv,72,7341.527015269887,2204.5753309461807
1273,TBN_DaeGu.csv,73,7336.372922585228,2252.1683756510415
1274,TBN_DaeGu.csv,74,7352.701944247159,2224.3130154079863
1275,TBN_DaeGu.csv,75,7338.741530539773,2189.8519694010415
1276,TBN_DaeGu.csv,76,7361.770543323863,2195.8761393229165
1277,TBN_DaeGu.csv,77,7355.397230113636,2155.4689127604165
1278,TBN_DaeGu.csv,78,7357.582022372159,2244.4694552951387
1279,TBN_DaeGu.csv,79,7340.632386363636,2227.5315755208335
1280,TBN_DaeGu.csv,80,7353.396706321023,2164.326321072049
1281,TBN_DaeGu.csv,81,7343.408318536932,2210.1369900173613
1282,TBN_DaeGu.csv,82,7363.288343394886,2188.1178927951387
1283,TBN_DaeGu.csv,83,7359.201962002841,2199.729546440972
1284,TBN_DaeGu.csv,84,7342.228959517045,2193.2532823350693
1285,TBN_DaeGu.csv,85,7354.092231889204,2184.308837890625
1286,TBN_DaeGu.csv,86,7343.798579545454,2183.833984375
1287,TBN_DaeGu.csv,87,7355.835529119318,2193.4969618055557
1288,TBN_DaeGu.csv,88,7346.569540127841,2192.4996473524307
1289,TBN_DaeGu.csv,89,7355.916486150568,2188.026312934028
1290,TBN_DaeGu.csv,90,7360.460635653409,2185.314751519097
1291,TBN_DaeGu.csv,91,7358.534561434659,2186.259087456597
1292,TBN_DaeGu.csv,92,7369.016388494319,2180.7729220920137
1293,TBN_DaeGu.csv,93,7350.562890625,2192.967583550347
1294,TBN_DaeGu.csv,94,7357.246981534091,2187.7267795138887
1295,TBN_DaeGu.csv,95,7358.484481534091,2179.0330674913193
1296,TBN_DaeGu.csv,96,7371.961212713069,2178.05859375
1297,TBN_DaeGu.csv,97,7347.357608309659,2178.7439236111113
1298,TBN_DaeGu.csv,98,7343.461319247159,2176.7507595486113
1299,TBN_DaeGu.csv,99,7349.456081321023,2175.1090494791665
1300,TBN_DaeGu.csv,100,7362.848863636364,2175.1390380859375
1301,TBC_DaeGu.csv,1,7434.051598011363,2304.435302734375
1302,TBC_DaeGu.csv,2,7420.333158735795,2424.5078125
1303,TBC_DaeGu.csv,3,7426.541974431818,2263.1064181857637
1304,TBC_DaeGu.csv,4,7411.858575994318,2368.2242296006943
1305,TBC_DaeGu.csv,5,7408.643368252841,2106.555677625868
1306,TBC_DaeGu.csv,6,7399.349840198864,2110.2056749131943
1307,TBC_DaeGu.csv,7,7399.014524147728,2402.360785590278
1308,TBC_DaeGu.csv,8,7399.729998224432,2195.680189344618
1309,TBC_DaeGu.csv,9,7389.509605823863,2069.0660536024307
1310,TBC_DaeGu.csv,10,7388.577166193182,2174.3764377170137
1311,TBC_DaeGu.csv,11,7391.120374644886,2174.25146484375
1312,TBC_DaeGu.csv,12,7390.490740411932,2289.8877224392363
1313,TBC_DaeGu.csv,13,7391.857288707386,2300.2189127604165
1314,TBC_DaeGu.csv,14,7398.748410866478,2159.2902018229165
1315,TBC_DaeGu.csv,15,7389.816832386364,2212.9961208767363
1316,TBC_DaeGu.csv,16,7374.55078125,2257.9469129774307
1317,TBC_DaeGu.csv,17,7364.016228693182,2265.990424262153
1318,TBC_DaeGu.csv,18,7374.128204900569,2216.5674099392363
1319,TBC_DaeGu.csv,19,7388.760316051136,2310.3973253038193
1320,TBC_DaeGu.csv,20,7399.507555042614,2265.922119140625
1321,TBC_DaeGu.csv,21,7370.1654296875,2278.1448025173613
1322,TBC_DaeGu.csv,22,7382.064089133522,2462.0633951822915
1323,TBC_DaeGu.csv,23,7378.260342684659,2085.6925998263887
1324,TBC_DaeGu.csv,24,7387.171173650569,2345.4005533854165
1325,TBC_DaeGu.csv,25,7370.235360440341,2198.868855794271
1326,TBC_DaeGu.csv,26,7390.71044921875,2317.7820095486113
1327,TBC_DaeGu.csv,27,7368.961052911932,2182.5748155381943
1328,TBC_DaeGu.csv,28,7371.094833096591,2159.738823784722
1329,TBC_DaeGu.csv,29,7397.3279296875,2199.4705810546875
1330,TBC_DaeGu.csv,30,7376.295534446022,2088.8704427083335
1331,TBC_DaeGu.csv,31,7367.594069602273,2366.1826443142363
1332,TBC_DaeGu.csv,32,7372.6107421875,2229.741889105903
1333,TBC_DaeGu.csv,33,7368.412064985795,2155.346869574653
1334,TBC_DaeGu.csv,34,7376.002574573864,2062.596381293403
1335,TBC_DaeGu.csv,35,7385.630486505682,2364.0674913194443
1336,TBC_DaeGu.csv,36,7389.145729758523,2287.24609375
1337,TBC_DaeGu.csv,37,7358.232945667613,2322.5362141927085
1338,TBC_DaeGu.csv,38,7361.225230823864,2315.095757378472
1339,TBC_DaeGu.csv,39,7369.79541015625,2342.1912434895835
1340,TBC_DaeGu.csv,40,7373.208984375,2287.9353298611113
1341,TBC_DaeGu.csv,41,7384.426544744319,2213.096733940972
1342,TBC_DaeGu.csv,42,7377.334375,2190.2675509982637
1343,TBC_DaeGu.csv,43,7387.212278053978,2333.1737467447915
1344,TBC_DaeGu.csv,44,7382.924964488637,2265.9755859375
1345,TBC_DaeGu.csv,45,7383.965012428977,2340.256537543403
1346,TBC_DaeGu.csv,46,7381.653018465909,2157.1516791449653
1347,TBC_DaeGu.csv,47,7371.077805397727,2359.681396484375
1348,TBC_DaeGu.csv,48,7370.137038352273,2176.6178114149307
1349,TBC_DaeGu.csv,49,7371.482253196023,2256.0581325954863
1350,TBC_DaeGu.csv,50,7368.819655539773,2367.300048828125
1351,TBC_DaeGu.csv,51,7363.14892578125,2223.4730360243057
1352,TBC_DaeGu.csv,52,7360.493785511364,2104.3444146050347
1353,TBC_DaeGu.csv,53,7362.118501420455,2052.2357313368057
1354,TBC_DaeGu.csv,54,7380.942888849432,2214.548882378472
1355,TBC_DaeGu.csv,55,7380.976544744318,2154.2225206163193
1356,TBC_DaeGu.csv,56,7366.319202769886,2170.824666341146
1357,TBC_DaeGu.csv,57,7390.632919034091,2290.1219618055557
1358,TBC_DaeGu.csv,58,7363.275497159091,2310.0383572048613
1359,TBC_DaeGu.csv,59,7375.995774147727,2189.4732259114585
1360,TBC_DaeGu.csv,60,7364.474227627841,2179.751030815972
1361,TBC_DaeGu.csv,61,7376.908265269886,2199.0213080512153
1362,TBC_DaeGu.csv,62,7378.450914417614,2169.643012152778
1363,TBC_DaeGu.csv,63,7363.624564985796,2287.5319010416665
1364,TBC_DaeGu.csv,64,7361.74072265625,2272.7414279513887
1365,TBC_DaeGu.csv,65,7359.634934303977,2156.421820746528
1366,TBC_DaeGu.csv,66,7381.301979758523,2277.1127658420137
1367,TBC_DaeGu.csv,67,7369.916006747159,2200.5831163194443
1368,TBC_DaeGu.csv,68,7368.169664417614,2167.2713758680557
1369,TBC_DaeGu.csv,69,7375.811860795455,2232.6615397135415
1370,TBC_DaeGu.csv,70,7359.363609730113,2245.2905002170137
1371,TBC_DaeGu.csv,71,7387.056782670455,2154.0668267144097
1372,TBC_DaeGu.csv,72,7389.569699928978,2201.321831597222
1373,TBC_DaeGu.csv,73,7364.819344815341,2236.7086317274307
1374,TBC_DaeGu.csv,74,7370.220765269886,2241.8873697916665
1375,TBC_DaeGu.csv,75,7366.715838068182,2264.743408203125
1376,TBC_DaeGu.csv,76,7371.118767755682,2210.3743489583335
1377,TBC_DaeGu.csv,77,7368.530779474432,2216.4879557291665
1378,TBC_DaeGu.csv,78,7360.801882102272,2268.8451877170137
1379,TBC_DaeGu.csv,79,7371.640003551136,2264.079535590278
1380,TBC_DaeGu.csv,80,7370.342311789773,2263.8173014322915
1381,TBC_DaeGu.csv,81,7372.369797585227,2247.219970703125
1382,TBC_DaeGu.csv,82,7371.666051136363,2207.7166612413193
1383,TBC_DaeGu.csv,83,7361.641983309659,2221.311713324653
1384,TBC_DaeGu.csv,84,7367.561319247159,2212.7325846354165
1385,TBC_DaeGu.csv,85,7372.976500355114,2227.3149685329863
1386,TBC_DaeGu.csv,86,7376.529909446022,2226.3726942274307
1387,TBC_DaeGu.csv,87,7374.010680042614,2235.0476888020835
1388,TBC_DaeGu.csv,88,7366.390403053977,2235.6891818576387
1389,TBC_DaeGu.csv,89,7374.405042613636,2237.349663628472
1390,TBC_DaeGu.csv,90,7371.395330255682,2240.792236328125
1391,TBC_DaeGu.csv,91,7371.243341619318,2247.1937662760415
1392,TBC_DaeGu.csv,92,7352.9244140625,2223.6241590711807
1393,TBC_DaeGu.csv,93,7360.318599076704,2215.8515896267363
1394,TBC_DaeGu.csv,94,7373.367879971591,2210.0160861545137
1395,TBC_DaeGu.csv,95,7371.228941761364,2212.022216796875
1396,TBC_DaeGu.csv,96,7372.396795099432,2207.2354871961807
1397,TBC_DaeGu.csv,97,7365.507199928978,2207.4341634114585
1398,TBC_DaeGu.csv,98,7378.667453835227,2210.2813313802085
1399,TBC_DaeGu.csv,99,7386.952485795455,2210.013617621528
1400,TBC_DaeGu.csv,100,7385.732839133523,2210.1433376736113
1401,JeonJu_Radio.csv,1,7227.549378551136,2135.214748806424
1402,JeonJu_Radio.csv,2,7203.031906960227,2040.5792100694443
1403,JeonJu_Radio.csv,3,7206.293394886364,2139.5965576171875
1404,JeonJu_Radio.csv,4,7204.892658025568,2304.0560167100693
1405,JeonJu_Radio.csv,5,7192.243181818182,1958.861056857639
1406,JeonJu_Radio.csv,6,7183.557404119319,2152.950154622396
1407,JeonJu_Radio.csv,7,7198.330584161932,2312.7646755642363
1408,JeonJu_Radio.csv,8,7195.752503551136,1971.665500217014
1409,JeonJu_Radio.csv,9,7190.247505326704,1920.0219319661458
1410,JeonJu_Radio.csv,10,7187.3595703125,1911.9642198350693
1411,JeonJu_Radio.csv,11,7178.410094105114,2107.5656467013887
1412,JeonJu_Radio.csv,12,7198.266663707386,1968.2154269748264
1413,JeonJu_Radio.csv,13,7179.248135653409,2117.8710259331597
1414,JeonJu_Radio.csv,14,7177.709898792614,1956.7163899739583
1415,JeonJu_Radio.csv,15,7187.029048295454,2093.724514431424
1416,JeonJu_Radio.csv,16,7180.756649502841,2099.589613172743
1417,JeonJu_Radio.csv,17,7176.151544744318,2179.0741373697915
1418,JeonJu_Radio.csv,18,7172.607102272727,2059.914794921875
1419,JeonJu_Radio.csv,19,7154.153648792613,1956.2326117621528
1420,JeonJu_Radio.csv,20,7188.479225852273,2076.3041720920137
1421,JeonJu_Radio.csv,21,7185.973686079546,2094.242431640625
1422,JeonJu_Radio.csv,22,7173.975799005681,1985.9757893880208
1423,JeonJu_Radio.csv,23,7184.657137784091,2057.2850206163193
1424,JeonJu_Radio.csv,24,7169.454660866477,1961.6917724609375
1425,JeonJu_Radio.csv,25,7181.908700284091,2085.287163628472
1426,JeonJu_Radio.csv,26,7182.809614701705,2192.6731770833335
1427,JeonJu_Radio.csv,27,7182.661692116477,2097.898668077257
1428,JeonJu_Radio.csv,28,7171.982679332386,2144.6081271701387
1429,JeonJu_Radio.csv,29,7159.067924360796,2118.678412543403
1430,JeonJu_Radio.csv,30,7169.439337713068,2225.9728190104165
1431,JeonJu_Radio.csv,31,7165.823881392045,1985.2284071180557
1432,JeonJu_Radio.csv,32,7155.553817471591,2150.2430555555557
1433,JeonJu_Radio.csv,33,7165.224325284091,2156.7505967881943
1434,JeonJu_Radio.csv,34,7167.823224431818,2166.6841498480903
1435,JeonJu_Radio.csv,35,7160.785830965909,2021.9449598524307
1436,JeonJu_Radio.csv,36,7181.09140625,1958.9933675130208
1437,JeonJu_Radio.csv,37,7178.514825994318,2002.2496880425347
1438,JeonJu_Radio.csv,38,7170.89482421875,2085.2272677951387
1439,JeonJu_Radio.csv,39,7168.102397017045,1993.381618923611
1440,JeonJu_Radio.csv,40,7173.053977272727,2140.3135986328125
1441,JeonJu_Radio.csv,41,7170.123304332386,2074.746283637153
1442,JeonJu_Radio.csv,42,7145.287340198864,1921.9131944444443
1443,JeonJu_Radio.csv,43,7176.266175426136,2169.91357421875
1444,JeonJu_Radio.csv,44,7155.220241477273,2072.906697591146
1445,JeonJu_Radio.csv,45,7160.446590909091,1915.5310736762153
1446,JeonJu_Radio.csv,46,7181.232883522727,1908.4297824435764
1447,JeonJu_Radio.csv,47,7184.132848011363,2072.301418728299
1448,JeonJu_Radio.csv,48,7159.774378551137,2153.967814127604
1449,JeonJu_Radio.csv,49,7174.350159801136,2206.338039822049
1450,JeonJu_Radio.csv,50,7173.41396484375,2094.7222493489585
1451,JeonJu_Radio.csv,51,7165.409854403409,2021.8077392578125
1452,JeonJu_Radio.csv,52,7165.876438210227,2131.0887586805557
1453,JeonJu_Radio.csv,53,7166.562073863636,2120.494140625
1454,JeonJu_Radio.csv,54,7173.976500355114,2145.231458875868
1455,JeonJu_Radio.csv,55,7161.509969815341,2099.408949110243
1456,JeonJu_Radio.csv,56,7160.959286221591,2027.3890380859375
1457,JeonJu_Radio.csv,57,7155.119105113637,2056.0977783203125
1458,JeonJu_Radio.csv,58,7151.332164417614,1949.6435411241318
1459,JeonJu_Radio.csv,59,7166.80341796875,2081.1641710069443
1460,JeonJu_Radio.csv,60,7149.254811789773,2021.9480116102432
1461,JeonJu_Radio.csv,61,7169.857537286932,1994.7481282552083
1462,JeonJu_Radio.csv,62,7168.282919034091,2092.2415771484375
1463,JeonJu_Radio.csv,63,7168.502618963068,1978.2843560112847
1464,JeonJu_Radio.csv,64,7154.887029474432,2036.0798882378472
1465,JeonJu_Radio.csv,65,7169.611869673296,1961.0346001519097
1466,JeonJu_Radio.csv,66,7166.787118252841,2124.411376953125
1467,JeonJu_Radio.csv,67,7153.97724609375,2030.417507595486
1468,JeonJu_Radio.csv,68,7171.481107954545,2097.8638916015625
1469,JeonJu_Radio.csv,69,7148.121653053977,2025.029568142361
1470,JeonJu_Radio.csv,70,7165.213583096591,2034.1547309027778
1471,JeonJu_Radio.csv,71,7151.639426491477,1992.4515516493057
1472,JeonJu_Radio.csv,72,7158.420481178977,2126.703572591146
1473,JeonJu_Radio.csv,73,7172.595658735795,2008.438015407986
1474,JeonJu_Radio.csv,74,7146.67138671875,2017.0565456814236
1475,JeonJu_Radio.csv,75,7161.371750710227,2021.096896701389
1476,JeonJu_Radio.csv,76,7153.519220525568,2034.1997612847222
1477,JeonJu_Radio.csv,77,7165.284508167613,2095.685451931424
1478,JeonJu_Radio.csv,78,7151.074334161932,2068.6385091145835
1479,JeonJu_Radio.csv,79,7150.174627130682,2063.9285753038193
1480,JeonJu_Radio.csv,80,7167.254066051137,2062.093004014757
1481,JeonJu_Radio.csv,81,7162.10791015625,2026.3208685980903
1482,JeonJu_Radio.csv,82,7144.190784801136,2056.4302842881943
1483,JeonJu_Radio.csv,83,7161.585768821023,2075.0712212456597
1484,JeonJu_Radio.csv,84,7160.642764559659,2060.9434407552085
1485,JeonJu_Radio.csv,85,7166.162970525568,2049.8258599175347
1486,JeonJu_Radio.csv,86,7150.508336292613,2047.1593017578125
1487,JeonJu_Radio.csv,87,7166.408025568182,2044.8962944878472
1488,JeonJu_Radio.csv,88,7147.181649502841,2049.7469075520835
1489,JeonJu_Radio.csv,89,7159.768954190341,2057.4925401475693
1490,JeonJu_Radio.csv,90,7144.019167258522,2057.0459662543403
1491,JeonJu_Radio.csv,91,7158.990465198864,2052.138088650174
1492,JeonJu_Radio.csv,92,7158.435981889204,2055.358005099826
1493,JeonJu_Radio.csv,93,7173.692489346591,2052.2750651041665
1494,JeonJu_Radio.csv,94,7154.327716619318,2057.29931640625
1495,JeonJu_Radio.csv,95,7167.604918323864,2053.426323784722
1496,JeonJu_Radio.csv,96,7167.935973011364,2057.4780544704863
1497,JeonJu_Radio.csv,97,7152.074769176136,2056.5611029730903
1498,JeonJu_Radio.csv,98,7145.998197798295,2056.8095431857637
1499,JeonJu_Radio.csv,99,7150.019176136364,2057.603515625
1500,JeonJu_Radio.csv,100,7166.254163707386,2058.2435167100693
1501,KBS_JeonJu.csv,1,7054.417205255681,1983.0473090277778
1502,KBS_JeonJu.csv,2,7046.5337890625,1774.1616617838542
1503,KBS_JeonJu.csv,3,7049.0037109375,1884.4598931206597
1504,KBS_JeonJu.csv,4,7056.044770951705,1898.0089382595486
1505,KBS_JeonJu.csv,5,7058.163849431819,1827.4541015625
1506,KBS_JeonJu.csv,6,7052.596475497159,1878.9207085503472
1507,KBS_JeonJu.csv,7,7044.560830965909,1861.4702690972222
1508,KBS_JeonJu.csv,8,7040.509836647727,1830.0989583333333
1509,KBS_JeonJu.csv,9,7052.4451171875,1982.0314805772568
1510,KBS_JeonJu.csv,10,7045.457643821022,1897.5264892578125
1511,KBS_JeonJu.csv,11,7061.679261363636,1800.9293212890625
1512,KBS_JeonJu.csv,12,7027.195916193182,1929.1887749565972
1513,KBS_JeonJu.csv,13,7040.501819957386,1730.9154052734375
1514,KBS_JeonJu.csv,14,7051.653373579546,1945.6602783203125
1515,KBS_JeonJu.csv,15,7057.002033025568,1907.418972439236
1516,KBS_JeonJu.csv,16,7042.424769176137,1955.775634765625
1517,KBS_JeonJu.csv,17,7036.402965198864,1854.9797905815972
1518,KBS_JeonJu.csv,18,7042.813929332387,1867.5775146484375
1519,KBS_JeonJu.csv,19,7055.364373224432,1900.3350694444443
1520,KBS_JeonJu.csv,20,7039.449840198864,1811.9546440972222
1521,KBS_JeonJu.csv,21,7038.843350497159,2045.9116617838542
1522,KBS_JeonJu.csv,22,7045.514577414773,1708.8668077256943
1523,KBS_JeonJu.csv,23,7044.416974431818,1898.6466064453125
1524,KBS_JeonJu.csv,24,7050.853089488636,1777.520779079861
1525,KBS_JeonJu.csv,25,7036.952867542614,1997.9275580512153
1526,KBS_JeonJu.csv,26,7060.887917258523,1860.915500217014
1527,KBS_JeonJu.csv,27,7045.175461647727,1853.5667046440972
1528,KBS_JeonJu.csv,28,7044.277228338068,1767.2312825520833
1529,KBS_JeonJu.csv,29,7057.246875,1796.9296332465278
1530,KBS_JeonJu.csv,30,7035.486106178977,1761.8724500868057
1531,KBS_JeonJu.csv,31,7045.925994318181,1719.7423638237847
1532,KBS_JeonJu.csv,32,7044.044717684659,1799.7400444878472
1533,KBS_JeonJu.csv,33,7047.996297940341,1986.6718207465278
1534,KBS_JeonJu.csv,34,7050.122025923295,1874.3511149088542
1535,KBS_JeonJu.csv,35,7046.942711292613,1879.916476779514
1536,KBS_JeonJu.csv,36,7036.427210582387,1860.5525851779514
1537,KBS_JeonJu.csv,37,7058.121528764204,1871.7810465494792
1538,KBS_JeonJu.csv,38,7036.599742542614,1923.150851779514
1539,KBS_JeonJu.csv,39,7049.856010298296,1911.6374104817708
1540,KBS_JeonJu.csv,40,7050.593057528409,1919.298611111111
1541,KBS_JeonJu.csv,41,7049.749609375,1966.6165093315972
1542,KBS_JeonJu.csv,42,7066.053684303977,1919.0721842447917
1543,KBS_JeonJu.csv,43,7018.719016335227,1737.0784505208333
1544,KBS_JeonJu.csv,44,7042.172274502841,1819.2750244140625
1545,KBS_JeonJu.csv,45,7047.869921875,2032.3936089409722
1546,KBS_JeonJu.csv,46,7047.944380326705,2005.3177354600693
1547,KBS_JeonJu.csv,47,7036.650319602273,1858.1502414279514
1548,KBS_JeonJu.csv,48,7038.965367542613,1922.6500379774307
1549,KBS_JeonJu.csv,49,7037.105601917614,1913.3270941840278
1550,KBS_JeonJu.csv,50,7034.393616832386,2075.7974989149307
1551,KBS_JeonJu.csv,51,7042.633158735795,1814.3015679253472
1552,KBS_JeonJu.csv,52,7029.596946022727,1837.4897054036458
1553,KBS_JeonJu.csv,53,7041.878773082386,2003.3073323567708
1554,KBS_JeonJu.csv,54,7050.117240767046,1889.3111572265625
1555,KBS_JeonJu.csv,55,7052.104332386363,1975.74365234375
1556,KBS_JeonJu.csv,56,7049.652840909091,1846.8071695963542
1557,KBS_JeonJu.csv,57,7031.181649502841,1935.9089762369792
1558,KBS_JeonJu.csv,58,7039.475346235796,1894.431857638889
1559,KBS_JeonJu.csv,59,7033.911283735795,1812.5873887803818
1560,KBS_JeonJu.csv,60,7034.329509943182,1820.6558837890625
1561,KBS_JeonJu.csv,61,7037.83115234375,1809.7808295355903
1562,KBS_JeonJu.csv,62,7047.395774147727,1965.2789442274307
1563,KBS_JeonJu.csv,63,7041.997407670455,1864.3578694661458
1564,KBS_JeonJu.csv,64,7030.645561079546,1854.4398464626736
1565,KBS_JeonJu.csv,65,7043.139346590909,1804.0908881293403
1566,KBS_JeonJu.csv,66,7036.471377840909,1800.509494357639
1567,KBS_JeonJu.csv,67,7039.272594105114,1863.9728325737847
1568,KBS_JeonJu.csv,68,7025.104660866477,1865.3153889973958
1569,KBS_JeonJu.csv,69,7045.870747514205,1887.1282280815972
1570,KBS_JeonJu.csv,70,7031.798774857954,1792.8115370008682
1571,KBS_JeonJu.csv,71,7047.613831676136,1875.6351453993057
1572,KBS_JeonJu.csv,72,7039.903870738636,1862.7996148003472
1573,KBS_JeonJu.csv,73,7040.27177734375,1840.3989122178818
1574,KBS_JeonJu.csv,74,7038.083238636364,1826.3629014756943
1575,KBS_JeonJu.csv,75,7045.558212002841,1899.7203233506943
1576,KBS_JeonJu.csv,76,7030.593545809659,1831.3323432074653
1577,KBS_JeonJu.csv,77,7023.034153053977,1839.040256076389
1578,KBS_JeonJu.csv,78,7051.928107244318,1854.3441162109375
1579,KBS_JeonJu.csv,79,7034.689337713068,1863.7500813802083
1580,KBS_JeonJu.csv,80,7042.698419744318,1886.306179470486
1581,KBS_JeonJu.csv,81,7037.478684303977,1866.681857638889
1582,KBS_JeonJu.csv,82,7040.514195667613,1881.7254503038193
1583,KBS_JeonJu.csv,83,7033.877290482955,1873.4391276041667
1584,KBS_JeonJu.csv,84,7049.414728338068,1854.46875
1585,KBS_JeonJu.csv,85,7029.149937855113,1857.4127332899307
1586,KBS_JeonJu.csv,86,7034.046235795455,1857.3537462022568
1587,KBS_JeonJu.csv,87,7031.157998934659,1859.1494818793403
1588,KBS_JeonJu.csv,88,7041.114985795454,1854.5240885416667
1589,KBS_JeonJu.csv,89,7039.402938565341,1863.9869520399307
1590,KBS_JeonJu.csv,90,7035.698153409091,1853.5995958116318
1591,KBS_JeonJu.csv,91,7033.926225142045,1856.5115424262153
1592,KBS_JeonJu.csv,92,7033.615784801136,1865.17236328125
1593,KBS_JeonJu.csv,93,7039.409854403409,1868.0792914496528
1594,KBS_JeonJu.csv,94,7043.932262073864,1871.3757459852432
1595,KBS_JeonJu.csv,95,7029.283123224432,1868.4370659722222
1596,KBS_JeonJu.csv,96,7037.982111150568,1868.9568549262153
1597,KBS_JeonJu.csv,97,7043.413254616477,1868.2763129340278
1598,KBS_JeonJu.csv,98,7040.945987215909,1869.7003716362847
1599,KBS_JeonJu.csv,99,7044.291716974431,1870.6133897569443
1600,KBS_JeonJu.csv,100,7029.823970170454,1869.9969482421875
1601,KBS_MokPo.csv,1,6535.151162997159,1268.3084716796875
1602,KBS_MokPo.csv,2,6525.235289417614,1412.8704698350693
1603,KBS_MokPo.csv,3,6523.890580610795,1171.7286783854167
1604,KBS_MokPo.csv,4,6510.537428977273,1304.7176920572917
1605,KBS_MokPo.csv,5,6531.234366122159,1283.2584228515625
1606,KBS_MokPo.csv,6,6531.858291903409,1277.7834065755208
1607,KBS_MokPo.csv,7,6506.836772017045,1349.7177734375
1608,KBS_MokPo.csv,8,6513.815518465909,1278.6640082465278
1609,KBS_MokPo.csv,9,6515.353355823863,1359.8306342230903
1610,KBS_MokPo.csv,10,6498.798517400568,1404.8020155164932
1611,KBS_MokPo.csv,11,6512.752166193181,1428.8892686631943
1612,KBS_MokPo.csv,12,6499.694549005681,1282.6810167100693
1613,KBS_MokPo.csv,13,6513.46845703125,1394.2662082248264
1614,KBS_MokPo.csv,14,6496.007856889205,1369.737575954861
1615,KBS_MokPo.csv,15,6511.026802201704,1263.0744493272568
1616,KBS_MokPo.csv,16,6500.960546875,1276.4349636501736
1617,KBS_MokPo.csv,17,6499.116912286931,1277.4519721137153
1618,KBS_MokPo.csv,18,6494.191006747159,1370.5228135850693
1619,KBS_MokPo.csv,19,6510.444788707387,1275.7572157118057
1620,KBS_MokPo.csv,20,6509.066566051137,1295.829616970486
1621,KBS_MokPo.csv,21,6490.904598721591,1327.3606635199653
1622,KBS_MokPo.csv,22,6478.615500710227,1370.4877794053818
1623,KBS_MokPo.csv,23,6505.83544921875,1483.6854112413193
1624,KBS_MokPo.csv,24,6511.451065340909,1255.2516140407986
1625,KBS_MokPo.csv,25,6508.658673650568,1356.4491238064236
1626,KBS_MokPo.csv,26,6500.523455255682,1307.7327473958333
1627,KBS_MokPo.csv,27,6496.975390625,1218.9425591362847
1628,KBS_MokPo.csv,28,6515.23837890625,1263.5565456814236
1629,KBS_MokPo.csv,29,6502.227903053978,1303.0986192491318
1630,KBS_MokPo.csv,30,6502.036248224432,1298.8246256510417
1631,KBS_MokPo.csv,31,6500.394398082386,1287.2589789496528
1632,KBS_MokPo.csv,32,6508.769557883523,1334.9198404947917
1633,KBS_MokPo.csv,33,6504.829474431818,1300.3154296875
1634,KBS_MokPo.csv,34,6501.600861150569,1337.0823432074653
1635,KBS_MokPo.csv,35,6507.433904474432,1399.5705702039932
1636,KBS_MokPo.csv,36,6497.818812144887,1196.9178466796875
1637,KBS_MokPo.csv,37,6492.411079545454,1352.1082221137153
1638,KBS_MokPo.csv,38,6504.449094460228,1267.0274386935764
1639,KBS_MokPo.csv,39,6507.417427201704,1496.6452772352432
1640,KBS_MokPo.csv,40,6501.833327414773,1311.6387532552083
1641,KBS_MokPo.csv,41,6491.908052201705,1271.7809516059028
1642,KBS_MokPo.csv,42,6493.374138849432,1207.4576687282986
1643,KBS_MokPo.csv,43,6493.797736150568,1327.5375298394097
1644,KBS_MokPo.csv,44,6490.921439985796,1367.7502577039932
1645,KBS_MokPo.csv,45,6501.445685369318,1273.8911946614583
1646,KBS_MokPo.csv,46,6507.947549715909,1343.8531222873264
1647,KBS_MokPo.csv,47,6497.184232954545,1318.3484022352432
1648,KBS_MokPo.csv,48,6505.933638139205,1280.2100965711807
1649,KBS_MokPo.csv,49,6498.280814985796,1311.4374321831597
1650,KBS_MokPo.csv,50,6498.405042613636,1324.5152452256943
1651,KBS_MokPo.csv,51,6499.452556818182,1328.5145399305557
1652,KBS_MokPo.csv,52,6489.977849786932,1310.9238959418403
1653,KBS_MokPo.csv,53,6497.190101207387,1332.1840684678818
1654,KBS_MokPo.csv,54,6501.578275923295,1368.750271267361
1655,KBS_MokPo.csv,55,6493.909765625,1318.7214491102432
1656,KBS_MokPo.csv,56,6503.217267400568,1308.4663221571182
1657,KBS_MokPo.csv,57,6492.709818892045,1292.303982204861
1658,KBS_MokPo.csv,58,6504.188947088068,1400.2892116970486
1659,KBS_MokPo.csv,59,6493.115376420455,1286.8226725260417
1660,KBS_MokPo.csv,60,6512.379563210227,1266.4880913628472
1661,KBS_MokPo.csv,61,6488.134987571023,1317.7123345269097
1662,KBS_MokPo.csv,62,6492.910342684659,1331.8929307725693
1663,KBS_MokPo.csv,63,6492.518536931818,1311.939181857639
1664,KBS_MokPo.csv,64,6489.772354403409,1351.2660183376736
1665,KBS_MokPo.csv,65,6514.053657670454,1334.9590928819443
1666,KBS_MokPo.csv,66,6506.607705965909,1301.7275797526042
1667,KBS_MokPo.csv,67,6496.729421164773,1227.7510850694443
1668,KBS_MokPo.csv,68,6490.046599786931,1265.0859781901042
1669,KBS_MokPo.csv,69,6488.080140269886,1408.7505967881943
1670,KBS_MokPo.csv,70,6496.686496803977,1295.1744249131943
1671,KBS_MokPo.csv,71,6497.883558238636,1342.3951416015625
1672,KBS_MokPo.csv,72,6491.021049360796,1312.1317138671875
1673,KBS_MokPo.csv,73,6503.057546164773,1270.7788628472222
1674,KBS_MokPo.csv,74,6483.741361860795,1300.6285129123264
1675,KBS_MokPo.csv,75,6492.935395951705,1275.0768636067708
1676,KBS_MokPo.csv,76,6491.3587890625,1270.1681179470486
1677,KBS_MokPo.csv,77,6477.742294034091,1271.2850477430557
1678,KBS_MokPo.csv,78,6498.96435546875,1281.7678087022568
1679,KBS_MokPo.csv,79,6500.946173650568,1314.978244357639
1680,KBS_MokPo.csv,80,6494.108274147728,1303.746310763889
1681,KBS_MokPo.csv,81,6484.165181107955,1298.9390055338542
1682,KBS_MokPo.csv,82,6489.278018465909,1294.4217122395833
1683,KBS_MokPo.csv,83,6498.627556818182,1278.043972439236
1684,KBS_MokPo.csv,84,6491.99443359375,1290.328342013889
1685,KBS_MokPo.csv,85,6502.289985795454,1302.4718424479167
1686,KBS_MokPo.csv,86,6503.994389204546,1299.996826171875
1687,KBS_MokPo.csv,87,6499.137863991477,1290.7876790364583
1688,KBS_MokPo.csv,88,6480.922176846591,1286.4764133029514
1689,KBS_MokPo.csv,89,6485.003036221591,1296.0965983072917
1690,KBS_MokPo.csv,90,6503.843723366477,1295.8788248697917
1691,KBS_MokPo.csv,91,6489.618785511364,1294.4410264756943
1692,KBS_MokPo.csv,92,6493.133931107955,1295.947482638889
1693,KBS_MokPo.csv,93,6480.909650213068,1296.2142876519097
1694,KBS_MokPo.csv,94,6501.462473366477,1297.5412190755208
1695,KBS_MokPo.csv,95,6493.03466796875,1298.841824001736
1696,KBS_MokPo.csv,96,6488.668510298296,1300.60498046875
1697,KBS_MokPo.csv,97,6482.551109730113,1298.4980333116318
1698,KBS_MokPo.csv,98,6492.897372159091,1298.5543755425347
1699,KBS_MokPo.csv,99,6497.581640625,1299.187282986111
1700,KBS_MokPo.csv,100,6494.564186789773,1299.4335123697917
1701,KBS_SunCheon.csv,1,7703.644185014205,2739.2519259982637
1702,KBS_SunCheon.csv,2,7677.771635298295,2725.8103841145835
1703,KBS_SunCheon.csv,3,7657.616379616477,2578.047119140625
1704,KBS_SunCheon.csv,4,7654.477095170455,2576.61181640625
1705,KBS_SunCheon.csv,5,7658.5607421875,2612.259711371528
1706,KBS_SunCheon.csv,6,7633.318243963068,2606.8460286458335
1707,KBS_SunCheon.csv,7,7629.802112926136,2677.7303602430557
1708,KBS_SunCheon.csv,8,7650.296537642045,2487.9481336805557
1709,KBS_SunCheon.csv,9,7635.954767400568,2469.5419108072915
1710,KBS_SunCheon.csv,10,7637.028125,2604.8042263454863
1711,KBS_SunCheon.csv,11,7630.215278764204,2687.154106987847
1712,KBS_SunCheon.csv,12,7621.349778053977,2778.4199490017363
1713,KBS_SunCheon.csv,13,7642.022114701705,2536.5934787326387
1714,KBS_SunCheon.csv,14,7632.914976917614,2577.525933159722
1715,KBS_SunCheon.csv,15,7626.820037286931,2366.0392252604165
1716,KBS_SunCheon.csv,16,7612.713041548295,2647.9014756944443
1717,KBS_SunCheon.csv,17,7644.321022727273,2537.2391764322915
1718,KBS_SunCheon.csv,18,7627.14765625,2478.6376139322915
1719,KBS_SunCheon.csv,19,7647.442258522728,2708.453911675347
1720,KBS_SunCheon.csv,20,7612.443963068182,2539.8287217881943
1721,KBS_SunCheon.csv,21,7608.033123224432,2477.5147298177085
1722,KBS_SunCheon.csv,22,7615.331578480113,2604.2622341579863
1723,KBS_SunCheon.csv,23,7634.931321022727,2542.2290852864585
1724,KBS_SunCheon.csv,24,7609.164222301137,2825.0665418836807
1725,KBS_SunCheon.csv,25,7609.835546875,2543.7119140625
1726,KBS_SunCheon.csv,26,7604.22626953125,2692.6712782118057
1727,KBS_SunCheon.csv,27,7602.207022372159,2613.431640625
1728,KBS_SunCheon.csv,28,7608.409037642045,2481.8534884982637
1729,KBS_SunCheon.csv,29,7612.483025568182,2686.8576931423613
1730,KBS_SunCheon.csv,30,7610.641148792613,2533.3331434461807
1731,KBS_SunCheon.csv,31,7598.857377485795,2414.9568956163193
1732,KBS_SunCheon.csv,32,7639.960182883523,2550.6400282118057
1733,KBS_SunCheon.csv,33,7600.844948508523,2547.737982855903
1734,KBS_SunCheon.csv,34,7608.120925071023,2534.0338270399307
1735,KBS_SunCheon.csv,35,7599.27138671875,2693.3853895399307
1736,KBS_SunCheon.csv,36,7604.682350852273,2574.5576171875
1737,KBS_SunCheon.csv,37,7605.060964133523,2465.5855577256943
1738,KBS_SunCheon.csv,38,7595.892027698864,2732.2568359375
1739,KBS_SunCheon.csv,39,7614.85322265625,2640.0366482204863
1740,KBS_SunCheon.csv,40,7602.223428622159,2491.8887532552085
1741,KBS_SunCheon.csv,41,7612.205344460227,2571.528266059028
1742,KBS_SunCheon.csv,42,7607.608904474432,2535.737114800347
1743,KBS_SunCheon.csv,43,7596.384064275569,2619.1810709635415
1744,KBS_SunCheon.csv,44,7593.793625710227,2651.2781846788193
1745,KBS_SunCheon.csv,45,7598.640030184659,2595.1788465711807
1746,KBS_SunCheon.csv,46,7613.605637428977,2712.1927083333335
1747,KBS_SunCheon.csv,47,7608.183416193182,2632.676025390625
1748,KBS_SunCheon.csv,48,7595.655539772727,2586.7964138454863
1749,KBS_SunCheon.csv,49,7595.91123046875,2530.9453938802085
1750,KBS_SunCheon.csv,50,7582.7279296875,2579.395263671875
1751,KBS_SunCheon.csv,51,7595.523890269887,2493.2296549479165
1752,KBS_SunCheon.csv,52,7622.872931463068,2686.5591905381943
1753,KBS_SunCheon.csv,53,7594.625985440341,2556.2115614149307
1754,KBS_SunCheon.csv,54,7597.764568536932,2559.73486328125
1755,KBS_SunCheon.csv,55,7604.823739346591,2589.561821831597
1756,KBS_SunCheon.csv,56,7600.058220880682,2515.1922200520835
1757,KBS_SunCheon.csv,57,7600.657333096591,2566.5103895399307
1758,KBS_SunCheon.csv,58,7606.682741477272,2578.411078559028
1759,KBS_SunCheon.csv,59,7598.393288352273,2548.96484375
1760,KBS_SunCheon.csv,60,7594.929234730113,2538.2379557291665
1761,KBS_SunCheon.csv,61,7593.506862571023,2686.84912109375
1762,KBS_SunCheon.csv,62,7601.26904296875,2668.7032877604165
1763,KBS_SunCheon.csv,63,7611.422256747159,2512.8176540798613
1764,KBS_SunCheon.csv,64,7588.005788352273,2536.0751953125
1765,KBS_SunCheon.csv,65,7594.221200284091,2599.3408203125
1766,KBS_SunCheon.csv,66,7595.039959161932,2551.2722981770835
1767,KBS_SunCheon.csv,67,7604.691566051137,2592.2814127604165
1768,KBS_SunCheon.csv,68,7616.035395951704,2486.8302137586807
1769,KBS_SunCheon.csv,69,7603.778346946023,2657.2250162760415
1770,KBS_SunCheon.csv,70,7612.106143465909,2562.6551920572915
1771,KBS_SunCheon.csv,71,7610.581214488637,2564.4287923177085
1772,KBS_SunCheon.csv,72,7597.277166193182,2544.1252170138887
1773,KBS_SunCheon.csv,73,7585.614311079546,2612.8021375868057
1774,KBS_SunCheon.csv,74,7589.633425071022,2598.0243326822915
1775,KBS_SunCheon.csv,75,7600.652752130682,2567.9384765625
1776,KBS_SunCheon.csv,76,7590.171031605114,2594.6812608506943
1777,KBS_SunCheon.csv,77,7594.216042258523,2525.2054578993057
1778,KBS_SunCheon.csv,78,7593.675062144886,2600.0667588975693
1779,KBS_SunCheon.csv,79,7596.757528409091,2582.7947048611113
1780,KBS_SunCheon.csv,80,7585.604190340909,2607.1513400607637
1781,KBS_SunCheon.csv,81,7589.082759232954,2606.515679253472
1782,KBS_SunCheon.csv,82,7584.376189630681,2594.9510091145835
1783,KBS_SunCheon.csv,83,7584.590269886364,2559.876763237847
1784,KBS_SunCheon.csv,84,7593.195809659091,2605.2065158420137
1785,KBS_SunCheon.csv,85,7586.519779829546,2594.2221408420137
1786,KBS_SunCheon.csv,86,7605.170268110795,2588.022406684028
1787,KBS_SunCheon.csv,87,7599.598987926136,2586.3990342881943
1788,KBS_SunCheon.csv,88,7587.315447443182,2572.6615397135415
1789,KBS_SunCheon.csv,89,7596.5169921875,2570.145073784722
1790,KBS_SunCheon.csv,90,7590.260893110795,2561.2281358506943
1791,KBS_SunCheon.csv,91,7576.110413707386,2565.5760091145835
1792,KBS_SunCheon.csv,92,7590.207448508523,2566.2307942708335
1793,KBS_SunCheon.csv,93,7585.438556463068,2571.68701171875
1794,KBS_SunCheon.csv,94,7588.201606889204,2571.7014431423613
1795,KBS_SunCheon.csv,95,7581.811576704546,2566.152642144097
1796,KBS_SunCheon.csv,96,7594.631409801136,2568.930718315972
1797,KBS_SunCheon.csv,97,7594.270969460227,2569.8305392795137
1798,KBS_SunCheon.csv,98,7589.431498579545,2570.607611762153
1799,KBS_SunCheon.csv,99,7602.285981889205,2571.0606553819443
1800,KBS_SunCheon.csv,100,7604.977734375,2571.3829481336807
1801,KBS_GwangJu.csv,1,6926.452840909091,1780.470675998264
1802,KBS_GwangJu.csv,2,6898.191752485795,1729.2261284722222
1803,KBS_GwangJu.csv,3,6894.16748046875,1868.0634629991318
1804,KBS_GwangJu.csv,4,6891.69482421875,1647.5499403211807
1805,KBS_GwangJu.csv,5,6883.458531605113,1871.3111436631943
1806,KBS_GwangJu.csv,6,6897.09697265625,1572.705050998264
1807,KBS_GwangJu.csv,7,6874.444256036932,1765.054470486111
1808,KBS_GwangJu.csv,8,6870.830433238636,1830.289089626736
1809,KBS_GwangJu.csv,9,6882.139408735796,1611.4383680555557
1810,KBS_GwangJu.csv,10,6889.209446022727,1752.7520345052083
1811,KBS_GwangJu.csv,11,6880.594353693182,1723.810085720486
1812,KBS_GwangJu.csv,12,6882.510466974431,1808.5447319878472
1813,KBS_GwangJu.csv,13,6882.259197443182,1830.1634657118057
1814,KBS_GwangJu.csv,14,6873.499618252841,1762.5367702907986
1815,KBS_GwangJu.csv,15,6887.229305752841,1853.1690945095486
1816,KBS_GwangJu.csv,16,6873.593838778409,1740.5527208116318
1817,KBS_GwangJu.csv,17,6893.005699573863,1796.4989013671875
1818,KBS_GwangJu.csv,18,6864.906010298296,1695.9682074652778
1819,KBS_GwangJu.csv,19,6872.002982954546,1931.0923665364583
1820,KBS_GwangJu.csv,20,6864.23056640625,1915.987087673611
1821,KBS_GwangJu.csv,21,6870.078844105114,1613.6298421223958
1822,KBS_GwangJu.csv,22,6866.558682528409,1649.424072265625
1823,KBS_GwangJu.csv,23,6872.977104048296,1759.5977376302083
1824,KBS_GwangJu.csv,24,6872.495809659091,1581.0518120659722
1825,KBS_GwangJu.csv,25,6880.868519176136,1838.2633599175347
1826,KBS_GwangJu.csv,26,6882.996395596591,1697.3042534722222
1827,KBS_GwangJu.csv,27,6881.847238991477,1808.991970486111
1828,KBS_GwangJu.csv,28,6888.516219815341,1719.1778700086807
1829,KBS_GwangJu.csv,29,6862.475514914773,1652.7331678602432
1830,KBS_GwangJu.csv,30,6877.286638849432,2004.0218912760417
1831,KBS_GwangJu.csv,31,6875.217436079545,1800.4546983506943
1832,KBS_GwangJu.csv,32,6871.935413707386,1847.4249403211807
1833,KBS_GwangJu.csv,33,6885.139462002841,1976.8984781901042
1834,KBS_GwangJu.csv,34,6877.340092329546,1883.6402180989583
1835,KBS_GwangJu.csv,35,6884.755530894887,1784.1972791883682
1836,KBS_GwangJu.csv,36,6885.311212713068,1815.5218370225693
1837,KBS_GwangJu.csv,37,6873.063778409091,1811.9168158637153
1838,KBS_GwangJu.csv,38,6870.224609375,1767.5745035807292
1839,KBS_GwangJu.csv,39,6859.765678267046,1749.8255343967014
1840,KBS_GwangJu.csv,40,6878.596226917613,1624.7286783854167
1841,KBS_GwangJu.csv,41,6867.232963423296,1729.5267062717014
1842,KBS_GwangJu.csv,42,6876.202254971591,1825.8438042534722
1843,KBS_GwangJu.csv,43,6880.220951704546,1748.4168158637153
1844,KBS_GwangJu.csv,44,6865.085174005681,1733.3940022786458
1845,KBS_GwangJu.csv,45,6877.773686079546,1666.0792236328125
1846,KBS_GwangJu.csv,46,6872.756498579545,1709.9216851128472
1847,KBS_GwangJu.csv,47,6879.781649502841,1876.7408311631943
1848,KBS_GwangJu.csv,48,6871.342578125,1702.7168918185764
1849,KBS_GwangJu.csv,49,6886.035333806818,1914.3617621527778
1850,KBS_GwangJu.csv,50,6869.742595880682,1799.3297661675347
1851,KBS_GwangJu.csv,51,6862.04072265625,1755.4821912977432
1852,KBS_GwangJu.csv,52,6877.622700639205,1710.1186387803818
1853,KBS_GwangJu.csv,53,6860.21123046875,1803.3480767144097
1854,KBS_GwangJu.csv,54,6877.512224786932,1808.7605116102432
1855,KBS_GwangJu.csv,55,6881.354074928977,1777.0023735894097
1856,KBS_GwangJu.csv,56,6871.6587890625,1831.1712103949653
1857,KBS_GwangJu.csv,57,6868.963654119319,1665.4388970269097
1858,KBS_GwangJu.csv,58,6868.564772727273,1698.4837917751736
1859,KBS_GwangJu.csv,59,6874.734197443182,1696.1936442057292
1860,KBS_GwangJu.csv,60,6862.741148792614,1707.9778917100693
1861,KBS_GwangJu.csv,61,6880.705495383523,1819.4786512586807
1862,KBS_GwangJu.csv,62,6881.604119318182,1793.0999348958333
1863,KBS_GwangJu.csv,63,6890.334632457387,1823.8362223307292
1864,KBS_GwangJu.csv,64,6869.351225142045,1776.4054226345486
1865,KBS_GwangJu.csv,65,6879.95400390625,1736.3998074001736
1866,KBS_GwangJu.csv,66,6881.262979403409,1819.1335042317708
1867,KBS_GwangJu.csv,67,6880.871351207386,1756.6305338541667
1868,KBS_GwangJu.csv,68,6870.657359730114,1748.176052517361
1869,KBS_GwangJu.csv,69,6859.173481889205,1720.5780300564236
1870,KBS_GwangJu.csv,70,6869.885484730114,1749.8609347873264
1871,KBS_GwangJu.csv,71,6873.002263849432,1741.2010226779514
1872,KBS_GwangJu.csv,72,6862.459650213068,1738.5659722222222
1873,KBS_GwangJu.csv,73,6867.261993963069,1809.5305989583333
1874,KBS_GwangJu.csv,74,6872.306116832387,1744.6856418185764
1875,KBS_GwangJu.csv,75,6853.655069247159,1840.3446316189236
1876,KBS_GwangJu.csv,76,6879.758584872159,1784.3865424262153
1877,KBS_GwangJu.csv,77,6871.163236860795,1764.3511149088542
1878,KBS_GwangJu.csv,78,6871.161017400568,1772.937472873264
1879,KBS_GwangJu.csv,79,6876.078693181818,1768.4006890190972
1880,KBS_GwangJu.csv,80,6873.003107244318,1731.220920138889
1881,KBS_GwangJu.csv,81,6855.936052911932,1747.4652642144097
1882,KBS_GwangJu.csv,82,6870.024627130681,1743.1145833333333
1883,KBS_GwangJu.csv,83,6875.928346946022,1784.6186659071182
1884,KBS_GwangJu.csv,84,6875.28935546875,1775.6488037109375
1885,KBS_GwangJu.csv,85,6876.435573508523,1753.3320176866318
1886,KBS_GwangJu.csv,86,6874.780450994318,1755.530300564236
1887,KBS_GwangJu.csv,87,6857.595419034091,1765.1172688802083
1888,KBS_GwangJu.csv,88,6871.045587713068,1769.0812445746528
1889,KBS_GwangJu.csv,89,6872.5900390625,1766.0378282335068
1890,KBS_GwangJu.csv,90,6872.681871448864,1758.5789388020833
1891,KBS_GwangJu.csv,91,6855.734064275568,1753.162868923611
1892,KBS_GwangJu.csv,92,6872.33955078125,1754.8139105902778
1893,KBS_GwangJu.csv,93,6875.551162997159,1756.9675157335068
1894,KBS_GwangJu.csv,94,6868.770729758523,1758.3535698784722
1895,KBS_GwangJu.csv,95,6883.919300426136,1757.6703016493057
1896,KBS_GwangJu.csv,96,6868.39873046875,1760.2060139973958
1897,KBS_GwangJu.csv,97,6862.239799360796,1760.1569688585068
1898,KBS_GwangJu.csv,98,6874.153346946023,1760.8174641927083
1899,KBS_GwangJu.csv,99,6855.151216264205,1760.9068603515625
1900,KBS_GwangJu.csv,100,6881.069602272727,1760.9786241319443
