global_epoch,task,epoch_in_task,train_loss,val_loss
1,MBC_CheongJu.csv,1,200.0,200.0
2,MBC_CheongJu.csv,2,200.0,200.0
3,MBC_CheongJu.csv,3,200.0,200.0
4,MBC_CheongJu.csv,4,200.0,200.0
5,MBC_CheongJu.csv,5,200.0,200.0
6,MBC_CheongJu.csv,6,200.0,200.0
7,MBC_CheongJu.csv,7,200.0,200.0
8,MBC_CheongJu.csv,8,200.0,200.0
9,MBC_CheongJu.csv,9,200.0,200.0
10,MBC_CheongJu.csv,10,200.0,200.0
11,MBC_CheongJu.csv,11,203.8933737013075,179.02521769205728
12,MBC_CheongJu.csv,12,153.67750358581543,141.3203379313151
13,MBC_CheongJu.csv,13,128.9660470750597,119.84452141655817
14,MBC_CheongJu.csv,14,114.13378959231906,110.711668226454
15,MBC_CheongJu.csv,15,109.26300960116916,105.20542483859592
16,MBC_CheongJu.csv,16,103.2389096154107,98.3659905327691
17,MBC_CheongJu.csv,17,100.33772744072809,95.79647996690538
18,MBC_CheongJu.csv,18,97.85294320848253,94.35679033067491
19,MBC_CheongJu.csv,19,98.35108757019043,94.41675652398004
20,MBC_CheongJu.csv,20,97.30798361036513,93.59576755099826
21,MBC_CheongJu.csv,21,97.42629750569661,93.68670993381076
22,MBC_CheongJu.csv,22,97.46079720391168,93.3956061469184
23,MBC_CheongJu.csv,23,96.97886615329318,93.37740325927734
24,MBC_CheongJu.csv,24,95.97059398227267,94.20044708251953
25,MBC_CheongJu.csv,25,96.1592305501302,93.56483289930556
26,MBC_CheongJu.csv,26,96.72261174519856,93.10952589246962
27,MBC_CheongJu.csv,27,97.42990896436903,94.84357113308377
28,MBC_CheongJu.csv,28,96.60098308987088,93.19974433051215
29,MBC_CheongJu.csv,29,97.0351168314616,93.13409678141277
30,MBC_CheongJu.csv,30,95.91127798292372,93.02619764539931
31,MBC_CheongJu.csv,31,95.9158975813124,93.09087795681424
32,MBC_CheongJu.csv,32,97.0775220659044,95.6327658759223
33,MBC_CheongJu.csv,33,97.12763447231717,92.91919453938802
34,MBC_CheongJu.csv,34,96.14520072937012,92.84283362494574
35,MBC_CheongJu.csv,35,95.64975780910916,94.15247005886502
36,MBC_CheongJu.csv,36,96.38125949435764,92.76895395914714
37,MBC_CheongJu.csv,37,97.29024865892198,94.10164981418185
38,MBC_CheongJu.csv,38,97.32952520582411,92.6538323296441
39,MBC_CheongJu.csv,39,95.74999131096735,93.142822265625
40,MBC_CheongJu.csv,40,95.66238149007161,92.54231770833333
41,MBC_CheongJu.csv,41,95.53543832567003,92.57367282443576
42,MBC_CheongJu.csv,42,96.84158049689398,93.67629072401259
43,MBC_CheongJu.csv,43,95.8651966518826,92.77470397949219
44,MBC_CheongJu.csv,44,95.728363249037,92.33208635118272
45,MBC_CheongJu.csv,45,95.61891619364421,93.19988759358723
46,MBC_CheongJu.csv,46,95.85093964470758,92.23042975531683
47,MBC_CheongJu.csv,47,96.47421455383301,92.37202623155382
48,MBC_CheongJu.csv,48,94.6251408259074,92.1941655476888
49,MBC_CheongJu.csv,49,94.96000226338704,92.04198879665799
50,MBC_CheongJu.csv,50,94.87788719601102,92.11322699652777
51,MBC_CheongJu.csv,51,95.04171350267198,92.79092322455512
52,MBC_CheongJu.csv,52,95.63086424933539,92.15643225775824
53,MBC_CheongJu.csv,53,94.67280366685655,92.03230370415582
54,MBC_CheongJu.csv,54,95.1060905456543,91.70351918538411
55,MBC_CheongJu.csv,55,95.73284276326497,92.20363193088107
56,MBC_CheongJu.csv,56,95.28408643934462,92.38307783338759
57,MBC_CheongJu.csv,57,94.58991305033366,91.58733283148871
58,MBC_CheongJu.csv,58,94.47692150539822,91.64578247070312
59,MBC_CheongJu.csv,59,94.33482636345758,91.51164669460721
60,MBC_CheongJu.csv,60,94.52689827813043,92.19771152072482
61,MBC_CheongJu.csv,61,94.80419137742784,91.55568525526259
62,MBC_CheongJu.csv,62,94.60578303866916,92.32460530598958
63,MBC_CheongJu.csv,63,93.88980007171631,91.46109432644315
64,MBC_CheongJu.csv,64,94.3339352077908,91.34693654378255
65,MBC_CheongJu.csv,65,95.07816908094618,91.5036154852973
66,MBC_CheongJu.csv,66,94.46530045403375,91.292722913954
67,MBC_CheongJu.csv,67,94.75930086771648,92.14077674018012
68,MBC_CheongJu.csv,68,94.77364773220486,91.37271287706163
69,MBC_CheongJu.csv,69,94.404359181722,91.10393185085721
70,MBC_CheongJu.csv,70,93.99340565999348,91.11290147569444
71,MBC_CheongJu.csv,71,94.81395763821072,91.32826063368056
72,MBC_CheongJu.csv,72,93.99413808186848,91.19962734646268
73,MBC_CheongJu.csv,73,94.65771759880914,91.34369150797527
74,MBC_CheongJu.csv,74,94.85312249925401,91.22029113769531
75,MBC_CheongJu.csv,75,93.8517083062066,91.34449683295355
76,MBC_CheongJu.csv,76,95.12924130757649,91.23194037543402
77,MBC_CheongJu.csv,77,94.30476485358344,91.1505618625217
78,MBC_CheongJu.csv,78,93.61746088663737,90.95141940646701
79,MBC_CheongJu.csv,79,94.56385252210829,90.86507415771484
80,MBC_CheongJu.csv,80,94.53095075819228,91.20364803738065
81,MBC_CheongJu.csv,81,93.64218542310927,90.9236348470052
82,MBC_CheongJu.csv,82,94.03340805901422,90.8630133734809
83,MBC_CheongJu.csv,83,93.94987191094293,91.02289411756728
84,MBC_CheongJu.csv,84,93.03427738613553,91.03693305121527
85,MBC_CheongJu.csv,85,93.91724544101291,90.96667904324002
86,MBC_CheongJu.csv,86,93.45305909050836,90.8294431898329
87,MBC_CheongJu.csv,87,94.09610048929851,90.92556423611111
88,MBC_CheongJu.csv,88,93.78391774495442,90.91192626953125
89,MBC_CheongJu.csv,89,93.73562304178874,90.87086910671658
90,MBC_CheongJu.csv,90,93.61145782470703,90.7721905178494
91,MBC_CheongJu.csv,91,93.73569594489203,90.85145144992404
92,MBC_CheongJu.csv,92,93.2086460325453,90.81462097167969
93,MBC_CheongJu.csv,93,94.44255786471896,90.83860609266493
94,MBC_CheongJu.csv,94,93.60415098402235,90.90586768256293
95,MBC_CheongJu.csv,95,93.68496661716037,90.89579094780817
96,MBC_CheongJu.csv,96,93.68293020460341,90.86897786458333
97,MBC_CheongJu.csv,97,93.75257725185818,90.8563961452908
98,MBC_CheongJu.csv,98,94.16995938618977,90.86665683322482
99,MBC_CheongJu.csv,99,93.97544394599066,90.85853830973308
100,MBC_CheongJu.csv,100,94.747252146403,90.85632748074002
101,Broad_CheongJu.csv,1,106.60212124911222,103.65275573730469
102,Broad_CheongJu.csv,2,105.50767600319602,103.85820939805772
103,Broad_CheongJu.csv,3,105.36209605823863,102.95704227023654
104,Broad_CheongJu.csv,4,104.48203735351562,102.91416252983942
105,Broad_CheongJu.csv,5,104.89083432284268,102.60694461398654
106,Broad_CheongJu.csv,6,104.32153680974787,102.71737077501085
107,Broad_CheongJu.csv,7,104.90626109730114,102.29541609022353
108,Broad_CheongJu.csv,8,104.71554329612039,102.17510562472873
109,Broad_CheongJu.csv,9,104.50995830189098,102.0964592827691
110,Broad_CheongJu.csv,10,103.50613999800248,101.99010213216145
111,Broad_CheongJu.csv,11,103.76923994584517,101.94217088487413
112,Broad_CheongJu.csv,12,103.1133767561479,101.38003370496962
113,Broad_CheongJu.csv,13,103.03149871826172,101.08105383978949
114,Broad_CheongJu.csv,14,102.94128390225497,100.80816989474826
115,Broad_CheongJu.csv,15,103.17440019087358,100.70254007975261
116,Broad_CheongJu.csv,16,103.10660872025923,102.58107418484158
117,Broad_CheongJu.csv,17,102.58534545898438,100.14097595214844
118,Broad_CheongJu.csv,18,102.53525612571023,100.57350582546658
119,Broad_CheongJu.csv,19,102.09839463667436,101.67689514160156
120,Broad_CheongJu.csv,20,101.41924771395597,100.38772837320964
121,Broad_CheongJu.csv,21,101.30226024280896,99.12339782714844
122,Broad_CheongJu.csv,22,101.13939208984375,99.07131618923611
123,Broad_CheongJu.csv,23,100.72603149414063,98.69139777289496
124,Broad_CheongJu.csv,24,100.35406195900657,99.50114864773221
125,Broad_CheongJu.csv,25,100.1037826538086,99.06717088487413
126,Broad_CheongJu.csv,26,100.46846798983488,98.14891984727647
127,Broad_CheongJu.csv,27,99.39343816583806,98.30131445990668
128,Broad_CheongJu.csv,28,100.03940096768466,98.33733622233073
129,Broad_CheongJu.csv,29,99.43995014537464,97.55591668023004
130,Broad_CheongJu.csv,30,99.54977458607067,99.24618106418185
131,Broad_CheongJu.csv,31,98.6171689120206,97.08225843641493
132,Broad_CheongJu.csv,32,99.48577645041726,96.95272657606337
133,Broad_CheongJu.csv,33,98.59660561301492,96.74767981635199
134,Broad_CheongJu.csv,34,98.89972173517401,96.9660178290473
135,Broad_CheongJu.csv,35,97.92630601362748,97.40070088704427
136,Broad_CheongJu.csv,36,98.14990858598189,96.52945031060113
137,Broad_CheongJu.csv,37,98.17414328835227,96.65031263563368
138,Broad_CheongJu.csv,38,97.65189250599255,96.11008792453342
139,Broad_CheongJu.csv,39,98.0591715032404,96.85426161024306
140,Broad_CheongJu.csv,40,97.54405503706498,97.08421240912543
141,Broad_CheongJu.csv,41,98.09375873912464,95.77214219835069
142,Broad_CheongJu.csv,42,97.38905695134943,96.41742282443576
143,Broad_CheongJu.csv,43,97.24319915771484,95.60102844238281
144,Broad_CheongJu.csv,44,96.97100219726562,95.52805667453342
145,Broad_CheongJu.csv,45,97.25381386496804,95.40311770968967
146,Broad_CheongJu.csv,46,97.1365856517445,95.79573906792535
147,Broad_CheongJu.csv,47,97.05076176036488,95.75987243652344
148,Broad_CheongJu.csv,48,96.61425039117987,95.30707465277777
149,Broad_CheongJu.csv,49,96.45327259410512,95.26272498236762
150,Broad_CheongJu.csv,50,96.60941037264737,95.31935034857855
151,Broad_CheongJu.csv,51,96.41737989945845,95.04386223687067
152,Broad_CheongJu.csv,52,96.36503448486329,95.57385762532552
153,Broad_CheongJu.csv,53,96.38562393188477,95.26977284749348
154,Broad_CheongJu.csv,54,96.27719629461114,95.07537502712674
155,Broad_CheongJu.csv,55,96.16650376753374,95.02358754475911
156,Broad_CheongJu.csv,56,96.122923486883,95.05779266357422
157,Broad_CheongJu.csv,57,96.15746127041903,95.53057607014973
158,Broad_CheongJu.csv,58,95.92291932539506,95.48107994927301
159,Broad_CheongJu.csv,59,96.10854048295455,94.76948632134332
160,Broad_CheongJu.csv,60,95.9907055941495,94.74195014105902
161,Broad_CheongJu.csv,61,95.90321155894887,94.79429965549045
162,Broad_CheongJu.csv,62,95.90393288352273,94.68314446343317
163,Broad_CheongJu.csv,63,96.03881627863103,95.15899912516277
164,Broad_CheongJu.csv,64,96.06292072642933,94.79752095540364
165,Broad_CheongJu.csv,65,95.89990109530362,94.91456095377605
166,Broad_CheongJu.csv,66,96.01383230035955,94.64312150743272
167,Broad_CheongJu.csv,67,95.72976448752664,94.57952796088324
168,Broad_CheongJu.csv,68,95.51952292702414,94.5306133694119
169,Broad_CheongJu.csv,69,95.71906058571555,94.66797637939453
170,Broad_CheongJu.csv,70,95.67756021673028,94.69236501057942
171,Broad_CheongJu.csv,71,95.311745522239,94.45614539252387
172,Broad_CheongJu.csv,72,95.9646166714755,95.03559197319879
173,Broad_CheongJu.csv,73,95.88779310746627,94.42516835530598
174,Broad_CheongJu.csv,74,95.46372028697621,94.42480723063152
175,Broad_CheongJu.csv,75,95.45256666703658,94.41745842827692
176,Broad_CheongJu.csv,76,95.44521151455966,94.41070641411676
177,Broad_CheongJu.csv,77,95.69352153431285,94.44277445475261
178,Broad_CheongJu.csv,78,95.58656560724432,94.39337751600478
179,Broad_CheongJu.csv,79,95.5288861361417,94.37821536593967
180,Broad_CheongJu.csv,80,95.5852221402255,94.3677249484592
181,Broad_CheongJu.csv,81,95.55037411776456,94.36400349934895
182,Broad_CheongJu.csv,82,95.49561601118607,94.37326558430989
183,Broad_CheongJu.csv,83,95.4239741932262,94.37385559082031
184,Broad_CheongJu.csv,84,95.49720611572266,94.34620836046007
185,Broad_CheongJu.csv,85,95.39279493852095,94.44420030381944
186,Broad_CheongJu.csv,86,95.36273748224431,94.33581458197699
187,Broad_CheongJu.csv,87,95.63060385964134,94.35123443603516
188,Broad_CheongJu.csv,88,95.23447515314275,94.35347069634332
189,Broad_CheongJu.csv,89,95.39497167413884,94.3285149468316
190,Broad_CheongJu.csv,90,95.18209727894177,94.32842593722873
191,Broad_CheongJu.csv,91,95.43286535089666,94.32647365993924
192,Broad_CheongJu.csv,92,95.39473550969905,94.34281921386719
193,Broad_CheongJu.csv,93,95.23919663862749,94.32475026448567
194,Broad_CheongJu.csv,94,95.44013033780185,94.32425520155165
195,Broad_CheongJu.csv,95,95.25974911776456,94.32400767008464
196,Broad_CheongJu.csv,96,95.44263888272373,94.3218527899848
197,Broad_CheongJu.csv,97,95.17422533902256,94.32130940755208
198,Broad_CheongJu.csv,98,95.3094389481978,94.32095591227214
199,Broad_CheongJu.csv,99,95.42566084428267,94.32090674506293
200,Broad_CheongJu.csv,100,95.42592745694247,94.32086266411676
201,MBC_DaeJeon.csv,1,92.13468600186435,95.08236524793837
202,MBC_DaeJeon.csv,2,91.37966031161221,94.13717905680339
203,MBC_DaeJeon.csv,3,93.16902791803534,94.64073350694444
204,MBC_DaeJeon.csv,4,91.01106331565164,94.08549923366971
205,MBC_DaeJeon.csv,5,90.55841286399148,93.81651560465495
206,MBC_DaeJeon.csv,6,90.50218533602627,93.4747797648112
207,MBC_DaeJeon.csv,7,90.60301687067205,93.6907721625434
208,MBC_DaeJeon.csv,8,90.11993227871982,93.31574164496527
209,MBC_DaeJeon.csv,9,89.7542573408647,93.95377180311415
210,MBC_DaeJeon.csv,10,90.01788122003728,93.76860215928819
211,MBC_DaeJeon.csv,11,89.97767902721058,92.95268842909071
212,MBC_DaeJeon.csv,12,89.67728819413618,93.87388356526692
213,MBC_DaeJeon.csv,13,89.57867452448065,92.50682915581598
214,MBC_DaeJeon.csv,14,89.90168665105647,92.39452531602647
215,MBC_DaeJeon.csv,15,89.16753276478161,92.21138763427734
216,MBC_DaeJeon.csv,16,89.31450555974787,92.13594648573134
217,MBC_DaeJeon.csv,17,89.11576496471058,93.12889692518446
218,MBC_DaeJeon.csv,18,89.5178579157049,93.77379014756944
219,MBC_DaeJeon.csv,19,88.97909504283558,93.59512244330512
220,MBC_DaeJeon.csv,20,88.58563662442295,92.86569383409288
221,MBC_DaeJeon.csv,21,88.57525967684658,91.4857643975152
222,MBC_DaeJeon.csv,22,88.4241939197887,91.72008344862196
223,MBC_DaeJeon.csv,23,88.38354866721413,91.22139739990234
224,MBC_DaeJeon.csv,24,88.65709665471857,91.18414052327473
225,MBC_DaeJeon.csv,25,88.47720184326172,91.49610137939453
226,MBC_DaeJeon.csv,26,88.18835116299717,91.04164462619357
227,MBC_DaeJeon.csv,27,88.10072409889915,91.03574540879991
228,MBC_DaeJeon.csv,28,87.70136441317472,90.83632490370009
229,MBC_DaeJeon.csv,29,87.9385943326083,90.92583974202473
230,MBC_DaeJeon.csv,30,87.39867324829102,92.05344136555989
231,MBC_DaeJeon.csv,31,87.41640777587891,90.82598114013672
232,MBC_DaeJeon.csv,32,87.56264218417081,90.41016048855252
233,MBC_DaeJeon.csv,33,87.19656191739169,90.66974300808377
234,MBC_DaeJeon.csv,34,87.62790374755859,90.70696343315973
235,MBC_DaeJeon.csv,35,87.1686335476962,90.38038211398654
236,MBC_DaeJeon.csv,36,87.12166741111062,90.32616255018446
237,MBC_DaeJeon.csv,37,87.16593787453391,91.40927124023438
238,MBC_DaeJeon.csv,38,87.53983015580611,90.5150409274631
239,MBC_DaeJeon.csv,39,86.9890921159224,89.88963148328993
240,MBC_DaeJeon.csv,40,87.0608096036044,90.78424750434027
241,MBC_DaeJeon.csv,41,86.71325420032848,90.44341447618272
242,MBC_DaeJeon.csv,42,86.96128262606534,89.71519046359592
243,MBC_DaeJeon.csv,43,86.62582730379971,89.54751502143012
244,MBC_DaeJeon.csv,44,86.75445064197888,89.64031643337674
245,MBC_DaeJeon.csv,45,86.69576027610086,90.72963460286458
246,MBC_DaeJeon.csv,46,86.67937219793146,89.44898732503255
247,MBC_DaeJeon.csv,47,86.47588729858398,89.36519283718533
248,MBC_DaeJeon.csv,48,86.71270772760565,90.7026104397244
249,MBC_DaeJeon.csv,49,86.67916613492099,89.21255747477214
250,MBC_DaeJeon.csv,50,86.40106783780185,89.30264621310764
251,MBC_DaeJeon.csv,51,86.19572011774237,89.64084370930989
252,MBC_DaeJeon.csv,52,86.17428436279297,89.69844139946832
253,MBC_DaeJeon.csv,53,86.33941754427823,89.38313293457031
254,MBC_DaeJeon.csv,54,86.01214842362837,90.43778483072917
255,MBC_DaeJeon.csv,55,86.03542098999023,89.18280029296875
256,MBC_DaeJeon.csv,56,86.0499643499201,89.28069644504123
257,MBC_DaeJeon.csv,57,86.42702234441583,89.04845767550998
258,MBC_DaeJeon.csv,58,85.59713717373934,88.86064995659723
259,MBC_DaeJeon.csv,59,85.97179912220348,88.83506351047092
260,MBC_DaeJeon.csv,60,85.75593289462003,88.81812795003255
261,MBC_DaeJeon.csv,61,85.6987509987571,88.87788475884332
262,MBC_DaeJeon.csv,62,85.96057988947088,88.89487881130643
263,MBC_DaeJeon.csv,63,85.82011663263495,88.90913475884332
264,MBC_DaeJeon.csv,64,85.70805636319247,88.74303266737196
265,MBC_DaeJeon.csv,65,85.73860182328657,88.69853379991319
266,MBC_DaeJeon.csv,66,85.87374316128817,88.68510606553819
267,MBC_DaeJeon.csv,67,85.86932588057084,89.44931199815538
268,MBC_DaeJeon.csv,68,85.74156827059659,88.66514078776042
269,MBC_DaeJeon.csv,69,85.8456279407848,88.79202440049913
270,MBC_DaeJeon.csv,70,85.59843257557262,88.83926645914714
271,MBC_DaeJeon.csv,71,85.62526258988814,88.79439459906683
272,MBC_DaeJeon.csv,72,85.50595633766868,88.74579789903429
273,MBC_DaeJeon.csv,73,85.54135326038707,88.59296502007379
274,MBC_DaeJeon.csv,74,85.43709148060192,89.09549967447917
275,MBC_DaeJeon.csv,75,85.72129017223011,88.57555643717448
276,MBC_DaeJeon.csv,76,85.51928849653764,88.64533233642578
277,MBC_DaeJeon.csv,77,85.5032451282848,88.6149639553494
278,MBC_DaeJeon.csv,78,85.59056174538352,88.51913367377387
279,MBC_DaeJeon.csv,79,85.53086450750178,88.7547607421875
280,MBC_DaeJeon.csv,80,85.42241613214667,88.50493028428819
281,MBC_DaeJeon.csv,81,85.42458960793235,88.5297368367513
282,MBC_DaeJeon.csv,82,85.50087890625,88.51004028320312
283,MBC_DaeJeon.csv,83,85.30619333440607,88.60235256618924
284,MBC_DaeJeon.csv,84,85.36731331565163,88.63920762803819
285,MBC_DaeJeon.csv,85,85.37733043323864,88.52053324381511
286,MBC_DaeJeon.csv,86,85.50862690318715,88.50325944688585
287,MBC_DaeJeon.csv,87,85.15502811778676,88.48864830864801
288,MBC_DaeJeon.csv,88,85.2659305225719,88.50181579589844
289,MBC_DaeJeon.csv,89,85.41958507191052,88.48881022135417
290,MBC_DaeJeon.csv,90,85.34925405328924,88.48712751600478
291,MBC_DaeJeon.csv,91,85.39269818392667,88.48175981309679
292,MBC_DaeJeon.csv,92,85.34004863392224,88.48322635226779
293,MBC_DaeJeon.csv,93,85.2525645862926,88.48960706922743
294,MBC_DaeJeon.csv,94,85.36496679132635,88.48053317599826
295,MBC_DaeJeon.csv,95,85.44296285455877,88.48191409640842
296,MBC_DaeJeon.csv,96,85.58067515980113,88.47848086886935
297,MBC_DaeJeon.csv,97,85.33479336825285,88.47742801242404
298,MBC_DaeJeon.csv,98,85.24362543279474,88.47933705647786
299,MBC_DaeJeon.csv,99,85.59510276100852,88.47971513536241
300,MBC_DaeJeon.csv,100,85.22079426158558,88.47902509901259
301,KBS_DaeJeon.csv,1,76.46253405484286,72.90692223442926
302,KBS_DaeJeon.csv,2,75.3537444374778,72.27050060696072
303,KBS_DaeJeon.csv,3,74.95187364058062,72.62023671468098
304,KBS_DaeJeon.csv,4,75.39021509343928,71.72701009114583
305,KBS_DaeJeon.csv,5,74.94338274869052,72.71282577514648
306,KBS_DaeJeon.csv,6,74.95861955122514,71.85707600911458
307,KBS_DaeJeon.csv,7,74.22614336880771,71.71043099297418
308,KBS_DaeJeon.csv,8,74.32120368263938,71.39111582438152
309,KBS_DaeJeon.csv,9,74.14184313687412,71.13527594672308
310,KBS_DaeJeon.csv,10,74.06512673117898,71.5539084540473
311,KBS_DaeJeon.csv,11,73.79781632856889,71.03511386447482
312,KBS_DaeJeon.csv,12,73.68140654130416,71.65517383151584
313,KBS_DaeJeon.csv,13,73.86270183216442,70.87690268622504
314,KBS_DaeJeon.csv,14,73.91511833884499,71.23567623562283
315,KBS_DaeJeon.csv,15,73.84274763627486,71.67158677842882
316,KBS_DaeJeon.csv,16,73.66266347711736,70.8036715189616
317,KBS_DaeJeon.csv,17,74.2487611250444,70.71287367078993
318,KBS_DaeJeon.csv,18,74.35202921087091,72.12475289238824
319,KBS_DaeJeon.csv,19,74.29190722378817,70.86452780829535
320,KBS_DaeJeon.csv,20,73.48498639193448,70.67223824395074
321,KBS_DaeJeon.csv,21,73.89682513150302,70.80896080864801
322,KBS_DaeJeon.csv,22,73.3936356977983,71.24918874104817
323,KBS_DaeJeon.csv,23,73.29287393743341,70.34081988864475
324,KBS_DaeJeon.csv,24,73.19472108320757,71.17466608683269
325,KBS_DaeJeon.csv,25,73.47068731134588,70.6612680223253
326,KBS_DaeJeon.csv,26,73.77047479802911,71.47105746799045
327,KBS_DaeJeon.csv,27,73.5770447470925,71.93763393825955
328,KBS_DaeJeon.csv,28,73.19969024658204,70.28471671210394
329,KBS_DaeJeon.csv,29,73.13246577869762,70.41805436876085
330,KBS_DaeJeon.csv,30,72.98623983209784,70.30591625637479
331,KBS_DaeJeon.csv,31,73.00542075417259,70.18750551011827
332,KBS_DaeJeon.csv,32,73.11293286410245,70.68845918443468
333,KBS_DaeJeon.csv,33,73.10534383600408,70.03161748250325
334,KBS_DaeJeon.csv,34,72.63090480457653,70.04766464233398
335,KBS_DaeJeon.csv,35,72.74343365755948,70.65150833129883
336,KBS_DaeJeon.csv,36,73.02391315806996,70.02135891384549
337,KBS_DaeJeon.csv,37,72.87089254205877,69.98435465494792
338,KBS_DaeJeon.csv,38,73.3144380049272,70.7675552368164
339,KBS_DaeJeon.csv,39,72.74295245083896,70.7027079264323
340,KBS_DaeJeon.csv,40,72.68681037209251,69.8918062845866
341,KBS_DaeJeon.csv,41,72.63798502141779,70.54732047186957
342,KBS_DaeJeon.csv,42,72.7674502286044,71.31881374782986
343,KBS_DaeJeon.csv,43,72.58665709062056,70.81389321221246
344,KBS_DaeJeon.csv,44,73.18721299604935,70.08850860595703
345,KBS_DaeJeon.csv,45,72.59083161787554,70.09914143880208
346,KBS_DaeJeon.csv,46,72.33110615123402,70.03942447238498
347,KBS_DaeJeon.csv,47,72.31301283402877,69.91811625162761
348,KBS_DaeJeon.csv,48,72.48989902843128,70.15387344360352
349,KBS_DaeJeon.csv,49,72.45673571499911,69.73244052463107
350,KBS_DaeJeon.csv,50,72.77950064919212,69.73061498006184
351,KBS_DaeJeon.csv,51,72.49545849886808,69.75470309787326
352,KBS_DaeJeon.csv,52,72.29074124422941,69.75511042277019
353,KBS_DaeJeon.csv,53,72.40816144076261,70.06362660725911
354,KBS_DaeJeon.csv,54,72.32830796675249,69.87185753716363
355,KBS_DaeJeon.csv,55,72.48108215332032,70.33037270439996
356,KBS_DaeJeon.csv,56,72.34820757779208,70.00540118747287
357,KBS_DaeJeon.csv,57,72.05606543801048,70.36807293362088
358,KBS_DaeJeon.csv,58,72.33636120882902,69.77584542168512
359,KBS_DaeJeon.csv,59,72.27586017955433,69.66572782728407
360,KBS_DaeJeon.csv,60,72.1190621809526,69.7042630513509
361,KBS_DaeJeon.csv,61,72.30538884943182,70.67278501722548
362,KBS_DaeJeon.csv,62,72.13782889626243,69.60179562038846
363,KBS_DaeJeon.csv,63,72.14962657581677,69.84683566623264
364,KBS_DaeJeon.csv,64,72.20720825195312,69.65572950575087
365,KBS_DaeJeon.csv,65,72.00917046286843,69.67368867662218
366,KBS_DaeJeon.csv,66,71.83485155972568,69.67844857109918
367,KBS_DaeJeon.csv,67,72.21415641091086,69.8036757575141
368,KBS_DaeJeon.csv,68,71.97183928056197,69.55690002441406
369,KBS_DaeJeon.csv,69,72.18181110728871,70.004088083903
370,KBS_DaeJeon.csv,70,72.24726486206055,69.63252343071832
371,KBS_DaeJeon.csv,71,71.73661152232776,69.52252960205078
372,KBS_DaeJeon.csv,72,71.98209374167702,69.5676621331109
373,KBS_DaeJeon.csv,73,71.87239241166549,69.54751459757487
374,KBS_DaeJeon.csv,74,71.83192249644887,69.58628209431966
375,KBS_DaeJeon.csv,75,71.9910050132058,69.91487799750433
376,KBS_DaeJeon.csv,76,71.84107249866832,69.63272179497613
377,KBS_DaeJeon.csv,77,71.93872486461292,69.52977922227647
378,KBS_DaeJeon.csv,78,71.93471534035423,69.57790629069011
379,KBS_DaeJeon.csv,79,71.88641482266513,69.51300218370226
380,KBS_DaeJeon.csv,80,72.14013595581055,69.60830137464735
381,KBS_DaeJeon.csv,81,71.89431991577149,69.51782480875652
382,KBS_DaeJeon.csv,82,72.00667461048474,69.52708265516493
383,KBS_DaeJeon.csv,83,71.74602910822088,69.49674267239041
384,KBS_DaeJeon.csv,84,71.84146090420809,69.51939646402995
385,KBS_DaeJeon.csv,85,71.88126907348632,69.53379440307617
386,KBS_DaeJeon.csv,86,71.84285451715643,69.52886284722223
387,KBS_DaeJeon.csv,87,71.74930725097656,69.49319627549913
388,KBS_DaeJeon.csv,88,71.82068183205344,69.50286780463324
389,KBS_DaeJeon.csv,89,71.77843794389204,69.48145633273654
390,KBS_DaeJeon.csv,90,71.83635572953658,69.48605600992839
391,KBS_DaeJeon.csv,91,71.83503369418058,69.48218197292752
392,KBS_DaeJeon.csv,92,71.80945635708896,69.48406177096896
393,KBS_DaeJeon.csv,93,71.81634757302024,69.47792773776584
394,KBS_DaeJeon.csv,94,71.85303601351652,69.48098924424913
395,KBS_DaeJeon.csv,95,71.71057205200195,69.48000208536784
396,KBS_DaeJeon.csv,96,71.82642787586559,69.48011271158855
397,KBS_DaeJeon.csv,97,71.66301276467063,69.4795053270128
398,KBS_DaeJeon.csv,98,71.95385215065696,69.47902170817058
399,KBS_DaeJeon.csv,99,71.82381383722479,69.47892337375217
400,KBS_DaeJeon.csv,100,71.7006626475941,69.47893736097548
401,CMB_DaeJeon.csv,1,80.61072824651545,78.9236568874783
402,CMB_DaeJeon.csv,2,79.30579820112749,79.79773966471355
403,CMB_DaeJeon.csv,3,79.51472972523082,78.44563293457031
404,CMB_DaeJeon.csv,4,78.98995888449929,79.30301751030817
405,CMB_DaeJeon.csv,5,78.8521443453702,78.76058959960938
406,CMB_DaeJeon.csv,6,79.04645420421254,80.30505794949002
407,CMB_DaeJeon.csv,7,78.91225766268643,78.25934261745877
408,CMB_DaeJeon.csv,8,79.04033889770508,77.54562038845486
409,CMB_DaeJeon.csv,9,78.95287870927291,77.56852128770616
410,CMB_DaeJeon.csv,10,78.84364568536932,77.56920878092448
411,CMB_DaeJeon.csv,11,78.5069525978782,77.40396965874567
412,CMB_DaeJeon.csv,12,78.4288511796431,78.10865020751953
413,CMB_DaeJeon.csv,13,78.31004333496094,77.26313357883029
414,CMB_DaeJeon.csv,14,78.26828252618964,78.29798634847005
415,CMB_DaeJeon.csv,15,78.09941850142046,77.27597300211589
416,CMB_DaeJeon.csv,16,78.30326704545455,78.2044169108073
417,CMB_DaeJeon.csv,17,78.5296972101385,77.09604729546442
418,CMB_DaeJeon.csv,18,77.86833752718839,77.19494374593098
419,CMB_DaeJeon.csv,19,78.03635219227183,78.70738050672743
420,CMB_DaeJeon.csv,20,77.85765727650036,76.91661749945746
421,CMB_DaeJeon.csv,21,77.78451961170543,77.4466069539388
422,CMB_DaeJeon.csv,22,77.93539116599344,76.6190185546875
423,CMB_DaeJeon.csv,23,77.70285824862394,76.81058163113065
424,CMB_DaeJeon.csv,24,77.81280295632102,77.02518632676866
425,CMB_DaeJeon.csv,25,77.5580698186701,76.36849127875433
426,CMB_DaeJeon.csv,26,77.29351820512251,76.4954571194119
427,CMB_DaeJeon.csv,27,77.59383482499557,76.90413072374132
428,CMB_DaeJeon.csv,28,77.27635713057084,76.51144663492839
429,CMB_DaeJeon.csv,29,77.66786062067206,76.38400777180989
430,CMB_DaeJeon.csv,30,77.96133388172497,76.23341030544705
431,CMB_DaeJeon.csv,31,77.46575837568803,76.80245971679688
432,CMB_DaeJeon.csv,32,77.54211162220348,76.38191392686632
433,CMB_DaeJeon.csv,33,77.57580843838778,76.2391357421875
434,CMB_DaeJeon.csv,34,77.26673861416903,76.01851738823785
435,CMB_DaeJeon.csv,35,77.0191481850364,76.0635274251302
436,CMB_DaeJeon.csv,36,77.31160070245916,76.37088351779514
437,CMB_DaeJeon.csv,37,77.13828194358132,76.57675425211589
438,CMB_DaeJeon.csv,38,77.17212725552646,75.94990963406033
439,CMB_DaeJeon.csv,39,76.84972679831765,75.8434829711914
440,CMB_DaeJeon.csv,40,77.29395321932707,77.83267805311415
441,CMB_DaeJeon.csv,41,76.75956247503107,76.6654035780165
442,CMB_DaeJeon.csv,42,77.50563312877308,75.83433024088542
443,CMB_DaeJeon.csv,43,76.87366423173384,76.05240546332465
444,CMB_DaeJeon.csv,44,76.7796915921298,76.40108405219183
445,CMB_DaeJeon.csv,45,76.95352207530628,76.56666861640082
446,CMB_DaeJeon.csv,46,76.57865323153409,75.74490441216363
447,CMB_DaeJeon.csv,47,76.66786069003018,75.62641228569879
448,CMB_DaeJeon.csv,48,76.57538195523348,75.55499860975478
449,CMB_DaeJeon.csv,49,76.49187046397816,75.5896258884006
450,CMB_DaeJeon.csv,50,76.61539875377308,75.95286560058594
451,CMB_DaeJeon.csv,51,76.57352301857688,75.72138553195529
452,CMB_DaeJeon.csv,52,76.45625735196201,76.88389672173395
453,CMB_DaeJeon.csv,53,76.27713408036665,75.41341824001736
454,CMB_DaeJeon.csv,54,76.46035142378373,75.39906819661458
455,CMB_DaeJeon.csv,55,76.19767449118875,75.56705644395616
456,CMB_DaeJeon.csv,56,76.39532886851917,75.38970014784071
457,CMB_DaeJeon.csv,57,76.14702779596502,75.45284356011285
458,CMB_DaeJeon.csv,58,76.36416625976562,75.34913889567058
459,CMB_DaeJeon.csv,59,76.16211735118519,75.29708184136285
460,CMB_DaeJeon.csv,60,76.24630813598633,75.71555455525716
461,CMB_DaeJeon.csv,61,76.23388900756837,75.39814080132379
462,CMB_DaeJeon.csv,62,76.36278492320668,75.24660746256511
463,CMB_DaeJeon.csv,63,76.36669859452681,75.22053739759657
464,CMB_DaeJeon.csv,64,76.27085557417436,75.28218078613281
465,CMB_DaeJeon.csv,65,76.1090407631614,75.20166439480252
466,CMB_DaeJeon.csv,66,76.09260905872692,75.45394558376736
467,CMB_DaeJeon.csv,67,76.22341176813299,75.18674680921767
468,CMB_DaeJeon.csv,68,76.07908193414862,75.29603746202257
469,CMB_DaeJeon.csv,69,76.02925206964666,75.15649710761176
470,CMB_DaeJeon.csv,70,76.19430389404297,75.21662478976779
471,CMB_DaeJeon.csv,71,75.97131902521306,75.17732493082683
472,CMB_DaeJeon.csv,72,76.10387892289596,75.42617501152887
473,CMB_DaeJeon.csv,73,76.17356012517756,75.14292822943793
474,CMB_DaeJeon.csv,74,75.88194351196289,75.27539740668402
475,CMB_DaeJeon.csv,75,75.91844759854403,75.11651611328125
476,CMB_DaeJeon.csv,76,75.97839535799893,75.15225050184462
477,CMB_DaeJeon.csv,77,75.85863279862838,75.14107682969835
478,CMB_DaeJeon.csv,78,75.86656064120206,75.14557139078777
479,CMB_DaeJeon.csv,79,75.90352436412465,75.25345060560439
480,CMB_DaeJeon.csv,80,75.97497641823509,75.2424799601237
481,CMB_DaeJeon.csv,81,75.9356244173917,75.17151726616754
482,CMB_DaeJeon.csv,82,75.90073464133523,75.10994805230035
483,CMB_DaeJeon.csv,83,76.04105966741389,75.13604058159723
484,CMB_DaeJeon.csv,84,75.89479918046432,75.22357898288303
485,CMB_DaeJeon.csv,85,75.94604408957741,75.09509870741103
486,CMB_DaeJeon.csv,86,75.74992107044567,75.1479008992513
487,CMB_DaeJeon.csv,87,75.89817296808417,75.16854053073459
488,CMB_DaeJeon.csv,88,75.79761061234908,75.08404456244574
489,CMB_DaeJeon.csv,89,75.7491776899858,75.08951907687717
490,CMB_DaeJeon.csv,90,75.87214605158026,75.09860483805339
491,CMB_DaeJeon.csv,91,75.91530789462003,75.09598286946614
492,CMB_DaeJeon.csv,92,76.06213434392755,75.09627872043185
493,CMB_DaeJeon.csv,93,75.85244133689187,75.08354102240668
494,CMB_DaeJeon.csv,94,75.82680289528587,75.08076900906033
495,CMB_DaeJeon.csv,95,75.78239843195135,75.08646901448567
496,CMB_DaeJeon.csv,96,75.81997507268733,75.07877265082465
497,CMB_DaeJeon.csv,97,75.84824350530451,75.0762447781033
498,CMB_DaeJeon.csv,98,75.73948870572177,75.07559288872613
499,CMB_DaeJeon.csv,99,75.9866776899858,75.0755632188585
500,CMB_DaeJeon.csv,100,75.89622060602362,75.07567342122395
501,MBC_ChungJu.csv,1,175.90719299316407,128.87845696343317
502,MBC_ChungJu.csv,2,137.3125023581765,128.42733510335287
503,MBC_ChungJu.csv,3,135.23694166703658,129.05154164632162
504,MBC_ChungJu.csv,4,134.79926688454367,128.55364905463324
505,MBC_ChungJu.csv,5,134.9374109441584,129.10615878634982
506,MBC_ChungJu.csv,6,135.79616449529473,129.41168297661676
507,MBC_ChungJu.csv,7,135.26974376331677,129.04566701253256
508,MBC_ChungJu.csv,8,135.4018217606978,132.3208270602756
509,MBC_ChungJu.csv,9,135.20976923162286,128.09493086073132
510,MBC_ChungJu.csv,10,134.48653730912642,127.99641927083333
511,MBC_ChungJu.csv,11,134.1888513738459,128.03545633951822
512,MBC_ChungJu.csv,12,134.14345758611506,128.03529612223306
513,MBC_ChungJu.csv,13,135.6110801003196,128.8689253065321
514,MBC_ChungJu.csv,14,134.78338623046875,128.9581815931532
515,MBC_ChungJu.csv,15,134.03254297429865,129.7138214111328
516,MBC_ChungJu.csv,16,134.21036030162463,128.06678348117404
517,MBC_ChungJu.csv,17,134.3606848976829,128.98723687065973
518,MBC_ChungJu.csv,18,133.82321652499112,128.99265797932944
519,MBC_ChungJu.csv,19,134.06683557683772,129.59368472629123
520,MBC_ChungJu.csv,20,134.14655276211826,129.4687271118164
521,MBC_ChungJu.csv,21,134.63402182839133,128.01226298014322
522,MBC_ChungJu.csv,22,134.43436681574042,128.00861189100476
523,MBC_ChungJu.csv,23,134.03646046031605,127.71043226453993
524,MBC_ChungJu.csv,24,134.34575528231534,127.85555606418185
525,MBC_ChungJu.csv,25,133.7827543778853,127.59695519341363
526,MBC_ChungJu.csv,26,134.00664742209693,127.5934575398763
527,MBC_ChungJu.csv,27,134.9390214399858,132.7062267727322
528,MBC_ChungJu.csv,28,133.9129716352983,127.70219082302518
529,MBC_ChungJu.csv,29,133.74207611083983,127.61465623643663
530,MBC_ChungJu.csv,30,133.8647689819336,127.61183420817058
531,MBC_ChungJu.csv,31,134.1408006147905,127.74575890435113
532,MBC_ChungJu.csv,32,133.89110495827416,127.94784715440538
533,MBC_ChungJu.csv,33,134.08735837069426,130.57063378228082
534,MBC_ChungJu.csv,34,134.0964778553356,127.62356397840712
535,MBC_ChungJu.csv,35,134.13881003639915,127.78323957655165
536,MBC_ChungJu.csv,36,133.4448265769265,127.58936733669705
537,MBC_ChungJu.csv,37,133.85274658203124,128.45205858018664
538,MBC_ChungJu.csv,38,133.71885140158912,127.36001586914062
539,MBC_ChungJu.csv,39,133.6850268277255,127.63106282552083
540,MBC_ChungJu.csv,40,133.74161793101916,127.76800367567274
541,MBC_ChungJu.csv,41,133.83565049604937,127.85843149820964
542,MBC_ChungJu.csv,42,133.49894298206675,127.41238827175565
543,MBC_ChungJu.csv,43,133.25269040194425,127.1903813680013
544,MBC_ChungJu.csv,44,133.38298936323687,127.5794431898329
545,MBC_ChungJu.csv,45,133.67376930930396,127.9788063897027
546,MBC_ChungJu.csv,46,133.54345162131568,127.31536526150174
547,MBC_ChungJu.csv,47,133.66534687389026,127.33034939236111
548,MBC_ChungJu.csv,48,133.41303891268643,127.68837483723958
549,MBC_ChungJu.csv,49,133.35679668079723,128.7145758734809
550,MBC_ChungJu.csv,50,133.5939301924272,127.69422064887152
551,MBC_ChungJu.csv,51,133.63278045654297,127.36585998535156
552,MBC_ChungJu.csv,52,133.42652310458098,127.41561211480035
553,MBC_ChungJu.csv,53,133.21421272971412,127.21769714355469
554,MBC_ChungJu.csv,54,133.3481456409801,130.28372446695963
555,MBC_ChungJu.csv,55,133.77933821244673,127.65203518337674
556,MBC_ChungJu.csv,56,133.4138214111328,128.21324666341147
557,MBC_ChungJu.csv,57,133.06708110462534,127.26911163330078
558,MBC_ChungJu.csv,58,133.08523559570312,127.196779039171
559,MBC_ChungJu.csv,59,133.21136516224254,127.35946570502387
560,MBC_ChungJu.csv,60,132.99239585182883,127.2389424641927
561,MBC_ChungJu.csv,61,132.941582142223,127.21057807074652
562,MBC_ChungJu.csv,62,132.86173414750533,127.3052266438802
563,MBC_ChungJu.csv,63,133.19810569069602,127.4949722290039
564,MBC_ChungJu.csv,64,133.20691750266334,127.61765374077692
565,MBC_ChungJu.csv,65,133.0327776822177,127.28192562527127
566,MBC_ChungJu.csv,66,132.85645488392223,127.32814449734158
567,MBC_ChungJu.csv,67,133.18431937477806,127.26402960883246
568,MBC_ChungJu.csv,68,132.9669967651367,128.1965594821506
569,MBC_ChungJu.csv,69,133.26054729114878,127.32378811306424
570,MBC_ChungJu.csv,70,132.96106442538175,127.28545210096571
571,MBC_ChungJu.csv,71,132.9145706176758,127.9014138115777
572,MBC_ChungJu.csv,72,133.15726789994673,127.38077884250217
573,MBC_ChungJu.csv,73,132.8311662153764,127.23211161295573
574,MBC_ChungJu.csv,74,133.02302370938386,127.2742902967665
575,MBC_ChungJu.csv,75,132.81678841330788,127.13352966308594
576,MBC_ChungJu.csv,76,132.90092995383523,127.16883341471355
577,MBC_ChungJu.csv,77,132.74643499200994,128.04263559977213
578,MBC_ChungJu.csv,78,132.7452833695845,127.12068176269531
579,MBC_ChungJu.csv,79,132.60468777743253,127.10215759277344
580,MBC_ChungJu.csv,80,132.94215628884055,127.47464752197266
581,MBC_ChungJu.csv,81,133.06434936523436,127.13255903455946
582,MBC_ChungJu.csv,82,132.71470683704723,127.20622846815321
583,MBC_ChungJu.csv,83,132.94764848188922,127.12359619140625
584,MBC_ChungJu.csv,84,132.7466463955966,127.15173848470052
585,MBC_ChungJu.csv,85,132.8844791759144,127.37356736924913
586,MBC_ChungJu.csv,86,132.63998038552023,127.51563517252605
587,MBC_ChungJu.csv,87,132.93653439608488,127.20229170057509
588,MBC_ChungJu.csv,88,132.84580091996625,127.23482259114583
589,MBC_ChungJu.csv,89,132.87454140403054,127.34237416585286
590,MBC_ChungJu.csv,90,132.78323905251244,127.19108751085069
591,MBC_ChungJu.csv,91,132.8819882479581,127.16418965657552
592,MBC_ChungJu.csv,92,132.82545166015626,127.20027330186632
593,MBC_ChungJu.csv,93,132.83759210759942,127.18091413709853
594,MBC_ChungJu.csv,94,132.88386868563566,127.19509718153212
595,MBC_ChungJu.csv,95,132.69030095880683,127.24565972222223
596,MBC_ChungJu.csv,96,132.7141311645508,127.22460428873698
597,MBC_ChungJu.csv,97,132.73783264160156,127.22157033284505
598,MBC_ChungJu.csv,98,132.58800673051314,127.20710076226129
599,MBC_ChungJu.csv,99,132.7624051180753,127.20803324381511
600,MBC_ChungJu.csv,100,132.73916847922584,127.21055179172092
601,KBS_ChungJu.csv,1,112.7449063387784,119.50106472439236
602,KBS_ChungJu.csv,2,112.22695215398615,118.97607845730252
603,KBS_ChungJu.csv,3,112.07494326504793,119.34277767605252
604,KBS_ChungJu.csv,4,113.09626908735795,118.8800760904948
605,KBS_ChungJu.csv,5,112.504694851962,118.83026716444228
606,KBS_ChungJu.csv,6,111.97021512118253,119.81881120469835
607,KBS_ChungJu.csv,7,111.51731165105646,118.71905008951823
608,KBS_ChungJu.csv,8,111.49616269198332,118.74775780571832
609,KBS_ChungJu.csv,9,111.33916528875177,118.62717013888889
610,KBS_ChungJu.csv,10,111.40483190363103,120.74347601996527
611,KBS_ChungJu.csv,11,111.35418867631392,118.50768364800348
612,KBS_ChungJu.csv,12,111.44459034312855,119.1947733561198
613,KBS_ChungJu.csv,13,111.40479736328125,124.28643459743924
614,KBS_ChungJu.csv,14,111.58676716197621,118.89314948187933
615,KBS_ChungJu.csv,15,111.89029083251953,120.15508694118924
616,KBS_ChungJu.csv,16,111.25643088600852,121.84782833523221
617,KBS_ChungJu.csv,17,111.23994667746804,120.45448557535808
618,KBS_ChungJu.csv,18,111.83193498091264,120.28074476453993
619,KBS_ChungJu.csv,19,111.19856858686967,119.16391245524089
620,KBS_ChungJu.csv,20,111.46881186745384,118.57901594373915
621,KBS_ChungJu.csv,21,111.43732383034445,119.61307440863715
622,KBS_ChungJu.csv,22,111.33665452436968,119.34187147352431
623,KBS_ChungJu.csv,23,111.33340606689453,119.13014899359808
624,KBS_ChungJu.csv,24,111.39798583984376,118.6812973022461
625,KBS_ChungJu.csv,25,111.45167957652698,118.5297114054362
626,KBS_ChungJu.csv,26,110.98329356800426,118.54654778374567
627,KBS_ChungJu.csv,27,111.51555272882635,119.0241216023763
628,KBS_ChungJu.csv,28,111.3521724354137,118.46158769395616
629,KBS_ChungJu.csv,29,111.01129275235263,119.25691731770833
630,KBS_ChungJu.csv,30,111.29966153231534,118.62835015190973
631,KBS_ChungJu.csv,31,110.78761943470349,118.26053449842665
632,KBS_ChungJu.csv,32,111.00036496249112,119.20720079210069
633,KBS_ChungJu.csv,33,111.0709623856978,119.14326307508681
634,KBS_ChungJu.csv,34,111.55476906516336,119.7195315890842
635,KBS_ChungJu.csv,35,111.02040960138494,118.21055348714192
636,KBS_ChungJu.csv,36,111.00437455610795,118.62391493055556
637,KBS_ChungJu.csv,37,110.70434847745028,119.50758192274306
638,KBS_ChungJu.csv,38,111.19242317893288,120.08661651611328
639,KBS_ChungJu.csv,39,110.56995544433593,118.69551255967882
640,KBS_ChungJu.csv,40,110.78030048717152,118.48838636610243
641,KBS_ChungJu.csv,41,110.9594571200284,118.11111195882161
642,KBS_ChungJu.csv,42,110.45349967262962,118.80631001790364
643,KBS_ChungJu.csv,43,111.14900152033026,118.32738071017795
644,KBS_ChungJu.csv,44,110.6311368075284,118.21154106987848
645,KBS_ChungJu.csv,45,110.58675259676846,118.36791144476996
646,KBS_ChungJu.csv,46,110.96207816384056,118.91144222683377
647,KBS_ChungJu.csv,47,110.95462452281605,118.62536282009549
648,KBS_ChungJu.csv,48,111.32957583340732,118.36872016059027
649,KBS_ChungJu.csv,49,110.76893851540305,118.51700592041016
650,KBS_ChungJu.csv,50,110.55850857821378,117.85148535834418
651,KBS_ChungJu.csv,51,110.63853204900568,118.67634752061632
652,KBS_ChungJu.csv,52,110.61971657492897,118.61444769965277
653,KBS_ChungJu.csv,53,110.33520993319425,118.2802268134223
654,KBS_ChungJu.csv,54,110.41412048339843,118.19563123914931
655,KBS_ChungJu.csv,55,110.69715506813743,117.99007585313585
656,KBS_ChungJu.csv,56,110.49994603937323,119.03998311360677
657,KBS_ChungJu.csv,57,110.36710468639026,118.45421939425998
658,KBS_ChungJu.csv,58,110.7136025168679,118.14053599039714
659,KBS_ChungJu.csv,59,110.45757002397018,117.87347327338324
660,KBS_ChungJu.csv,60,110.83891504461116,118.4921391805013
661,KBS_ChungJu.csv,61,110.36726587468928,118.00309922960069
662,KBS_ChungJu.csv,62,110.28330147483132,118.44626193576389
663,KBS_ChungJu.csv,63,110.26165549538352,118.17946116129558
664,KBS_ChungJu.csv,64,110.55043875954368,118.26078711615668
665,KBS_ChungJu.csv,65,110.52438354492188,118.10790083143446
666,KBS_ChungJu.csv,66,110.37278109463779,118.9176008436415
667,KBS_ChungJu.csv,67,110.16347545276989,118.5150375366211
668,KBS_ChungJu.csv,68,110.08211142800072,118.37325202094183
669,KBS_ChungJu.csv,69,110.32613830566406,118.55019972059462
670,KBS_ChungJu.csv,70,110.43377172296698,118.18069373236762
671,KBS_ChungJu.csv,71,110.29800803444603,118.39345380995009
672,KBS_ChungJu.csv,72,110.26241621537642,117.92997317843967
673,KBS_ChungJu.csv,73,110.249943819913,118.23036532931857
674,KBS_ChungJu.csv,74,110.494008844549,118.04741499159071
675,KBS_ChungJu.csv,75,110.32843752774325,118.502439710829
676,KBS_ChungJu.csv,76,109.9339471990412,118.80147043863933
677,KBS_ChungJu.csv,77,110.29921223033558,118.16758897569444
678,KBS_ChungJu.csv,78,110.05954797918146,118.23041534423828
679,KBS_ChungJu.csv,79,110.28066323020242,117.9187257554796
680,KBS_ChungJu.csv,80,110.24498762650923,118.25679439968533
681,KBS_ChungJu.csv,81,110.21917682994496,118.52764299180772
682,KBS_ChungJu.csv,82,110.01136543967507,118.85323588053386
683,KBS_ChungJu.csv,83,110.06314419833096,118.39956325954861
684,KBS_ChungJu.csv,84,110.0615532614968,118.19312795003255
685,KBS_ChungJu.csv,85,110.25537511652166,118.26609632703993
686,KBS_ChungJu.csv,86,110.13945062810724,118.12693108452692
687,KBS_ChungJu.csv,87,110.34949396306818,118.25716315375433
688,KBS_ChungJu.csv,88,110.12722722833807,118.46487765842014
689,KBS_ChungJu.csv,89,110.05700711337003,118.12843237982855
690,KBS_ChungJu.csv,90,110.0887671730735,118.47590213351779
691,KBS_ChungJu.csv,91,109.89592729048296,118.34243943956163
692,KBS_ChungJu.csv,92,110.20235110196201,118.218505859375
693,KBS_ChungJu.csv,93,109.9900654185902,118.21442074245877
694,KBS_ChungJu.csv,94,109.9370787187056,118.24114396837022
695,KBS_ChungJu.csv,95,110.1269527088512,118.25741916232639
696,KBS_ChungJu.csv,96,110.15979850075462,118.21558888753255
697,KBS_ChungJu.csv,97,110.1061942360618,118.26546139187283
698,KBS_ChungJu.csv,98,109.97817757346414,118.27119276258681
699,KBS_ChungJu.csv,99,110.20661704323508,118.28927188449435
700,KBS_ChungJu.csv,100,110.07960870916193,118.29193284776476
701,KBS_main.csv,1,74.34515734585848,63.18815061781142
702,KBS_main.csv,2,63.73339899236505,57.939398023817276
703,KBS_main.csv,3,60.93127032193271,58.353318532307945
704,KBS_main.csv,4,59.407676696777344,55.03131781684028
705,KBS_main.csv,5,57.276381475275215,53.753543853759766
706,KBS_main.csv,6,56.10883990201083,51.1584103902181
707,KBS_main.csv,7,55.703098019686614,50.60522121853299
708,KBS_main.csv,8,54.95927748246626,50.6558469136556
709,KBS_main.csv,9,55.61761107011275,53.187859853108726
710,KBS_main.csv,10,54.65212783813477,49.753424326578774
711,KBS_main.csv,11,54.30090866088867,49.36490461561415
712,KBS_main.csv,12,54.60999492298473,49.402201334635414
713,KBS_main.csv,13,54.21057267622514,49.26611200968424
714,KBS_main.csv,14,53.75493538596413,49.385650634765625
715,KBS_main.csv,15,53.699226726185195,48.91581005520291
716,KBS_main.csv,16,53.620831645618786,49.28870519002279
717,KBS_main.csv,17,53.8539308721369,48.95740085177951
718,KBS_main.csv,18,54.2644717129794,51.64353264702691
719,KBS_main.csv,19,53.956954539905894,48.95068783230252
720,KBS_main.csv,20,53.57623769586736,50.896700117323135
721,KBS_main.csv,21,54.063440426913175,49.325018564860024
722,KBS_main.csv,22,53.754766672307795,49.17876900566949
723,KBS_main.csv,23,54.17506630637429,49.01044676038954
724,KBS_main.csv,24,53.148454839533024,49.00396431816949
725,KBS_main.csv,25,53.12090107310902,49.69735887315538
726,KBS_main.csv,26,53.163331950794564,48.676086001925995
727,KBS_main.csv,27,53.16498302112926,48.69827524820963
728,KBS_main.csv,28,53.740013746781784,48.619280921088325
729,KBS_main.csv,29,52.96372947692871,48.37701882256402
730,KBS_main.csv,30,52.80279866998846,48.19405025906033
731,KBS_main.csv,31,53.1923396023837,48.2050666809082
732,KBS_main.csv,32,52.94885954423384,48.09247928195529
733,KBS_main.csv,33,52.9458439913663,48.348624759250214
734,KBS_main.csv,34,53.15006034157493,48.1025382147895
735,KBS_main.csv,35,52.83216372403231,49.130236307779946
736,KBS_main.csv,36,52.61853797219016,48.18296686808268
737,KBS_main.csv,37,52.574047366055574,48.07264624701606
738,KBS_main.csv,38,52.82589673128995,48.394398583306206
739,KBS_main.csv,39,52.72953144420277,47.95585844251845
740,KBS_main.csv,40,52.93376215154474,48.13954840766059
741,KBS_main.csv,41,52.490284590287644,48.075128343370224
742,KBS_main.csv,42,52.59911207719283,47.97128338283963
743,KBS_main.csv,43,52.53017224398526,47.94705369737413
744,KBS_main.csv,44,52.53896498246626,48.11448542277018
745,KBS_main.csv,45,52.487739424272014,47.756157345241974
746,KBS_main.csv,46,52.68766708374024,47.74268595377604
747,KBS_main.csv,47,52.38155517578125,47.77577930026584
748,KBS_main.csv,48,52.237229988791725,47.762162102593315
749,KBS_main.csv,49,52.34601378007368,48.34983571370443
750,KBS_main.csv,50,52.28223072398793,47.93363020155165
751,KBS_main.csv,51,52.29914675625888,47.92869567871094
752,KBS_main.csv,52,52.25472432916815,47.65881856282552
753,KBS_main.csv,53,52.12037096890536,47.74355104234483
754,KBS_main.csv,54,52.436355452104046,50.296868642171226
755,KBS_main.csv,55,52.55408776023171,47.91785430908203
756,KBS_main.csv,56,52.39907365278764,47.96011479695638
757,KBS_main.csv,57,52.05036510120738,47.67365815904405
758,KBS_main.csv,58,52.170927567915484,47.67877112494575
759,KBS_main.csv,59,52.128369972922584,47.590339236789276
760,KBS_main.csv,60,52.151009750366214,47.6635610792372
761,KBS_main.csv,61,52.0644533330744,47.51247066921658
762,KBS_main.csv,62,51.85316550514915,47.48272789849175
763,KBS_main.csv,63,51.97112125049938,47.723858727349175
764,KBS_main.csv,64,52.092730920965025,47.50780826144748
765,KBS_main.csv,65,52.02632085626776,47.46733940972222
766,KBS_main.csv,66,52.02398910522461,47.617997063530815
767,KBS_main.csv,67,51.932508780739525,47.45335812038846
768,KBS_main.csv,68,51.970351895419036,47.47219721476237
769,KBS_main.csv,69,52.08987121582031,47.95864147610135
770,KBS_main.csv,70,51.908795582164416,47.47327211168077
771,KBS_main.csv,71,51.979150251908735,47.57451163397895
772,KBS_main.csv,72,51.79215864701705,47.490496741400825
773,KBS_main.csv,73,51.83571662902832,47.4390754699707
774,KBS_main.csv,74,51.85361494584517,47.4256960550944
775,KBS_main.csv,75,51.967875602028585,47.42501237657335
776,KBS_main.csv,76,52.040022589943625,47.408763037787544
777,KBS_main.csv,77,51.78508151661266,47.44033643934462
778,KBS_main.csv,78,51.810497561368074,47.442991468641495
779,KBS_main.csv,79,51.88967881636186,47.669212341308594
780,KBS_main.csv,80,51.853583318536934,47.380889892578125
781,KBS_main.csv,81,51.791364496404476,47.43057208591037
782,KBS_main.csv,82,51.85250268415971,47.397069719102646
783,KBS_main.csv,83,51.7575383273038,47.37611940171983
784,KBS_main.csv,84,51.75090623335405,47.40155029296875
785,KBS_main.csv,85,51.75098342895508,47.37054867214627
786,KBS_main.csv,86,51.658823776245114,47.36382717556424
787,KBS_main.csv,87,51.88608932495117,47.37714979383681
788,KBS_main.csv,88,51.80980606079102,47.356269412570526
789,KBS_main.csv,89,51.69548873901367,47.39706336127387
790,KBS_main.csv,90,51.76213479475542,47.35963100857205
791,KBS_main.csv,91,51.79093204845082,47.35285101996528
792,KBS_main.csv,92,51.693281000310726,47.353631761338974
793,KBS_main.csv,93,51.751921740445226,47.35450998942057
794,KBS_main.csv,94,51.778439261696555,47.36311255560981
795,KBS_main.csv,95,51.706302122636274,47.3822987874349
796,KBS_main.csv,96,51.73126248446378,47.35847176445855
797,KBS_main.csv,97,51.853838833895594,47.358297983805336
798,KBS_main.csv,98,51.66978711214932,47.3586057027181
799,KBS_main.csv,99,51.794387539950286,47.36060333251953
800,KBS_main.csv,100,51.57945157831365,47.36322445339627
801,SBS.csv,1,55.934156036376955,54.71923361884223
802,SBS.csv,2,53.8431886846369,54.01288986206055
803,SBS.csv,3,53.9808855230158,55.113437228732636
804,SBS.csv,4,54.065845281427556,53.890248192681206
805,SBS.csv,5,53.801492309570314,53.71022627088759
806,SBS.csv,6,53.93419348976829,54.71893649631076
807,SBS.csv,7,53.754400634765624,53.35383521185981
808,SBS.csv,8,53.31435047496449,54.07701704237196
809,SBS.csv,9,53.64744699651545,53.57856877644857
810,SBS.csv,10,53.33968387950551,53.82698101467557
811,SBS.csv,11,53.44587145718661,53.8841929965549
812,SBS.csv,12,53.52955863259056,53.97059037950304
813,SBS.csv,13,53.653350899436255,53.218519846598305
814,SBS.csv,14,53.52749373696067,53.268967946370445
815,SBS.csv,15,53.46639182350852,58.84206051296658
816,SBS.csv,16,54.2858547557484,53.27729034423828
817,SBS.csv,17,53.07622736150568,53.07349819607205
818,SBS.csv,18,53.18959849964489,53.193534003363716
819,SBS.csv,19,53.30014717795632,53.49579154120551
820,SBS.csv,20,53.20558440468528,54.776619805230034
821,SBS.csv,21,53.04937577681108,53.14047961764865
822,SBS.csv,22,54.06389839865945,53.52805836995443
823,SBS.csv,23,53.8824685530229,56.13092931111654
824,SBS.csv,24,53.508835740522905,52.950618743896484
825,SBS.csv,25,53.03732528686523,53.18356026543511
826,SBS.csv,26,52.90393364646218,52.996147579616974
827,SBS.csv,27,52.851349639892575,54.58474010891385
828,SBS.csv,28,52.96911329789595,53.38905292087131
829,SBS.csv,29,53.456219066273086,53.10745535956489
830,SBS.csv,30,52.96048625599254,53.0612915886773
831,SBS.csv,31,52.9801135670055,53.883988274468315
832,SBS.csv,32,52.700469346479935,53.325608571370445
833,SBS.csv,33,53.442065221613106,52.93636915418837
834,SBS.csv,34,53.073606664484196,52.90736558702257
835,SBS.csv,35,52.91508969393644,53.385375128852
836,SBS.csv,36,52.88204220858487,52.79587766859267
837,SBS.csv,37,52.61989118402654,52.98917092217339
838,SBS.csv,38,52.73613225763494,52.79222615559896
839,SBS.csv,39,52.59093315818093,52.814871893988716
840,SBS.csv,40,52.628173481334336,52.82217322455512
841,SBS.csv,41,52.66529742154208,52.71291944715712
842,SBS.csv,42,52.6261774930087,55.09323077731662
843,SBS.csv,43,52.50707730379972,52.65313975016276
844,SBS.csv,44,52.4540488503196,52.68156051635742
845,SBS.csv,45,52.48492223566229,52.805163065592446
846,SBS.csv,46,52.6142856944691,52.66187710232205
847,SBS.csv,47,52.42622888738459,52.718333350287544
848,SBS.csv,48,52.434814834594725,53.07162348429362
849,SBS.csv,49,52.22705626054243,52.640653398301865
850,SBS.csv,50,52.36603677923029,52.70977359347873
851,SBS.csv,51,52.4898286299272,53.12613042195638
852,SBS.csv,52,52.38685906150124,53.598758697509766
853,SBS.csv,53,52.55395022305575,52.76457511054145
854,SBS.csv,54,52.37503960349343,52.656075371636284
855,SBS.csv,55,52.24747026616877,52.79143820868598
856,SBS.csv,56,52.355333085493605,52.61319563123915
857,SBS.csv,57,52.38926828557795,52.62774446275499
858,SBS.csv,58,52.30235113664107,52.65823067559136
859,SBS.csv,59,52.277195323597304,52.665880839029946
860,SBS.csv,60,52.15583822076971,52.69557740953233
861,SBS.csv,61,52.30256652832031,52.61968104044596
862,SBS.csv,62,52.27390303178267,52.57514190673828
863,SBS.csv,63,52.277968458695845,53.92926703559028
864,SBS.csv,64,52.19503631591797,52.54620700412326
865,SBS.csv,65,52.20657029585405,52.524940490722656
866,SBS.csv,66,52.22118606567383,52.535974714491104
867,SBS.csv,67,52.148467254638675,52.80480829874674
868,SBS.csv,68,52.10868599631569,52.60182613796658
869,SBS.csv,69,52.38773311268199,52.80527369181315
870,SBS.csv,70,52.351549530029295,52.47410668267144
871,SBS.csv,71,52.162369294600055,52.5229360792372
872,SBS.csv,72,52.208697856556284,52.488421546088325
873,SBS.csv,73,52.169723649458454,52.440460205078125
874,SBS.csv,74,52.007291759144174,52.64273367987739
875,SBS.csv,75,52.02174901095304,52.538146548800995
876,SBS.csv,76,52.21087223399769,52.62169392903646
877,SBS.csv,77,52.02801798040217,52.43552780151367
878,SBS.csv,78,52.08823103471236,52.50558386908637
879,SBS.csv,79,51.989582963423295,52.8515493604872
880,SBS.csv,80,52.09940657182173,52.48249944051107
881,SBS.csv,81,52.03920700766823,52.43045976426866
882,SBS.csv,82,52.12613643299449,52.59262000189887
883,SBS.csv,83,52.036499335549095,52.4256714714898
884,SBS.csv,84,51.907634596391155,52.43832015991211
885,SBS.csv,85,52.13017744584517,52.51854281955295
886,SBS.csv,86,52.07892955433238,52.505798763699005
887,SBS.csv,87,51.950812322443184,52.44475385877821
888,SBS.csv,88,51.98492986505682,52.43700620863173
889,SBS.csv,89,52.03636280406605,52.42144097222222
890,SBS.csv,90,52.0143574107777,52.42510477701823
891,SBS.csv,91,51.973398104580966,52.47053739759657
892,SBS.csv,92,52.05159489024769,52.43864101833768
893,SBS.csv,93,51.94570947126909,52.426016913519966
894,SBS.csv,94,52.1831413269043,52.415738847520615
895,SBS.csv,95,52.001576094193894,52.417706383599175
896,SBS.csv,96,51.943169472434306,52.42649671766493
897,SBS.csv,97,51.92850508256392,52.42719735039605
898,SBS.csv,98,52.04672692038796,52.43134307861328
899,SBS.csv,99,51.87343958074396,52.43102773030599
900,SBS.csv,100,52.013270256736064,52.433432261149086
901,MBC_sa.csv,1,103.25622156316584,99.8846918741862
902,MBC_sa.csv,2,102.35084478204901,100.96995290120442
903,MBC_sa.csv,3,101.66369850852273,102.26023356119792
904,MBC_sa.csv,4,102.16139581853693,100.20917680528429
905,MBC_sa.csv,5,101.63894556218928,100.10832214355469
906,MBC_sa.csv,6,101.8951307816939,99.60441335042317
907,MBC_sa.csv,7,101.64825716885653,99.48527442084418
908,MBC_sa.csv,8,101.45544683283026,99.46857113308377
909,MBC_sa.csv,9,101.91326016512784,99.10048336452908
910,MBC_sa.csv,10,101.49292436079546,100.37742275661893
911,MBC_sa.csv,11,101.64569896351207,99.71310170491536
912,MBC_sa.csv,12,101.61270557750355,99.18792131212022
913,MBC_sa.csv,13,100.94018644853072,99.10125054253473
914,MBC_sa.csv,14,100.82315632213246,99.86932881673177
915,MBC_sa.csv,15,101.23284149169922,98.6854493882921
916,MBC_sa.csv,16,101.32788321755149,98.92366706000433
917,MBC_sa.csv,17,100.6080864646218,100.35995229085286
918,MBC_sa.csv,18,101.1665752064098,98.86072625054254
919,MBC_sa.csv,19,101.35545765269886,99.39173380533855
920,MBC_sa.csv,20,100.85493829900568,99.02850257025824
921,MBC_sa.csv,21,100.85107297030362,98.96800910101996
922,MBC_sa.csv,22,100.7830682927912,98.61239369710286
923,MBC_sa.csv,23,100.88004108775746,98.86590237087674
924,MBC_sa.csv,24,101.059423828125,98.74862840440538
925,MBC_sa.csv,25,100.9474159934304,98.41552480061848
926,MBC_sa.csv,26,100.79796211936257,98.65705278184679
927,MBC_sa.csv,27,100.50423944646661,98.82655249701605
928,MBC_sa.csv,28,100.81316001198509,98.19453430175781
929,MBC_sa.csv,29,100.86788718483665,98.67547098795573
930,MBC_sa.csv,30,101.23932189941407,99.80961778428819
931,MBC_sa.csv,31,100.61673195578835,98.72547743055556
932,MBC_sa.csv,32,101.08833146528764,98.63692898220486
933,MBC_sa.csv,33,100.35288959849964,98.33338504367404
934,MBC_sa.csv,34,100.47266374067827,98.14215426974826
935,MBC_sa.csv,35,100.27800251353871,98.50530666775174
936,MBC_sa.csv,36,100.63875621448864,99.39512888590495
937,MBC_sa.csv,37,100.46086411909623,98.18721347384982
938,MBC_sa.csv,38,100.05457222678444,98.07970343695746
939,MBC_sa.csv,39,100.4475380637429,99.51093885633681
940,MBC_sa.csv,40,101.08392084295099,98.03040398491754
941,MBC_sa.csv,41,100.38605998646129,98.11884307861328
942,MBC_sa.csv,42,100.51162442294034,98.19042714436848
943,MBC_sa.csv,43,100.21590922962535,98.1499269273546
944,MBC_sa.csv,44,99.97917272394353,98.02433522542317
945,MBC_sa.csv,45,100.34334980357777,98.31629519992404
946,MBC_sa.csv,46,100.03402113481002,97.9326663547092
947,MBC_sa.csv,47,99.93772430419922,97.89047580295139
948,MBC_sa.csv,48,100.2568177656694,100.77867380777995
949,MBC_sa.csv,49,100.734536188299,97.76609378390842
950,MBC_sa.csv,50,99.77641338001598,97.95535532633464
951,MBC_sa.csv,51,99.97106031938033,98.1417482164171
952,MBC_sa.csv,52,99.78237422596325,97.92676628960504
953,MBC_sa.csv,53,100.35423625599255,97.92458936903212
954,MBC_sa.csv,54,99.73752566250887,98.24870469835069
955,MBC_sa.csv,55,100.25906399813566,97.92574225531683
956,MBC_sa.csv,56,100.08812630393288,97.73886956108942
957,MBC_sa.csv,57,99.90548276034268,98.09555901421442
958,MBC_sa.csv,58,99.627385226163,97.79535590277777
959,MBC_sa.csv,59,99.92722417658025,97.7748268975152
960,MBC_sa.csv,60,99.47168731689453,98.34701877170139
961,MBC_sa.csv,61,99.7597217906605,98.4836934407552
962,MBC_sa.csv,62,99.70628745339134,97.66193474663629
963,MBC_sa.csv,63,99.73018452037465,97.7561280992296
964,MBC_sa.csv,64,99.72063543146307,97.70653025309245
965,MBC_sa.csv,65,99.6790589766069,97.66504499647353
966,MBC_sa.csv,66,99.5406226418235,97.5838868882921
967,MBC_sa.csv,67,99.50464116876776,97.65706041124132
968,MBC_sa.csv,68,99.50453629927202,97.77324676513672
969,MBC_sa.csv,69,99.83396786776456,97.62681155734592
970,MBC_sa.csv,70,99.47559953169389,97.60539669460721
971,MBC_sa.csv,71,99.67369759299538,97.57978227403429
972,MBC_sa.csv,72,99.605490805886,97.59637959798177
973,MBC_sa.csv,73,99.45860997980292,97.52375200059679
974,MBC_sa.csv,74,99.42693287242543,97.65810648600261
975,MBC_sa.csv,75,99.50092274058949,97.66588846842448
976,MBC_sa.csv,76,99.4530122236772,97.61921691894531
977,MBC_sa.csv,77,99.63444851962002,97.59883371988933
978,MBC_sa.csv,78,99.65251450972123,97.61795128716363
979,MBC_sa.csv,79,99.3003545587713,97.57135518391927
980,MBC_sa.csv,80,99.44233856201171,97.58973863389757
981,MBC_sa.csv,81,99.46914978027344,97.55819702148438
982,MBC_sa.csv,82,99.37027081576261,97.53006574842665
983,MBC_sa.csv,83,99.11326113614169,97.53292931450738
984,MBC_sa.csv,84,99.47440698797053,97.50127410888672
985,MBC_sa.csv,85,99.3776239568537,97.52125295003255
986,MBC_sa.csv,86,99.35641756924716,97.55320994059245
987,MBC_sa.csv,87,99.36200145374644,97.51702202690973
988,MBC_sa.csv,88,99.71507804177024,97.49362691243489
989,MBC_sa.csv,89,99.33949695933948,97.50592380099826
990,MBC_sa.csv,90,99.40596257990057,97.50482771131728
991,MBC_sa.csv,91,99.27259896018289,97.49293348524306
992,MBC_sa.csv,92,99.50711253773082,97.49334971110027
993,MBC_sa.csv,93,99.29952572909268,97.50801340738933
994,MBC_sa.csv,94,99.34969177246094,97.51256815592448
995,MBC_sa.csv,95,99.38192846124822,97.50253211127387
996,MBC_sa.csv,96,99.34449490633878,97.4989768134223
997,MBC_sa.csv,97,99.34490772594106,97.49615902370877
998,MBC_sa.csv,98,99.31379644220526,97.49455685085721
999,MBC_sa.csv,99,99.3652723832564,97.49525536431207
1000,MBC_sa.csv,100,99.17821058793501,97.49553595648871
1001,KBS_KangNeung.csv,1,246.70396922718396,181.03414069281683
1002,KBS_KangNeung.csv,2,151.72576834938744,151.47466023763022
1003,KBS_KangNeung.csv,3,133.38279377330434,142.775143093533
1004,KBS_KangNeung.csv,4,124.29546397816051,132.58978441026477
1005,KBS_KangNeung.csv,5,119.00870083895596,129.62601131863065
1006,KBS_KangNeung.csv,6,116.22111150568182,126.96259646945529
1007,KBS_KangNeung.csv,7,112.74124950062145,123.42249128553603
1008,KBS_KangNeung.csv,8,109.60075961026278,120.54753875732422
1009,KBS_KangNeung.csv,9,106.31459600275213,116.8826658460829
1010,KBS_KangNeung.csv,10,104.67664059725675,115.2737808227539
1011,KBS_KangNeung.csv,11,103.20215398615056,114.12392849392361
1012,KBS_KangNeung.csv,12,102.08485502763229,112.79485236273871
1013,KBS_KangNeung.csv,13,101.48215775923295,112.30511305067274
1014,KBS_KangNeung.csv,14,100.22995133833452,111.41942681206598
1015,KBS_KangNeung.csv,15,99.54259185791015,110.52803802490234
1016,KBS_KangNeung.csv,16,99.29598444158381,109.84489271375868
1017,KBS_KangNeung.csv,17,98.51617695201527,109.55921681722005
1018,KBS_KangNeung.csv,18,97.87028447931463,110.25194973415799
1019,KBS_KangNeung.csv,19,97.91895432905717,111.38365936279297
1020,KBS_KangNeung.csv,20,97.65292178067294,109.14393870035808
1021,KBS_KangNeung.csv,21,97.1428892655806,108.20582580566406
1022,KBS_KangNeung.csv,22,96.92064063332298,111.16373528374567
1023,KBS_KangNeung.csv,23,96.99767414439808,107.43971082899306
1024,KBS_KangNeung.csv,24,96.58182456276633,107.11534881591797
1025,KBS_KangNeung.csv,25,96.49353082830255,110.16827901204427
1026,KBS_KangNeung.csv,26,96.13458140980114,106.69007195366754
1027,KBS_KangNeung.csv,27,96.59960209239613,107.6192643907335
1028,KBS_KangNeung.csv,28,96.05666614879262,106.56163533528645
1029,KBS_KangNeung.csv,29,95.3472742947665,109.5075217352973
1030,KBS_KangNeung.csv,30,95.5326936895197,106.81449381510417
1031,KBS_KangNeung.csv,31,95.18620008988815,107.6834716796875
1032,KBS_KangNeung.csv,32,95.21007926247337,106.85708872477214
1033,KBS_KangNeung.csv,33,94.63355379971591,105.11160278320312
1034,KBS_KangNeung.csv,34,94.58129952170633,105.01028272840712
1035,KBS_KangNeung.csv,35,94.35388058749112,105.13337707519531
1036,KBS_KangNeung.csv,36,94.00369186401367,104.77857123480902
1037,KBS_KangNeung.csv,37,94.16245401555841,105.00209130181207
1038,KBS_KangNeung.csv,38,94.02250740744851,106.09409925672743
1039,KBS_KangNeung.csv,39,94.1277211969549,104.4172829522027
1040,KBS_KangNeung.csv,40,93.8385007684881,105.32474178738065
1041,KBS_KangNeung.csv,41,93.69171406139027,104.15067715115018
1042,KBS_KangNeung.csv,42,93.64873733520508,105.86011844211154
1043,KBS_KangNeung.csv,43,93.57052945223721,104.90025583902995
1044,KBS_KangNeung.csv,44,93.33099032315342,104.49072689480252
1045,KBS_KangNeung.csv,45,93.75451632412997,103.99935319688585
1046,KBS_KangNeung.csv,46,93.36741679798473,104.62359195285373
1047,KBS_KangNeung.csv,47,93.62860918912021,103.6092266506619
1048,KBS_KangNeung.csv,48,92.99091297496449,105.0977045694987
1049,KBS_KangNeung.csv,49,93.56679937189276,105.51751369900174
1050,KBS_KangNeung.csv,50,93.14489038640802,103.99005889892578
1051,KBS_KangNeung.csv,51,93.52231362082742,104.01473829481337
1052,KBS_KangNeung.csv,52,93.02907028198243,104.59180365668402
1053,KBS_KangNeung.csv,53,93.3605058149858,103.18232811821832
1054,KBS_KangNeung.csv,54,92.69645191539418,103.27400970458984
1055,KBS_KangNeung.csv,55,92.9187955682928,104.13460710313585
1056,KBS_KangNeung.csv,56,92.70524722012607,103.16265106201172
1057,KBS_KangNeung.csv,57,92.78849501176315,103.7792477077908
1058,KBS_KangNeung.csv,58,92.93180757002396,102.90663486056857
1059,KBS_KangNeung.csv,59,92.62985382080078,103.17428673638238
1060,KBS_KangNeung.csv,60,92.73598507967863,104.63388231065538
1061,KBS_KangNeung.csv,61,92.77186293168502,103.24207221137152
1062,KBS_KangNeung.csv,62,92.55661503184925,103.48946465386285
1063,KBS_KangNeung.csv,63,92.39119325117632,102.91369967990451
1064,KBS_KangNeung.csv,64,92.24268791892312,102.78529612223308
1065,KBS_KangNeung.csv,65,92.57538972334429,102.63741302490234
1066,KBS_KangNeung.csv,66,92.46610149036755,102.98081461588542
1067,KBS_KangNeung.csv,67,92.5112188165838,102.6894768608941
1068,KBS_KangNeung.csv,68,92.04277510209518,103.03169589572482
1069,KBS_KangNeung.csv,69,92.07087756070224,102.78033023410373
1070,KBS_KangNeung.csv,70,92.05980557528409,102.55635494656033
1071,KBS_KangNeung.csv,71,92.27324177135121,102.77202860514323
1072,KBS_KangNeung.csv,72,92.30843138261275,102.92549133300781
1073,KBS_KangNeung.csv,73,92.33099517822265,103.39244249131944
1074,KBS_KangNeung.csv,74,92.0678054115989,102.59705691867404
1075,KBS_KangNeung.csv,75,91.98845589377663,103.37951066758897
1076,KBS_KangNeung.csv,76,92.158229897239,103.01195949978299
1077,KBS_KangNeung.csv,77,92.08281541304154,102.7705815633138
1078,KBS_KangNeung.csv,78,92.06260570179333,102.60696834988065
1079,KBS_KangNeung.csv,79,92.06552290482955,102.51339213053386
1080,KBS_KangNeung.csv,80,92.13995527787642,102.83789147271051
1081,KBS_KangNeung.csv,81,91.87523942427201,102.60700564914279
1082,KBS_KangNeung.csv,82,92.1322306546298,102.43925476074219
1083,KBS_KangNeung.csv,83,92.11203106966886,102.41228569878473
1084,KBS_KangNeung.csv,84,92.11285511363636,102.42489793565538
1085,KBS_KangNeung.csv,85,92.15364282781428,102.62805091010199
1086,KBS_KangNeung.csv,86,91.85516371293501,102.49688212076823
1087,KBS_KangNeung.csv,87,91.80075496326793,102.48641628689236
1088,KBS_KangNeung.csv,88,92.16096669977361,102.5443606906467
1089,KBS_KangNeung.csv,89,92.15743283358488,102.42325592041016
1090,KBS_KangNeung.csv,90,91.98450886119495,102.5131607055664
1091,KBS_KangNeung.csv,91,91.79894395308061,102.51372951931424
1092,KBS_KangNeung.csv,92,92.05755823308772,102.62611050075955
1093,KBS_KangNeung.csv,93,91.88330730091442,102.55564880371094
1094,KBS_KangNeung.csv,94,91.89251528653232,102.49906582302518
1095,KBS_KangNeung.csv,95,92.00727962147106,102.52073669433594
1096,KBS_KangNeung.csv,96,91.83929935802112,102.50914933946397
1097,KBS_KangNeung.csv,97,91.97135758833451,102.50521172417535
1098,KBS_KangNeung.csv,98,92.01764873157848,102.50066206190321
1099,KBS_KangNeung.csv,99,91.95075364546342,102.50740475124783
1100,KBS_KangNeung.csv,100,91.64033036665482,102.50325944688585
1101,MBC_KangNeung.csv,1,78.86751736727628,76.4678128560384
1102,MBC_KangNeung.csv,2,78.16120910644531,74.1125005086263
1103,MBC_KangNeung.csv,3,77.57979979081587,73.96153810289171
1104,MBC_KangNeung.csv,4,77.77202661687677,74.48218621148004
1105,MBC_KangNeung.csv,5,77.89193108298562,75.34196938408746
1106,MBC_KangNeung.csv,6,77.98536467118697,74.05135726928711
1107,MBC_KangNeung.csv,7,77.75423792058771,74.51245795355902
1108,MBC_KangNeung.csv,8,77.49221101240678,74.0808948940701
1109,MBC_KangNeung.csv,9,77.29591133811257,73.75223075018988
1110,MBC_KangNeung.csv,10,77.4007516340776,74.81126573350694
1111,MBC_KangNeung.csv,11,77.57237049449574,73.88796912299262
1112,MBC_KangNeung.csv,12,77.81859872991389,73.56609344482422
1113,MBC_KangNeung.csv,13,77.40495369651101,75.09443876478407
1114,MBC_KangNeung.csv,14,78.02306303544478,74.06606504652235
1115,MBC_KangNeung.csv,15,77.41938296231356,74.4861814710829
1116,MBC_KangNeung.csv,16,76.80880120017312,73.80111100938585
1117,MBC_KangNeung.csv,17,77.02191134366122,73.52897220187717
1118,MBC_KangNeung.csv,18,77.33388255726207,73.86168840196397
1119,MBC_KangNeung.csv,19,76.60046338168057,73.32158279418945
1120,MBC_KangNeung.csv,20,77.28368308327414,73.53842968410916
1121,MBC_KangNeung.csv,21,77.09175061312588,75.31504185994466
1122,MBC_KangNeung.csv,22,76.88837606256658,73.32914182874892
1123,MBC_KangNeung.csv,23,76.68945811878551,73.43480851915147
1124,MBC_KangNeung.csv,24,77.11946043534712,74.234556833903
1125,MBC_KangNeung.csv,25,76.8253549749201,73.33097966512044
1126,MBC_KangNeung.csv,26,76.6662826538086,73.9215931362576
1127,MBC_KangNeung.csv,27,76.76212442571466,73.58422809176975
1128,MBC_KangNeung.csv,28,76.60907752297142,73.85917366875543
1129,MBC_KangNeung.csv,29,76.7212894786488,73.4082383049859
1130,MBC_KangNeung.csv,30,76.71873155073686,73.2148929172092
1131,MBC_KangNeung.csv,31,76.47605625499378,73.17115995619032
1132,MBC_KangNeung.csv,32,76.71465495716441,74.0831527709961
1133,MBC_KangNeung.csv,33,77.3924396168102,75.24668629964192
1134,MBC_KangNeung.csv,34,76.92534568093039,73.32554753621419
1135,MBC_KangNeung.csv,35,77.08907796686346,72.98681089613173
1136,MBC_KangNeung.csv,36,76.51826407692649,73.25844531589084
1137,MBC_KangNeung.csv,37,76.62362691705877,73.34511820475261
1138,MBC_KangNeung.csv,38,76.72713921286844,73.21464665730794
1139,MBC_KangNeung.csv,39,76.3430283979936,73.00093375311957
1140,MBC_KangNeung.csv,40,76.3587601401589,73.00277921888564
1141,MBC_KangNeung.csv,41,77.13607094504617,73.29713355170355
1142,MBC_KangNeung.csv,42,76.535174629905,74.02318276299371
1143,MBC_KangNeung.csv,43,76.64182510375977,72.81738154093425
1144,MBC_KangNeung.csv,44,76.4839202187278,73.64389885796442
1145,MBC_KangNeung.csv,45,76.64921264648437,72.7853045993381
1146,MBC_KangNeung.csv,46,76.42452912764115,72.9817648993598
1147,MBC_KangNeung.csv,47,76.24123895818536,73.5931019253201
1148,MBC_KangNeung.csv,48,76.97384449351918,74.96630477905273
1149,MBC_KangNeung.csv,49,76.31141163219105,73.30737982855902
1150,MBC_KangNeung.csv,50,76.3779281616211,72.72795316908095
1151,MBC_KangNeung.csv,51,76.31140122847124,72.87303797403972
1152,MBC_KangNeung.csv,52,76.90806101018732,73.13451936509874
1153,MBC_KangNeung.csv,53,76.14657891013405,72.92343393961589
1154,MBC_KangNeung.csv,54,76.18271581476385,72.8556760152181
1155,MBC_KangNeung.csv,55,76.48796740445223,73.3424678378635
1156,MBC_KangNeung.csv,56,76.29586313421076,73.18621656629774
1157,MBC_KangNeung.csv,57,76.29244953502308,72.63025919596355
1158,MBC_KangNeung.csv,58,76.10003884055398,72.68872663709853
1159,MBC_KangNeung.csv,59,76.26271813132546,72.82724719577365
1160,MBC_KangNeung.csv,60,76.2166298606179,72.69553671942816
1161,MBC_KangNeung.csv,61,76.20973267988725,72.59899054633246
1162,MBC_KangNeung.csv,62,76.11122478138317,72.64738421969943
1163,MBC_KangNeung.csv,63,76.06680977561257,73.10337490505643
1164,MBC_KangNeung.csv,64,76.05619791204279,72.87632497151692
1165,MBC_KangNeung.csv,65,76.02587918368253,72.63668653700087
1166,MBC_KangNeung.csv,66,76.1850019975142,72.71371417575412
1167,MBC_KangNeung.csv,67,75.94762295809659,72.56387117173936
1168,MBC_KangNeung.csv,68,76.12124065052379,72.56368001302083
1169,MBC_KangNeung.csv,69,75.96652748801492,72.61860444810655
1170,MBC_KangNeung.csv,70,76.14114601828835,72.70991982354059
1171,MBC_KangNeung.csv,71,75.92378845214844,72.59732437133789
1172,MBC_KangNeung.csv,72,75.94450426968662,72.7206073337131
1173,MBC_KangNeung.csv,73,76.01338015469638,72.52191543579102
1174,MBC_KangNeung.csv,74,75.93701830777255,72.64279217190213
1175,MBC_KangNeung.csv,75,75.76819964322176,72.60641267564561
1176,MBC_KangNeung.csv,76,76.03892066261984,72.78841824001736
1177,MBC_KangNeung.csv,77,75.85126086148348,72.67019780476888
1178,MBC_KangNeung.csv,78,75.86701438210227,72.61239751180013
1179,MBC_KangNeung.csv,79,75.7206730929288,72.58217536078558
1180,MBC_KangNeung.csv,80,75.98903219049627,72.93384000990126
1181,MBC_KangNeung.csv,81,75.68271581476385,72.68164486355252
1182,MBC_KangNeung.csv,82,75.70333473899147,72.71251424153645
1183,MBC_KangNeung.csv,83,75.94839505282316,72.65440495808919
1184,MBC_KangNeung.csv,84,75.75812114368786,72.61728710598416
1185,MBC_KangNeung.csv,85,75.9244060863148,72.64976459079318
1186,MBC_KangNeung.csv,86,75.90829856178978,72.60241995917426
1187,MBC_KangNeung.csv,87,75.78094607266513,72.6261846754286
1188,MBC_KangNeung.csv,88,75.80918565229936,72.6626820034451
1189,MBC_KangNeung.csv,89,75.59164421775124,72.70229975382487
1190,MBC_KangNeung.csv,90,75.73115178888494,72.57788382636176
1191,MBC_KangNeung.csv,91,75.66300659179687,72.6082534790039
1192,MBC_KangNeung.csv,92,75.79510317715732,72.60709042019315
1193,MBC_KangNeung.csv,93,75.71457491787997,72.6073866950141
1194,MBC_KangNeung.csv,94,75.83032843849875,72.59208679199219
1195,MBC_KangNeung.csv,95,75.78728505914862,72.62251069810655
1196,MBC_KangNeung.csv,96,75.84658688631924,72.62025790744357
1197,MBC_KangNeung.csv,97,75.67268121892755,72.60874048868816
1198,MBC_KangNeung.csv,98,75.80869050459428,72.60801357693143
1199,MBC_KangNeung.csv,99,75.74686272361062,72.61054441663954
1200,MBC_KangNeung.csv,100,75.68864926424894,72.60580232408311
1201,TBN_DaeGu.csv,1,128.81138250177557,119.47937520345052
1202,TBN_DaeGu.csv,2,118.5950854214755,115.51612938774957
1203,TBN_DaeGu.csv,3,116.66996418346058,116.1554438273112
1204,TBN_DaeGu.csv,4,115.24478399103339,114.51652018229167
1205,TBN_DaeGu.csv,5,114.59745247580788,114.46703677707248
1206,TBN_DaeGu.csv,6,114.62600597034802,113.92492167154948
1207,TBN_DaeGu.csv,7,114.54401342218573,114.11277770996094
1208,TBN_DaeGu.csv,8,114.49322856556286,116.19103156195746
1209,TBN_DaeGu.csv,9,113.76838531494141,114.56441752115886
1210,TBN_DaeGu.csv,10,113.91395638205789,113.1609641181098
1211,TBN_DaeGu.csv,11,113.20404982133346,114.77369266086154
1212,TBN_DaeGu.csv,12,113.50679723566229,113.03939310709636
1213,TBN_DaeGu.csv,13,113.58676383278586,112.91307746039496
1214,TBN_DaeGu.csv,14,112.88282082297586,114.69329494900174
1215,TBN_DaeGu.csv,15,113.39972672895952,112.95498318142361
1216,TBN_DaeGu.csv,16,113.24406294389205,113.87245262993707
1217,TBN_DaeGu.csv,17,112.58643035888672,114.07967461480035
1218,TBN_DaeGu.csv,18,112.97244179465554,113.2206565009223
1219,TBN_DaeGu.csv,19,112.69592756791549,112.39367251925998
1220,TBN_DaeGu.csv,20,112.62291564941407,112.52261691623264
1221,TBN_DaeGu.csv,21,112.37638605291193,112.62310282389323
1222,TBN_DaeGu.csv,22,112.45354281338778,113.6169899834527
1223,TBN_DaeGu.csv,23,111.60632601651278,112.21213701036241
1224,TBN_DaeGu.csv,24,112.12112967751243,112.29235755072699
1225,TBN_DaeGu.csv,25,111.8813495982777,112.21100192599826
1226,TBN_DaeGu.csv,26,111.86920485063033,112.09127638075087
1227,TBN_DaeGu.csv,27,111.81418831565163,112.54102494981554
1228,TBN_DaeGu.csv,28,111.83824449018998,112.01336585150824
1229,TBN_DaeGu.csv,29,111.56111658269708,113.81075795491536
1230,TBN_DaeGu.csv,30,111.9149278120561,112.33240848117404
1231,TBN_DaeGu.csv,31,111.38621604225852,111.69535742865668
1232,TBN_DaeGu.csv,32,111.47759982022372,111.63618469238281
1233,TBN_DaeGu.csv,33,111.10700752951882,111.98095957438152
1234,TBN_DaeGu.csv,34,111.62723569003019,111.96087222629123
1235,TBN_DaeGu.csv,35,111.26406111283735,111.58267381456163
1236,TBN_DaeGu.csv,36,111.09662739146839,112.81688520643446
1237,TBN_DaeGu.csv,37,111.0708848433061,111.52135213216145
1238,TBN_DaeGu.csv,38,111.13730780861594,111.47835795084636
1239,TBN_DaeGu.csv,39,110.82196072665128,112.39066145155165
1240,TBN_DaeGu.csv,40,110.99995755282315,111.70184580485027
1241,TBN_DaeGu.csv,41,110.71349237615412,111.38605584038629
1242,TBN_DaeGu.csv,42,110.55828385786576,111.2724100748698
1243,TBN_DaeGu.csv,43,110.53346807306463,111.98123508029514
1244,TBN_DaeGu.csv,44,110.2874526977539,111.35103013780382
1245,TBN_DaeGu.csv,45,110.65238647460937,111.12418195936415
1246,TBN_DaeGu.csv,46,110.377922335538,111.25513712565105
1247,TBN_DaeGu.csv,47,110.26681185635654,111.4127443101671
1248,TBN_DaeGu.csv,48,110.63404610373757,111.74606238471137
1249,TBN_DaeGu.csv,49,110.33600352894176,111.41628858778212
1250,TBN_DaeGu.csv,50,110.41197398792613,111.01684061686198
1251,TBN_DaeGu.csv,51,110.35461522882635,111.08735741509332
1252,TBN_DaeGu.csv,52,110.38886982310902,111.35485076904297
1253,TBN_DaeGu.csv,53,109.92224343039773,111.09817589653863
1254,TBN_DaeGu.csv,54,110.13923797607421,111.0752190483941
1255,TBN_DaeGu.csv,55,109.9995074185458,111.22134738498264
1256,TBN_DaeGu.csv,56,110.3963456587358,110.85961151123047
1257,TBN_DaeGu.csv,57,110.09635953036222,112.23743947347005
1258,TBN_DaeGu.csv,58,110.19088370583275,111.08831702338324
1259,TBN_DaeGu.csv,59,110.21794142289595,111.0464842054579
1260,TBN_DaeGu.csv,60,109.74324132745916,110.85895877414279
1261,TBN_DaeGu.csv,61,110.248869601163,111.45770857069228
1262,TBN_DaeGu.csv,62,110.05254738547585,111.02839999728732
1263,TBN_DaeGu.csv,63,109.88151189630682,110.67430453830295
1264,TBN_DaeGu.csv,64,109.9963549527255,111.13830312093098
1265,TBN_DaeGu.csv,65,110.10637553821911,110.7193111843533
1266,TBN_DaeGu.csv,66,109.89906116832387,110.74014112684462
1267,TBN_DaeGu.csv,67,109.80150701349432,110.67865837944879
1268,TBN_DaeGu.csv,68,109.60874397971413,110.81915283203125
1269,TBN_DaeGu.csv,69,109.7990106756037,110.73283131917317
1270,TBN_DaeGu.csv,70,109.47975463867188,110.65334574381511
1271,TBN_DaeGu.csv,71,109.88626084761187,111.62684885660808
1272,TBN_DaeGu.csv,72,109.62793371027166,110.6878153483073
1273,TBN_DaeGu.csv,73,109.62983551025391,110.96179453531902
1274,TBN_DaeGu.csv,74,109.74170781915838,110.60532972547743
1275,TBN_DaeGu.csv,75,109.66130967573686,110.91003163655598
1276,TBN_DaeGu.csv,76,109.4854438088157,110.86381954616971
1277,TBN_DaeGu.csv,77,109.45672635165128,110.63760121663411
1278,TBN_DaeGu.csv,78,109.63917347301137,110.60045962863498
1279,TBN_DaeGu.csv,79,109.62119307084517,110.92371877034505
1280,TBN_DaeGu.csv,80,109.94581187855114,110.8602277967665
1281,TBN_DaeGu.csv,81,109.59274819113992,110.66595967610677
1282,TBN_DaeGu.csv,82,109.55185574618253,110.64557393391927
1283,TBN_DaeGu.csv,83,109.63750873912464,110.61998240152995
1284,TBN_DaeGu.csv,84,109.51519706032492,110.58651140001085
1285,TBN_DaeGu.csv,85,109.29262605146928,110.56736161973741
1286,TBN_DaeGu.csv,86,109.53108021129262,110.58992852105035
1287,TBN_DaeGu.csv,87,109.20693997469816,110.59525638156467
1288,TBN_DaeGu.csv,88,109.33756880326705,110.57353040907118
1289,TBN_DaeGu.csv,89,109.61650418368252,110.56252712673611
1290,TBN_DaeGu.csv,90,109.53405449607156,110.58003997802734
1291,TBN_DaeGu.csv,91,109.43790838068182,110.59541829427083
1292,TBN_DaeGu.csv,92,109.375810657848,110.57737477620442
1293,TBN_DaeGu.csv,93,109.5359208540483,110.5763693915473
1294,TBN_DaeGu.csv,94,109.35604303533381,110.57795121934679
1295,TBN_DaeGu.csv,95,109.76131286621094,110.57967037624783
1296,TBN_DaeGu.csv,96,109.22094518488103,110.5746841430664
1297,TBN_DaeGu.csv,97,109.20347345525568,110.57374064127605
1298,TBN_DaeGu.csv,98,109.37506367076527,110.57123904758029
1299,TBN_DaeGu.csv,99,109.61776816628196,110.56969536675348
1300,TBN_DaeGu.csv,100,109.58415666060014,110.5689943101671
1301,TBC_DaeGu.csv,1,116.21869062943892,115.52244313557942
1302,TBC_DaeGu.csv,2,110.64499983354048,114.82675001356337
1303,TBC_DaeGu.csv,3,110.63364923650568,114.65620930989583
1304,TBC_DaeGu.csv,4,110.08694610595703,114.27386050754123
1305,TBC_DaeGu.csv,5,110.31172526966442,115.08039177788629
1306,TBC_DaeGu.csv,6,109.8745771928267,114.13724433051215
1307,TBC_DaeGu.csv,7,110.12571744051847,114.47958882649739
1308,TBC_DaeGu.csv,8,109.75590404163708,115.37854258219402
1309,TBC_DaeGu.csv,9,110.435678655451,116.46320512559679
1310,TBC_DaeGu.csv,10,111.06119911887428,114.27058749728732
1311,TBC_DaeGu.csv,11,109.99342165860263,114.1482671101888
1312,TBC_DaeGu.csv,12,110.56187314120206,114.83373769124348
1313,TBC_DaeGu.csv,13,109.94642167524857,114.30766974555121
1314,TBC_DaeGu.csv,14,109.48257876309482,114.40964762369792
1315,TBC_DaeGu.csv,15,109.86573736017401,114.31839328342014
1316,TBC_DaeGu.csv,16,109.93461705988103,114.25625610351562
1317,TBC_DaeGu.csv,17,109.5315170288086,113.89429982503255
1318,TBC_DaeGu.csv,18,109.50682761452414,113.8843256632487
1319,TBC_DaeGu.csv,19,109.51213878284801,114.31016031901042
1320,TBC_DaeGu.csv,20,110.46157171075994,114.1761720445421
1321,TBC_DaeGu.csv,21,109.39606975208629,113.91182878282335
1322,TBC_DaeGu.csv,22,109.27603177157316,114.71870422363281
1323,TBC_DaeGu.csv,23,109.60193980823864,114.28215874565973
1324,TBC_DaeGu.csv,24,110.09061265425248,114.1177486843533
1325,TBC_DaeGu.csv,25,109.27739646218039,114.53567504882812
1326,TBC_DaeGu.csv,26,109.2587735262784,114.3643536037869
1327,TBC_DaeGu.csv,27,109.40603693181818,113.66545698377821
1328,TBC_DaeGu.csv,28,109.2952388416637,113.70392354329427
1329,TBC_DaeGu.csv,29,110.39560560746627,114.05826229519315
1330,TBC_DaeGu.csv,30,109.17911917946556,117.81712002224393
1331,TBC_DaeGu.csv,31,109.54022078080611,113.79020860460069
1332,TBC_DaeGu.csv,32,109.06047321666371,114.1951658460829
1333,TBC_DaeGu.csv,33,109.28574829101562,113.95854017469618
1334,TBC_DaeGu.csv,34,109.40450966574929,113.65024651421442
1335,TBC_DaeGu.csv,35,109.11749988902699,114.51310899522569
1336,TBC_DaeGu.csv,36,109.31103154962713,114.02406056722005
1337,TBC_DaeGu.csv,37,108.99371643066407,113.53851572672527
1338,TBC_DaeGu.csv,38,108.86431232799183,113.41973283555772
1339,TBC_DaeGu.csv,39,109.29579745205966,113.53715091281467
1340,TBC_DaeGu.csv,40,109.0404320456765,113.98533376057942
1341,TBC_DaeGu.csv,41,108.9791279185902,113.80841827392578
1342,TBC_DaeGu.csv,42,109.12827994606711,115.22752295600043
1343,TBC_DaeGu.csv,43,109.6285733309659,114.73876698811848
1344,TBC_DaeGu.csv,44,108.83482513427734,113.9475360446506
1345,TBC_DaeGu.csv,45,109.0951225974343,113.9580586751302
1346,TBC_DaeGu.csv,46,108.81755814985796,113.6399900648329
1347,TBC_DaeGu.csv,47,108.94775806773792,113.63049909803603
1348,TBC_DaeGu.csv,48,108.69262778542259,114.43765343560113
1349,TBC_DaeGu.csv,49,109.23370763605291,113.47583092583551
1350,TBC_DaeGu.csv,50,108.73293609619141,113.63721211751302
1351,TBC_DaeGu.csv,51,109.16706778786399,114.53836483425565
1352,TBC_DaeGu.csv,52,109.00058704723011,113.40658484564887
1353,TBC_DaeGu.csv,53,108.8909691550515,113.46612803141277
1354,TBC_DaeGu.csv,54,108.6831430608576,113.51721869574652
1355,TBC_DaeGu.csv,55,108.5511908791282,113.05700598822699
1356,TBC_DaeGu.csv,56,108.24771770130505,113.34117211235895
1357,TBC_DaeGu.csv,57,108.28841705322266,113.56122673882379
1358,TBC_DaeGu.csv,58,108.95251589688388,113.29425218370226
1359,TBC_DaeGu.csv,59,108.49327961314808,113.25618404812283
1360,TBC_DaeGu.csv,60,108.66100560968573,113.32537587483723
1361,TBC_DaeGu.csv,61,108.48899799693714,113.30897861056857
1362,TBC_DaeGu.csv,62,108.33693251176314,113.239015367296
1363,TBC_DaeGu.csv,63,108.54927936900745,113.13982899983723
1364,TBC_DaeGu.csv,64,108.5351670698686,113.11707390679254
1365,TBC_DaeGu.csv,65,108.43382984508168,112.99161783854167
1366,TBC_DaeGu.csv,66,108.46806113503196,113.18055131700304
1367,TBC_DaeGu.csv,67,108.33972223455255,113.18455590142145
1368,TBC_DaeGu.csv,68,108.33595428466796,113.0732913547092
1369,TBC_DaeGu.csv,69,108.2533954967152,113.13459608289931
1370,TBC_DaeGu.csv,70,108.27304853959517,113.12031809488933
1371,TBC_DaeGu.csv,71,108.33555824973367,113.15925428602431
1372,TBC_DaeGu.csv,72,108.1319029374556,113.17339833577473
1373,TBC_DaeGu.csv,73,108.36651611328125,113.06929355197482
1374,TBC_DaeGu.csv,74,108.15817982066761,113.2427512274848
1375,TBC_DaeGu.csv,75,108.30614790482954,113.06951395670573
1376,TBC_DaeGu.csv,76,108.1320591319691,113.05206468370226
1377,TBC_DaeGu.csv,77,108.2090169733221,113.10930887858073
1378,TBC_DaeGu.csv,78,108.20804235284979,113.09583621554904
1379,TBC_DaeGu.csv,79,108.0402227228338,113.16969384087457
1380,TBC_DaeGu.csv,80,108.13097645152699,113.01175011528863
1381,TBC_DaeGu.csv,81,108.22843905362215,113.05128902859158
1382,TBC_DaeGu.csv,82,108.20928386341441,113.02538045247395
1383,TBC_DaeGu.csv,83,108.14753320867365,113.06259494357639
1384,TBC_DaeGu.csv,84,108.02418088045987,113.03267076280382
1385,TBC_DaeGu.csv,85,107.96169294877485,113.02633666992188
1386,TBC_DaeGu.csv,86,107.92827633944425,113.04887559678819
1387,TBC_DaeGu.csv,87,108.0750282981179,112.9706785413954
1388,TBC_DaeGu.csv,88,108.16877926913175,112.95854187011719
1389,TBC_DaeGu.csv,89,108.0665151422674,113.0430679321289
1390,TBC_DaeGu.csv,90,107.87508697509766,112.9625015258789
1391,TBC_DaeGu.csv,91,108.1311651056463,112.96441226535373
1392,TBC_DaeGu.csv,92,108.01178255948153,112.95546468098958
1393,TBC_DaeGu.csv,93,108.10930009321733,112.95842403835721
1394,TBC_DaeGu.csv,94,108.1949354691939,112.97762976752387
1395,TBC_DaeGu.csv,95,108.09727325439454,112.97282155354817
1396,TBC_DaeGu.csv,96,108.25274894020774,112.97097524007161
1397,TBC_DaeGu.csv,97,108.00393981933594,112.97276221381293
1398,TBC_DaeGu.csv,98,107.99602300470525,112.9725358751085
1399,TBC_DaeGu.csv,99,108.21134199662642,112.97188822428386
1400,TBC_DaeGu.csv,100,107.98758267489346,112.9725104437934
1401,JeonJu_Radio.csv,1,102.91527404785157,106.05507320827908
1402,JeonJu_Radio.csv,2,101.68269362016157,102.15601857503255
1403,JeonJu_Radio.csv,3,102.13835033069958,103.85881974962022
1404,JeonJu_Radio.csv,4,101.38090834184126,101.66762457953558
1405,JeonJu_Radio.csv,5,100.84995297518644,101.3424801296658
1406,JeonJu_Radio.csv,6,100.80555697354403,101.79601966010199
1407,JeonJu_Radio.csv,7,100.66269364790483,101.19639587402344
1408,JeonJu_Radio.csv,8,100.6850259954279,100.92957221137152
1409,JeonJu_Radio.csv,9,100.70934462113814,101.07232326931424
1410,JeonJu_Radio.csv,10,101.1598392833363,101.28767564561632
1411,JeonJu_Radio.csv,11,100.19418140758168,100.53617774115668
1412,JeonJu_Radio.csv,12,99.94944790926847,100.52785407172308
1413,JeonJu_Radio.csv,13,99.92857388583097,100.4039815266927
1414,JeonJu_Radio.csv,14,99.76763028231534,101.7313215467665
1415,JeonJu_Radio.csv,15,99.56353385231712,100.53009287516277
1416,JeonJu_Radio.csv,16,99.37761743718927,100.49917517768012
1417,JeonJu_Radio.csv,17,99.28764814897018,100.08089447021484
1418,JeonJu_Radio.csv,18,99.36629777388139,100.09307183159723
1419,JeonJu_Radio.csv,19,99.41142716841264,99.93627844916449
1420,JeonJu_Radio.csv,20,99.43988203568892,100.23730129665799
1421,JeonJu_Radio.csv,21,99.06090157248757,99.96539560953777
1422,JeonJu_Radio.csv,22,98.76057226007634,99.90436214870877
1423,JeonJu_Radio.csv,23,99.00237135453658,99.43904876708984
1424,JeonJu_Radio.csv,24,98.65393884832208,102.0889400906033
1425,JeonJu_Radio.csv,25,99.1628545587713,101.79109530978732
1426,JeonJu_Radio.csv,26,99.41272048950195,99.56775665283203
1427,JeonJu_Radio.csv,27,98.70493857643821,99.54504987928603
1428,JeonJu_Radio.csv,28,98.43985762162642,99.48724026150174
1429,JeonJu_Radio.csv,29,98.59524411288174,99.5540534125434
1430,JeonJu_Radio.csv,30,98.70387309681286,99.0765889485677
1431,JeonJu_Radio.csv,31,98.54219110662287,99.89938015407986
1432,JeonJu_Radio.csv,32,98.84359408291904,99.34258694118924
1433,JeonJu_Radio.csv,33,98.38349761962891,99.95389387342665
1434,JeonJu_Radio.csv,34,98.32549133300782,99.0562252468533
1435,JeonJu_Radio.csv,35,98.65833157626065,103.07314046223958
1436,JeonJu_Radio.csv,36,98.30717939897018,98.9495612250434
1437,JeonJu_Radio.csv,37,98.17860606800426,99.28875139024522
1438,JeonJu_Radio.csv,38,98.41615725430576,99.3082512749566
1439,JeonJu_Radio.csv,39,98.1476670698686,98.71445041232639
1440,JeonJu_Radio.csv,40,98.22290094549005,99.28155432807074
1441,JeonJu_Radio.csv,41,98.21605613014914,98.75289154052734
1442,JeonJu_Radio.csv,42,97.99771145907316,98.8818113538954
1443,JeonJu_Radio.csv,43,97.86495749733665,98.89567481146918
1444,JeonJu_Radio.csv,44,98.10016645951704,99.56325107150607
1445,JeonJu_Radio.csv,45,98.26200727982955,99.05443488226996
1446,JeonJu_Radio.csv,46,97.96410217285157,98.70839267306857
1447,JeonJu_Radio.csv,47,98.23180236816407,98.81054009331598
1448,JeonJu_Radio.csv,48,97.87289192893289,98.55228169759114
1449,JeonJu_Radio.csv,49,97.6072816328569,99.86793178982205
1450,JeonJu_Radio.csv,50,97.77978834672408,99.35761600070529
1451,JeonJu_Radio.csv,51,98.05283147638494,99.69486151801215
1452,JeonJu_Radio.csv,52,98.02947568026455,99.22850460476346
1453,JeonJu_Radio.csv,53,97.54521664706144,99.2776836819119
1454,JeonJu_Radio.csv,54,98.30831264149059,98.80908881293402
1455,JeonJu_Radio.csv,55,97.55757460160689,98.56732347276476
1456,JeonJu_Radio.csv,56,97.7550091830167,98.54096561008029
1457,JeonJu_Radio.csv,57,97.46844745982777,98.69041697184245
1458,JeonJu_Radio.csv,58,97.76422465931286,99.54377831353082
1459,JeonJu_Radio.csv,59,97.53762331875888,99.91543409559462
1460,JeonJu_Radio.csv,60,97.61764873157848,98.57953982883029
1461,JeonJu_Radio.csv,61,97.99037267511541,98.27756669786241
1462,JeonJu_Radio.csv,62,97.83302515203303,98.49438137478299
1463,JeonJu_Radio.csv,63,97.58327733820136,98.53169080946181
1464,JeonJu_Radio.csv,64,97.6823784568093,98.58369954427083
1465,JeonJu_Radio.csv,65,97.87909642999823,98.76174587673611
1466,JeonJu_Radio.csv,66,97.2958798495206,98.76163736979167
1467,JeonJu_Radio.csv,67,97.26329942183061,98.66693878173828
1468,JeonJu_Radio.csv,68,97.59019255204635,98.36014048258464
1469,JeonJu_Radio.csv,69,97.45212097167969,98.27719116210938
1470,JeonJu_Radio.csv,70,97.45550176447088,98.30368296305339
1471,JeonJu_Radio.csv,71,97.32411235462536,98.69396379258897
1472,JeonJu_Radio.csv,72,97.16161304820668,98.38797251383464
1473,JeonJu_Radio.csv,73,97.2626127763228,98.72037082248264
1474,JeonJu_Radio.csv,74,97.41623757102273,98.48782263861762
1475,JeonJu_Radio.csv,75,97.3213715986772,98.47324117024739
1476,JeonJu_Radio.csv,76,97.5481088811701,98.17420535617404
1477,JeonJu_Radio.csv,77,97.34053927334872,98.16689724392361
1478,JeonJu_Radio.csv,78,97.32766876220703,98.1615007188585
1479,JeonJu_Radio.csv,79,97.26657811945135,98.18352339002821
1480,JeonJu_Radio.csv,80,97.30592595880682,98.41530439588759
1481,JeonJu_Radio.csv,81,97.42354875044389,98.27328491210938
1482,JeonJu_Radio.csv,82,97.25810186212713,98.50430382622613
1483,JeonJu_Radio.csv,83,97.31280836625533,98.32706281873915
1484,JeonJu_Radio.csv,84,97.14860347401012,98.22821977403429
1485,JeonJu_Radio.csv,85,97.50146734064276,98.2235836452908
1486,JeonJu_Radio.csv,86,97.21154320456765,98.22960747612848
1487,JeonJu_Radio.csv,87,97.28680933172052,98.32391696506076
1488,JeonJu_Radio.csv,88,97.24515034068715,98.27346716986762
1489,JeonJu_Radio.csv,89,97.18870918967507,98.34514872233073
1490,JeonJu_Radio.csv,90,97.21136127818714,98.28150431315105
1491,JeonJu_Radio.csv,91,96.9364458951083,98.31199137369792
1492,JeonJu_Radio.csv,92,97.19589940851385,98.25077819824219
1493,JeonJu_Radio.csv,93,97.2039237282493,98.28699069552951
1494,JeonJu_Radio.csv,94,97.08056876442649,98.33620876736111
1495,JeonJu_Radio.csv,95,97.14200397838246,98.31451500786676
1496,JeonJu_Radio.csv,96,97.44090506813743,98.29321882459853
1497,JeonJu_Radio.csv,97,97.16921705766158,98.29944780137804
1498,JeonJu_Radio.csv,98,97.01980479847302,98.30985514322917
1499,JeonJu_Radio.csv,99,97.13194795088334,98.30839453803168
1500,JeonJu_Radio.csv,100,97.20486068725586,98.31038072374132
1501,KBS_JeonJu.csv,1,86.81284713745117,89.75400119357639
1502,KBS_JeonJu.csv,2,85.7598950472745,88.79931640625
1503,KBS_JeonJu.csv,3,85.30597645152699,88.53196377224393
1504,KBS_JeonJu.csv,4,85.46003945090554,88.35603756374783
1505,KBS_JeonJu.csv,5,85.23550123734908,87.8871095445421
1506,KBS_JeonJu.csv,6,84.89593908136541,87.71174028184679
1507,KBS_JeonJu.csv,7,85.17088109796697,87.6301006740994
1508,KBS_JeonJu.csv,8,84.44058962735262,88.06124962700738
1509,KBS_JeonJu.csv,9,84.55004986849698,87.6221432156033
1510,KBS_JeonJu.csv,10,84.39296285455877,87.54451921251085
1511,KBS_JeonJu.csv,11,84.50977034135299,92.93638610839844
1512,KBS_JeonJu.csv,12,85.39880322543057,87.6701897515191
1513,KBS_JeonJu.csv,13,84.56946508234198,87.47819519042969
1514,KBS_JeonJu.csv,14,84.23976322520863,87.90730539957683
1515,KBS_JeonJu.csv,15,84.4162977738814,87.35372840033637
1516,KBS_JeonJu.csv,16,84.69061057350852,87.64638943142361
1517,KBS_JeonJu.csv,17,84.36597026478161,87.64227210150824
1518,KBS_JeonJu.csv,18,84.40312423706055,87.57781389024522
1519,KBS_JeonJu.csv,19,83.93296196677468,88.88701968722873
1520,KBS_JeonJu.csv,20,84.17547808560458,87.5206069946289
1521,KBS_JeonJu.csv,21,83.81180627996271,86.9793930053711
1522,KBS_JeonJu.csv,22,84.04152339588512,87.03275468614366
1523,KBS_JeonJu.csv,23,84.29948480779474,86.72256130642361
1524,KBS_JeonJu.csv,24,84.1179974642667,87.13362121582031
1525,KBS_JeonJu.csv,25,84.098099379106,88.29623752170139
1526,KBS_JeonJu.csv,26,83.88070692582563,86.99847835964627
1527,KBS_JeonJu.csv,27,83.66361298994585,86.65046691894531
1528,KBS_JeonJu.csv,28,84.19024380770597,86.8783467610677
1529,KBS_JeonJu.csv,29,83.73267225785689,86.68575117323134
1530,KBS_JeonJu.csv,30,83.66818806041371,86.85928005642361
1531,KBS_JeonJu.csv,31,83.61338771473278,86.54528045654297
1532,KBS_JeonJu.csv,32,83.7828380237926,88.68584103054471
1533,KBS_JeonJu.csv,33,83.55598942149769,86.69677480061848
1534,KBS_JeonJu.csv,34,83.58055572509765,87.5347434149848
1535,KBS_JeonJu.csv,35,83.7624850880016,86.87219831678603
1536,KBS_JeonJu.csv,36,83.76675206964666,86.39871893988715
1537,KBS_JeonJu.csv,37,83.65512265292081,86.62715572781033
1538,KBS_JeonJu.csv,38,83.78198034113103,89.02940368652344
1539,KBS_JeonJu.csv,39,84.0734370838512,86.73179711235895
1540,KBS_JeonJu.csv,40,83.49662600430575,87.23140377468533
1541,KBS_JeonJu.csv,41,83.17272449840199,86.47176106770833
1542,KBS_JeonJu.csv,42,83.54662357677113,87.1388693915473
1543,KBS_JeonJu.csv,43,83.30273208618163,86.62131754557292
1544,KBS_JeonJu.csv,44,83.22221041592685,86.37048255072699
1545,KBS_JeonJu.csv,45,83.17656097412109,86.32034047444661
1546,KBS_JeonJu.csv,46,83.16921608664772,86.53792572021484
1547,KBS_JeonJu.csv,47,83.25538323142312,86.14687856038411
1548,KBS_JeonJu.csv,48,83.4132043318315,88.1771002875434
1549,KBS_JeonJu.csv,49,83.36274303089489,86.44645351833768
1550,KBS_JeonJu.csv,50,82.98603210449218,87.35782453748915
1551,KBS_JeonJu.csv,51,83.42249963933772,86.62444814046223
1552,KBS_JeonJu.csv,52,82.79029769897461,86.05517832438152
1553,KBS_JeonJu.csv,53,82.83676313920455,86.49740431043837
1554,KBS_JeonJu.csv,54,83.11749350807884,87.54470486111111
1555,KBS_JeonJu.csv,55,82.8320761940696,86.56021372477214
1556,KBS_JeonJu.csv,56,82.90343510020863,86.5715798272027
1557,KBS_JeonJu.csv,57,82.93711929321289,85.98977576361762
1558,KBS_JeonJu.csv,58,82.85405564741654,86.48107231987848
1559,KBS_JeonJu.csv,59,83.13054774891246,86.54018147786458
1560,KBS_JeonJu.csv,60,82.80155466253107,86.12362077501085
1561,KBS_JeonJu.csv,61,82.89913052645596,86.12448289659288
1562,KBS_JeonJu.csv,62,82.94295286698775,86.27862548828125
1563,KBS_JeonJu.csv,63,82.73351419622247,85.9667502509223
1564,KBS_JeonJu.csv,64,82.91548517400568,86.17117563883464
1565,KBS_JeonJu.csv,65,82.80891210382634,85.97913021511502
1566,KBS_JeonJu.csv,66,82.90373243852095,86.0506125556098
1567,KBS_JeonJu.csv,67,82.64570631547407,85.96690199110243
1568,KBS_JeonJu.csv,68,82.56945870139383,86.2478493584527
1569,KBS_JeonJu.csv,69,82.5599328474565,86.04738532172308
1570,KBS_JeonJu.csv,70,82.60065973455255,85.98254818386502
1571,KBS_JeonJu.csv,71,82.58164443969727,85.94883558485243
1572,KBS_JeonJu.csv,72,82.68868484497071,86.13236321343317
1573,KBS_JeonJu.csv,73,82.50797209306197,86.15131293402777
1574,KBS_JeonJu.csv,74,82.53282234885476,85.8685794406467
1575,KBS_JeonJu.csv,75,82.50534626353871,86.02691480848524
1576,KBS_JeonJu.csv,76,82.53613891601563,86.09810384114583
1577,KBS_JeonJu.csv,77,82.42228393554687,86.27883063422308
1578,KBS_JeonJu.csv,78,82.38134002685547,85.89241875542535
1579,KBS_JeonJu.csv,79,82.4930865201083,85.983642578125
1580,KBS_JeonJu.csv,80,82.53922708684748,85.97016991509332
1581,KBS_JeonJu.csv,81,82.50461314808238,86.04226515028212
1582,KBS_JeonJu.csv,82,82.44359193281694,86.28353797064887
1583,KBS_JeonJu.csv,83,82.49179847023704,85.97901492648654
1584,KBS_JeonJu.csv,84,82.36249008178712,85.99745856391058
1585,KBS_JeonJu.csv,85,82.61126216541638,85.79192606608073
1586,KBS_JeonJu.csv,86,82.39113242409447,85.78641510009766
1587,KBS_JeonJu.csv,87,82.46775609796697,85.79126654730902
1588,KBS_JeonJu.csv,88,82.34890781749378,85.8510030110677
1589,KBS_JeonJu.csv,89,82.4750790682706,85.93187883165147
1590,KBS_JeonJu.csv,90,82.2864748174494,85.82217831081815
1591,KBS_JeonJu.csv,91,82.36728501753373,85.86027357313368
1592,KBS_JeonJu.csv,92,82.34324278397993,85.86434427897136
1593,KBS_JeonJu.csv,93,82.38247902610085,85.86759694417317
1594,KBS_JeonJu.csv,94,82.51411382501776,85.91890547010634
1595,KBS_JeonJu.csv,95,82.53427977128463,85.8800760904948
1596,KBS_JeonJu.csv,96,82.40399780273438,85.85379536946614
1597,KBS_JeonJu.csv,97,82.48830039284447,85.83543735080295
1598,KBS_JeonJu.csv,98,82.45116223421964,85.85149637858073
1599,KBS_JeonJu.csv,99,82.39792022705078,85.85809495713976
1600,KBS_JeonJu.csv,100,82.37504397305575,85.85894351535373
1601,KBS_MokPo.csv,1,53.49595350785689,54.208617740207245
1602,KBS_MokPo.csv,2,49.68672637939453,52.908426920572914
1603,KBS_MokPo.csv,3,48.63455595536666,51.85386700100369
1604,KBS_MokPo.csv,4,48.46533106023615,50.82492531670464
1605,KBS_MokPo.csv,5,48.32200518521395,50.96257019042969
1606,KBS_MokPo.csv,6,47.875958668101916,53.78059599134657
1607,KBS_MokPo.csv,7,48.33173737959428,50.672161950005425
1608,KBS_MokPo.csv,8,47.430693331631744,51.36346011691623
1609,KBS_MokPo.csv,9,47.53146813132546,50.56471294826932
1610,KBS_MokPo.csv,10,47.20478206981312,49.898111979166664
1611,KBS_MokPo.csv,11,46.9550783330744,50.09265391031901
1612,KBS_MokPo.csv,12,46.81461996598677,50.02879291110568
1613,KBS_MokPo.csv,13,46.788940117575905,50.041450924343536
1614,KBS_MokPo.csv,14,46.95971818403764,49.973962995741104
1615,KBS_MokPo.csv,15,47.19189175692472,49.77292124430338
1616,KBS_MokPo.csv,16,46.582192438299,50.537608252631294
1617,KBS_MokPo.csv,17,46.52643727389249,49.39113532172309
1618,KBS_MokPo.csv,18,46.33220360495827,49.736715952555336
1619,KBS_MokPo.csv,19,46.535439959439366,49.452827029758026
1620,KBS_MokPo.csv,20,46.60996260209517,49.35700946384006
1621,KBS_MokPo.csv,21,46.334014892578125,49.75389268663194
1622,KBS_MokPo.csv,22,46.46505494551225,49.24300045437283
1623,KBS_MokPo.csv,23,46.331473194469105,49.737015618218315
1624,KBS_MokPo.csv,24,46.15573716597124,49.22184202406142
1625,KBS_MokPo.csv,25,46.154506960782136,50.117977142333984
1626,KBS_MokPo.csv,26,46.05911421342329,48.837793562147354
1627,KBS_MokPo.csv,27,45.88570483814586,49.191111670600044
1628,KBS_MokPo.csv,28,45.877738050981,49.40785471598307
1629,KBS_MokPo.csv,29,46.56796049638228,50.00777943929037
1630,KBS_MokPo.csv,30,45.992824138294566,48.78620147705078
1631,KBS_MokPo.csv,31,46.03359444358132,49.71292241414388
1632,KBS_MokPo.csv,32,45.84279892661355,48.61110517713759
1633,KBS_MokPo.csv,33,45.577961245450105,48.808426751030815
1634,KBS_MokPo.csv,34,45.5517690485174,48.61158794826932
1635,KBS_MokPo.csv,35,45.73888300115412,48.70151858859592
1636,KBS_MokPo.csv,36,45.646769506281075,48.443306816948784
1637,KBS_MokPo.csv,37,45.45512383200906,48.87233013576932
1638,KBS_MokPo.csv,38,45.3314657384699,48.867028130425346
1639,KBS_MokPo.csv,39,45.50985624139959,48.37031004163954
1640,KBS_MokPo.csv,40,45.56145685369318,49.04742304484049
1641,KBS_MokPo.csv,41,45.554302701083095,48.75790023803711
1642,KBS_MokPo.csv,42,45.336704115434124,48.52705425686307
1643,KBS_MokPo.csv,43,45.18205608021129,48.2319213019477
1644,KBS_MokPo.csv,44,45.29964121038263,48.47750049167209
1645,KBS_MokPo.csv,45,45.17030896273526,48.49702368842231
1646,KBS_MokPo.csv,46,45.42383949973367,48.61651145087348
1647,KBS_MokPo.csv,47,45.12740280844948,48.131151835123696
1648,KBS_MokPo.csv,48,45.2051064231179,49.00203196207682
1649,KBS_MokPo.csv,49,45.115224768898706,48.162371741400825
1650,KBS_MokPo.csv,50,44.957110075517136,48.12173758612739
1651,KBS_MokPo.csv,51,44.93156783364036,48.00713645087348
1652,KBS_MokPo.csv,52,45.13961344632236,48.398139529758026
1653,KBS_MokPo.csv,53,45.021138208562675,48.14228736029731
1654,KBS_MokPo.csv,54,44.9512864893133,48.42320760091146
1655,KBS_MokPo.csv,55,45.024137323552914,48.406066470675995
1656,KBS_MokPo.csv,56,45.13183871182528,47.97514088948568
1657,KBS_MokPo.csv,57,44.87314716685902,48.01782735188802
1658,KBS_MokPo.csv,58,45.01132437966087,47.99641757541232
1659,KBS_MokPo.csv,59,44.960268471457745,47.89469231499566
1660,KBS_MokPo.csv,60,44.81099673184482,47.86688147650825
1661,KBS_MokPo.csv,61,44.80909298983487,47.89783181084527
1662,KBS_MokPo.csv,62,44.77586683793501,48.0201661851671
1663,KBS_MokPo.csv,63,44.850088917125355,47.94153383043077
1664,KBS_MokPo.csv,64,44.92121810913086,47.903043535020615
1665,KBS_MokPo.csv,65,44.78346148404208,47.88531790839301
1666,KBS_MokPo.csv,66,44.76245973760432,47.85902065700955
1667,KBS_MokPo.csv,67,44.767054401744495,47.85709423489041
1668,KBS_MokPo.csv,68,44.600066514448685,47.83592096964518
1669,KBS_MokPo.csv,69,44.681561001864345,47.95578469170464
1670,KBS_MokPo.csv,70,44.77039364901456,47.79945203993056
1671,KBS_MokPo.csv,71,44.74535293579102,47.84889560275607
1672,KBS_MokPo.csv,72,44.85978837446733,47.82057020399306
1673,KBS_MokPo.csv,73,44.76177437522195,47.797084384494354
1674,KBS_MokPo.csv,74,44.61706806529652,47.80294672648112
1675,KBS_MokPo.csv,75,44.66995697021484,47.77725177341037
1676,KBS_MokPo.csv,76,44.594392256303266,47.77804480658637
1677,KBS_MokPo.csv,77,44.53244601162997,47.82666269938151
1678,KBS_MokPo.csv,78,44.65367868596857,47.75825712415907
1679,KBS_MokPo.csv,79,44.51212137395685,47.782174004448784
1680,KBS_MokPo.csv,80,44.611709560047494,47.74144024319119
1681,KBS_MokPo.csv,81,44.64599109996449,47.79091771443685
1682,KBS_MokPo.csv,82,44.6009221163663,47.74944644504123
1683,KBS_MokPo.csv,83,44.50720412514426,47.73439831203885
1684,KBS_MokPo.csv,84,44.65035157637163,47.753536224365234
1685,KBS_MokPo.csv,85,44.5491154757413,47.74391301472982
1686,KBS_MokPo.csv,86,44.4613001389937,47.735550774468315
1687,KBS_MokPo.csv,87,44.630080275102095,47.72705756293403
1688,KBS_MokPo.csv,88,44.5656122381037,47.727071126302086
1689,KBS_MokPo.csv,89,44.567678555575284,47.7231936984592
1690,KBS_MokPo.csv,90,44.523113805597475,47.73217519124349
1691,KBS_MokPo.csv,91,44.537790957364166,47.715752919514976
1692,KBS_MokPo.csv,92,44.47080601778897,47.71255874633789
1693,KBS_MokPo.csv,93,44.49951941750266,47.71098921034071
1694,KBS_MokPo.csv,94,44.45321572043679,47.70846854315864
1695,KBS_MokPo.csv,95,44.53595033125444,47.71146816677518
1696,KBS_MokPo.csv,96,44.4199105349454,47.71330430772569
1697,KBS_MokPo.csv,97,44.53265013261275,47.71227688259549
1698,KBS_MokPo.csv,98,44.42219120372425,47.71072557237413
1699,KBS_MokPo.csv,99,44.57536308982156,47.710119035508896
1700,KBS_MokPo.csv,100,44.45218339399858,47.71012157864041
1701,KBS_SunCheon.csv,1,200.0,200.0
1702,KBS_SunCheon.csv,2,200.0,200.0
1703,KBS_SunCheon.csv,3,200.0,200.0
1704,KBS_SunCheon.csv,4,192.0582511208274,198.81119961208768
1705,KBS_SunCheon.csv,5,190.78188448819247,200.8300306532118
1706,KBS_SunCheon.csv,6,190.7351054798473,199.63839213053384
1707,KBS_SunCheon.csv,7,189.87979902787643,197.6656290690104
1708,KBS_SunCheon.csv,8,189.7007460160689,199.2227783203125
1709,KBS_SunCheon.csv,9,191.71129622025924,199.11078559027777
1710,KBS_SunCheon.csv,10,190.15719410289418,199.43086581759982
1711,KBS_SunCheon.csv,11,189.1842146439986,200.38578118218317
1712,KBS_SunCheon.csv,12,189.39661449085582,196.85894097222223
1713,KBS_SunCheon.csv,13,189.10013011585582,198.19603135850696
1714,KBS_SunCheon.csv,14,188.86496415571733,196.62161254882812
1715,KBS_SunCheon.csv,15,188.13976634632456,197.181884765625
1716,KBS_SunCheon.csv,16,189.22994162819603,196.57318454318576
1717,KBS_SunCheon.csv,17,188.10729175914418,196.45571051703558
1718,KBS_SunCheon.csv,18,188.85150340687144,195.76041666666666
1719,KBS_SunCheon.csv,19,188.04555830522017,195.23335435655383
1720,KBS_SunCheon.csv,20,188.4313942649148,196.1413336859809
1721,KBS_SunCheon.csv,21,187.99408652565697,195.1947987874349
1722,KBS_SunCheon.csv,22,187.5777549050071,195.21182420518664
1723,KBS_SunCheon.csv,23,187.3394697709517,195.43108452690973
1724,KBS_SunCheon.csv,24,187.16604558771306,195.0634036593967
1725,KBS_SunCheon.csv,25,187.6131258877841,195.07099066840277
1726,KBS_SunCheon.csv,26,187.79641862349078,195.90632968478732
1727,KBS_SunCheon.csv,27,186.7001301158558,196.23888142903647
1728,KBS_SunCheon.csv,28,187.58757157759234,194.893307156033
1729,KBS_SunCheon.csv,29,187.5505851052024,194.98165045844183
1730,KBS_SunCheon.csv,30,186.89050348455257,194.82882690429688
1731,KBS_SunCheon.csv,31,187.1026300603693,196.23892211914062
1732,KBS_SunCheon.csv,32,186.79501398259944,194.5392778184679
1733,KBS_SunCheon.csv,33,186.7756602894176,194.122073703342
1734,KBS_SunCheon.csv,34,186.6683671431108,200.85681321885852
1735,KBS_SunCheon.csv,35,186.98920621004973,195.21161905924478
1736,KBS_SunCheon.csv,36,186.91245949485085,193.75201246473523
1737,KBS_SunCheon.csv,37,186.77642905495384,193.83410814073352
1738,KBS_SunCheon.csv,38,186.39056479714134,194.06878492567273
1739,KBS_SunCheon.csv,39,186.05096823952414,194.3332316080729
1740,KBS_SunCheon.csv,40,186.28175243030896,193.25409444173178
1741,KBS_SunCheon.csv,41,186.22311484596946,193.5632086859809
1742,KBS_SunCheon.csv,42,186.34967041015625,193.37963697645398
1743,KBS_SunCheon.csv,43,186.13187450062145,193.75028313530817
1744,KBS_SunCheon.csv,44,186.60241172096946,193.06097751193576
1745,KBS_SunCheon.csv,45,185.9912214799361,193.2878943549262
1746,KBS_SunCheon.csv,46,185.8361572265625,193.19032118055554
1747,KBS_SunCheon.csv,47,185.67535178444604,193.3846147325304
1748,KBS_SunCheon.csv,48,185.9058699174361,192.94217427571616
1749,KBS_SunCheon.csv,49,185.59989596280184,192.8307359483507
1750,KBS_SunCheon.csv,50,185.3538848876953,192.86336771647134
1751,KBS_SunCheon.csv,51,186.07542058771307,192.96787685818143
1752,KBS_SunCheon.csv,52,185.30692221901634,192.69531758626303
1753,KBS_SunCheon.csv,53,185.52549965598365,193.04881964789496
1754,KBS_SunCheon.csv,54,185.2232998934659,193.26282755533853
1755,KBS_SunCheon.csv,55,185.43539123535157,193.34019470214844
1756,KBS_SunCheon.csv,56,185.5056024724787,192.34480624728732
1757,KBS_SunCheon.csv,57,185.72421514337714,192.43674892849393
1758,KBS_SunCheon.csv,58,185.35217118696733,192.71780056423611
1759,KBS_SunCheon.csv,59,185.0519364790483,192.6553921169705
1760,KBS_SunCheon.csv,60,184.6358856201172,193.29419793023004
1761,KBS_SunCheon.csv,61,185.37365861372515,192.6133558485243
1762,KBS_SunCheon.csv,62,185.23958601518112,192.41211954752603
1763,KBS_SunCheon.csv,63,184.79391562721946,192.42838033040366
1764,KBS_SunCheon.csv,64,185.47879361239347,192.65981716579861
1765,KBS_SunCheon.csv,65,184.83695539994673,192.44656032986111
1766,KBS_SunCheon.csv,66,185.001220703125,192.301021999783
1767,KBS_SunCheon.csv,67,185.34323896928268,192.43352254231772
1768,KBS_SunCheon.csv,68,184.82028642134233,192.44142320421008
1769,KBS_SunCheon.csv,69,184.8077167857777,192.23591783311633
1770,KBS_SunCheon.csv,70,184.4775723544034,192.45448981391058
1771,KBS_SunCheon.csv,71,184.4755398837003,192.25051032172308
1772,KBS_SunCheon.csv,72,184.61843983043323,192.15741136338977
1773,KBS_SunCheon.csv,73,184.30453574440696,192.22428554958768
1774,KBS_SunCheon.csv,74,184.49374694824218,192.1552242702908
1775,KBS_SunCheon.csv,75,184.46662264737216,192.2096879747179
1776,KBS_SunCheon.csv,76,184.7586103959517,192.3126475016276
1777,KBS_SunCheon.csv,77,184.42112759676846,192.1832750108507
1778,KBS_SunCheon.csv,78,184.48639831542968,192.19509548611111
1779,KBS_SunCheon.csv,79,184.34669605601917,192.31515842013889
1780,KBS_SunCheon.csv,80,184.45660788796164,192.17583211263022
1781,KBS_SunCheon.csv,81,184.59709333939986,192.16545613606772
1782,KBS_SunCheon.csv,82,184.65198308771306,192.19891866048178
1783,KBS_SunCheon.csv,83,184.31779424493962,192.3072475857205
1784,KBS_SunCheon.csv,84,184.4110321044922,192.15623643663196
1785,KBS_SunCheon.csv,85,184.35069802024148,192.2152794731988
1786,KBS_SunCheon.csv,86,184.58433532714844,192.1774614122179
1787,KBS_SunCheon.csv,87,184.13795443448154,192.17076110839844
1788,KBS_SunCheon.csv,88,184.29913829456677,192.16706000434027
1789,KBS_SunCheon.csv,89,184.13977217240767,192.15980529785156
1790,KBS_SunCheon.csv,90,184.1423808704723,192.14479404025607
1791,KBS_SunCheon.csv,91,184.1575009432706,192.1488274468316
1792,KBS_SunCheon.csv,92,184.33127496892754,192.15780639648438
1793,KBS_SunCheon.csv,93,183.93525251908736,192.1522911919488
1794,KBS_SunCheon.csv,94,184.03906111283735,192.15042283799914
1795,KBS_SunCheon.csv,95,184.24101701216264,192.15433926052518
1796,KBS_SunCheon.csv,96,184.0736525102095,192.1556430392795
1797,KBS_SunCheon.csv,97,184.08004996559836,192.15673319498697
1798,KBS_SunCheon.csv,98,183.90099348588424,192.15386962890625
1799,KBS_SunCheon.csv,99,184.05937056107953,192.15311177571616
1800,KBS_SunCheon.csv,100,184.15183993252842,192.15304904513889
1801,KBS_GwangJu.csv,1,80.9747444152832,69.58826276991103
1802,KBS_GwangJu.csv,2,71.49034923206676,68.07803005642361
1803,KBS_GwangJu.csv,3,70.89619147560813,67.27584626939561
1804,KBS_GwangJu.csv,4,70.1311877857555,67.71712832980685
1805,KBS_GwangJu.csv,5,69.84522698142312,67.14465755886502
1806,KBS_GwangJu.csv,6,68.94691397927024,66.80906550089519
1807,KBS_GwangJu.csv,7,68.85633628151633,67.56753073798285
1808,KBS_GwangJu.csv,8,68.7204360961914,65.90598424275716
1809,KBS_GwangJu.csv,9,68.37435080788352,66.03599590725369
1810,KBS_GwangJu.csv,10,68.12404577081854,65.91773732503255
1811,KBS_GwangJu.csv,11,68.0241865678267,65.44031312730577
1812,KBS_GwangJu.csv,12,67.65532219626687,65.71240997314453
1813,KBS_GwangJu.csv,13,68.05117568969726,67.12525431315105
1814,KBS_GwangJu.csv,14,67.7336654663086,65.47100914849176
1815,KBS_GwangJu.csv,15,67.3824908169833,65.28017807006836
1816,KBS_GwangJu.csv,16,67.37596560391513,65.50253465440538
1817,KBS_GwangJu.csv,17,67.45837277499112,65.577880859375
1818,KBS_GwangJu.csv,18,67.67696852250533,65.38452911376953
1819,KBS_GwangJu.csv,19,67.86265570900657,65.81999079386394
1820,KBS_GwangJu.csv,20,68.43932508988814,65.24858135647244
1821,KBS_GwangJu.csv,21,68.03165949041193,65.11308500501845
1822,KBS_GwangJu.csv,22,67.07084829157048,65.90158589680989
1823,KBS_GwangJu.csv,23,67.08865162242543,66.06160396999783
1824,KBS_GwangJu.csv,24,66.85885044444692,66.15845192803278
1825,KBS_GwangJu.csv,25,67.0125432101163,64.98820665147569
1826,KBS_GwangJu.csv,26,66.86990273215554,64.95024575127496
1827,KBS_GwangJu.csv,27,66.90624784989791,65.60329394870334
1828,KBS_GwangJu.csv,28,66.79595995816318,65.45640394422743
1829,KBS_GwangJu.csv,29,66.8947808005593,65.93053987291124
1830,KBS_GwangJu.csv,30,66.78621957952326,65.15297487046983
1831,KBS_GwangJu.csv,31,66.88904862837357,64.82129584418402
1832,KBS_GwangJu.csv,32,67.2529143593528,64.77937740749783
1833,KBS_GwangJu.csv,33,67.384604436701,69.79114617241754
1834,KBS_GwangJu.csv,34,67.59077751853249,64.97155253092448
1835,KBS_GwangJu.csv,35,66.75221155340022,64.68677859836154
1836,KBS_GwangJu.csv,36,66.63748966563831,64.69610680474176
1837,KBS_GwangJu.csv,37,66.333590074019,65.6785528394911
1838,KBS_GwangJu.csv,38,66.73854175914417,64.63165028889973
1839,KBS_GwangJu.csv,39,66.61080995039507,64.71657477484808
1840,KBS_GwangJu.csv,40,67.10269178910688,64.65953784518771
1841,KBS_GwangJu.csv,41,66.66962973854758,65.5055283440484
1842,KBS_GwangJu.csv,42,67.3217360756614,64.93843078613281
1843,KBS_GwangJu.csv,43,66.83677236383612,64.54987801445856
1844,KBS_GwangJu.csv,44,66.07913631092418,65.46415922376845
1845,KBS_GwangJu.csv,45,66.87549015391957,64.84310107760959
1846,KBS_GwangJu.csv,46,66.34979372891513,65.01468404134114
1847,KBS_GwangJu.csv,47,66.38956499966709,64.60510338677301
1848,KBS_GwangJu.csv,48,66.377797907049,64.74827448527019
1849,KBS_GwangJu.csv,49,66.59066009521484,64.76880857679579
1850,KBS_GwangJu.csv,50,66.41375961303712,64.9522310892741
1851,KBS_GwangJu.csv,51,66.28750457763672,64.52831141153972
1852,KBS_GwangJu.csv,52,66.26852985728871,64.5342640346951
1853,KBS_GwangJu.csv,53,66.42655611905185,64.95483779907227
1854,KBS_GwangJu.csv,54,66.33839104392312,64.47867499457465
1855,KBS_GwangJu.csv,55,66.385978976163,64.43032370673285
1856,KBS_GwangJu.csv,56,66.1385277488015,64.28147167629666
1857,KBS_GwangJu.csv,57,66.03929311578923,64.39160537719727
1858,KBS_GwangJu.csv,58,66.00159135298296,64.32876502143012
1859,KBS_GwangJu.csv,59,66.22154971036043,64.7869495815701
1860,KBS_GwangJu.csv,60,66.13111641623757,64.4143435160319
1861,KBS_GwangJu.csv,61,65.95755948153409,64.92833836873372
1862,KBS_GwangJu.csv,62,66.13436737060547,64.25816218058269
1863,KBS_GwangJu.csv,63,66.33766098022461,64.59815639919705
1864,KBS_GwangJu.csv,64,66.13740484064276,64.34286499023438
1865,KBS_GwangJu.csv,65,66.11180239590732,64.27662785847981
1866,KBS_GwangJu.csv,66,66.21037313287908,64.29757012261285
1867,KBS_GwangJu.csv,67,65.84083487770774,64.45862706502278
1868,KBS_GwangJu.csv,68,65.95984441583806,64.15822347005208
1869,KBS_GwangJu.csv,69,66.0979005986994,64.29607052273221
1870,KBS_GwangJu.csv,70,66.08633693348278,64.32432047526042
1871,KBS_GwangJu.csv,71,66.17034697099166,64.19623565673828
1872,KBS_GwangJu.csv,72,66.01379886973987,64.1919208102756
1873,KBS_GwangJu.csv,73,65.89263534545898,64.17051357693143
1874,KBS_GwangJu.csv,74,65.98710271661932,64.13645595974393
1875,KBS_GwangJu.csv,75,65.9226845481179,64.17387983534071
1876,KBS_GwangJu.csv,76,65.97678534767844,64.18865797254774
1877,KBS_GwangJu.csv,77,65.82870601307262,64.16564348008897
1878,KBS_GwangJu.csv,78,65.8255431435325,64.12178590562608
1879,KBS_GwangJu.csv,79,65.83403077559038,64.19576178656683
1880,KBS_GwangJu.csv,80,65.9304067438299,64.35912026299371
1881,KBS_GwangJu.csv,81,65.92243152965199,64.17105399237738
1882,KBS_GwangJu.csv,82,65.87047431252219,64.16030078464084
1883,KBS_GwangJu.csv,83,65.87785436456853,64.46268971761067
1884,KBS_GwangJu.csv,84,65.72095274491744,64.10200034247504
1885,KBS_GwangJu.csv,85,65.90456244728782,64.20125325520833
1886,KBS_GwangJu.csv,86,65.854022286155,64.12893295288086
1887,KBS_GwangJu.csv,87,65.82701305042613,64.13805389404297
1888,KBS_GwangJu.csv,88,65.857711167769,64.1111420525445
1889,KBS_GwangJu.csv,89,65.9361390547319,64.12319140964084
1890,KBS_GwangJu.csv,90,65.84730959805576,64.08169894748264
1891,KBS_GwangJu.csv,91,65.93200031627308,64.0817142062717
1892,KBS_GwangJu.csv,92,65.68473878340288,64.08297432793512
1893,KBS_GwangJu.csv,93,65.79481194236062,64.08256657918294
1894,KBS_GwangJu.csv,94,65.81013967340643,64.08267635769315
1895,KBS_GwangJu.csv,95,65.76288015192205,64.0816773308648
1896,KBS_GwangJu.csv,96,65.75928642966531,64.07957924736871
1897,KBS_GwangJu.csv,97,65.78530141657049,64.08020952012804
1898,KBS_GwangJu.csv,98,65.7183876731179,64.08110809326172
1899,KBS_GwangJu.csv,99,65.71176313920455,64.0801141526964
1900,KBS_GwangJu.csv,100,65.85859652432528,64.07998572455512
