global_epoch,task,epoch_in_task,train_loss,val_loss
1,MBC_CheongJu.csv,1,28604.55908203125,28059.766059027777
2,MBC_CheongJu.csv,2,27712.784776475695,26792.578125
3,MBC_CheongJu.csv,3,26040.973958333332,24648.064453125
4,MBC_CheongJu.csv,4,23425.23046875,21549.072265625
5,MBC_CheongJu.csv,5,19836.414659288195,17490.746744791668
6,MBC_CheongJu.csv,6,15392.984347873264,12685.432942708334
7,MBC_CheongJu.csv,7,10342.201429578992,7550.137803819444
8,MBC_CheongJu.csv,8,5382.089891221788,3049.901801215278
9,MBC_CheongJu.csv,9,1656.420133802626,600.3070000542534
10,MBC_CheongJu.csv,10,442.35601382785376,395.46700371636285
11,MBC_CheongJu.csv,11,311.1839307149251,281.1035919189453
12,MBC_CheongJu.csv,12,230.13420825534396,215.38553025987414
13,MBC_CheongJu.csv,13,181.6733258565267,167.4287601047092
14,MBC_CheongJu.csv,14,146.69563017951117,133.70027330186633
15,MBC_CheongJu.csv,15,126.33986070421007,119.30678473578558
16,MBC_CheongJu.csv,16,113.57005479600694,106.64278072781033
17,MBC_CheongJu.csv,17,105.84731970893012,101.18561638726129
18,MBC_CheongJu.csv,18,101.42081451416016,97.97183481852214
19,MBC_CheongJu.csv,19,99.08583386739095,95.5000957912869
20,MBC_CheongJu.csv,20,98.1880423227946,94.64633178710938
21,MBC_CheongJu.csv,21,97.78681988186307,94.02142333984375
22,MBC_CheongJu.csv,22,96.58175298902724,94.71219126383464
23,MBC_CheongJu.csv,23,97.03068076239691,93.61979505750868
24,MBC_CheongJu.csv,24,96.40288363562689,94.7986814710829
25,MBC_CheongJu.csv,25,97.41588317023383,95.62844340006511
26,MBC_CheongJu.csv,26,97.41809442308214,93.51692454020183
27,MBC_CheongJu.csv,27,96.30001216464572,93.73957655164931
28,MBC_CheongJu.csv,28,97.27309163411458,93.53015814887152
29,MBC_CheongJu.csv,29,97.06459172566731,93.40802256266277
30,MBC_CheongJu.csv,30,96.62330754597981,94.56819661458333
31,MBC_CheongJu.csv,31,96.50550439622667,94.28953721788194
32,MBC_CheongJu.csv,32,96.34023963080512,93.40299224853516
33,MBC_CheongJu.csv,33,97.40072631835938,93.38203684488933
34,MBC_CheongJu.csv,34,96.74893697102864,93.30584208170573
35,MBC_CheongJu.csv,35,97.48203743828668,93.65344746907552
36,MBC_CheongJu.csv,36,96.88163418240018,93.55347951253255
37,MBC_CheongJu.csv,37,96.91496276855469,93.864988538954
38,MBC_CheongJu.csv,38,97.2017936706543,93.53592258029514
39,MBC_CheongJu.csv,39,96.98716884189182,93.81842210557726
40,MBC_CheongJu.csv,40,96.52706336975098,95.35801696777344
41,MBC_CheongJu.csv,41,96.61255158318414,94.01281992594402
42,MBC_CheongJu.csv,42,97.10976791381836,95.08609008789062
43,MBC_CheongJu.csv,43,96.954344007704,93.18506198459201
44,MBC_CheongJu.csv,44,96.76125844319661,93.09543863932292
45,MBC_CheongJu.csv,45,97.03186395433214,98.44938574896918
46,MBC_CheongJu.csv,46,96.88729243808322,93.01077355278863
47,MBC_CheongJu.csv,47,96.07821040683322,93.00309244791667
48,MBC_CheongJu.csv,48,96.70626301235623,93.02223883734808
49,MBC_CheongJu.csv,49,96.21319601270888,93.2804438273112
50,MBC_CheongJu.csv,50,96.43899959988065,93.04299841986762
51,MBC_CheongJu.csv,51,95.75259526570638,92.65418667263455
52,MBC_CheongJu.csv,52,95.69565349155002,92.80455017089844
53,MBC_CheongJu.csv,53,95.9533225165473,92.73434193929036
54,MBC_CheongJu.csv,54,96.0830544365777,92.65790134006076
55,MBC_CheongJu.csv,55,95.73891491360135,92.70134819878473
56,MBC_CheongJu.csv,56,94.95493422614203,93.12865532769098
57,MBC_CheongJu.csv,57,96.18013678656683,93.33870612250433
58,MBC_CheongJu.csv,58,95.607240041097,92.4361835055881
59,MBC_CheongJu.csv,59,94.79542933570013,92.24525621202257
60,MBC_CheongJu.csv,60,95.38811175028484,92.15180969238281
61,MBC_CheongJu.csv,61,95.25994491577148,91.93748050265842
62,MBC_CheongJu.csv,62,95.44622336493597,92.16822560628255
63,MBC_CheongJu.csv,63,95.33838526407878,92.4348610772027
64,MBC_CheongJu.csv,64,95.18613370259602,91.92707824707031
65,MBC_CheongJu.csv,65,95.25010532803006,92.44419521755643
66,MBC_CheongJu.csv,66,94.83921474880643,91.66618008083768
67,MBC_CheongJu.csv,67,95.61390071445041,91.57607523600261
68,MBC_CheongJu.csv,68,95.68933423360188,92.29329935709636
69,MBC_CheongJu.csv,69,94.35850397745769,91.03794606526692
70,MBC_CheongJu.csv,70,94.58178159925673,90.85750155978732
71,MBC_CheongJu.csv,71,94.33892059326172,90.98536851671007
72,MBC_CheongJu.csv,72,94.77251836988661,91.57924143473308
73,MBC_CheongJu.csv,73,94.7385065290663,90.46984948052301
74,MBC_CheongJu.csv,74,94.09947289360895,90.35875447591145
75,MBC_CheongJu.csv,75,94.60851097106934,90.24151865641277
76,MBC_CheongJu.csv,76,93.77857144673665,92.54614681667752
77,MBC_CheongJu.csv,77,93.90608300103082,89.93692016601562
78,MBC_CheongJu.csv,78,94.18059221903484,89.88215467664931
79,MBC_CheongJu.csv,79,93.41323810153537,89.71075608995226
80,MBC_CheongJu.csv,80,93.09562555948894,92.54733530680339
81,MBC_CheongJu.csv,81,93.45981216430664,89.45810190836589
82,MBC_CheongJu.csv,82,93.20066536797418,89.1798807779948
83,MBC_CheongJu.csv,83,92.5602093802558,89.00378163655598
84,MBC_CheongJu.csv,84,92.73585510253906,90.22551727294922
85,MBC_CheongJu.csv,85,92.44113307529025,88.67052544487848
86,MBC_CheongJu.csv,86,91.45361444685194,88.41257222493489
87,MBC_CheongJu.csv,87,92.67905871073405,89.07648298475478
88,MBC_CheongJu.csv,88,91.86388354831271,88.78504859076605
89,MBC_CheongJu.csv,89,91.43360561794705,88.01533593071832
90,MBC_CheongJu.csv,90,92.38262854682074,87.57244279649522
91,MBC_CheongJu.csv,91,90.86343616909451,87.60361989339192
92,MBC_CheongJu.csv,92,90.81524340311687,87.37002054850261
93,MBC_CheongJu.csv,93,92.11696306864421,87.6045896742079
94,MBC_CheongJu.csv,94,90.19202264149983,88.89278242323134
95,MBC_CheongJu.csv,95,90.759367412991,86.49068450927734
96,MBC_CheongJu.csv,96,90.3722636964586,86.13780042860243
97,MBC_CheongJu.csv,97,90.1189791361491,85.89143880208333
98,MBC_CheongJu.csv,98,89.49846903483073,86.16590457492404
99,MBC_CheongJu.csv,99,89.63338152567546,88.39917924669054
100,MBC_CheongJu.csv,100,89.41017299228244,86.46160464816623
101,Broad_CheongJu.csv,1,14736.098828125,3652.8691677517363
102,Broad_CheongJu.csv,2,12958.726509232954,3305.575385199653
103,Broad_CheongJu.csv,3,12938.386683238636,3328.4032118055557
104,Broad_CheongJu.csv,4,12938.445774147727,3554.8390299479165
105,Broad_CheongJu.csv,5,12940.288689630683,3458.4591471354165
106,Broad_CheongJu.csv,6,12937.165500710227,3689.28271484375
107,Broad_CheongJu.csv,7,12939.39639559659,3209.8887803819443
108,Broad_CheongJu.csv,8,12936.131036931818,3472.7599826388887
109,Broad_CheongJu.csv,9,12937.241921164772,3591.2463650173613
110,Broad_CheongJu.csv,10,12938.505930397727,3142.9395345052085
111,Broad_CheongJu.csv,11,12934.36981534091,3446.9697536892363
112,Broad_CheongJu.csv,12,12931.871235795454,3234.788330078125
113,Broad_CheongJu.csv,13,12935.628142755682,3512.5678982204863
114,Broad_CheongJu.csv,14,12935.247514204546,3347.5982801649307
115,Broad_CheongJu.csv,15,12936.790305397728,3520.3624131944443
116,Broad_CheongJu.csv,16,12937.067027698864,3204.054144965278
117,Broad_CheongJu.csv,17,12933.9783203125,3342.415093315972
118,Broad_CheongJu.csv,18,12933.870188210227,3410.1430392795137
119,Broad_CheongJu.csv,19,12936.4669921875,3219.84375
120,Broad_CheongJu.csv,20,12936.582066761364,3548.5970594618057
121,Broad_CheongJu.csv,21,12936.121732954545,3549.6963975694443
122,Broad_CheongJu.csv,22,12937.146661931818,3606.4195692274307
123,Broad_CheongJu.csv,23,12936.330610795454,3221.4089626736113
124,Broad_CheongJu.csv,24,12930.993270596591,3127.854926215278
125,Broad_CheongJu.csv,25,12938.72295809659,3367.6046549479165
126,Broad_CheongJu.csv,26,12935.910901988636,3523.074462890625
127,Broad_CheongJu.csv,27,12931.269140625,3343.6197645399307
128,Broad_CheongJu.csv,28,12933.939098011364,3557.2827419704863
129,Broad_CheongJu.csv,29,12936.427734375,3531.190972222222
130,Broad_CheongJu.csv,30,12934.41631747159,3478.6868489583335
131,Broad_CheongJu.csv,31,12936.660955255682,3206.382025824653
132,Broad_CheongJu.csv,32,12937.951171875,3495.2044542100693
133,Broad_CheongJu.csv,33,12927.490642755682,3071.3741861979165
134,Broad_CheongJu.csv,34,12934.281711647727,3490.806450737847
135,Broad_CheongJu.csv,35,12936.203941761363,3211.934868706597
136,Broad_CheongJu.csv,36,12931.885990767045,3401.0545247395835
137,Broad_CheongJu.csv,37,12934.537890625,3420.678900824653
138,Broad_CheongJu.csv,38,12935.252752130682,3412.8490397135415
139,Broad_CheongJu.csv,39,12938.058984375,3556.6182454427085
140,Broad_CheongJu.csv,40,12937.08721590909,3462.8916286892363
141,Broad_CheongJu.csv,41,12933.413068181819,3771.2541775173613
142,Broad_CheongJu.csv,42,12935.817240767046,3469.7684461805557
143,Broad_CheongJu.csv,43,12932.472816051137,3351.059868706597
144,Broad_CheongJu.csv,44,12932.33077059659,3483.214111328125
145,Broad_CheongJu.csv,45,12932.756818181819,3402.759331597222
146,Broad_CheongJu.csv,46,12935.17840909091,3581.9932454427085
147,Broad_CheongJu.csv,47,12932.394477982954,3306.5087890625
148,Broad_CheongJu.csv,48,12932.966619318182,3501.7362467447915
149,Broad_CheongJu.csv,49,12932.565482954546,3291.396918402778
150,Broad_CheongJu.csv,50,12932.362535511364,3491.9230143229165
151,Broad_CheongJu.csv,51,12930.568821022727,3387.1081271701387
152,Broad_CheongJu.csv,52,12935.641139914773,3614.7932942708335
153,Broad_CheongJu.csv,53,12938.021271306818,3376.8003743489585
154,Broad_CheongJu.csv,54,12934.299964488637,3328.3039279513887
155,Broad_CheongJu.csv,55,12936.998171164772,3166.1609157986113
156,Broad_CheongJu.csv,56,12934.84247159091,3255.19580078125
157,Broad_CheongJu.csv,57,12933.7384765625,3534.0750596788193
158,Broad_CheongJu.csv,58,12931.966015625,3347.8980305989585
159,Broad_CheongJu.csv,59,12933.255397727273,3336.923529730903
160,Broad_CheongJu.csv,60,12934.155752840908,3488.349310980903
161,Broad_CheongJu.csv,61,12936.438050426137,3583.5004611545137
162,Broad_CheongJu.csv,62,12937.395969460227,3596.8218044704863
163,Broad_CheongJu.csv,63,12932.449360795454,3386.6484375
164,Broad_CheongJu.csv,64,12935.4142578125,3459.2320149739585
165,Broad_CheongJu.csv,65,12933.945099431818,3233.4047580295137
166,Broad_CheongJu.csv,66,12933.566477272727,3554.4666883680557
167,Broad_CheongJu.csv,67,12932.215713778409,3693.789496527778
168,Broad_CheongJu.csv,68,12934.106889204546,3218.678168402778
169,Broad_CheongJu.csv,69,12930.096697443181,3368.614691840278
170,Broad_CheongJu.csv,70,12935.2236328125,3298.4004991319443
171,Broad_CheongJu.csv,71,12932.487553267045,3211.3916015625
172,Broad_CheongJu.csv,72,12933.162837357955,3478.088921440972
173,Broad_CheongJu.csv,73,12932.128781960228,3465.489067925347
174,Broad_CheongJu.csv,74,12930.7744140625,3548.6479220920137
175,Broad_CheongJu.csv,75,12938.156569602274,3335.1563585069443
176,Broad_CheongJu.csv,76,12935.743110795454,3455.4788682725693
177,Broad_CheongJu.csv,77,12936.506107954545,3325.1087782118057
178,Broad_CheongJu.csv,78,12937.3169921875,3574.1978624131943
179,Broad_CheongJu.csv,79,12936.4154296875,3439.5707194010415
180,Broad_CheongJu.csv,80,12938.416583806818,3403.0957302517363
181,Broad_CheongJu.csv,81,12937.474733664772,3269.3548448350693
182,Broad_CheongJu.csv,82,12933.310529119319,3777.6726888020835
183,Broad_CheongJu.csv,83,12940.236558948864,3742.081244574653
184,Broad_CheongJu.csv,84,12936.152982954545,3222.943793402778
185,Broad_CheongJu.csv,85,12930.447194602273,3545.3272569444443
186,Broad_CheongJu.csv,86,12935.412890625,3510.8808322482637
187,Broad_CheongJu.csv,87,12932.485600142045,3448.447699652778
188,Broad_CheongJu.csv,88,12934.620276988637,3604.778754340278
189,Broad_CheongJu.csv,89,12933.945365767046,3319.0843912760415
190,Broad_CheongJu.csv,90,12931.309303977272,3486.567192925347
191,Broad_CheongJu.csv,91,12934.261647727273,3470.9995930989585
192,Broad_CheongJu.csv,92,12931.993892045455,3577.2217068142363
193,Broad_CheongJu.csv,93,12934.8068359375,3392.5507541232637
194,Broad_CheongJu.csv,94,12930.022034801137,3461.0375162760415
195,Broad_CheongJu.csv,95,12934.773473011364,3430.296875
196,Broad_CheongJu.csv,96,12932.194868607954,3424.4474826388887
197,Broad_CheongJu.csv,97,12933.261576704546,3561.8416883680557
198,Broad_CheongJu.csv,98,12931.9380859375,3457.6254611545137
199,Broad_CheongJu.csv,99,12934.045933948864,3469.4913194444443
200,Broad_CheongJu.csv,100,12932.2494140625,3352.0762532552085
201,MBC_DaeJeon.csv,1,12434.790234375,4300.681803385417
202,MBC_DaeJeon.csv,2,12430.775514914772,4256.163736979167
203,MBC_DaeJeon.csv,3,12427.31045809659,4338.014268663194
204,MBC_DaeJeon.csv,4,12430.130788352273,4300.948133680556
205,MBC_DaeJeon.csv,5,12425.6583984375,4186.297634548611
206,MBC_DaeJeon.csv,6,12424.932848011364,4058.7358669704863
207,MBC_DaeJeon.csv,7,12427.445561079545,4150.057373046875
208,MBC_DaeJeon.csv,8,12424.93270596591,4312.766547309027
209,MBC_DaeJeon.csv,9,12424.980024857954,4264.232584635417
210,MBC_DaeJeon.csv,10,12429.419886363636,4098.296902126736
211,MBC_DaeJeon.csv,11,12430.049662642046,4338.718587239583
212,MBC_DaeJeon.csv,12,12429.039098011364,4153.528021918402
213,MBC_DaeJeon.csv,13,12426.083842329546,4195.884629991319
214,MBC_DaeJeon.csv,14,12425.444158380682,4206.142116970486
215,MBC_DaeJeon.csv,15,12426.831001420454,4268.099500868056
216,MBC_DaeJeon.csv,16,12431.055735085227,4549.350694444444
217,MBC_DaeJeon.csv,17,12428.452681107954,4526.204969618056
218,MBC_DaeJeon.csv,18,12430.044673295455,4308.883246527777
219,MBC_DaeJeon.csv,19,12424.887038352274,4081.746771918403
220,MBC_DaeJeon.csv,20,12424.14579190341,4487.985622829861
221,MBC_DaeJeon.csv,21,12429.674058948864,4198.407362196181
222,MBC_DaeJeon.csv,22,12425.978888494317,4346.150770399306
223,MBC_DaeJeon.csv,23,12427.45379971591,4327.920464409723
224,MBC_DaeJeon.csv,24,12425.2458984375,4408.582465277777
225,MBC_DaeJeon.csv,25,12425.556036931817,4026.3733723958335
226,MBC_DaeJeon.csv,26,12425.49776278409,4165.93017578125
227,MBC_DaeJeon.csv,27,12426.223401988636,4341.5751953125
228,MBC_DaeJeon.csv,28,12427.053764204546,4250.888997395833
229,MBC_DaeJeon.csv,29,12429.635919744318,4070.240776909722
230,MBC_DaeJeon.csv,30,12430.50264559659,4176.309000651042
231,MBC_DaeJeon.csv,31,12430.531747159092,4330.92041015625
232,MBC_DaeJeon.csv,32,12428.156800426137,4286.956434461806
233,MBC_DaeJeon.csv,33,12428.728444602273,4125.621365017361
234,MBC_DaeJeon.csv,34,12426.208824573863,4125.367296006944
235,MBC_DaeJeon.csv,35,12428.334996448864,4491.9287109375
236,MBC_DaeJeon.csv,36,12429.658575994317,4015.1457790798613
237,MBC_DaeJeon.csv,37,12427.346253551137,4395.598849826389
238,MBC_DaeJeon.csv,38,12422.327734375,4381.203450520833
239,MBC_DaeJeon.csv,39,12425.625905539773,4188.629475911458
240,MBC_DaeJeon.csv,40,12425.824769176137,3887.6346028645835
241,MBC_DaeJeon.csv,41,12430.70440340909,4246.52099609375
242,MBC_DaeJeon.csv,42,12430.463742897728,4441.899848090277
243,MBC_DaeJeon.csv,43,12428.518678977272,4008.1075303819443
244,MBC_DaeJeon.csv,44,12429.64639559659,4300.657497829861
245,MBC_DaeJeon.csv,45,12428.920063920454,4249.502007378473
246,MBC_DaeJeon.csv,46,12429.028746448863,4138.973822699652
247,MBC_DaeJeon.csv,47,12423.467329545454,4228.791449652777
248,MBC_DaeJeon.csv,48,12427.113654119317,4277.235731336806
249,MBC_DaeJeon.csv,49,12425.3130859375,4303.350314670139
250,MBC_DaeJeon.csv,50,12424.224946732955,4460.570366753473
251,MBC_DaeJeon.csv,51,12425.531090198863,4157.326226128473
252,MBC_DaeJeon.csv,52,12426.834623579545,4269.250651041667
253,MBC_DaeJeon.csv,53,12426.390749289772,4325.311848958333
254,MBC_DaeJeon.csv,54,12425.467329545454,4283.792317708333
255,MBC_DaeJeon.csv,55,12426.347336647726,4470.690266927083
256,MBC_DaeJeon.csv,56,12427.904474431818,4166.432834201389
257,MBC_DaeJeon.csv,57,12428.245703125,4069.6142306857637
258,MBC_DaeJeon.csv,58,12427.509161931817,4103.429958767361
259,MBC_DaeJeon.csv,59,12423.9029296875,4139.884087456598
260,MBC_DaeJeon.csv,60,12428.71963778409,4416.232313368056
261,MBC_DaeJeon.csv,61,12425.787624289773,4048.8533799913193
262,MBC_DaeJeon.csv,62,12426.21805752841,4465.744683159723
263,MBC_DaeJeon.csv,63,12427.657013494318,4195.504828559027
264,MBC_DaeJeon.csv,64,12426.989719460227,4116.904676649306
265,MBC_DaeJeon.csv,65,12426.5224609375,4294.81640625
266,MBC_DaeJeon.csv,66,12428.671537642045,4136.100721571181
267,MBC_DaeJeon.csv,67,12426.91924715909,4188.021402994792
268,MBC_DaeJeon.csv,68,12429.668235085228,3946.94140625
269,MBC_DaeJeon.csv,69,12428.133238636363,4188.796278211806
270,MBC_DaeJeon.csv,70,12427.238831676137,4310.519422743056
271,MBC_DaeJeon.csv,71,12427.100230823864,4136.404052734375
272,MBC_DaeJeon.csv,72,12427.555078125,4331.500217013889
273,MBC_DaeJeon.csv,73,12425.448100142046,4292.613552517361
274,MBC_DaeJeon.csv,74,12428.805007102274,4056.658989800347
275,MBC_DaeJeon.csv,75,12430.149857954546,4157.105685763889
276,MBC_DaeJeon.csv,76,12426.013654119319,4132.323757595486
277,MBC_DaeJeon.csv,77,12425.970223721592,4188.667697482639
278,MBC_DaeJeon.csv,78,12428.51083096591,4324.325846354167
279,MBC_DaeJeon.csv,79,12425.066281960228,4306.472384982639
280,MBC_DaeJeon.csv,80,12424.472017045455,4277.205946180556
281,MBC_DaeJeon.csv,81,12428.052024147728,4521.114963107639
282,MBC_DaeJeon.csv,82,12426.541477272727,4211.465711805556
283,MBC_DaeJeon.csv,83,12429.151012073864,4517.210123697917
284,MBC_DaeJeon.csv,84,12427.418803267046,4357.461859809027
285,MBC_DaeJeon.csv,85,12426.555184659092,4184.505181206598
286,MBC_DaeJeon.csv,86,12425.653089488636,4321.921006944444
287,MBC_DaeJeon.csv,87,12426.057688210227,4359.489420572917
288,MBC_DaeJeon.csv,88,12428.570348011364,4391.375868055556
289,MBC_DaeJeon.csv,89,12427.223668323864,4182.340955946181
290,MBC_DaeJeon.csv,90,12424.94229403409,4357.788791232639
291,MBC_DaeJeon.csv,91,12425.826651278408,4288.037868923611
292,MBC_DaeJeon.csv,92,12425.925923295454,4074.189208984375
293,MBC_DaeJeon.csv,93,12425.973615056819,4435.904405381944
294,MBC_DaeJeon.csv,94,12425.916175426137,4223.904079861111
295,MBC_DaeJeon.csv,95,12430.925923295454,4382.513997395833
296,MBC_DaeJeon.csv,96,12426.249431818182,4118.166178385417
297,MBC_DaeJeon.csv,97,12425.085191761364,4177.516872829861
298,MBC_DaeJeon.csv,98,12424.766068892046,4466.769368489583
299,MBC_DaeJeon.csv,99,12425.783575994317,4398.484157986111
300,MBC_DaeJeon.csv,100,12423.069833096592,4557.687445746527
301,KBS_DaeJeon.csv,1,12139.882865767046,4121.151204427083
302,KBS_DaeJeon.csv,2,12135.05731534091,4273.271809895833
303,KBS_DaeJeon.csv,3,12134.461487926137,4328.648003472223
304,KBS_DaeJeon.csv,4,12135.65557528409,4026.9098307291665
305,KBS_DaeJeon.csv,5,12134.264577414773,4234.555447048611
306,KBS_DaeJeon.csv,6,12137.942151988636,4434.89501953125
307,KBS_DaeJeon.csv,7,12133.787606534092,4216.541883680556
308,KBS_DaeJeon.csv,8,12134.276509232954,4422.936306423611
309,KBS_DaeJeon.csv,9,12134.8642578125,4260.330349392361
310,KBS_DaeJeon.csv,10,12134.8884765625,4230.076551649306
311,KBS_DaeJeon.csv,11,12138.133380681818,4399.687934027777
312,KBS_DaeJeon.csv,12,12138.418607954545,4584.893446180556
313,KBS_DaeJeon.csv,13,12134.363210227273,4295.340494791667
314,KBS_DaeJeon.csv,14,12136.181427556818,4180.699083116319
315,KBS_DaeJeon.csv,15,12138.536381392045,4647.073296440973
316,KBS_DaeJeon.csv,16,12144.526544744318,4236.180501302083
317,KBS_DaeJeon.csv,17,12134.429811789772,4479.830620659723
318,KBS_DaeJeon.csv,18,12138.552911931818,4383.933865017361
319,KBS_DaeJeon.csv,19,12134.338227982955,4223.027940538194
320,KBS_DaeJeon.csv,20,12136.806711647727,4434.871256510417
321,KBS_DaeJeon.csv,21,12138.523419744319,4335.959147135417
322,KBS_DaeJeon.csv,22,12134.082279829545,4456.454210069444
323,KBS_DaeJeon.csv,23,12134.789435369317,4294.956325954861
324,KBS_DaeJeon.csv,24,12138.435724431818,4355.833821614583
325,KBS_DaeJeon.csv,25,12133.650745738636,4473.297471788194
326,KBS_DaeJeon.csv,26,12136.813299005682,4253.453287760417
327,KBS_DaeJeon.csv,27,12133.62959872159,4149.892035590277
328,KBS_DaeJeon.csv,28,12138.005717329546,4100.990614149306
329,KBS_DaeJeon.csv,29,12136.105983664773,4172.631103515625
330,KBS_DaeJeon.csv,30,12136.516122159092,4590.116265190973
331,KBS_DaeJeon.csv,31,12137.1806640625,4197.245903862848
332,KBS_DaeJeon.csv,32,12133.497620738637,4107.175265842014
333,KBS_DaeJeon.csv,33,12133.175799005681,4171.323594835069
334,KBS_DaeJeon.csv,34,12135.636363636364,4376.808648003473
335,KBS_DaeJeon.csv,35,12137.907386363637,4604.937282986111
336,KBS_DaeJeon.csv,36,12134.540784801136,4070.6325412326387
337,KBS_DaeJeon.csv,37,12132.640198863637,4375.382866753473
338,KBS_DaeJeon.csv,38,12134.287464488636,4353.423882378473
339,KBS_DaeJeon.csv,39,12138.608895596592,3990.1222873263887
340,KBS_DaeJeon.csv,40,12136.076970880682,4169.784695095486
341,KBS_DaeJeon.csv,41,12133.509339488637,4185.874484592014
342,KBS_DaeJeon.csv,42,12132.136328125,4306.361002604167
343,KBS_DaeJeon.csv,43,12134.951154119319,4546.171332465277
344,KBS_DaeJeon.csv,44,12137.842737926136,4246.665635850694
345,KBS_DaeJeon.csv,45,12134.957297585228,4347.308485243056
346,KBS_DaeJeon.csv,46,12133.597141335227,4328.263400607639
347,KBS_DaeJeon.csv,47,12139.35830965909,4094.2238498263887
348,KBS_DaeJeon.csv,48,12133.471484375,4047.7776150173613
349,KBS_DaeJeon.csv,49,12138.103178267045,4200.430447048611
350,KBS_DaeJeon.csv,50,12133.381374289773,4066.392144097222
351,KBS_DaeJeon.csv,51,12134.583078835227,4293.645453559027
352,KBS_DaeJeon.csv,52,12134.939701704545,4207.710123697917
353,KBS_DaeJeon.csv,53,12134.760724431819,4203.222222222223
354,KBS_DaeJeon.csv,54,12136.332013494319,4141.039740668402
355,KBS_DaeJeon.csv,55,12133.950301846591,4180.630018446181
356,KBS_DaeJeon.csv,56,12135.214470880683,4261.682725694444
357,KBS_DaeJeon.csv,57,12135.800958806818,4222.620171440973
358,KBS_DaeJeon.csv,58,12132.62041903409,4344.595106336806
359,KBS_DaeJeon.csv,59,12136.527610085228,4127.017795138889
360,KBS_DaeJeon.csv,60,12136.370916193182,4294.8095703125
361,KBS_DaeJeon.csv,61,12136.860901988637,4274.152506510417
362,KBS_DaeJeon.csv,62,12136.289470880682,4177.785129123264
363,KBS_DaeJeon.csv,63,12134.618235085227,4092.625054253472
364,KBS_DaeJeon.csv,64,12137.5962890625,4497.150065104167
365,KBS_DaeJeon.csv,65,12138.29131747159,4253.103895399306
366,KBS_DaeJeon.csv,66,12133.358877840908,4367.143283420139
367,KBS_DaeJeon.csv,67,12133.806534090909,4462.348361545139
368,KBS_DaeJeon.csv,68,12134.300639204546,4117.305718315973
369,KBS_DaeJeon.csv,69,12130.780149147728,4371.052137586806
370,KBS_DaeJeon.csv,70,12135.426722301136,4162.830837673611
371,KBS_DaeJeon.csv,71,12134.512251420454,4259.052300347223
372,KBS_DaeJeon.csv,72,12135.698455255682,4479.096082899306
373,KBS_DaeJeon.csv,73,12137.092329545454,4542.891276041667
374,KBS_DaeJeon.csv,74,12137.15829190341,4388.388834635417
375,KBS_DaeJeon.csv,75,12131.521661931818,4022.1677517361113
376,KBS_DaeJeon.csv,76,12136.09188565341,4446.760796440973
377,KBS_DaeJeon.csv,77,12134.702468039774,4414.380805121527
378,KBS_DaeJeon.csv,78,12134.038032670454,3998.536865234375
379,KBS_DaeJeon.csv,79,12131.678196022727,4183.722086588542
380,KBS_DaeJeon.csv,80,12135.390731534091,4467.606336805556
381,KBS_DaeJeon.csv,81,12134.937464488636,3972.656792534722
382,KBS_DaeJeon.csv,82,12133.111097301136,3999.934814453125
383,KBS_DaeJeon.csv,83,12139.16631747159,4215.148328993056
384,KBS_DaeJeon.csv,84,12134.57061434659,4351.736382378473
385,KBS_DaeJeon.csv,85,12136.342933238637,4085.3225911458335
386,KBS_DaeJeon.csv,86,12138.092613636363,4247.831922743056
387,KBS_DaeJeon.csv,87,12133.305610795454,4145.523274739583
388,KBS_DaeJeon.csv,88,12133.08125,4389.501898871527
389,KBS_DaeJeon.csv,89,12137.40067471591,4332.645236545139
390,KBS_DaeJeon.csv,90,12134.883291903408,4436.293185763889
391,KBS_DaeJeon.csv,91,12135.144318181818,4278.358181423611
392,KBS_DaeJeon.csv,92,12132.020063920454,4142.08837890625
393,KBS_DaeJeon.csv,93,12134.386150568182,4374.542317708333
394,KBS_DaeJeon.csv,94,12134.678639914773,4431.835611979167
395,KBS_DaeJeon.csv,95,12136.2818359375,4253.613444010417
396,KBS_DaeJeon.csv,96,12138.450301846591,4405.648491753473
397,KBS_DaeJeon.csv,97,12137.111061789772,4056.100775824653
398,KBS_DaeJeon.csv,98,12135.860600142045,4500.961208767361
399,KBS_DaeJeon.csv,99,12135.003142755682,4163.228434244792
400,KBS_DaeJeon.csv,100,12132.778586647728,4270.973090277777
401,CMB_DaeJeon.csv,1,12002.185387073863,4288.083604600694
402,CMB_DaeJeon.csv,2,11991.261345880683,4374.931423611111
403,CMB_DaeJeon.csv,3,11990.632421875,4335.834255642361
404,CMB_DaeJeon.csv,4,11991.011399147726,4346.157660590277
405,CMB_DaeJeon.csv,5,11990.108380681819,4426.5341796875
406,CMB_DaeJeon.csv,6,11990.478036221592,4333.448676215277
407,CMB_DaeJeon.csv,7,11991.875710227272,4251.848090277777
408,CMB_DaeJeon.csv,8,11991.502166193182,4167.946072048611
409,CMB_DaeJeon.csv,9,11990.648916903408,4288.835774739583
410,CMB_DaeJeon.csv,10,11990.448455255682,4253.480197482639
411,CMB_DaeJeon.csv,11,11994.373384232955,4247.444444444444
412,CMB_DaeJeon.csv,12,11992.679083806817,4160.261908637152
413,CMB_DaeJeon.csv,13,11990.399378551136,4358.812879774306
414,CMB_DaeJeon.csv,14,11990.52627840909,4397.187771267361
415,CMB_DaeJeon.csv,15,11991.526402698864,4345.886881510417
416,CMB_DaeJeon.csv,16,11991.91669034091,4266.033311631944
417,CMB_DaeJeon.csv,17,11993.021715198864,4248.807996961806
418,CMB_DaeJeon.csv,18,11991.803213778408,4111.003119574652
419,CMB_DaeJeon.csv,19,11991.128338068182,4503.355577256944
420,CMB_DaeJeon.csv,20,11991.942986505683,4237.336127387152
421,CMB_DaeJeon.csv,21,11991.625799005682,4423.326063368056
422,CMB_DaeJeon.csv,22,11993.092702414773,4231.202419704861
423,CMB_DaeJeon.csv,23,11993.861203835228,4199.286485460069
424,CMB_DaeJeon.csv,24,11989.664382102274,4541.3447265625
425,CMB_DaeJeon.csv,25,11991.757013494318,4268.639973958333
426,CMB_DaeJeon.csv,26,11992.528515625,4342.377007378473
427,CMB_DaeJeon.csv,27,11988.187428977273,4415.894911024306
428,CMB_DaeJeon.csv,28,11990.961772017046,4426.847222222223
429,CMB_DaeJeon.csv,29,11992.191974431818,4419.439290364583
430,CMB_DaeJeon.csv,30,11990.665003551136,4207.607096354167
431,CMB_DaeJeon.csv,31,11992.50674715909,4573.30419921875
432,CMB_DaeJeon.csv,32,11990.070951704545,4342.2080078125
433,CMB_DaeJeon.csv,33,11989.582102272727,4269.94091796875
434,CMB_DaeJeon.csv,34,11989.82217684659,4213.392632378473
435,CMB_DaeJeon.csv,35,11991.116246448864,4313.917697482639
436,CMB_DaeJeon.csv,36,11988.828959517046,4018.8524305555557
437,CMB_DaeJeon.csv,37,11994.518412642046,4525.960774739583
438,CMB_DaeJeon.csv,38,11992.779474431818,4150.385226779514
439,CMB_DaeJeon.csv,39,11992.959907670454,4543.781141493056
440,CMB_DaeJeon.csv,40,11994.440376420454,4595.29052734375
441,CMB_DaeJeon.csv,41,11992.912375710228,4370.517306857639
442,CMB_DaeJeon.csv,42,11989.255610795455,4185.788357204861
443,CMB_DaeJeon.csv,43,11990.165376420455,4272.909722222223
444,CMB_DaeJeon.csv,44,11992.862748579546,4159.850233289931
445,CMB_DaeJeon.csv,45,11988.593732244319,4486.061143663194
446,CMB_DaeJeon.csv,46,11990.398455255681,4437.323079427083
447,CMB_DaeJeon.csv,47,11996.582741477272,4164.233832465277
448,CMB_DaeJeon.csv,48,11993.066068892045,4378.343641493056
449,CMB_DaeJeon.csv,49,11988.743093039773,4419.358452690973
450,CMB_DaeJeon.csv,50,11989.81328125,4136.643093532986
451,CMB_DaeJeon.csv,51,11994.774893465908,4257.649088541667
452,CMB_DaeJeon.csv,52,11991.449982244318,4299.713921440973
453,CMB_DaeJeon.csv,53,11992.16141690341,4355.036566840277
454,CMB_DaeJeon.csv,54,11991.2029296875,4473.338487413194
455,CMB_DaeJeon.csv,55,11991.53506747159,4428.048556857639
456,CMB_DaeJeon.csv,56,11996.122105823864,4370.21923828125
457,CMB_DaeJeon.csv,57,11989.928888494318,4292.124186197917
458,CMB_DaeJeon.csv,58,11993.011985085228,4349.103298611111
459,CMB_DaeJeon.csv,59,11991.972283380683,4201.019639756944
460,CMB_DaeJeon.csv,60,11990.850408380682,4038.4133029513887
461,CMB_DaeJeon.csv,61,11994.267524857954,4344.063802083333
462,CMB_DaeJeon.csv,62,11990.24385653409,4239.088595920139
463,CMB_DaeJeon.csv,63,11990.653977272726,4269.819064670139
464,CMB_DaeJeon.csv,64,11990.23428622159,4272.988986545139
465,CMB_DaeJeon.csv,65,11990.752769886363,4190.448703342014
466,CMB_DaeJeon.csv,66,11994.555486505682,4303.730685763889
467,CMB_DaeJeon.csv,67,11990.71200284091,4379.047905815973
468,CMB_DaeJeon.csv,68,11992.741708096592,4124.267062717014
469,CMB_DaeJeon.csv,69,11993.881463068183,4095.742241753472
470,CMB_DaeJeon.csv,70,11992.619904119318,4364.998589409723
471,CMB_DaeJeon.csv,71,11992.845951704545,4085.22021484375
472,CMB_DaeJeon.csv,72,11991.675923295454,3962.2997775607637
473,CMB_DaeJeon.csv,73,11993.924875710227,4426.752224392361
474,CMB_DaeJeon.csv,74,11989.666761363636,4216.402425130208
475,CMB_DaeJeon.csv,75,11990.967400568183,4136.038601345486
476,CMB_DaeJeon.csv,76,11989.521661931818,4398.843587239583
477,CMB_DaeJeon.csv,77,11997.484215198863,4221.546820746527
478,CMB_DaeJeon.csv,78,11986.829030539773,4312.364040798611
479,CMB_DaeJeon.csv,79,11990.687819602274,4253.851399739583
480,CMB_DaeJeon.csv,80,11989.35625,4222.566026475694
481,CMB_DaeJeon.csv,81,11993.157404119318,4356.85205078125
482,CMB_DaeJeon.csv,82,11989.948366477272,4089.6580946180557
483,CMB_DaeJeon.csv,83,11990.745525568182,4316.795138888889
484,CMB_DaeJeon.csv,84,11989.662713068183,4435.379286024306
485,CMB_DaeJeon.csv,85,11991.369797585226,4240.194769965277
486,CMB_DaeJeon.csv,86,11990.650017755683,4449.6884765625
487,CMB_DaeJeon.csv,87,11990.227290482955,4199.370307074652
488,CMB_DaeJeon.csv,88,11991.701775568183,4336.580403645833
489,CMB_DaeJeon.csv,89,11992.957759232955,4798.599717881944
490,CMB_DaeJeon.csv,90,11995.501598011364,4413.548882378473
491,CMB_DaeJeon.csv,91,11993.887144886363,4493.640516493056
492,CMB_DaeJeon.csv,92,11990.428178267046,4274.989800347223
493,CMB_DaeJeon.csv,93,11989.927397017045,4460.23193359375
494,CMB_DaeJeon.csv,94,11993.136221590908,4125.462103949652
495,CMB_DaeJeon.csv,95,11992.792986505681,4280.613172743056
496,CMB_DaeJeon.csv,96,11992.351704545454,4028.002007378472
497,CMB_DaeJeon.csv,97,11993.751970880681,3978.103325737847
498,CMB_DaeJeon.csv,98,11992.158149857954,4231.770697699652
499,CMB_DaeJeon.csv,99,11989.513192471592,4151.330023871527
500,CMB_DaeJeon.csv,100,11989.58426846591,4435.942708333333
501,MBC_ChungJu.csv,1,12538.62176846591,4727.270724826389
502,MBC_ChungJu.csv,2,12533.75264559659,4930.617296006944
503,MBC_ChungJu.csv,3,12527.988778409092,4723.123046875
504,MBC_ChungJu.csv,4,12526.846164772727,5171.733018663194
505,MBC_ChungJu.csv,5,12524.18778409091,4811.420138888889
506,MBC_ChungJu.csv,6,12517.859410511364,4916.408528645833
507,MBC_ChungJu.csv,7,12518.164506392046,5033.792209201389
508,MBC_ChungJu.csv,8,12514.391459517046,5077.290147569444
509,MBC_ChungJu.csv,9,12511.708078835227,5027.866861979167
510,MBC_ChungJu.csv,10,12512.394016335227,4913.354546440973
511,MBC_ChungJu.csv,11,12505.611115056818,4973.117404513889
512,MBC_ChungJu.csv,12,12505.483078835226,4960.157063802083
513,MBC_ChungJu.csv,13,12503.944122869318,5055.415256076389
514,MBC_ChungJu.csv,14,12505.79287997159,5242.995930989583
515,MBC_ChungJu.csv,15,12504.288529829546,4990.485134548611
516,MBC_ChungJu.csv,16,12502.6326171875,5149.165635850694
517,MBC_ChungJu.csv,17,12504.283469460228,5200.510850694444
518,MBC_ChungJu.csv,18,12501.72265625,5181.140950520833
519,MBC_ChungJu.csv,19,12502.048792613636,5167.875108506944
520,MBC_ChungJu.csv,20,12500.783575994317,5152.012803819444
521,MBC_ChungJu.csv,21,12500.696111505682,4937.114800347223
522,MBC_ChungJu.csv,22,12501.722425426136,5395.405598958333
523,MBC_ChungJu.csv,23,12501.066530539772,4987.942437065973
524,MBC_ChungJu.csv,24,12497.825372869318,5011.477159288194
525,MBC_ChungJu.csv,25,12499.819371448864,5022.279947916667
526,MBC_ChungJu.csv,26,12497.317400568181,5020.224555121527
527,MBC_ChungJu.csv,27,12501.363778409092,5161.383951822917
528,MBC_ChungJu.csv,28,12501.157954545455,4833.802788628473
529,MBC_ChungJu.csv,29,12497.432137784092,4909.984157986111
530,MBC_ChungJu.csv,30,12503.673419744318,5005.919650607639
531,MBC_ChungJu.csv,31,12498.888494318182,5143.386935763889
532,MBC_ChungJu.csv,32,12498.223277698864,4953.546278211806
533,MBC_ChungJu.csv,33,12498.086416903408,4897.824924045139
534,MBC_ChungJu.csv,34,12497.976544744319,5061.934678819444
535,MBC_ChungJu.csv,35,12492.482634943182,5135.571126302083
536,MBC_ChungJu.csv,36,12498.2044921875,5011.839192708333
537,MBC_ChungJu.csv,37,12493.904456676137,5027.225368923611
538,MBC_ChungJu.csv,38,12497.022212357955,5248.719455295139
539,MBC_ChungJu.csv,39,12496.30575284091,4955.425998263889
540,MBC_ChungJu.csv,40,12495.844140625,5175.386501736111
541,MBC_ChungJu.csv,41,12496.560031960227,5102.810655381944
542,MBC_ChungJu.csv,42,12496.556889204545,4909.883734809027
543,MBC_ChungJu.csv,43,12496.160369318182,5231.685926649306
544,MBC_ChungJu.csv,44,12496.483380681819,5228.024197048611
545,MBC_ChungJu.csv,45,12499.741157670454,4859.485731336806
546,MBC_ChungJu.csv,46,12496.63671875,5058.006076388889
547,MBC_ChungJu.csv,47,12494.924644886363,5071.296278211806
548,MBC_ChungJu.csv,48,12495.8255859375,5156.793511284723
549,MBC_ChungJu.csv,49,12492.745561079546,4993.81982421875
550,MBC_ChungJu.csv,50,12493.9390625,5260.620062934027
551,MBC_ChungJu.csv,51,12502.49520596591,4966.176703559027
552,MBC_ChungJu.csv,52,12497.529314630681,5077.318413628473
553,MBC_ChungJu.csv,53,12493.808203125,5053.365288628473
554,MBC_ChungJu.csv,54,12496.540909090909,5231.780544704861
555,MBC_ChungJu.csv,55,12496.5630859375,5179.769259982639
556,MBC_ChungJu.csv,56,12495.84403409091,5009.750542534723
557,MBC_ChungJu.csv,57,12498.250799005682,5149.987087673611
558,MBC_ChungJu.csv,58,12492.280877130683,4949.403266059027
559,MBC_ChungJu.csv,59,12496.012482244318,4969.139539930556
560,MBC_ChungJu.csv,60,12493.111541193182,4989.939073350694
561,MBC_ChungJu.csv,61,12492.475443892046,5230.333116319444
562,MBC_ChungJu.csv,62,12493.656019176136,5044.858344184027
563,MBC_ChungJu.csv,63,12495.753480113637,4915.571560329861
564,MBC_ChungJu.csv,64,12492.717205255682,5016.032877604167
565,MBC_ChungJu.csv,65,12490.677911931818,5124.555989583333
566,MBC_ChungJu.csv,66,12493.014133522727,5057.180881076389
567,MBC_ChungJu.csv,67,12488.324076704546,4924.992947048611
568,MBC_ChungJu.csv,68,12492.492720170454,5037.018337673611
569,MBC_ChungJu.csv,69,12493.232670454545,5060.187662760417
570,MBC_ChungJu.csv,70,12492.086487926137,5019.238335503473
571,MBC_ChungJu.csv,71,12494.207883522728,5028.534830729167
572,MBC_ChungJu.csv,72,12498.017205255683,5252.190538194444
573,MBC_ChungJu.csv,73,12493.214630681818,5022.7841796875
574,MBC_ChungJu.csv,74,12493.112357954546,5166.059299045139
575,MBC_ChungJu.csv,75,12494.418732244318,5041.965494791667
576,MBC_ChungJu.csv,76,12494.654900568183,4848.467881944444
577,MBC_ChungJu.csv,77,12494.771164772726,4924.304958767361
578,MBC_ChungJu.csv,78,12495.254900568181,5146.273654513889
579,MBC_ChungJu.csv,79,12491.415625,4736.053656684027
580,MBC_ChungJu.csv,80,12496.624183238637,5144.240776909723
581,MBC_ChungJu.csv,81,12495.072123579546,4923.246799045139
582,MBC_ChungJu.csv,82,12491.07842684659,4918.98876953125
583,MBC_ChungJu.csv,83,12491.788654119318,5039.905815972223
584,MBC_ChungJu.csv,84,12492.572602982955,5240.805718315973
585,MBC_ChungJu.csv,85,12492.09344815341,4909.861653645833
586,MBC_ChungJu.csv,86,12493.297620738636,4996.156358506944
587,MBC_ChungJu.csv,87,12492.118110795454,5064.055447048611
588,MBC_ChungJu.csv,88,12492.221182528408,5145.406304253473
589,MBC_ChungJu.csv,89,12492.868874289772,4959.761121961806
590,MBC_ChungJu.csv,90,12492.246661931818,5098.969943576389
591,MBC_ChungJu.csv,91,12489.1951171875,5319.713921440973
592,MBC_ChungJu.csv,92,12496.712748579546,5052.857530381944
593,MBC_ChungJu.csv,93,12489.571502130682,4927.90673828125
594,MBC_ChungJu.csv,94,12489.3875,4924.390896267361
595,MBC_ChungJu.csv,95,12491.152911931818,5262.843587239583
596,MBC_ChungJu.csv,96,12492.047034801137,5181.754720052083
597,MBC_ChungJu.csv,97,12490.090660511363,4998.358452690973
598,MBC_ChungJu.csv,98,12491.826118607954,4845.411349826389
599,MBC_ChungJu.csv,99,12494.384339488637,4878.817003038194
600,MBC_ChungJu.csv,100,12493.345685369319,5031.468587239583
601,KBS_ChungJu.csv,1,12497.644744318182,5115.843912760417
602,KBS_ChungJu.csv,2,12495.416015625,5002.284776475694
603,KBS_ChungJu.csv,3,12495.161097301136,4907.603352864583
604,KBS_ChungJu.csv,4,12495.961008522727,5072.713216145833
605,KBS_ChungJu.csv,5,12489.934055397727,4940.706434461806
606,KBS_ChungJu.csv,6,12487.780593039774,5193.939995659723
607,KBS_ChungJu.csv,7,12486.790909090909,5250.887966579861
608,KBS_ChungJu.csv,8,12483.40829190341,5383.365668402777
609,KBS_ChungJu.csv,9,12483.034925426136,5159.056098090277
610,KBS_ChungJu.csv,10,12485.95401278409,5023.965603298611
611,KBS_ChungJu.csv,11,12483.695276988636,4983.516547309027
612,KBS_ChungJu.csv,12,12481.500266335228,5187.553819444444
613,KBS_ChungJu.csv,13,12480.435227272726,5364.022135416667
614,KBS_ChungJu.csv,14,12481.563796164774,5151.225531684027
615,KBS_ChungJu.csv,15,12478.49579190341,4983.883897569444
616,KBS_ChungJu.csv,16,12482.216921164772,4880.927191840277
617,KBS_ChungJu.csv,17,12482.342986505682,4988.389105902777
618,KBS_ChungJu.csv,18,12482.786115056819,5085.230523003473
619,KBS_ChungJu.csv,19,12476.359712357955,4953.169813368056
620,KBS_ChungJu.csv,20,12481.11006747159,5021.016384548611
621,KBS_ChungJu.csv,21,12478.861203835228,5142.622287326389
622,KBS_ChungJu.csv,22,12480.257599431818,5359.730360243056
623,KBS_ChungJu.csv,23,12482.355397727273,5247.029242621527
624,KBS_ChungJu.csv,24,12481.268678977272,4870.933865017361
625,KBS_ChungJu.csv,25,12477.2638671875,5224.794270833333
626,KBS_ChungJu.csv,26,12478.978977272727,5262.527723524306
627,KBS_ChungJu.csv,27,12477.143394886363,5094.83447265625
628,KBS_ChungJu.csv,28,12478.925355113637,5191.727864583333
629,KBS_ChungJu.csv,29,12478.655344460227,5342.610568576389
630,KBS_ChungJu.csv,30,12479.07333096591,5248.944010416667
631,KBS_ChungJu.csv,31,12479.106374289773,5172.742784288194
632,KBS_ChungJu.csv,32,12477.090110085228,5255.026258680556
633,KBS_ChungJu.csv,33,12478.270561079546,5181.285861545139
634,KBS_ChungJu.csv,34,12478.254474431818,5361.515570746527
635,KBS_ChungJu.csv,35,12475.422727272728,4792.784125434027
636,KBS_ChungJu.csv,36,12479.314488636364,5345.817111545139
637,KBS_ChungJu.csv,37,12478.206303267045,5049.462131076389
638,KBS_ChungJu.csv,38,12475.03936434659,5198.155870225694
639,KBS_ChungJu.csv,39,12477.160990767046,5179.603407118056
640,KBS_ChungJu.csv,40,12477.174538352272,5336.445475260417
641,KBS_ChungJu.csv,41,12476.658966619318,4984.383843315973
642,KBS_ChungJu.csv,42,12477.233220880682,5311.891493055556
643,KBS_ChungJu.csv,43,12477.936274857955,5167.866482204861
644,KBS_ChungJu.csv,44,12479.025390625,5374.300726996527
645,KBS_ChungJu.csv,45,12480.264595170454,4999.400933159723
646,KBS_ChungJu.csv,46,12479.799360795454,5178.174207899306
647,KBS_ChungJu.csv,47,12477.367169744319,5416.347764756944
648,KBS_ChungJu.csv,48,12473.160866477272,5050.151258680556
649,KBS_ChungJu.csv,49,12475.36455965909,5291.302300347223
650,KBS_ChungJu.csv,50,12476.176722301136,5402.719292534723
651,KBS_ChungJu.csv,51,12477.614985795455,5253.9638671875
652,KBS_ChungJu.csv,52,12476.859694602274,5260.368435329861
653,KBS_ChungJu.csv,53,12478.248650568183,5120.238226996527
654,KBS_ChungJu.csv,54,12475.374467329546,5288.892144097223
655,KBS_ChungJu.csv,55,12477.322869318183,5090.265787760417
656,KBS_ChungJu.csv,56,12473.132279829546,5033.300401475694
657,KBS_ChungJu.csv,57,12480.647602982954,5266.064995659723
658,KBS_ChungJu.csv,58,12479.241672585227,5351.392469618056
659,KBS_ChungJu.csv,59,12479.189825994317,5078.148003472223
660,KBS_ChungJu.csv,60,12475.467542613636,5182.871202256944
661,KBS_ChungJu.csv,61,12476.452805397726,4769.957899305556
662,KBS_ChungJu.csv,62,12477.283700284092,5169.021755642361
663,KBS_ChungJu.csv,63,12476.295720880682,5249.770290798611
664,KBS_ChungJu.csv,64,12472.673206676136,4988.902398003473
665,KBS_ChungJu.csv,65,12475.703355823864,5055.629720052083
666,KBS_ChungJu.csv,66,12473.653746448863,4993.133409288194
667,KBS_ChungJu.csv,67,12472.82217684659,5259.902886284723
668,KBS_ChungJu.csv,68,12479.68680752841,5460.601725260417
669,KBS_ChungJu.csv,69,12477.370152698864,4942.983018663194
670,KBS_ChungJu.csv,70,12478.316477272727,5309.898600260417
671,KBS_ChungJu.csv,71,12473.697017045455,5050.250434027777
672,KBS_ChungJu.csv,72,12473.153160511363,5193.788248697917
673,KBS_ChungJu.csv,73,12474.792471590908,5048.116807725694
674,KBS_ChungJu.csv,74,12472.351544744319,5310.659396701389
675,KBS_ChungJu.csv,75,12476.912926136363,5167.718695746527
676,KBS_ChungJu.csv,76,12477.782776988637,5145.193142361111
677,KBS_ChungJu.csv,77,12479.609375,5061.858561197917
678,KBS_ChungJu.csv,78,12476.169353693182,4980.817816840277
679,KBS_ChungJu.csv,79,12471.590713778409,5077.945638020833
680,KBS_ChungJu.csv,80,12472.937642045454,5217.326388888889
681,KBS_ChungJu.csv,81,12476.427485795455,5142.363389756944
682,KBS_ChungJu.csv,82,12473.371431107955,5265.337944878473
683,KBS_ChungJu.csv,83,12475.324680397727,4923.921766493056
684,KBS_ChungJu.csv,84,12474.146732954545,5180.060004340277
685,KBS_ChungJu.csv,85,12474.053888494318,5301.940700954861
686,KBS_ChungJu.csv,86,12475.247709517045,5339.346299913194
687,KBS_ChungJu.csv,87,12477.659499289774,5131.686414930556
688,KBS_ChungJu.csv,88,12473.132421875,5241.549587673611
689,KBS_ChungJu.csv,89,12473.381107954545,4901.904459635417
690,KBS_ChungJu.csv,90,12476.44208096591,5011.641330295139
691,KBS_ChungJu.csv,91,12474.2177734375,5174.642469618056
692,KBS_ChungJu.csv,92,12476.483611505682,5233.062934027777
693,KBS_ChungJu.csv,93,12479.666512784092,5080.382269965277
694,KBS_ChungJu.csv,94,12474.583611505683,5298.914822048611
695,KBS_ChungJu.csv,95,12476.803551136363,5247.414605034723
696,KBS_ChungJu.csv,96,12473.754261363636,4950.707736545139
697,KBS_ChungJu.csv,97,12476.058327414772,5029.485785590277
698,KBS_ChungJu.csv,98,12479.3607421875,5112.78515625
699,KBS_ChungJu.csv,99,12476.14580965909,5095.593424479167
700,KBS_ChungJu.csv,100,12473.460014204546,5250.597927517361
701,KBS_main.csv,1,11500.193341619319,3964.263671875
702,KBS_main.csv,2,11457.049875710227,4140.279161241319
703,KBS_main.csv,3,11435.149538352272,4003.4599880642363
704,KBS_main.csv,4,11419.063547585227,3876.1869032118057
705,KBS_main.csv,5,11413.446750710227,3737.5613606770835
706,KBS_main.csv,6,11404.84090909091,4028.5847439236113
707,KBS_main.csv,7,11396.00223721591,4025.3546006944443
708,KBS_main.csv,8,11391.157936789772,3873.378851996528
709,KBS_main.csv,9,11387.433096590908,4071.9427083333335
710,KBS_main.csv,10,11383.037961647728,4114.168511284723
711,KBS_main.csv,11,11378.478480113636,3798.3542209201387
712,KBS_main.csv,12,11373.373650568183,3937.455078125
713,KBS_main.csv,13,11371.65859375,3911.6811794704863
714,KBS_main.csv,14,11363.505397727273,3769.0676540798613
715,KBS_main.csv,15,11365.64541903409,4005.044731987847
716,KBS_main.csv,16,11362.362642045455,3942.313286675347
717,KBS_main.csv,17,11358.380379971592,3883.406439887153
718,KBS_main.csv,18,11358.46102627841,4143.112033420139
719,KBS_main.csv,19,11355.046058238637,3893.8699001736113
720,KBS_main.csv,20,11355.76727627841,4175.455674913194
721,KBS_main.csv,21,11355.539683948864,3838.7646484375
722,KBS_main.csv,22,11351.476988636363,4042.3034939236113
723,KBS_main.csv,23,11350.543128551137,3897.0689832899307
724,KBS_main.csv,24,11351.520259232955,3823.0120985243057
725,KBS_main.csv,25,11351.633203125,4035.316948784722
726,KBS_main.csv,26,11352.205539772727,4040.5474446614585
727,KBS_main.csv,27,11350.175887784091,3976.1695963541665
728,KBS_main.csv,28,11350.140465198863,3836.0737033420137
729,KBS_main.csv,29,11348.64424715909,4184.209282769098
730,KBS_main.csv,30,11347.310955255682,3924.8836534288193
731,KBS_main.csv,31,11346.640660511364,4026.8111165364585
732,KBS_main.csv,32,11348.356818181817,3709.407280815972
733,KBS_main.csv,33,11347.117436079545,4250.292154947917
734,KBS_main.csv,34,11346.006498579545,3969.677191840278
735,KBS_main.csv,35,11347.105930397727,4159.035536024306
736,KBS_main.csv,36,11348.074822443183,3811.1552734375
737,KBS_main.csv,37,11346.968785511364,4010.8844129774307
738,KBS_main.csv,38,11347.616654829546,3781.6445041232637
739,KBS_main.csv,39,11347.598668323864,3963.6249186197915
740,KBS_main.csv,40,11343.980593039772,4108.518825954861
741,KBS_main.csv,41,11345.53524502841,3928.0797526041665
742,KBS_main.csv,42,11345.659996448863,4263.841525607639
743,KBS_main.csv,43,11341.677858664772,4185.983778211806
744,KBS_main.csv,44,11341.514115767046,4034.4724934895835
745,KBS_main.csv,45,11344.270987215908,3935.3365071614585
746,KBS_main.csv,46,11343.241051136363,3963.304497612847
747,KBS_main.csv,47,11341.855628551137,3953.0413411458335
748,KBS_main.csv,48,11344.18252840909,3976.9764539930557
749,KBS_main.csv,49,11344.090713778409,3848.3119845920137
750,KBS_main.csv,50,11344.513423295455,3898.4010959201387
751,KBS_main.csv,51,11345.523188920455,4102.239122178819
752,KBS_main.csv,52,11346.04754971591,4002.6913248697915
753,KBS_main.csv,53,11342.027858664773,3881.6236436631943
754,KBS_main.csv,54,11343.694833096592,3973.8162706163193
755,KBS_main.csv,55,11344.00204190341,4059.4711642795137
756,KBS_main.csv,56,11340.24834872159,3893.3176540798613
757,KBS_main.csv,57,11341.228639914772,4032.971001519097
758,KBS_main.csv,58,11343.733735795455,4055.0560167100693
759,KBS_main.csv,59,11343.6623046875,3910.024169921875
760,KBS_main.csv,60,11343.098277698864,3994.3439670138887
761,KBS_main.csv,61,11342.697336647727,3948.9843478732637
762,KBS_main.csv,62,11343.557776988637,4109.725423177083
763,KBS_main.csv,63,11342.739897017045,3941.633978949653
764,KBS_main.csv,64,11342.425461647726,4163.89599609375
765,KBS_main.csv,65,11341.6873046875,4001.5268825954863
766,KBS_main.csv,66,11340.635102982955,4049.3951551649307
767,KBS_main.csv,67,11343.185209517045,3945.1193033854165
768,KBS_main.csv,68,11343.011896306818,4129.881212022569
769,KBS_main.csv,69,11342.747531960227,4000.7623426649307
770,KBS_main.csv,70,11345.675053267045,4310.390842013889
771,KBS_main.csv,71,11341.333345170455,3978.0357259114585
772,KBS_main.csv,72,11344.833451704546,4009.398627387153
773,KBS_main.csv,73,11343.214435369318,3921.297905815972
774,KBS_main.csv,74,11343.81670809659,3877.9108615451387
775,KBS_main.csv,75,11346.259161931817,3933.0993381076387
776,KBS_main.csv,76,11345.273597301137,4022.4040798611113
777,KBS_main.csv,77,11343.836079545454,3925.7676595052085
778,KBS_main.csv,78,11342.084002130681,4149.651095920139
779,KBS_main.csv,79,11347.67862215909,3953.4599880642363
780,KBS_main.csv,80,11345.016193181818,3809.9955240885415
781,KBS_main.csv,81,11342.16484375,3916.7494845920137
782,KBS_main.csv,82,11338.942311789773,3890.6657443576387
783,KBS_main.csv,83,11341.795525568183,4009.1162923177085
784,KBS_main.csv,84,11344.761576704546,4448.67822265625
785,KBS_main.csv,85,11343.617542613636,4103.700792100694
786,KBS_main.csv,86,11341.393519176136,3953.8818630642363
787,KBS_main.csv,87,11342.888796164772,4046.687201605903
788,KBS_main.csv,88,11340.200603693182,3837.198432074653
789,KBS_main.csv,89,11341.343430397726,3999.501953125
790,KBS_main.csv,90,11340.674254261363,4099.750786675348
791,KBS_main.csv,91,11337.474360795455,3876.474663628472
792,KBS_main.csv,92,11337.201012073863,3991.805609809028
793,KBS_main.csv,93,11337.090234375,3980.456732855903
794,KBS_main.csv,94,11336.003835227273,3945.6367458767363
795,KBS_main.csv,95,11338.126580255683,3993.7254774305557
796,KBS_main.csv,96,11338.081764914772,4136.196614583333
797,KBS_main.csv,97,11335.88485440341,3905.4103732638887
798,KBS_main.csv,98,11340.356569602272,4153.095757378473
799,KBS_main.csv,99,11335.592933238637,4015.886664496528
800,KBS_main.csv,100,11336.336416903408,3965.928955078125
801,SBS.csv,1,11257.705930397728,3996.003363715278
802,SBS.csv,2,11259.967826704546,3976.387451171875
803,SBS.csv,3,11256.043039772727,4205.343967013889
804,SBS.csv,4,11253.435174005683,3798.8915744357637
805,SBS.csv,5,11252.622496448863,3897.6806369357637
806,SBS.csv,6,11253.43465909091,4258.999403211806
807,SBS.csv,7,11255.967329545454,4011.374810112847
808,SBS.csv,8,11254.826544744317,4088.6599392361113
809,SBS.csv,9,11252.354456676136,4068.8736707899307
810,SBS.csv,10,11249.16962002841,3822.1371256510415
811,SBS.csv,11,11251.27372159091,4031.5484212239585
812,SBS.csv,12,11253.892436079546,4149.913248697917
813,SBS.csv,13,11253.497620738637,4189.867350260417
814,SBS.csv,14,11251.173899147727,3926.144585503472
815,SBS.csv,15,11250.536452414774,3946.8319227430557
816,SBS.csv,16,11250.903071732955,3947.6515299479165
817,SBS.csv,17,11254.980237926136,4144.880886501736
818,SBS.csv,18,11249.372194602272,4187.717258029514
819,SBS.csv,19,11246.584889914773,3713.63525390625
820,SBS.csv,20,11253.393483664773,3889.952935112847
821,SBS.csv,21,11247.935280539772,4025.55908203125
822,SBS.csv,22,11249.819886363637,3979.8487955729165
823,SBS.csv,23,11246.254651988636,3761.1598849826387
824,SBS.csv,24,11250.662961647728,4033.5373263888887
825,SBS.csv,25,11249.863778409092,3799.4449327256943
826,SBS.csv,26,11252.018767755682,3868.4310438368057
827,SBS.csv,27,11249.865625,4073.4814453125
828,SBS.csv,28,11249.548987926137,3821.6959364149307
829,SBS.csv,29,11251.483664772728,3797.9894748263887
830,SBS.csv,30,11250.000550426137,3993.4447157118057
831,SBS.csv,31,11251.507990056818,3826.6422254774307
832,SBS.csv,32,11250.865181107954,3911.4481065538193
833,SBS.csv,33,11251.352521306819,4129.689697265625
834,SBS.csv,34,11251.69501065341,4060.1027560763887
835,SBS.csv,35,11252.214914772727,3978.211181640625
836,SBS.csv,36,11250.318803267046,3953.4212782118057
837,SBS.csv,37,11249.973313210226,4045.6066623263887
838,SBS.csv,38,11247.61221590909,4223.325412326389
839,SBS.csv,39,11248.704580965908,4239.706759982639
840,SBS.csv,40,11247.887233664773,4135.542426215277
841,SBS.csv,41,11248.77801846591,3962.114203559028
842,SBS.csv,42,11248.940305397728,3934.59716796875
843,SBS.csv,43,11246.650035511364,4017.0318739149307
844,SBS.csv,44,11251.579261363637,3951.5701768663193
845,SBS.csv,45,11250.026864346592,4019.385009765625
846,SBS.csv,46,11250.1943359375,4002.1895616319443
847,SBS.csv,47,11252.304580965909,3832.8647189670137
848,SBS.csv,48,11250.596608664773,4071.3091091579863
849,SBS.csv,49,11247.370490056817,4166.631971571181
850,SBS.csv,50,11250.461700994318,3994.0440266927085
851,SBS.csv,51,11250.958256392045,3982.394287109375
852,SBS.csv,52,11251.535511363636,3839.7586805555557
853,SBS.csv,53,11248.294140625,4159.025119357639
854,SBS.csv,54,11251.363813920454,4118.067111545139
855,SBS.csv,55,11249.767720170454,4261.89990234375
856,SBS.csv,56,11250.235813210227,4145.180853949652
857,SBS.csv,57,11250.224964488636,4002.5452745225693
858,SBS.csv,58,11248.442134232955,3848.461859809028
859,SBS.csv,59,11248.348650568181,3905.1642795138887
860,SBS.csv,60,11248.4630859375,4196.645562065973
861,SBS.csv,61,11252.132084517045,4077.2064344618057
862,SBS.csv,62,11249.739595170455,3850.8535970052085
863,SBS.csv,63,11248.610387073864,3774.643120659722
864,SBS.csv,64,11250.887056107955,4027.9349500868057
865,SBS.csv,65,11251.869691051137,4025.3656141493057
866,SBS.csv,66,11249.151047585226,3844.3775227864585
867,SBS.csv,67,11250.900763494317,4111.779134114583
868,SBS.csv,68,11246.053639914773,4116.987467447917
869,SBS.csv,69,11250.502468039773,4130.055148654514
870,SBS.csv,70,11247.7326171875,4070.2539876302085
871,SBS.csv,71,11247.64151278409,3956.2940809461807
872,SBS.csv,72,11249.5212890625,3925.6261393229165
873,SBS.csv,73,11251.195685369317,4020.889892578125
874,SBS.csv,74,11249.031125710228,4053.458930121528
875,SBS.csv,75,11248.459126420454,4077.5940212673613
876,SBS.csv,76,11248.735546875,4125.449435763889
877,SBS.csv,77,11247.35440340909,4030.355414496528
878,SBS.csv,78,11245.281178977273,3974.6435818142363
879,SBS.csv,79,11247.858203125,3804.979682074653
880,SBS.csv,80,11246.390997869317,3915.548583984375
881,SBS.csv,81,11251.643714488637,4005.6345486111113
882,SBS.csv,82,11246.577006392046,4062.8528917100693
883,SBS.csv,83,11246.889293323864,3912.9521755642363
884,SBS.csv,84,11246.035262784091,3774.8582899305557
885,SBS.csv,85,11244.191637073864,4201.273654513889
886,SBS.csv,86,11243.983451704546,3989.4388292100693
887,SBS.csv,87,11245.586079545454,3948.850151909722
888,SBS.csv,88,11243.827592329546,4221.388292100694
889,SBS.csv,89,11243.876473721592,3967.1968587239585
890,SBS.csv,90,11243.69620028409,3962.2642686631943
891,SBS.csv,91,11244.219513494318,4283.461642795139
892,SBS.csv,92,11243.264666193181,3981.1866590711807
893,SBS.csv,93,11243.231392045454,4080.5429416232637
894,SBS.csv,94,11244.493288352272,4151.970079210069
895,SBS.csv,95,11242.631889204546,4089.4004991319443
896,SBS.csv,96,11241.621324573864,3930.9210069444443
897,SBS.csv,97,11243.563370028409,3964.2667371961807
898,SBS.csv,98,11239.30790127841,4185.102322048611
899,SBS.csv,99,11241.73504971591,3923.1621365017363
900,SBS.csv,100,11242.686150568183,3831.254692925347
901,MBC_sa.csv,1,11555.796058238637,4284.439507378473
902,MBC_sa.csv,2,11558.04140625,4417.835232204861
903,MBC_sa.csv,3,11558.759765625,4000.656928168403
904,MBC_sa.csv,4,11557.32430752841,4244.103786892361
905,MBC_sa.csv,5,11556.02762784091,4275.193901909723
906,MBC_sa.csv,6,11552.841388494318,4538.023328993056
907,MBC_sa.csv,7,11552.097017045455,4297.472276475694
908,MBC_sa.csv,8,11556.4833984375,4252.3310546875
909,MBC_sa.csv,9,11554.1908203125,4402.998914930556
910,MBC_sa.csv,10,11553.070188210228,4252.234157986111
911,MBC_sa.csv,11,11553.836700994318,4501.062771267361
912,MBC_sa.csv,12,11555.688831676136,4167.020399305556
913,MBC_sa.csv,13,11551.925461647726,4093.9209798177085
914,MBC_sa.csv,14,11554.3904296875,4095.004448784722
915,MBC_sa.csv,15,11548.865358664772,4111.870659722223
916,MBC_sa.csv,16,11555.231622869318,4239.890706380208
917,MBC_sa.csv,17,11554.792862215909,4516.960774739583
918,MBC_sa.csv,18,11551.667897727273,4490.694173177083
919,MBC_sa.csv,19,11554.388050426136,4332.251681857639
920,MBC_sa.csv,20,11555.182084517046,4636.148600260417
921,MBC_sa.csv,21,11555.107865767046,4400.393608940973
922,MBC_sa.csv,22,11552.701953125,4394.16552734375
923,MBC_sa.csv,23,11555.235085227272,4331.9873046875
924,MBC_sa.csv,24,11551.646306818182,4487.829372829861
925,MBC_sa.csv,25,11553.745170454546,4253.328694661458
926,MBC_sa.csv,26,11551.759907670454,4493.746419270833
927,MBC_sa.csv,27,11551.558433948863,4276.32177734375
928,MBC_sa.csv,28,11555.161203835227,4503.596462673611
929,MBC_sa.csv,29,11550.326899857955,4426.20263671875
930,MBC_sa.csv,30,11553.832670454545,4158.386393229167
931,MBC_sa.csv,31,11553.563494318181,4267.774251302083
932,MBC_sa.csv,32,11551.406463068182,4195.500189887152
933,MBC_sa.csv,33,11554.736487926137,4353.097439236111
934,MBC_sa.csv,34,11552.834996448864,4305.531385633681
935,MBC_sa.csv,35,11550.961399147727,4232.533637152777
936,MBC_sa.csv,36,11553.442720170455,4283.334554036458
937,MBC_sa.csv,37,11553.74921875,4212.56884765625
938,MBC_sa.csv,38,11552.905024857955,4331.4560546875
939,MBC_sa.csv,39,11552.452805397726,4389.282118055556
940,MBC_sa.csv,40,11554.826686789773,4409.748697916667
941,MBC_sa.csv,41,11554.368927556818,4264.289008246527
942,MBC_sa.csv,42,11550.919850852273,4090.134819878472
943,MBC_sa.csv,43,11550.161594460227,4370.410753038194
944,MBC_sa.csv,44,11548.84696377841,4028.326605902778
945,MBC_sa.csv,45,11554.880255681817,4392.873318142361
946,MBC_sa.csv,46,11553.696910511364,4308.813042534723
947,MBC_sa.csv,47,11550.815198863636,4270.369330512152
948,MBC_sa.csv,48,11552.132049005682,4324.739040798611
949,MBC_sa.csv,49,11554.19169034091,4307.767903645833
950,MBC_sa.csv,50,11555.775923295454,4646.10107421875
951,MBC_sa.csv,51,11556.173206676136,4285.897759331598
952,MBC_sa.csv,52,11547.899272017046,4399.826605902777
953,MBC_sa.csv,53,11554.6927734375,4126.419921875
954,MBC_sa.csv,54,11550.380539772726,4165.881401909723
955,MBC_sa.csv,55,11552.0376953125,4363.563259548611
956,MBC_sa.csv,56,11552.011257102273,4407.875813802083
957,MBC_sa.csv,57,11554.490731534092,4408.885091145833
958,MBC_sa.csv,58,11552.183842329545,4607.842230902777
959,MBC_sa.csv,59,11552.73409090909,4280.328152126736
960,MBC_sa.csv,60,11552.052734375,4639.422037760417
961,MBC_sa.csv,61,11555.138103693182,4196.507649739583
962,MBC_sa.csv,62,11553.422318892046,4503.760525173611
963,MBC_sa.csv,63,11552.152183948863,4266.982693142361
964,MBC_sa.csv,64,11552.796306818182,4391.7392578125
965,MBC_sa.csv,65,11551.262357954545,4300.873453776042
966,MBC_sa.csv,66,11552.195845170454,4395.212293836806
967,MBC_sa.csv,67,11549.222407670455,4353.962293836806
968,MBC_sa.csv,68,11550.84383877841,4535.710069444444
969,MBC_sa.csv,69,11550.483362926136,4490.795138888889
970,MBC_sa.csv,70,11553.511789772727,4295.57373046875
971,MBC_sa.csv,71,11550.665696022726,4298.172634548611
972,MBC_sa.csv,72,11549.139204545454,4136.597384982639
973,MBC_sa.csv,73,11551.1626953125,4567.524522569444
974,MBC_sa.csv,74,11549.303480113636,4576.42041015625
975,MBC_sa.csv,75,11550.103249289772,4404.054253472223
976,MBC_sa.csv,76,11547.928107244317,4460.529513888889
977,MBC_sa.csv,77,11548.656267755681,4385.820692274306
978,MBC_sa.csv,78,11546.694939630683,4429.066026475694
979,MBC_sa.csv,79,11550.649556107954,4162.131022135417
980,MBC_sa.csv,80,11545.848473011363,4202.087890625
981,MBC_sa.csv,81,11545.964098011364,4458.756239149306
982,MBC_sa.csv,82,11546.315625,4120.990939670139
983,MBC_sa.csv,83,11545.472478693182,4358.227973090277
984,MBC_sa.csv,84,11547.855095880683,4248.595974392361
985,MBC_sa.csv,85,11544.506374289773,4327.122450086806
986,MBC_sa.csv,86,11547.597709517046,4174.166341145833
987,MBC_sa.csv,87,11544.86416903409,4406.105577256944
988,MBC_sa.csv,88,11541.868607954546,4266.311659071181
989,MBC_sa.csv,89,11547.166228693182,4475.656955295139
990,MBC_sa.csv,90,11543.322531960228,4230.105685763889
991,MBC_sa.csv,91,11546.204527698863,4466.379720052083
992,MBC_sa.csv,92,11548.693732244317,4388.736599392361
993,MBC_sa.csv,93,11544.18252840909,4459.529296875
994,MBC_sa.csv,94,11545.074005681818,4424.137261284723
995,MBC_sa.csv,95,11547.675124289774,4042.7501085069443
996,MBC_sa.csv,96,11548.001509232954,4175.250759548611
997,MBC_sa.csv,97,11545.398650568182,4316.071994357639
998,MBC_sa.csv,98,11541.07528409091,4374.335503472223
999,MBC_sa.csv,99,11544.801207386363,4342.548611111111
1000,MBC_sa.csv,100,11541.413636363637,4429.464952256944
1001,KBS_KangNeung.csv,1,11125.53984375,4358.585123697917
1002,KBS_KangNeung.csv,2,11050.83916903409,4435.365559895833
1003,KBS_KangNeung.csv,3,11015.40616122159,4315.366048177083
1004,KBS_KangNeung.csv,4,10989.2095703125,4377.101019965277
1005,KBS_KangNeung.csv,5,10984.705184659091,4528.633897569444
1006,KBS_KangNeung.csv,6,10975.176438210226,4550.778428819444
1007,KBS_KangNeung.csv,7,10967.232279829546,4394.018283420139
1008,KBS_KangNeung.csv,8,10965.792542613637,4501.737521701389
1009,KBS_KangNeung.csv,9,10964.509232954546,4356.733615451389
1010,KBS_KangNeung.csv,10,10964.632599431818,4641.941080729167
1011,KBS_KangNeung.csv,11,10954.916796875,4434.008409288194
1012,KBS_KangNeung.csv,12,10953.168892045454,4420.459743923611
1013,KBS_KangNeung.csv,13,10945.694975142045,4473.401150173611
1014,KBS_KangNeung.csv,14,10943.521555397727,4732.108181423611
1015,KBS_KangNeung.csv,15,10939.901118607955,4598.407606336806
1016,KBS_KangNeung.csv,16,10933.361399147727,4295.901095920139
1017,KBS_KangNeung.csv,17,10932.70284090909,4613.372178819444
1018,KBS_KangNeung.csv,18,10922.810120738637,4616.487087673611
1019,KBS_KangNeung.csv,19,10915.451331676137,4513.814887152777
1020,KBS_KangNeung.csv,20,10911.164701704545,4567.950303819444
1021,KBS_KangNeung.csv,21,10906.1822265625,4508.4619140625
1022,KBS_KangNeung.csv,22,10899.502112926137,4410.87939453125
1023,KBS_KangNeung.csv,23,10896.981214488636,4705.100748697917
1024,KBS_KangNeung.csv,24,10891.469921875,4479.657118055556
1025,KBS_KangNeung.csv,25,10885.889612926136,4616.700954861111
1026,KBS_KangNeung.csv,26,10885.612180397728,4552.926540798611
1027,KBS_KangNeung.csv,27,10880.815625,4571.308810763889
1028,KBS_KangNeung.csv,28,10875.314932528408,4539.042914496527
1029,KBS_KangNeung.csv,29,10872.489754971592,4724.815158420139
1030,KBS_KangNeung.csv,30,10866.888458806818,4519.3662109375
1031,KBS_KangNeung.csv,31,10862.940980113637,4436.751953125
1032,KBS_KangNeung.csv,32,10858.440092329545,4548.604546440973
1033,KBS_KangNeung.csv,33,10854.825568181817,4622.098524305556
1034,KBS_KangNeung.csv,34,10853.285546875,4947.303331163194
1035,KBS_KangNeung.csv,35,10852.583966619319,4652.713812934027
1036,KBS_KangNeung.csv,36,10843.291672585226,4812.308430989583
1037,KBS_KangNeung.csv,37,10842.705823863636,4713.935872395833
1038,KBS_KangNeung.csv,38,10838.180770596591,4625.723361545139
1039,KBS_KangNeung.csv,39,10835.681178977273,4737.874131944444
1040,KBS_KangNeung.csv,40,10833.429314630683,4681.782986111111
1041,KBS_KangNeung.csv,41,10833.545419034092,4706.682074652777
1042,KBS_KangNeung.csv,42,10826.242223011364,4607.366265190973
1043,KBS_KangNeung.csv,43,10825.446040482955,4606.10498046875
1044,KBS_KangNeung.csv,44,10825.2814453125,4688.208713107639
1045,KBS_KangNeung.csv,45,10822.0037109375,4580.184190538194
1046,KBS_KangNeung.csv,46,10821.773455255681,4552.803982204861
1047,KBS_KangNeung.csv,47,10817.157049005682,4606.692816840277
1048,KBS_KangNeung.csv,48,10817.20694247159,4653.890462239583
1049,KBS_KangNeung.csv,49,10815.940021306818,4675.286783854167
1050,KBS_KangNeung.csv,50,10812.557084517046,4660.131184895833
1051,KBS_KangNeung.csv,51,10809.388245738637,4726.555555555556
1052,KBS_KangNeung.csv,52,10811.517027698863,4736.748101128473
1053,KBS_KangNeung.csv,53,10809.541495028408,4495.299587673611
1054,KBS_KangNeung.csv,54,10808.152876420454,4798.615885416667
1055,KBS_KangNeung.csv,55,10808.58172940341,4686.671278211806
1056,KBS_KangNeung.csv,56,10807.641566051136,4526.615397135417
1057,KBS_KangNeung.csv,57,10808.129758522728,4806.181098090277
1058,KBS_KangNeung.csv,58,10805.581640625,4900.524576822917
1059,KBS_KangNeung.csv,59,10803.472709517046,4631.669650607639
1060,KBS_KangNeung.csv,60,10800.58467684659,4538.805935329861
1061,KBS_KangNeung.csv,61,10802.79559659091,4927.312391493056
1062,KBS_KangNeung.csv,62,10802.014275568183,4559.475151909723
1063,KBS_KangNeung.csv,63,10799.112375710227,4728.198676215277
1064,KBS_KangNeung.csv,64,10803.79952059659,4824.897135416667
1065,KBS_KangNeung.csv,65,10805.853373579546,4725.143174913194
1066,KBS_KangNeung.csv,66,10799.582634943183,4476.801215277777
1067,KBS_KangNeung.csv,67,10797.173046875,4690.137858072917
1068,KBS_KangNeung.csv,68,10798.216956676137,4490.968587239583
1069,KBS_KangNeung.csv,69,10801.052095170455,4851.378526475694
1070,KBS_KangNeung.csv,70,10799.749946732954,4588.010796440973
1071,KBS_KangNeung.csv,71,10797.626509232954,4714.100911458333
1072,KBS_KangNeung.csv,72,10796.477698863637,4800.451931423611
1073,KBS_KangNeung.csv,73,10800.220472301136,4729.569390190973
1074,KBS_KangNeung.csv,74,10799.24833096591,4720.266004774306
1075,KBS_KangNeung.csv,75,10797.8486328125,4693.842610677083
1076,KBS_KangNeung.csv,76,10796.102698863637,4578.757161458333
1077,KBS_KangNeung.csv,77,10797.353568892046,4838.147515190973
1078,KBS_KangNeung.csv,78,10795.638920454545,4571.842176649306
1079,KBS_KangNeung.csv,79,10796.099591619319,4883.582682291667
1080,KBS_KangNeung.csv,80,10799.379225852274,4548.243055555556
1081,KBS_KangNeung.csv,81,10800.098987926136,4511.24560546875
1082,KBS_KangNeung.csv,82,10800.71358309659,4724.826280381944
1083,KBS_KangNeung.csv,83,10796.983629261364,4652.291558159723
1084,KBS_KangNeung.csv,84,10796.838103693182,4608.170627170139
1085,KBS_KangNeung.csv,85,10797.890021306817,4753.513780381944
1086,KBS_KangNeung.csv,86,10797.187748579545,4719.075303819444
1087,KBS_KangNeung.csv,87,10795.157066761363,4766.55126953125
1088,KBS_KangNeung.csv,88,10795.909818892045,4757.787163628473
1089,KBS_KangNeung.csv,89,10794.38565340909,4664.19482421875
1090,KBS_KangNeung.csv,90,10796.616779119318,4800.9248046875
1091,KBS_KangNeung.csv,91,10794.926349431818,4938.259331597223
1092,KBS_KangNeung.csv,92,10794.681658380681,4824.608072916667
1093,KBS_KangNeung.csv,93,10794.065571732954,4813.579915364583
1094,KBS_KangNeung.csv,94,10793.372088068181,4856.787543402777
1095,KBS_KangNeung.csv,95,10795.433629261364,4933.909722222223
1096,KBS_KangNeung.csv,96,10794.94034090909,4909.132703993056
1097,KBS_KangNeung.csv,97,10795.219566761363,4955.993543836806
1098,KBS_KangNeung.csv,98,10793.99014559659,4708.011501736111
1099,KBS_KangNeung.csv,99,10795.014311079545,4866.006781684027
1100,KBS_KangNeung.csv,100,10798.663068181819,4779.559353298611
1101,MBC_KangNeung.csv,1,10510.29422940341,3947.8645290798613
1102,MBC_KangNeung.csv,2,10502.251846590909,4194.406141493056
1103,MBC_KangNeung.csv,3,10495.586274857955,4220.632921006944
1104,MBC_KangNeung.csv,4,10492.667578125,4066.669379340278
1105,MBC_KangNeung.csv,5,10488.8607421875,3969.906060112847
1106,MBC_KangNeung.csv,6,10487.372052556819,4188.960286458333
1107,MBC_KangNeung.csv,7,10483.41278409091,4265.953016493056
1108,MBC_KangNeung.csv,8,10477.6919921875,4220.150716145833
1109,MBC_KangNeung.csv,9,10473.235493607954,4099.297092013889
1110,MBC_KangNeung.csv,10,10471.631640625,4143.176920572917
1111,MBC_KangNeung.csv,11,10465.488334517046,4049.9734157986113
1112,MBC_KangNeung.csv,12,10462.245490056817,4106.152316623264
1113,MBC_KangNeung.csv,13,10462.756107954545,4253.308213975694
1114,MBC_KangNeung.csv,14,10460.320969460226,4161.763047960069
1115,MBC_KangNeung.csv,15,10453.474165482954,4184.354899088542
1116,MBC_KangNeung.csv,16,10452.4654296875,4410.031087239583
1117,MBC_KangNeung.csv,17,10450.727610085227,4226.609483506944
1118,MBC_KangNeung.csv,18,10445.782155539773,4026.7288953993057
1119,MBC_KangNeung.csv,19,10440.781019176136,4015.3723958333335
1120,MBC_KangNeung.csv,20,10438.44522372159,4281.095486111111
1121,MBC_KangNeung.csv,21,10435.801136363636,4118.225531684027
1122,MBC_KangNeung.csv,22,10433.06903409091,4259.550455729167
1123,MBC_KangNeung.csv,23,10431.51688565341,4134.622422960069
1124,MBC_KangNeung.csv,24,10427.961345880682,4175.077039930556
1125,MBC_KangNeung.csv,25,10427.643199573864,4312.082139756944
1126,MBC_KangNeung.csv,26,10423.802627840909,4279.249674479167
1127,MBC_KangNeung.csv,27,10423.053231534092,4324.121310763889
1128,MBC_KangNeung.csv,28,10419.415376420455,4069.5291612413193
1129,MBC_KangNeung.csv,29,10417.85,4387.086588541667
1130,MBC_KangNeung.csv,30,10415.048348721592,4146.384874131944
1131,MBC_KangNeung.csv,31,10413.241015625,4187.671630859375
1132,MBC_KangNeung.csv,32,10411.475994318182,4330.645128038194
1133,MBC_KangNeung.csv,33,10411.245294744318,4254.953396267361
1134,MBC_KangNeung.csv,34,10412.735990767045,4001.1597764756943
1135,MBC_KangNeung.csv,35,10414.167134232954,4057.8623860677085
1136,MBC_KangNeung.csv,36,10407.631374289773,4226.407172309027
1137,MBC_KangNeung.csv,37,10408.54305752841,4169.92822265625
1138,MBC_KangNeung.csv,38,10407.488671875,4076.5328233506943
1139,MBC_KangNeung.csv,39,10408.488227982954,4166.554172092014
1140,MBC_KangNeung.csv,40,10403.535174005681,4271.134602864583
1141,MBC_KangNeung.csv,41,10405.337517755683,4192.04052734375
1142,MBC_KangNeung.csv,42,10402.906232244319,4207.443305121527
1143,MBC_KangNeung.csv,43,10402.032492897728,4169.981608072917
1144,MBC_KangNeung.csv,44,10401.756605113636,4362.771592881944
1145,MBC_KangNeung.csv,45,10399.785085227273,4279.406358506944
1146,MBC_KangNeung.csv,46,10398.306534090909,4193.756564670139
1147,MBC_KangNeung.csv,47,10398.944815340908,4343.26171875
1148,MBC_KangNeung.csv,48,10397.543590198864,4178.903103298611
1149,MBC_KangNeung.csv,49,10398.18584872159,4442.823513454861
1150,MBC_KangNeung.csv,50,10400.446537642045,4388.498752170139
1151,MBC_KangNeung.csv,51,10395.634641335228,4434.853461371527
1152,MBC_KangNeung.csv,52,10396.851402698863,4175.693006727431
1153,MBC_KangNeung.csv,53,10397.527734375,4221.848036024306
1154,MBC_KangNeung.csv,54,10396.175621448863,4165.480523003473
1155,MBC_KangNeung.csv,55,10395.03897372159,4275.294867621527
1156,MBC_KangNeung.csv,56,10394.835759943182,4283.889431423611
1157,MBC_KangNeung.csv,57,10393.035209517046,4195.027126736111
1158,MBC_KangNeung.csv,58,10395.092347301137,4320.031358506944
1159,MBC_KangNeung.csv,59,10393.46328125,4274.787489149306
1160,MBC_KangNeung.csv,60,10394.900017755683,4426.079047309027
1161,MBC_KangNeung.csv,61,10397.6892578125,4332.949761284723
1162,MBC_KangNeung.csv,62,10393.160688920454,4545.835774739583
1163,MBC_KangNeung.csv,63,10393.950408380682,4429.323838975694
1164,MBC_KangNeung.csv,64,10394.861186079546,4373.3115234375
1165,MBC_KangNeung.csv,65,10396.419193892045,4312.203776041667
1166,MBC_KangNeung.csv,66,10394.055415482955,4357.607421875
1167,MBC_KangNeung.csv,67,10395.145649857954,4391.857693142361
1168,MBC_KangNeung.csv,68,10391.2908203125,4156.241970486111
1169,MBC_KangNeung.csv,69,10392.242524857955,4322.324869791667
1170,MBC_KangNeung.csv,70,10396.561097301137,4128.763020833333
1171,MBC_KangNeung.csv,71,10392.405486505682,4290.895073784723
1172,MBC_KangNeung.csv,72,10391.985404829546,4295.338704427083
1173,MBC_KangNeung.csv,73,10392.098188920454,4305.690483940973
1174,MBC_KangNeung.csv,74,10390.414169034091,4493.110297309027
1175,MBC_KangNeung.csv,75,10391.983433948864,4357.343695746527
1176,MBC_KangNeung.csv,76,10393.26102627841,4367.823459201389
1177,MBC_KangNeung.csv,77,10389.3884765625,4230.135959201389
1178,MBC_KangNeung.csv,78,10394.568590198864,4185.859130859375
1179,MBC_KangNeung.csv,79,10390.193519176137,4418.210394965277
1180,MBC_KangNeung.csv,80,10393.337180397728,4388.62255859375
1181,MBC_KangNeung.csv,81,10388.857492897727,4392.838053385417
1182,MBC_KangNeung.csv,82,10392.641938920455,4224.76220703125
1183,MBC_KangNeung.csv,83,10390.1974609375,4504.432508680556
1184,MBC_KangNeung.csv,84,10388.976384943182,4265.070258246527
1185,MBC_KangNeung.csv,85,10391.857350852273,4384.122233072917
1186,MBC_KangNeung.csv,86,10392.297389914773,4523.960720486111
1187,MBC_KangNeung.csv,87,10389.449946732955,4389.473795572917
1188,MBC_KangNeung.csv,88,10390.968572443182,4360.804741753473
1189,MBC_KangNeung.csv,89,10391.391281960226,4372.257649739583
1190,MBC_KangNeung.csv,90,10389.369495738636,4385.195692274306
1191,MBC_KangNeung.csv,91,10390.900727982955,4232.257052951389
1192,MBC_KangNeung.csv,92,10388.816654829545,4227.415744357639
1193,MBC_KangNeung.csv,93,10390.937819602274,4390.117296006944
1194,MBC_KangNeung.csv,94,10389.405220170454,4253.286512586806
1195,MBC_KangNeung.csv,95,10390.694833096592,4407.965223524306
1196,MBC_KangNeung.csv,96,10390.917507102273,4580.278700086806
1197,MBC_KangNeung.csv,97,10388.870472301136,4376.552517361111
1198,MBC_KangNeung.csv,98,10388.651154119318,4297.584255642361
1199,MBC_KangNeung.csv,99,10388.610316051136,4287.762315538194
1200,MBC_KangNeung.csv,100,10388.280202414773,4144.998670789931
1201,TBN_DaeGu.csv,1,12260.59872159091,4879.453396267361
1202,TBN_DaeGu.csv,2,12189.2966796875,4977.685709635417
1203,TBN_DaeGu.csv,3,12158.317826704546,4835.234103732639
1204,TBN_DaeGu.csv,4,12148.142311789772,4887.733832465277
1205,TBN_DaeGu.csv,5,12138.714115767045,4957.177137586806
1206,TBN_DaeGu.csv,6,12132.533043323863,5006.493055555556
1207,TBN_DaeGu.csv,7,12128.095170454546,4994.877387152777
1208,TBN_DaeGu.csv,8,12121.216832386364,4951.068250868056
1209,TBN_DaeGu.csv,9,12122.805149147727,5059.726453993056
1210,TBN_DaeGu.csv,10,12115.824485085228,5102.902126736111
1211,TBN_DaeGu.csv,11,12115.780113636363,4903.2294921875
1212,TBN_DaeGu.csv,12,12113.304811789772,4796.405219184027
1213,TBN_DaeGu.csv,13,12110.962286931817,4869.3603515625
1214,TBN_DaeGu.csv,14,12112.515642755681,4874.933430989583
1215,TBN_DaeGu.csv,15,12107.464701704546,5006.839246961806
1216,TBN_DaeGu.csv,16,12105.873668323864,4941.913302951389
1217,TBN_DaeGu.csv,17,12109.045259232955,4789.209689670139
1218,TBN_DaeGu.csv,18,12106.012553267046,5035.312934027777
1219,TBN_DaeGu.csv,19,12112.665802556818,4831.268663194444
1220,TBN_DaeGu.csv,20,12109.590358664773,4949.489963107639
1221,TBN_DaeGu.csv,21,12104.1765625,5123.705837673611
1222,TBN_DaeGu.csv,22,12106.772798295455,4860.057074652777
1223,TBN_DaeGu.csv,23,12107.81415127841,4902.456217447917
1224,TBN_DaeGu.csv,24,12102.164186789772,5149.145290798611
1225,TBN_DaeGu.csv,25,12104.091317471592,5176.853624131944
1226,TBN_DaeGu.csv,26,12106.588512073864,4962.748697916667
1227,TBN_DaeGu.csv,27,12100.924183238636,5099.909884982639
1228,TBN_DaeGu.csv,28,12104.23856534091,5286.166883680556
1229,TBN_DaeGu.csv,29,12102.419655539772,4960.669270833333
1230,TBN_DaeGu.csv,30,12103.513423295455,4992.075249565973
1231,TBN_DaeGu.csv,31,12096.497887073863,4974.905544704861
1232,TBN_DaeGu.csv,32,12097.734410511364,4664.401692708333
1233,TBN_DaeGu.csv,33,12104.179261363637,5132.681694878473
1234,TBN_DaeGu.csv,34,12103.157066761363,4955.5361328125
1235,TBN_DaeGu.csv,35,12103.077716619318,4724.400065104167
1236,TBN_DaeGu.csv,36,12101.6361328125,4884.756944444444
1237,TBN_DaeGu.csv,37,12097.87274502841,5010.065158420139
1238,TBN_DaeGu.csv,38,12100.038512073863,5037.613444010417
1239,TBN_DaeGu.csv,39,12095.465198863636,5108.26513671875
1240,TBN_DaeGu.csv,40,12097.395028409092,5120.697374131944
1241,TBN_DaeGu.csv,41,12096.091051136364,4978.028862847223
1242,TBN_DaeGu.csv,42,12099.360102982955,5050.105251736111
1243,TBN_DaeGu.csv,43,12094.805024857955,4885.999240451389
1244,TBN_DaeGu.csv,44,12098.878639914772,5017.877115885417
1245,TBN_DaeGu.csv,45,12094.894211647726,5074.465060763889
1246,TBN_DaeGu.csv,46,12099.18291903409,4901.653971354167
1247,TBN_DaeGu.csv,47,12098.037162642046,4831.261067708333
1248,TBN_DaeGu.csv,48,12096.865571732955,5090.236870659723
1249,TBN_DaeGu.csv,49,12095.205149147727,4925.870930989583
1250,TBN_DaeGu.csv,50,12098.107581676137,5070.516547309027
1251,TBN_DaeGu.csv,51,12095.348952414774,4845.54052734375
1252,TBN_DaeGu.csv,52,12095.5330078125,4819.146050347223
1253,TBN_DaeGu.csv,53,12096.214825994319,5349.910536024306
1254,TBN_DaeGu.csv,54,12097.892986505682,5320.174533420139
1255,TBN_DaeGu.csv,55,12098.199183238636,4967.449327256944
1256,TBN_DaeGu.csv,56,12096.968022017045,4891.917154947917
1257,TBN_DaeGu.csv,57,12095.549378551137,5059.923828125
1258,TBN_DaeGu.csv,58,12098.38018465909,5274.962999131944
1259,TBN_DaeGu.csv,59,12095.448970170455,4700.0634765625
1260,TBN_DaeGu.csv,60,12097.42352627841,4859.859266493056
1261,TBN_DaeGu.csv,61,12093.617791193183,5292.591851128473
1262,TBN_DaeGu.csv,62,12095.454030539773,4966.259819878473
1263,TBN_DaeGu.csv,63,12093.11161221591,4716.404188368056
1264,TBN_DaeGu.csv,64,12097.326651278408,5178.986328125
1265,TBN_DaeGu.csv,65,12096.138139204546,5149.178765190973
1266,TBN_DaeGu.csv,66,12096.837961647727,5169.063530815973
1267,TBN_DaeGu.csv,67,12098.124467329546,4827.780544704861
1268,TBN_DaeGu.csv,68,12093.695756392046,5145.620171440973
1269,TBN_DaeGu.csv,69,12092.447762784092,4988.528537326389
1270,TBN_DaeGu.csv,70,12095.518803267045,4863.872341579861
1271,TBN_DaeGu.csv,71,12096.999449573863,5097.224934895833
1272,TBN_DaeGu.csv,72,12091.98251065341,4801.748697916667
1273,TBN_DaeGu.csv,73,12097.867897727272,4958.154839409723
1274,TBN_DaeGu.csv,74,12092.806640625,4836.327094184027
1275,TBN_DaeGu.csv,75,12093.789204545454,4998.243489583333
1276,TBN_DaeGu.csv,76,12092.906622869317,5023.15087890625
1277,TBN_DaeGu.csv,77,12092.581107954546,5078.776204427083
1278,TBN_DaeGu.csv,78,12095.958043323864,5150.814887152777
1279,TBN_DaeGu.csv,79,12095.151242897728,4861.602756076389
1280,TBN_DaeGu.csv,80,12092.52665127841,4987.528700086806
1281,TBN_DaeGu.csv,81,12094.3291015625,5099.740885416667
1282,TBN_DaeGu.csv,82,12093.875071022727,5057.335611979167
1283,TBN_DaeGu.csv,83,12096.794566761364,5256.135633680556
1284,TBN_DaeGu.csv,84,12093.540465198863,5188.47412109375
1285,TBN_DaeGu.csv,85,12094.173100142045,5278.712239583333
1286,TBN_DaeGu.csv,86,12095.507599431818,5052.62744140625
1287,TBN_DaeGu.csv,87,12092.167507102273,5250.890299479167
1288,TBN_DaeGu.csv,88,12092.155859375,5004.389485677083
1289,TBN_DaeGu.csv,89,12091.30340909091,4937.570855034723
1290,TBN_DaeGu.csv,90,12094.073863636364,5240.003363715277
1291,TBN_DaeGu.csv,91,12095.866850142045,5153.196831597223
1292,TBN_DaeGu.csv,92,12094.075124289773,5140.572428385417
1293,TBN_DaeGu.csv,93,12093.66729403409,5066.497612847223
1294,TBN_DaeGu.csv,94,12096.298881392046,4900.483072916667
1295,TBN_DaeGu.csv,95,12095.177610085228,4864.49267578125
1296,TBN_DaeGu.csv,96,12092.360458096591,5090.507107204861
1297,TBN_DaeGu.csv,97,12094.670028409091,5046.288519965277
1298,TBN_DaeGu.csv,98,12095.134250710227,5041.689073350694
1299,TBN_DaeGu.csv,99,12092.556960227274,5178.163194444444
1300,TBN_DaeGu.csv,100,12095.237428977272,4793.373806423611
1301,TBC_DaeGu.csv,1,12250.490589488636,5218.457085503473
1302,TBC_DaeGu.csv,2,12251.698881392045,5112.363172743056
1303,TBC_DaeGu.csv,3,12249.153480113637,5122.065104166667
1304,TBC_DaeGu.csv,4,12247.166068892046,5285.032063802083
1305,TBC_DaeGu.csv,5,12244.441743607955,5101.14208984375
1306,TBC_DaeGu.csv,6,12244.768377130682,5268.051486545139
1307,TBC_DaeGu.csv,7,12245.830628551137,4996.901746961806
1308,TBC_DaeGu.csv,8,12248.192524857954,5128.868598090277
1309,TBC_DaeGu.csv,9,12244.666512784092,4959.741319444444
1310,TBC_DaeGu.csv,10,12245.627521306818,5200.986870659723
1311,TBC_DaeGu.csv,11,12244.205113636364,5272.228949652777
1312,TBC_DaeGu.csv,12,12249.03194247159,5569.484537760417
1313,TBC_DaeGu.csv,13,12242.301100852274,5252.488389756944
1314,TBC_DaeGu.csv,14,12243.637482244318,5223.818250868056
1315,TBC_DaeGu.csv,15,12246.120490056817,5155.788899739583
1316,TBC_DaeGu.csv,16,12242.500514914773,5121.455946180556
1317,TBC_DaeGu.csv,17,12246.347194602273,5368.772840711806
1318,TBC_DaeGu.csv,18,12245.929758522727,5216.827365451389
1319,TBC_DaeGu.csv,19,12243.992649147727,5395.946180555556
1320,TBC_DaeGu.csv,20,12244.802911931818,5412.754448784723
1321,TBC_DaeGu.csv,21,12241.068572443182,5166.301595052083
1322,TBC_DaeGu.csv,22,12245.451704545454,5302.589952256944
1323,TBC_DaeGu.csv,23,12240.163547585227,5206.068088107639
1324,TBC_DaeGu.csv,24,12243.685174005683,5198.810709635417
1325,TBC_DaeGu.csv,25,12242.183220880683,5328.851453993056
1326,TBC_DaeGu.csv,26,12240.7380859375,5091.820041232639
1327,TBC_DaeGu.csv,27,12244.45498934659,5387.872721354167
1328,TBC_DaeGu.csv,28,12244.915376420455,5256.261990017361
1329,TBC_DaeGu.csv,29,12242.383362926137,5225.908854166667
1330,TBC_DaeGu.csv,30,12244.307120028408,5440.512369791667
1331,TBC_DaeGu.csv,31,12242.459854403409,5260.36865234375
1332,TBC_DaeGu.csv,32,12242.356871448863,5149.844184027777
1333,TBC_DaeGu.csv,33,12244.504723011363,5397.882378472223
1334,TBC_DaeGu.csv,34,12244.028693181817,5243.083658854167
1335,TBC_DaeGu.csv,35,12242.654918323864,5183.423014322917
1336,TBC_DaeGu.csv,36,12243.202752130683,5108.364854600694
1337,TBC_DaeGu.csv,37,12245.148544034091,5154.619683159723
1338,TBC_DaeGu.csv,38,12244.450958806818,5355.693684895833
1339,TBC_DaeGu.csv,39,12241.28018465909,5456.947428385417
1340,TBC_DaeGu.csv,40,12244.523774857955,5338.213107638889
1341,TBC_DaeGu.csv,41,12241.8498046875,5593.529351128473
1342,TBC_DaeGu.csv,42,12242.653373579546,5344.356770833333
1343,TBC_DaeGu.csv,43,12241.006090198864,5314.781412760417
1344,TBC_DaeGu.csv,44,12239.3697265625,5240.523111979167
1345,TBC_DaeGu.csv,45,12246.320809659092,5232.500217013889
1346,TBC_DaeGu.csv,46,12244.056605113636,5394.097493489583
1347,TBC_DaeGu.csv,47,12244.774556107954,5434.939670138889
1348,TBC_DaeGu.csv,48,12245.405823863637,5095.033637152777
1349,TBC_DaeGu.csv,49,12243.180095880682,5638.327907986111
1350,TBC_DaeGu.csv,50,12245.395099431818,5354.724934895833
1351,TBC_DaeGu.csv,51,12241.955202414772,5158.477322048611
1352,TBC_DaeGu.csv,52,12243.548064630682,5307.963324652777
1353,TBC_DaeGu.csv,53,12242.92098721591,5489.503851996527
1354,TBC_DaeGu.csv,54,12240.773277698863,5132.744845920139
1355,TBC_DaeGu.csv,55,12246.114453125,5420.010036892361
1356,TBC_DaeGu.csv,56,12249.03329190341,5262.228352864583
1357,TBC_DaeGu.csv,57,12239.3669921875,5380.422580295139
1358,TBC_DaeGu.csv,58,12240.815198863636,5130.443956163194
1359,TBC_DaeGu.csv,59,12244.136736505681,5343.415256076389
1360,TBC_DaeGu.csv,60,12243.35859375,5185.8056640625
1361,TBC_DaeGu.csv,61,12243.493341619318,5166.4140625
1362,TBC_DaeGu.csv,62,12241.62041903409,5427.345106336806
1363,TBC_DaeGu.csv,63,12244.493235085227,5175.172905815973
1364,TBC_DaeGu.csv,64,12246.021661931818,5421.968370225694
1365,TBC_DaeGu.csv,65,12246.141424005682,5241.042588975694
1366,TBC_DaeGu.csv,66,12241.3236328125,5115.831814236111
1367,TBC_DaeGu.csv,67,12245.9263671875,4995.231011284723
1368,TBC_DaeGu.csv,68,12244.46297940341,5320.357313368056
1369,TBC_DaeGu.csv,69,12244.518235085226,5238.590223524306
1370,TBC_DaeGu.csv,70,12245.15703125,5113.823838975694
1371,TBC_DaeGu.csv,71,12241.657936789772,5174.815863715277
1372,TBC_DaeGu.csv,72,12241.880024857954,5392.339680989583
1373,TBC_DaeGu.csv,73,12245.834126420454,5204.591688368056
1374,TBC_DaeGu.csv,74,12242.227876420455,5274.762749565973
1375,TBC_DaeGu.csv,75,12242.805912642045,5412.386773003473
1376,TBC_DaeGu.csv,76,12240.120010653409,5038.07861328125
1377,TBC_DaeGu.csv,77,12242.837144886364,5173.957302517361
1378,TBC_DaeGu.csv,78,12241.6310546875,5270.614963107639
1379,TBC_DaeGu.csv,79,12241.377965198864,5454.674045138889
1380,TBC_DaeGu.csv,80,12238.448064630682,5274.548665364583
1381,TBC_DaeGu.csv,81,12244.339026988637,5313.770128038194
1382,TBC_DaeGu.csv,82,12242.623401988636,5314.657606336806
1383,TBC_DaeGu.csv,83,12244.598029119317,5056.210991753473
1384,TBC_DaeGu.csv,84,12241.752592329545,5240.029839409723
1385,TBC_DaeGu.csv,85,12240.969762073864,5622.838216145833
1386,TBC_DaeGu.csv,86,12243.376296164774,5362.533040364583
1387,TBC_DaeGu.csv,87,12242.780486505682,5395.173719618056
1388,TBC_DaeGu.csv,88,12242.093146306817,5407.41845703125
1389,TBC_DaeGu.csv,89,12244.781995738636,5245.252224392361
1390,TBC_DaeGu.csv,90,12249.742631392046,5461.676703559027
1391,TBC_DaeGu.csv,91,12242.339399857954,5090.185655381944
1392,TBC_DaeGu.csv,92,12242.9376953125,5321.112521701389
1393,TBC_DaeGu.csv,93,12241.886186079546,5502.408528645833
1394,TBC_DaeGu.csv,94,12243.73212002841,5060.860948350694
1395,TBC_DaeGu.csv,95,12243.052698863636,5197.502983940973
1396,TBC_DaeGu.csv,96,12244.724378551136,5364.74755859375
1397,TBC_DaeGu.csv,97,12243.889098011363,5294.200303819444
1398,TBC_DaeGu.csv,98,12246.583416193182,5023.906032986111
1399,TBC_DaeGu.csv,99,12242.94794034091,5239.4931640625
1400,TBC_DaeGu.csv,100,12241.941548295454,5227.8916015625
1401,JeonJu_Radio.csv,1,11842.73311434659,4806.299099392361
1402,JeonJu_Radio.csv,2,11834.480308948863,4475.988552517361
1403,JeonJu_Radio.csv,3,11829.43057528409,4726.809299045139
1404,JeonJu_Radio.csv,4,11825.1400390625,4683.107367621527
1405,JeonJu_Radio.csv,5,11819.108806818182,4795.032118055556
1406,JeonJu_Radio.csv,6,11812.213831676136,4698.364366319444
1407,JeonJu_Radio.csv,7,11810.00301846591,4505.452419704861
1408,JeonJu_Radio.csv,8,11810.386239346592,4571.620008680556
1409,JeonJu_Radio.csv,9,11807.32626065341,4739.51220703125
1410,JeonJu_Radio.csv,10,11805.426686789773,4777.463704427083
1411,JeonJu_Radio.csv,11,11804.532049005682,4664.160698784723
1412,JeonJu_Radio.csv,12,11805.589897017046,4950.923665364583
1413,JeonJu_Radio.csv,13,11800.231818181817,4658.180230034723
1414,JeonJu_Radio.csv,14,11803.641654829546,4741.68017578125
1415,JeonJu_Radio.csv,15,11798.976935369317,4517.516764322917
1416,JeonJu_Radio.csv,16,11800.18233309659,4759.572265625
1417,JeonJu_Radio.csv,17,11799.883078835228,4652.849066840277
1418,JeonJu_Radio.csv,18,11798.503409090908,4622.823079427083
1419,JeonJu_Radio.csv,19,11801.793821022728,4776.14794921875
1420,JeonJu_Radio.csv,20,11796.802805397727,4875.641276041667
1421,JeonJu_Radio.csv,21,11801.366335227272,4908.879557291667
1422,JeonJu_Radio.csv,22,11796.534019886363,4632.339192708333
1423,JeonJu_Radio.csv,23,11798.22196377841,4552.916775173611
1424,JeonJu_Radio.csv,24,11799.702716619318,4623.712673611111
1425,JeonJu_Radio.csv,25,11796.968093039774,4519.197645399306
1426,JeonJu_Radio.csv,26,11805.6310546875,4670.935167100694
1427,JeonJu_Radio.csv,27,11795.108984375,4855.958713107639
1428,JeonJu_Radio.csv,28,11798.347194602273,4681.881564670139
1429,JeonJu_Radio.csv,29,11799.3537109375,4889.251627604167
1430,JeonJu_Radio.csv,30,11796.979918323863,4539.576551649306
1431,JeonJu_Radio.csv,31,11797.466157670455,4585.212782118056
1432,JeonJu_Radio.csv,32,11794.162979403409,4611.850043402777
1433,JeonJu_Radio.csv,33,11795.1330078125,4741.840711805556
1434,JeonJu_Radio.csv,34,11797.314524147727,4739.412109375
1435,JeonJu_Radio.csv,35,11796.3150390625,4633.021592881944
1436,JeonJu_Radio.csv,36,11798.11690340909,4911.61962890625
1437,JeonJu_Radio.csv,37,11798.852041903408,4798.903266059027
1438,JeonJu_Radio.csv,38,11795.594762073864,4766.361979166667
1439,JeonJu_Radio.csv,39,11794.407670454546,4807.981608072917
1440,JeonJu_Radio.csv,40,11793.798171164774,4553.747884114583
1441,JeonJu_Radio.csv,41,11795.892400568182,4766.421875
1442,JeonJu_Radio.csv,42,11794.951047585228,4715.008517795139
1443,JeonJu_Radio.csv,43,11793.397141335226,4680.181423611111
1444,JeonJu_Radio.csv,44,11794.121644176137,4653.919976128473
1445,JeonJu_Radio.csv,45,11794.621608664773,4755.070203993056
1446,JeonJu_Radio.csv,46,11795.634623579546,4619.312554253473
1447,JeonJu_Radio.csv,47,11795.748100142046,4923.421223958333
1448,JeonJu_Radio.csv,48,11797.183842329545,4666.828993055556
1449,JeonJu_Radio.csv,49,11795.727468039773,4499.508572048611
1450,JeonJu_Radio.csv,50,11795.06905184659,4831.689019097223
1451,JeonJu_Radio.csv,51,11793.983061079545,4926.368760850694
1452,JeonJu_Radio.csv,52,11797.585777698863,4740.557779947917
1453,JeonJu_Radio.csv,53,11797.303604403409,4524.145779079861
1454,JeonJu_Radio.csv,54,11793.93973721591,4613.866482204861
1455,JeonJu_Radio.csv,55,11795.69717684659,4458.537163628473
1456,JeonJu_Radio.csv,56,11793.164044744319,4487.951551649306
1457,JeonJu_Radio.csv,57,11794.292826704546,4723.564507378473
1458,JeonJu_Radio.csv,58,11794.208469460227,4921.543240017361
1459,JeonJu_Radio.csv,59,11796.688884943182,4547.648328993056
1460,JeonJu_Radio.csv,60,11794.480308948863,4867.344455295139
1461,JeonJu_Radio.csv,61,11792.36337002841,4680.404296875
1462,JeonJu_Radio.csv,62,11794.046466619318,4737.751193576389
1463,JeonJu_Radio.csv,63,11791.929953835228,4622.585286458333
1464,JeonJu_Radio.csv,64,11793.8763671875,4784.295030381944
1465,JeonJu_Radio.csv,65,11794.549094460228,4846.687391493056
1466,JeonJu_Radio.csv,66,11793.894193892045,4731.873806423611
1467,JeonJu_Radio.csv,67,11791.110919744318,4635.051540798611
1468,JeonJu_Radio.csv,68,11796.464524147726,4817.645453559027
1469,JeonJu_Radio.csv,69,11791.906178977273,4643.277126736111
1470,JeonJu_Radio.csv,70,11795.027485795454,4647.360188802083
1471,JeonJu_Radio.csv,71,11794.753977272727,4546.983506944444
1472,JeonJu_Radio.csv,72,11792.046839488636,4754.466362847223
1473,JeonJu_Radio.csv,73,11790.367009943182,4735.0859375
1474,JeonJu_Radio.csv,74,11791.741104403409,4737.299045138889
1475,JeonJu_Radio.csv,75,11792.593501420455,4696.556369357639
1476,JeonJu_Radio.csv,76,11792.992950994318,4612.304633246527
1477,JeonJu_Radio.csv,77,11792.6142578125,4741.515625
1478,JeonJu_Radio.csv,78,11791.190660511364,4607.767361111111
1479,JeonJu_Radio.csv,79,11791.21903409091,4586.184136284723
1480,JeonJu_Radio.csv,80,11791.51045809659,4978.40966796875
1481,JeonJu_Radio.csv,81,11791.8830078125,4790.587076822917
1482,JeonJu_Radio.csv,82,11794.15497159091,4661.720486111111
1483,JeonJu_Radio.csv,83,11788.724769176137,4804.092502170139
1484,JeonJu_Radio.csv,84,11791.587411221592,4570.205512152777
1485,JeonJu_Radio.csv,85,11793.556693892046,4765.26318359375
1486,JeonJu_Radio.csv,86,11794.728728693182,4425.360948350694
1487,JeonJu_Radio.csv,87,11794.55440340909,4471.36572265625
1488,JeonJu_Radio.csv,88,11791.819477982954,4543.505533854167
1489,JeonJu_Radio.csv,89,11794.634250710227,4610.668891059027
1490,JeonJu_Radio.csv,90,11793.485280539773,4711.721896701389
1491,JeonJu_Radio.csv,91,11790.817737926136,4594.600640190973
1492,JeonJu_Radio.csv,92,11792.991335227272,4529.981770833333
1493,JeonJu_Radio.csv,93,11789.511931818182,4562.433051215277
1494,JeonJu_Radio.csv,94,11792.846910511364,4647.494954427083
1495,JeonJu_Radio.csv,95,11790.697194602273,4593.723524305556
1496,JeonJu_Radio.csv,96,11791.014666193181,4907.338324652777
1497,JeonJu_Radio.csv,97,11792.23934659091,4569.023871527777
1498,JeonJu_Radio.csv,98,11791.302556818182,4663.986382378473
1499,JeonJu_Radio.csv,99,11792.50284090909,4839.000759548611
1500,JeonJu_Radio.csv,100,11792.439897017046,4622.974772135417
1501,KBS_JeonJu.csv,1,11659.792507102273,4522.478461371527
1502,KBS_JeonJu.csv,2,11655.601917613636,4385.307562934027
1503,KBS_JeonJu.csv,3,11655.628178267045,4580.456651475694
1504,KBS_JeonJu.csv,4,11659.243767755683,4330.590657552083
1505,KBS_JeonJu.csv,5,11654.202663352273,4339.091200086806
1506,KBS_JeonJu.csv,6,11656.534321732954,4345.016438802083
1507,KBS_JeonJu.csv,7,11654.138405539772,4531.548611111111
1508,KBS_JeonJu.csv,8,11654.41866122159,4398.533311631944
1509,KBS_JeonJu.csv,9,11651.181569602273,4491.489583333333
1510,KBS_JeonJu.csv,10,11650.741832386364,4606.952419704861
1511,KBS_JeonJu.csv,11,11648.219247159092,4584.242133246527
1512,KBS_JeonJu.csv,12,11649.721431107955,4437.172037760417
1513,KBS_JeonJu.csv,13,11647.330078125,4564.483995225694
1514,KBS_JeonJu.csv,14,11649.688955965908,4487.693739149306
1515,KBS_JeonJu.csv,15,11648.182546164773,4577.239149305556
1516,KBS_JeonJu.csv,16,11651.896928267046,4284.09619140625
1517,KBS_JeonJu.csv,17,11650.672123579545,4515.30078125
1518,KBS_JeonJu.csv,18,11648.680450994318,4281.31201171875
1519,KBS_JeonJu.csv,19,11653.994247159091,4385.6689453125
1520,KBS_JeonJu.csv,20,11651.265358664772,4173.434054904514
1521,KBS_JeonJu.csv,21,11647.9748046875,4443.111707899306
1522,KBS_JeonJu.csv,22,11649.62002840909,4586.813910590277
1523,KBS_JeonJu.csv,23,11648.88680752841,4544.882161458333
1524,KBS_JeonJu.csv,24,11649.232528409091,4489.492024739583
1525,KBS_JeonJu.csv,25,11648.906569602274,4385.065104166667
1526,KBS_JeonJu.csv,26,11648.37176846591,4537.423882378473
1527,KBS_JeonJu.csv,27,11648.638654119319,4793.135796440973
1528,KBS_JeonJu.csv,28,11648.86688565341,4424.5732421875
1529,KBS_JeonJu.csv,29,11649.431658380681,4718.790635850694
1530,KBS_JeonJu.csv,30,11649.626473721592,4613.223795572917
1531,KBS_JeonJu.csv,31,11649.8662109375,4590.170084635417
1532,KBS_JeonJu.csv,32,11648.310990767046,4386.590657552083
1533,KBS_JeonJu.csv,33,11648.396590909091,4483.638400607639
1534,KBS_JeonJu.csv,34,11645.824272017046,4484.546223958333
1535,KBS_JeonJu.csv,35,11650.150621448864,4731.016221788194
1536,KBS_JeonJu.csv,36,11649.354172585226,4416.605305989583
1537,KBS_JeonJu.csv,37,11646.32879971591,4337.305609809027
1538,KBS_JeonJu.csv,38,11644.209712357955,4307.83984375
1539,KBS_JeonJu.csv,39,11648.315092329545,4526.450303819444
1540,KBS_JeonJu.csv,40,11645.988263494319,4348.515299479167
1541,KBS_JeonJu.csv,41,11645.961186079545,4493.994791666667
1542,KBS_JeonJu.csv,42,11648.973686079546,4509.467664930556
1543,KBS_JeonJu.csv,43,11646.045028409091,4363.668836805556
1544,KBS_JeonJu.csv,44,11645.176509232955,4481.688747829861
1545,KBS_JeonJu.csv,45,11646.043892045454,4526.378526475694
1546,KBS_JeonJu.csv,46,11644.485369318181,4643.300672743056
1547,KBS_JeonJu.csv,47,11646.784375,4582.774739583333
1548,KBS_JeonJu.csv,48,11644.618110795454,4513.939073350694
1549,KBS_JeonJu.csv,49,11645.485795454546,4455.352376302083
1550,KBS_JeonJu.csv,50,11645.076544744317,4573.948838975694
1551,KBS_JeonJu.csv,51,11642.64872159091,4439.228841145833
1552,KBS_JeonJu.csv,52,11646.305823863637,4483.958116319444
1553,KBS_JeonJu.csv,53,11645.97295809659,4595.439236111111
1554,KBS_JeonJu.csv,54,11642.0986328125,4455.881456163194
1555,KBS_JeonJu.csv,55,11642.231036931818,4545.999294704861
1556,KBS_JeonJu.csv,56,11644.801189630682,4462.118381076389
1557,KBS_JeonJu.csv,57,11645.819992897726,4784.341525607639
1558,KBS_JeonJu.csv,58,11647.74893465909,4463.298502604167
1559,KBS_JeonJu.csv,59,11643.403462357954,4570.818359375
1560,KBS_JeonJu.csv,60,11643.422478693183,4249.580403645833
1561,KBS_JeonJu.csv,61,11645.408522727274,4502.4072265625
1562,KBS_JeonJu.csv,62,11643.948011363636,4434.003309461806
1563,KBS_JeonJu.csv,63,11646.894460227273,4593.347601996527
1564,KBS_JeonJu.csv,64,11644.60537997159,4772.022352430556
1565,KBS_JeonJu.csv,65,11644.948224431819,4600.0400390625
1566,KBS_JeonJu.csv,66,11643.77373934659,4492.469346788194
1567,KBS_JeonJu.csv,67,11645.2634765625,4544.925672743056
1568,KBS_JeonJu.csv,68,11642.510582386363,4287.236490885417
1569,KBS_JeonJu.csv,69,11647.085884232954,4212.951253255208
1570,KBS_JeonJu.csv,70,11643.042808948863,4597.705457899306
1571,KBS_JeonJu.csv,71,11641.528764204546,4716.9501953125
1572,KBS_JeonJu.csv,72,11644.511274857954,4571.893825954861
1573,KBS_JeonJu.csv,73,11642.673934659091,4577.069932725694
1574,KBS_JeonJu.csv,74,11645.060511363636,4581.280110677083
1575,KBS_JeonJu.csv,75,11644.370614346592,4390.131781684027
1576,KBS_JeonJu.csv,76,11644.175142045455,4545.365559895833
1577,KBS_JeonJu.csv,77,11644.46786221591,4521.765733506944
1578,KBS_JeonJu.csv,78,11645.66796875,4308.578179253473
1579,KBS_JeonJu.csv,79,11643.137961647728,4618.617730034723
1580,KBS_JeonJu.csv,80,11640.105486505681,4395.706325954861
1581,KBS_JeonJu.csv,81,11644.766015625,4445.4326171875
1582,KBS_JeonJu.csv,82,11645.144353693182,4386.97900390625
1583,KBS_JeonJu.csv,83,11643.156676136363,4643.586317274306
1584,KBS_JeonJu.csv,84,11640.529900568183,4558.622667100694
1585,KBS_JeonJu.csv,85,11645.002965198864,4517.176540798611
1586,KBS_JeonJu.csv,86,11644.7681640625,4461.165907118056
1587,KBS_JeonJu.csv,87,11640.23153409091,4496.836046006944
1588,KBS_JeonJu.csv,88,11647.756729403409,4285.818793402777
1589,KBS_JeonJu.csv,89,11643.964914772727,4473.684299045139
1590,KBS_JeonJu.csv,90,11642.663352272728,4477.631456163194
1591,KBS_JeonJu.csv,91,11641.982368607954,4484.162380642361
1592,KBS_JeonJu.csv,92,11643.1384765625,4506.956325954861
1593,KBS_JeonJu.csv,93,11643.864808238637,4584.483018663194
1594,KBS_JeonJu.csv,94,11640.060813210228,4460.775282118056
1595,KBS_JeonJu.csv,95,11644.56612215909,4562.029079861111
1596,KBS_JeonJu.csv,96,11640.4552734375,4442.354058159723
1597,KBS_JeonJu.csv,97,11641.93741122159,4501.357367621527
1598,KBS_JeonJu.csv,98,11643.20401278409,4780.100694444444
1599,KBS_JeonJu.csv,99,11640.885280539773,4387.978895399306
1600,KBS_JeonJu.csv,100,11640.199609375,4423.010470920139
1601,KBS_MokPo.csv,1,10787.380095880682,3907.4810926649307
1602,KBS_MokPo.csv,2,10769.863902698864,3774.0349392361113
1603,KBS_MokPo.csv,3,10762.789204545454,3656.075981987847
1604,KBS_MokPo.csv,4,10759.103675426137,3761.324164496528
1605,KBS_MokPo.csv,5,10752.142897727274,3688.9111599392363
1606,KBS_MokPo.csv,6,10748.3255859375,3948.5827365451387
1607,KBS_MokPo.csv,7,10742.408238636364,3543.9749620225693
1608,KBS_MokPo.csv,8,10740.960227272728,3822.601019965278
1609,KBS_MokPo.csv,9,10737.99502840909,3832.7573513454863
1610,KBS_MokPo.csv,10,10730.646235795455,3850.7764485677085
1611,KBS_MokPo.csv,11,10729.050568181818,4039.383843315972
1612,KBS_MokPo.csv,12,10724.177556818182,3702.4300130208335
1613,KBS_MokPo.csv,13,10722.754563210226,3665.9100206163193
1614,KBS_MokPo.csv,14,10718.874431818182,3804.0777180989585
1615,KBS_MokPo.csv,15,10717.896448863636,3964.92724609375
1616,KBS_MokPo.csv,16,10713.2498046875,3735.7296549479165
1617,KBS_MokPo.csv,17,10712.746218039772,3960.980712890625
1618,KBS_MokPo.csv,18,10709.355131392045,3819.800238715278
1619,KBS_MokPo.csv,19,10706.526384943181,3977.8741861979165
1620,KBS_MokPo.csv,20,10706.223419744318,3899.4037000868057
1621,KBS_MokPo.csv,21,10700.258842329546,3768.782172309028
1622,KBS_MokPo.csv,22,10699.62528409091,3841.631049262153
1623,KBS_MokPo.csv,23,10698.502024147727,3991.7112087673613
1624,KBS_MokPo.csv,24,10693.272514204546,3968.0939127604165
1625,KBS_MokPo.csv,25,10690.693803267046,3850.7080349392363
1626,KBS_MokPo.csv,26,10687.168963068181,3973.9534776475693
1627,KBS_MokPo.csv,27,10686.58172940341,3946.0660264756943
1628,KBS_MokPo.csv,28,10681.985031960226,3974.3213161892363
1629,KBS_MokPo.csv,29,10679.414861505682,3803.8227810329863
1630,KBS_MokPo.csv,30,10678.416796875,3894.164252387153
1631,KBS_MokPo.csv,31,10672.69071377841,3759.3816189236113
1632,KBS_MokPo.csv,32,10669.810706676137,4031.9889865451387
1633,KBS_MokPo.csv,33,10667.859783380682,3967.43994140625
1634,KBS_MokPo.csv,34,10666.053462357955,3671.0201551649307
1635,KBS_MokPo.csv,35,10662.815198863636,3964.972222222222
1636,KBS_MokPo.csv,36,10659.13995028409,3780.782470703125
1637,KBS_MokPo.csv,37,10657.39286221591,3833.7535536024307
1638,KBS_MokPo.csv,38,10657.022247869318,4044.0255533854165
1639,KBS_MokPo.csv,39,10650.036452414774,3840.534966362847
1640,KBS_MokPo.csv,40,10648.42647372159,4086.7506239149307
1641,KBS_MokPo.csv,41,10651.326189630681,3775.9804416232637
1642,KBS_MokPo.csv,42,10644.181036931817,3812.096733940972
1643,KBS_MokPo.csv,43,10643.2759765625,4114.148708767361
1644,KBS_MokPo.csv,44,10641.131072443182,4085.7833116319443
1645,KBS_MokPo.csv,45,10641.224272017045,3832.135796440972
1646,KBS_MokPo.csv,46,10637.777325994319,3920.3827853732637
1647,KBS_MokPo.csv,47,10639.776491477272,3969.2162000868057
1648,KBS_MokPo.csv,48,10637.416352982955,3768.8350965711807
1649,KBS_MokPo.csv,49,10634.541015625,3975.442816840278
1650,KBS_MokPo.csv,50,10633.801526988636,3824.7354600694443
1651,KBS_MokPo.csv,51,10633.966157670455,4153.323133680556
1652,KBS_MokPo.csv,52,10631.043963068181,4050.2938639322915
1653,KBS_MokPo.csv,53,10629.70889559659,3912.9442003038193
1654,KBS_MokPo.csv,54,10627.281267755681,3822.8419053819443
1655,KBS_MokPo.csv,55,10626.92647372159,4074.9482421875
1656,KBS_MokPo.csv,56,10626.763902698864,3819.164008246528
1657,KBS_MokPo.csv,57,10625.0134765625,3596.1476236979165
1658,KBS_MokPo.csv,58,10628.370685369318,4088.2534450954863
1659,KBS_MokPo.csv,59,10622.971342329545,4035.7669542100693
1660,KBS_MokPo.csv,60,10621.918519176137,4226.627251519098
1661,KBS_MokPo.csv,61,10620.687855113636,3910.6319986979165
1662,KBS_MokPo.csv,62,10622.58877840909,3983.6663953993057
1663,KBS_MokPo.csv,63,10619.973845880682,4101.045600043402
1664,KBS_MokPo.csv,64,10616.698046875,3981.9239366319443
1665,KBS_MokPo.csv,65,10620.610227272728,4117.658854166667
1666,KBS_MokPo.csv,66,10617.812837357955,3772.1023763020835
1667,KBS_MokPo.csv,67,10612.572425426137,4072.7300618489585
1668,KBS_MokPo.csv,68,10614.239879261364,4135.217854817708
1669,KBS_MokPo.csv,69,10613.52840909091,4022.0374348958335
1670,KBS_MokPo.csv,70,10610.753977272727,4119.427788628473
1671,KBS_MokPo.csv,71,10611.524680397728,4091.679931640625
1672,KBS_MokPo.csv,72,10607.800159801136,4158.659261067708
1673,KBS_MokPo.csv,73,10609.446803977273,4003.5130208333335
1674,KBS_MokPo.csv,74,10605.979811789774,3806.537543402778
1675,KBS_MokPo.csv,75,10610.449769176137,3931.0380045572915
1676,KBS_MokPo.csv,76,10606.216850142046,4064.8385145399307
1677,KBS_MokPo.csv,77,10604.006711647728,4222.203803168402
1678,KBS_MokPo.csv,78,10603.632670454546,3979.772515190972
1679,KBS_MokPo.csv,79,10603.111257102273,4125.0771484375
1680,KBS_MokPo.csv,80,10602.259286221592,4118.002495659723
1681,KBS_MokPo.csv,81,10607.237837357954,4292.4580078125
1682,KBS_MokPo.csv,82,10600.335333806817,4046.293402777778
1683,KBS_MokPo.csv,83,10599.908771306818,4017.1700032552085
1684,KBS_MokPo.csv,84,10600.5369140625,4131.396918402777
1685,KBS_MokPo.csv,85,10599.231214488636,4191.093858506944
1686,KBS_MokPo.csv,86,10599.461843039773,4070.6523166232637
1687,KBS_MokPo.csv,87,10599.0572265625,3879.1632486979165
1688,KBS_MokPo.csv,88,10596.42254971591,4008.1100802951387
1689,KBS_MokPo.csv,89,10595.677556818182,4213.7685546875
1690,KBS_MokPo.csv,90,10595.390660511364,3979.720947265625
1691,KBS_MokPo.csv,91,10591.546928267046,4024.7054307725693
1692,KBS_MokPo.csv,92,10596.9166015625,4046.489501953125
1693,KBS_MokPo.csv,93,10593.358043323864,3961.8264431423613
1694,KBS_MokPo.csv,94,10591.55752840909,4013.7430826822915
1695,KBS_MokPo.csv,95,10589.51328125,3886.1157497829863
1696,KBS_MokPo.csv,96,10592.093767755681,3968.5484754774307
1697,KBS_MokPo.csv,97,10590.955415482955,3870.534478081597
1698,KBS_MokPo.csv,98,10591.251544744318,3861.2813856336807
1699,KBS_MokPo.csv,99,10589.952379261364,4196.764784071181
1700,KBS_MokPo.csv,100,10587.529740767046,4098.501546223958
1701,KBS_SunCheon.csv,1,12887.137144886363,5718.661675347223
1702,KBS_SunCheon.csv,2,12868.331534090908,5487.109971788194
1703,KBS_SunCheon.csv,3,12869.052698863636,5667.930772569444
1704,KBS_SunCheon.csv,4,12855.885600142046,5618.898654513889
1705,KBS_SunCheon.csv,5,12850.893022017046,5755.383083767361
1706,KBS_SunCheon.csv,6,12845.965926846591,5460.309299045139
1707,KBS_SunCheon.csv,7,12841.117826704545,5607.328830295139
1708,KBS_SunCheon.csv,8,12837.666281960228,5486.607855902777
1709,KBS_SunCheon.csv,9,12830.033256392046,5766.22119140625
1710,KBS_SunCheon.csv,10,12833.349982244317,5731.389105902777
1711,KBS_SunCheon.csv,11,12829.779953835226,5789.168728298611
1712,KBS_SunCheon.csv,12,12828.900550426137,5702.629448784723
1713,KBS_SunCheon.csv,13,12823.324236505681,5842.248589409723
1714,KBS_SunCheon.csv,14,12816.366814630683,5584.131998697917
1715,KBS_SunCheon.csv,15,12820.814399857954,5798.8505859375
1716,KBS_SunCheon.csv,16,12817.073171164773,5595.002115885417
1717,KBS_SunCheon.csv,17,12813.801438210226,5741.500759548611
1718,KBS_SunCheon.csv,18,12815.954119318181,5767.857638888889
1719,KBS_SunCheon.csv,19,12811.932439630682,5886.905815972223
1720,KBS_SunCheon.csv,20,12807.797052556818,5677.781846788194
1721,KBS_SunCheon.csv,21,12808.862517755682,5810.247178819444
1722,KBS_SunCheon.csv,22,12806.187375710228,5745.158637152777
1723,KBS_SunCheon.csv,23,12803.944353693181,5594.284830729167
1724,KBS_SunCheon.csv,24,12804.652130681818,5834.612087673611
1725,KBS_SunCheon.csv,25,12806.495720880683,6119.30224609375
1726,KBS_SunCheon.csv,26,12803.52079190341,5993.22705078125
1727,KBS_SunCheon.csv,27,12799.262642045454,5745.94873046875
1728,KBS_SunCheon.csv,28,12798.558611505681,5665.602864583333
1729,KBS_SunCheon.csv,29,12801.511541193182,5844.756456163194
1730,KBS_SunCheon.csv,30,12799.295703125,5659.537326388889
1731,KBS_SunCheon.csv,31,12797.5744140625,5718.581434461806
1732,KBS_SunCheon.csv,32,12797.372567471592,5779.925401475694
1733,KBS_SunCheon.csv,33,12799.818590198864,5994.366102430556
1734,KBS_SunCheon.csv,34,12799.01104403409,5646.316460503473
1735,KBS_SunCheon.csv,35,12797.060777698864,5727.247124565973
1736,KBS_SunCheon.csv,36,12794.209818892046,5483.392686631944
1737,KBS_SunCheon.csv,37,12795.537127130681,5730.205078125
1738,KBS_SunCheon.csv,38,12794.567365056819,5660.364963107639
1739,KBS_SunCheon.csv,39,12796.097762784091,5766.759168836806
1740,KBS_SunCheon.csv,40,12794.182990056817,5527.07275390625
1741,KBS_SunCheon.csv,41,12795.7314453125,5717.496799045139
1742,KBS_SunCheon.csv,42,12795.306764914772,5937.302734375
1743,KBS_SunCheon.csv,43,12794.512162642046,5944.881618923611
1744,KBS_SunCheon.csv,44,12791.71768465909,5874.055338541667
1745,KBS_SunCheon.csv,45,12790.386558948863,5745.153862847223
1746,KBS_SunCheon.csv,46,12792.644513494319,5833.547797309027
1747,KBS_SunCheon.csv,47,12793.316548295454,5872.701117621527
1748,KBS_SunCheon.csv,48,12791.049538352272,5861.586208767361
1749,KBS_SunCheon.csv,49,12790.102379261363,6010.296223958333
1750,KBS_SunCheon.csv,50,12789.811736505682,5732.110405815973
1751,KBS_SunCheon.csv,51,12792.832901278409,5720.329644097223
1752,KBS_SunCheon.csv,52,12789.06182528409,5881.014973958333
1753,KBS_SunCheon.csv,53,12792.067649147728,5787.054144965277
1754,KBS_SunCheon.csv,54,12792.598046875,5961.567979600694
1755,KBS_SunCheon.csv,55,12791.987713068182,5571.793891059027
1756,KBS_SunCheon.csv,56,12790.230930397727,5799.582682291667
1757,KBS_SunCheon.csv,57,12790.623881392046,5756.085611979167
1758,KBS_SunCheon.csv,58,12791.330486505682,5782.049370659723
1759,KBS_SunCheon.csv,59,12788.262872869318,5829.871419270833
1760,KBS_SunCheon.csv,60,12790.260990767045,5537.850043402777
1761,KBS_SunCheon.csv,61,12791.767311789772,5974.352105034723
1762,KBS_SunCheon.csv,62,12790.142826704545,5904.183376736111
1763,KBS_SunCheon.csv,63,12792.080344460228,5662.697048611111
1764,KBS_SunCheon.csv,64,12784.81534090909,5632.069552951389
1765,KBS_SunCheon.csv,65,12790.173810369319,5862.059841579861
1766,KBS_SunCheon.csv,66,12788.200692471592,5552.010850694444
1767,KBS_SunCheon.csv,67,12791.370099431819,5767.75048828125
1768,KBS_SunCheon.csv,68,12788.751580255683,5772.1728515625
1769,KBS_SunCheon.csv,69,12789.343909801137,5802.088433159723
1770,KBS_SunCheon.csv,70,12791.980948153408,5566.742350260417
1771,KBS_SunCheon.csv,71,12786.632049005682,5763.961046006944
1772,KBS_SunCheon.csv,72,12787.082049005681,5837.756239149306
1773,KBS_SunCheon.csv,73,12789.3248046875,5862.803819444444
1774,KBS_SunCheon.csv,74,12787.367400568182,5654.367947048611
1775,KBS_SunCheon.csv,75,12790.08467684659,5930.998969184027
1776,KBS_SunCheon.csv,76,12791.268075284092,5788.204318576389
1777,KBS_SunCheon.csv,77,12785.588352272727,5862.515190972223
1778,KBS_SunCheon.csv,78,12788.082084517046,5858.418565538194
1779,KBS_SunCheon.csv,79,12791.396253551136,5939.132541232639
1780,KBS_SunCheon.csv,80,12789.877769886363,5762.171115451389
1781,KBS_SunCheon.csv,81,12788.01436434659,5858.862521701389
1782,KBS_SunCheon.csv,82,12787.969566761363,6116.717122395833
1783,KBS_SunCheon.csv,83,12786.494211647727,5804.188639322917
1784,KBS_SunCheon.csv,84,12785.4705078125,5540.092502170139
1785,KBS_SunCheon.csv,85,12787.814506392046,5878.344563802083
1786,KBS_SunCheon.csv,86,12785.653817471592,5993.43701171875
1787,KBS_SunCheon.csv,87,12789.00985440341,5788.807725694444
1788,KBS_SunCheon.csv,88,12786.792986505681,5727.688042534723
1789,KBS_SunCheon.csv,89,12788.499467329546,5985.792860243056
1790,KBS_SunCheon.csv,90,12789.853924005682,5786.982204861111
1791,KBS_SunCheon.csv,91,12787.531995738636,5697.279025607639
1792,KBS_SunCheon.csv,92,12787.470383522726,5875.116536458333
1793,KBS_SunCheon.csv,93,12785.077183948864,5854.313639322917
1794,KBS_SunCheon.csv,94,12787.124378551136,5867.319661458333
1795,KBS_SunCheon.csv,95,12789.7388671875,5835.488823784723
1796,KBS_SunCheon.csv,96,12786.640660511364,5864.310872395833
1797,KBS_SunCheon.csv,97,12787.397389914773,5797.298936631944
1798,KBS_SunCheon.csv,98,12781.205646306818,5556.28076171875
1799,KBS_SunCheon.csv,99,12786.347212357954,5723.601182725694
1800,KBS_SunCheon.csv,100,12786.108718039774,5886.999240451389
1801,KBS_GwangJu.csv,1,11665.154811789773,4213.059407552083
1802,KBS_GwangJu.csv,2,11665.073384232954,4092.7480197482637
1803,KBS_GwangJu.csv,3,11662.20830965909,4292.487684461806
1804,KBS_GwangJu.csv,4,11663.048100142045,4330.005669487848
1805,KBS_GwangJu.csv,5,11660.213707386363,4281.824842664931
1806,KBS_GwangJu.csv,6,11657.099538352273,4234.893717447917
1807,KBS_GwangJu.csv,7,11658.039399857955,4398.020236545139
1808,KBS_GwangJu.csv,8,11656.599609375,4115.857231987848
1809,KBS_GwangJu.csv,9,11654.496573153408,4431.109917534723
1810,KBS_GwangJu.csv,10,11653.905308948864,4452.282443576389
1811,KBS_GwangJu.csv,11,11652.930894886364,4448.453016493056
1812,KBS_GwangJu.csv,12,11654.592276278408,4300.508653428819
1813,KBS_GwangJu.csv,13,11655.24932528409,4501.730685763889
1814,KBS_GwangJu.csv,14,11655.009978693182,4380.385226779514
1815,KBS_GwangJu.csv,15,11654.17109375,4413.466200086806
1816,KBS_GwangJu.csv,16,11654.311700994318,4103.957899305556
1817,KBS_GwangJu.csv,17,11657.630717329546,4584.098795572917
1818,KBS_GwangJu.csv,18,11654.402468039772,4687.704047309027
1819,KBS_GwangJu.csv,19,11655.843128551136,4631.605360243056
1820,KBS_GwangJu.csv,20,11652.8828125,4642.803114149306
1821,KBS_GwangJu.csv,21,11649.579350142045,4352.118787977431
1822,KBS_GwangJu.csv,22,11650.587553267045,4654.094943576389
1823,KBS_GwangJu.csv,23,11650.156090198863,4368.971706814236
1824,KBS_GwangJu.csv,24,11650.950514914774,4302.560384114583
1825,KBS_GwangJu.csv,25,11652.291779119318,4705.16357421875
1826,KBS_GwangJu.csv,26,11651.160049715909,4721.842122395833
1827,KBS_GwangJu.csv,27,11651.241104403409,4485.267306857639
1828,KBS_GwangJu.csv,28,11647.438405539773,4305.940619574652
1829,KBS_GwangJu.csv,29,11648.315003551137,4377.528374565973
1830,KBS_GwangJu.csv,30,11645.1228515625,4360.434543185764
1831,KBS_GwangJu.csv,31,11648.957741477272,4288.6767578125
1832,KBS_GwangJu.csv,32,11646.566654829545,4466.138075086806
1833,KBS_GwangJu.csv,33,11646.097887073864,4355.141221788194
1834,KBS_GwangJu.csv,34,11644.585031960227,4294.208143446181
1835,KBS_GwangJu.csv,35,11643.614453125,4552.490993923611
1836,KBS_GwangJu.csv,36,11646.016264204545,4308.90771484375
1837,KBS_GwangJu.csv,37,11645.371839488636,4366.180908203125
1838,KBS_GwangJu.csv,38,11643.7208984375,4075.502251519097
1839,KBS_GwangJu.csv,39,11643.99911221591,4341.647162543402
1840,KBS_GwangJu.csv,40,11643.614754971592,4508.908365885417
1841,KBS_GwangJu.csv,41,11642.576544744317,4367.368625217014
1842,KBS_GwangJu.csv,42,11642.7322265625,4555.345648871527
1843,KBS_GwangJu.csv,43,11640.696502130682,4285.494900173611
1844,KBS_GwangJu.csv,44,11642.5755859375,4254.577718098958
1845,KBS_GwangJu.csv,45,11644.390181107954,4425.905598958333
1846,KBS_GwangJu.csv,46,11640.576313920454,4334.658854166667
1847,KBS_GwangJu.csv,47,11640.282563920455,4783.391764322917
1848,KBS_GwangJu.csv,48,11643.683096590908,4338.769721137152
1849,KBS_GwangJu.csv,49,11643.143874289774,4275.501410590277
1850,KBS_GwangJu.csv,50,11644.900337357954,4265.360161675348
1851,KBS_GwangJu.csv,51,11642.576526988636,4230.090928819444
1852,KBS_GwangJu.csv,52,11638.476047585227,4587.374620225694
1853,KBS_GwangJu.csv,53,11638.879012784091,4475.837999131944
1854,KBS_GwangJu.csv,54,11639.176509232955,4394.574327256944
1855,KBS_GwangJu.csv,55,11642.86102627841,4718.356011284723
1856,KBS_GwangJu.csv,56,11641.602130681818,4479.373318142361
1857,KBS_GwangJu.csv,57,11639.893199573864,4398.745795355902
1858,KBS_GwangJu.csv,58,11635.517933238636,4479.498969184027
1859,KBS_GwangJu.csv,59,11636.070472301137,4417.336154513889
1860,KBS_GwangJu.csv,60,11636.975266335226,4440.91748046875
1861,KBS_GwangJu.csv,61,11640.89481534091,4502.703884548611
1862,KBS_GwangJu.csv,62,11636.063050426137,4549.342068142361
1863,KBS_GwangJu.csv,63,11634.482865767046,4187.4736328125
1864,KBS_GwangJu.csv,64,11638.166548295454,4358.585422092014
1865,KBS_GwangJu.csv,65,11637.494105113636,4332.834282769098
1866,KBS_GwangJu.csv,66,11633.192631392045,4312.117051866319
1867,KBS_GwangJu.csv,67,11639.581676136364,4409.133110894098
1868,KBS_GwangJu.csv,68,11635.349058948863,4351.544053819444
1869,KBS_GwangJu.csv,69,11639.6224609375,4562.803331163194
1870,KBS_GwangJu.csv,70,11637.021946022727,4616.985948350694
1871,KBS_GwangJu.csv,71,11631.178053977274,4312.952311197917
1872,KBS_GwangJu.csv,72,11635.088405539773,4436.657986111111
1873,KBS_GwangJu.csv,73,11635.280894886364,4579.124403211806
1874,KBS_GwangJu.csv,74,11633.430060369317,4530.610243055556
1875,KBS_GwangJu.csv,75,11635.750497159092,4648.02587890625
1876,KBS_GwangJu.csv,76,11634.7796875,4208.598822699652
1877,KBS_GwangJu.csv,77,11633.638600852273,4308.589572482639
1878,KBS_GwangJu.csv,78,11636.551811079546,4424.613552517361
1879,KBS_GwangJu.csv,79,11633.148171164772,4495.77734375
1880,KBS_GwangJu.csv,80,11632.333238636364,4633.810709635417
1881,KBS_GwangJu.csv,81,11632.279137073863,4329.868706597223
1882,KBS_GwangJu.csv,82,11629.9517578125,4481.410590277777
1883,KBS_GwangJu.csv,83,11633.052769886364,4378.379096137152
1884,KBS_GwangJu.csv,84,11634.5390625,4273.2265625
1885,KBS_GwangJu.csv,85,11634.653444602272,4487.681694878473
1886,KBS_GwangJu.csv,86,11634.704509943182,4357.781060112848
1887,KBS_GwangJu.csv,87,11629.825639204546,4422.710232204861
1888,KBS_GwangJu.csv,88,11633.356622869318,4450.871202256944
1889,KBS_GwangJu.csv,89,11632.928746448864,4538.192328559027
1890,KBS_GwangJu.csv,90,11629.143323863636,4480.494520399306
1891,KBS_GwangJu.csv,91,11631.214897017046,4480.864963107639
1892,KBS_GwangJu.csv,92,11632.5447265625,4443.292860243056
1893,KBS_GwangJu.csv,93,11632.584144176137,4367.296820746527
1894,KBS_GwangJu.csv,94,11630.460955255681,4395.467800564236
1895,KBS_GwangJu.csv,95,11629.62274502841,4361.869059244792
1896,KBS_GwangJu.csv,96,11632.708487215908,4204.447102864583
1897,KBS_GwangJu.csv,97,11632.559943181817,4411.046875
1898,KBS_GwangJu.csv,98,11632.137642045454,4387.006890190973
1899,KBS_GwangJu.csv,99,11630.029438920454,4482.569498697917
1900,KBS_GwangJu.csv,100,11630.355610795454,4332.895589192708
