global_epoch,task,epoch_in_task,train_loss,val_loss
1,MBC_CheongJu.csv,1,28752.54324001736,28319.13454861111
2,MBC_CheongJu.csv,2,28160.396104600695,27469.3046875
3,MBC_CheongJu.csv,3,26967.13796657986,25886.211588541668
4,MBC_CheongJu.csv,4,24946.450141059027,23376.94552951389
5,MBC_CheongJu.csv,5,21958.042154947918,19922.703993055555
6,MBC_CheongJu.csv,6,18116.594482421875,15688.922743055555
7,MBC_CheongJu.csv,7,13513.508490668402,10773.421875
8,MBC_CheongJu.csv,8,8490.265936957465,5845.789930555556
9,MBC_CheongJu.csv,9,3929.7742919921875,2002.768337673611
10,MBC_CheongJu.csv,10,1037.4580493503147,518.1980556911892
11,MBC_CheongJu.csv,11,418.37089369032117,384.3624572753906
12,MBC_CheongJu.csv,12,298.4372567070855,267.846442328559
13,MBC_CheongJu.csv,13,216.3430002000597,193.1713409423828
14,MBC_CheongJu.csv,14,163.44061787923178,153.1680408053928
15,MBC_CheongJu.csv,15,134.75553215874567,126.4477030436198
16,MBC_CheongJu.csv,16,119.54015286763509,112.0477032131619
17,MBC_CheongJu.csv,17,107.76067606608073,101.18209669325087
18,MBC_CheongJu.csv,18,103.30182880825467,97.10044945610895
19,MBC_CheongJu.csv,19,99.17316903008356,93.87628682454427
20,MBC_CheongJu.csv,20,96.53539551628961,92.21124860975478
21,MBC_CheongJu.csv,21,95.28360960218642,91.8630599975586
22,MBC_CheongJu.csv,22,95.05014822218153,91.26440768771701
23,MBC_CheongJu.csv,23,94.41077677408855,91.84736463758681
24,MBC_CheongJu.csv,24,93.68743260701497,91.17117394341363
25,MBC_CheongJu.csv,25,93.79692798190646,90.68816206190321
26,MBC_CheongJu.csv,26,93.84756236606174,90.1984397040473
27,MBC_CheongJu.csv,27,93.3003347184923,89.9304445054796
28,MBC_CheongJu.csv,28,93.74282836914062,90.66875712076823
29,MBC_CheongJu.csv,29,93.62647438049316,89.47017923990886
30,MBC_CheongJu.csv,30,92.8027998606364,91.32191467285156
31,MBC_CheongJu.csv,31,92.35234875149197,89.70707533094618
32,MBC_CheongJu.csv,32,92.770509507921,90.48817867702908
33,MBC_CheongJu.csv,33,92.31021647983127,89.97118886311848
34,MBC_CheongJu.csv,34,92.17703480190701,88.81901974148221
35,MBC_CheongJu.csv,35,92.14837370978461,89.48195139567058
36,MBC_CheongJu.csv,36,91.11381361219618,87.96127404106988
37,MBC_CheongJu.csv,37,91.1133492787679,88.81885698106554
38,MBC_CheongJu.csv,38,90.91744401719835,87.78116946750217
39,MBC_CheongJu.csv,39,90.91563924153645,87.39505767822266
40,MBC_CheongJu.csv,40,90.4697191450331,87.30273691813152
41,MBC_CheongJu.csv,41,91.26196384429932,87.31669531928168
42,MBC_CheongJu.csv,42,91.33791499667697,87.11776818169488
43,MBC_CheongJu.csv,43,90.1090931362576,86.66506025526259
44,MBC_CheongJu.csv,44,90.58937115139432,86.2637956407335
45,MBC_CheongJu.csv,45,90.0500602722168,86.9089838663737
46,MBC_CheongJu.csv,46,90.07359631856282,86.49960411919488
47,MBC_CheongJu.csv,47,89.73999977111816,85.7496075100369
48,MBC_CheongJu.csv,48,88.84364255269368,85.60290951199002
49,MBC_CheongJu.csv,49,89.25100760989719,86.58875189887152
50,MBC_CheongJu.csv,50,89.31942558288574,85.26146443684895
51,MBC_CheongJu.csv,51,88.71387714809842,85.04583994547527
52,MBC_CheongJu.csv,52,88.7414944966634,84.9342795477973
53,MBC_CheongJu.csv,53,88.18475998772516,84.64892069498698
54,MBC_CheongJu.csv,54,88.46313434176975,84.66311560736762
55,MBC_CheongJu.csv,55,88.11921056111653,84.29109870062933
56,MBC_CheongJu.csv,56,87.34260919358995,85.05571746826172
57,MBC_CheongJu.csv,57,88.31949636671278,84.26224856906467
58,MBC_CheongJu.csv,58,87.10803710089789,83.78777143690321
59,MBC_CheongJu.csv,59,87.57617240481906,84.14986758761935
60,MBC_CheongJu.csv,60,86.5276443693373,83.4509769015842
61,MBC_CheongJu.csv,61,87.4691653781467,83.35122172037761
62,MBC_CheongJu.csv,62,87.00579929351807,83.79619640774197
63,MBC_CheongJu.csv,63,85.85718737708197,83.02171240912543
64,MBC_CheongJu.csv,64,86.02128071255154,83.48662651909723
65,MBC_CheongJu.csv,65,86.3112530178494,82.88469696044922
66,MBC_CheongJu.csv,66,86.57433848910861,82.99230448404948
67,MBC_CheongJu.csv,67,86.60091167026096,82.56624518500433
68,MBC_CheongJu.csv,68,86.58361752827962,82.52591281467014
69,MBC_CheongJu.csv,69,85.46106402079265,82.48828167385525
70,MBC_CheongJu.csv,70,86.2700121137831,82.82317309909396
71,MBC_CheongJu.csv,71,86.27522277832031,82.61258358425565
72,MBC_CheongJu.csv,72,85.92277018229167,82.21414184570312
73,MBC_CheongJu.csv,73,85.61877504984538,82.3017692565918
74,MBC_CheongJu.csv,74,85.77367899152968,82.14862145317926
75,MBC_CheongJu.csv,75,86.07306734720866,82.15398110283746
76,MBC_CheongJu.csv,76,85.13930956522624,82.38319524129231
77,MBC_CheongJu.csv,77,85.40036879645453,81.90337880452473
78,MBC_CheongJu.csv,78,85.75281609429254,81.95703209771051
79,MBC_CheongJu.csv,79,85.57759030659993,81.96657392713759
80,MBC_CheongJu.csv,80,84.93129041459825,82.11447058783637
81,MBC_CheongJu.csv,81,85.37618997361925,81.7334221733941
82,MBC_CheongJu.csv,82,85.34622785780165,81.72207726372613
83,MBC_CheongJu.csv,83,85.30264621310764,81.82394366794162
84,MBC_CheongJu.csv,84,85.23444896274142,81.8576889038086
85,MBC_CheongJu.csv,85,84.76814566718207,81.64206186930339
86,MBC_CheongJu.csv,86,84.97517373826769,81.77610439724393
87,MBC_CheongJu.csv,87,85.62472873263889,81.59379069010417
88,MBC_CheongJu.csv,88,84.94898351033528,81.60333167182074
89,MBC_CheongJu.csv,89,84.70616764492459,81.63382466634114
90,MBC_CheongJu.csv,90,85.45001623365614,81.59770245022244
91,MBC_CheongJu.csv,91,85.62498346964519,81.64420149061415
92,MBC_CheongJu.csv,92,84.70553578270807,81.54674021402995
93,MBC_CheongJu.csv,93,84.96763536665175,81.60637495252821
94,MBC_CheongJu.csv,94,85.78061633639865,81.60806613498264
95,MBC_CheongJu.csv,95,85.38762389289008,81.59455659654405
96,MBC_CheongJu.csv,96,84.76579030354817,81.59501647949219
97,MBC_CheongJu.csv,97,85.05278015136719,81.58691067165799
98,MBC_CheongJu.csv,98,85.27279408772786,81.60171678331163
99,MBC_CheongJu.csv,99,84.60743236541748,81.5983034769694
100,MBC_CheongJu.csv,100,84.73807843526204,81.59387800428603
101,Broad_CheongJu.csv,1,13380.001775568182,4002.9652506510415
102,Broad_CheongJu.csv,2,11170.020720880682,3656.001274956597
103,Broad_CheongJu.csv,3,11143.823615056817,3713.548149956597
104,Broad_CheongJu.csv,4,11140.987091619318,3664.952446831597
105,Broad_CheongJu.csv,5,11135.964417613637,3764.634765625
106,Broad_CheongJu.csv,6,11137.170188210228,3496.691460503472
107,Broad_CheongJu.csv,7,11140.301633522728,3885.4463161892363
108,Broad_CheongJu.csv,8,11118.218110795455,3637.673095703125
109,Broad_CheongJu.csv,9,11139.46221590909,3931.92578125
110,Broad_CheongJu.csv,10,11121.407066761363,3762.4520128038193
111,Broad_CheongJu.csv,11,11125.389098011363,3821.234185112847
112,Broad_CheongJu.csv,12,11122.955806107955,3552.9141438802085
113,Broad_CheongJu.csv,13,11133.873419744317,3997.867431640625
114,Broad_CheongJu.csv,14,11120.436168323864,3760.2416178385415
115,Broad_CheongJu.csv,15,11119.593856534091,3798.5951334635415
116,Broad_CheongJu.csv,16,11127.94754971591,3850.8314615885415
117,Broad_CheongJu.csv,17,11116.004723011363,3974.2444661458335
118,Broad_CheongJu.csv,18,11127.374449573863,3690.4884440104165
119,Broad_CheongJu.csv,19,11123.989186789773,3761.2330729166665
120,Broad_CheongJu.csv,20,11143.223064630682,3956.8546549479165
121,Broad_CheongJu.csv,21,11122.858167613636,3590.1051974826387
122,Broad_CheongJu.csv,22,11123.076065340909,3600.6199815538193
123,Broad_CheongJu.csv,23,11116.044300426136,3900.0751139322915
124,Broad_CheongJu.csv,24,11120.531232244319,3910.9060872395835
125,Broad_CheongJu.csv,25,11121.538689630683,3748.9349500868057
126,Broad_CheongJu.csv,26,11119.168465909092,3698.996337890625
127,Broad_CheongJu.csv,27,11113.388263494318,3772.7424045138887
128,Broad_CheongJu.csv,28,11119.163689630683,3451.964057074653
129,Broad_CheongJu.csv,29,11120.229225852272,3646.428900824653
130,Broad_CheongJu.csv,30,11112.179509943182,3714.017578125
131,Broad_CheongJu.csv,31,11114.072762784092,3753.390814887153
132,Broad_CheongJu.csv,32,11118.652965198864,3720.1138780381943
133,Broad_CheongJu.csv,33,11118.880522017045,3809.831732855903
134,Broad_CheongJu.csv,34,11111.97979403409,3921.4555392795137
135,Broad_CheongJu.csv,35,11123.898810369317,4055.3021104600693
136,Broad_CheongJu.csv,36,11128.066743607955,3576.5916883680557
137,Broad_CheongJu.csv,37,11114.951917613636,3822.279052734375
138,Broad_CheongJu.csv,38,11125.723384232955,3800.585883246528
139,Broad_CheongJu.csv,39,11112.007297585227,3792.304253472222
140,Broad_CheongJu.csv,40,11119.233238636363,3679.0953776041665
141,Broad_CheongJu.csv,41,11120.421111505682,3717.392333984375
142,Broad_CheongJu.csv,42,11113.183540482954,3773.3924696180557
143,Broad_CheongJu.csv,43,11119.194122869318,3677.6510145399307
144,Broad_CheongJu.csv,44,11125.06640625,3685.0425618489585
145,Broad_CheongJu.csv,45,11116.299928977272,3781.2838541666665
146,Broad_CheongJu.csv,46,11115.869762073864,3948.9340549045137
147,Broad_CheongJu.csv,47,11116.179119318182,3638.5010850694443
148,Broad_CheongJu.csv,48,11120.199431818182,3586.300835503472
149,Broad_CheongJu.csv,49,11113.234303977273,3807.4835069444443
150,Broad_CheongJu.csv,50,11123.332528409092,3648.792236328125
151,Broad_CheongJu.csv,51,11123.540003551136,3858.0190158420137
152,Broad_CheongJu.csv,52,11107.159161931819,3443.3532443576387
153,Broad_CheongJu.csv,53,11117.357404119319,3619.6478678385415
154,Broad_CheongJu.csv,54,11111.234783380682,3740.9410264756943
155,Broad_CheongJu.csv,55,11126.058416193182,3711.6848958333335
156,Broad_CheongJu.csv,56,11125.150426136364,3672.8520236545137
157,Broad_CheongJu.csv,57,11108.829438920455,3699.890869140625
158,Broad_CheongJu.csv,58,11108.042151988637,3801.209418402778
159,Broad_CheongJu.csv,59,11115.022975852273,3784.9799533420137
160,Broad_CheongJu.csv,60,11099.922425426137,3704.3208821614585
161,Broad_CheongJu.csv,61,11115.084730113636,3853.9972330729165
162,Broad_CheongJu.csv,62,11123.054651988636,3707.6079915364585
163,Broad_CheongJu.csv,63,11113.344833096591,3760.830512152778
164,Broad_CheongJu.csv,64,11108.961328125,3759.8681911892363
165,Broad_CheongJu.csv,65,11112.889488636363,3654.5009494357637
166,Broad_CheongJu.csv,66,11111.723845880682,3737.1298556857637
167,Broad_CheongJu.csv,67,11119.82491122159,3817.57568359375
168,Broad_CheongJu.csv,68,11120.087677556818,3674.7292751736113
169,Broad_CheongJu.csv,69,11107.922425426137,3706.4315321180557
170,Broad_CheongJu.csv,70,11122.903426846591,3783.4588487413193
171,Broad_CheongJu.csv,71,11120.666619318183,3804.5809733072915
172,Broad_CheongJu.csv,72,11117.073987926136,3740.660210503472
173,Broad_CheongJu.csv,73,11126.535049715909,3752.0204806857637
174,Broad_CheongJu.csv,74,11117.32626065341,3792.7027452256943
175,Broad_CheongJu.csv,75,11114.614577414774,3779.3690321180557
176,Broad_CheongJu.csv,76,11106.438316761363,3803.2997775607637
177,Broad_CheongJu.csv,77,11111.227290482955,3800.1957736545137
178,Broad_CheongJu.csv,78,11111.61514559659,3761.5560709635415
179,Broad_CheongJu.csv,79,11116.369975142046,3786.4077962239585
180,Broad_CheongJu.csv,80,11123.358043323864,3791.8052842881943
181,Broad_CheongJu.csv,81,11113.770916193182,3745.681884765625
182,Broad_CheongJu.csv,82,11116.941938920454,3779.00634765625
183,Broad_CheongJu.csv,83,11113.107670454545,3758.4109700520835
184,Broad_CheongJu.csv,84,11115.685102982954,3743.680908203125
185,Broad_CheongJu.csv,85,11102.759730113636,3760.8690321180557
186,Broad_CheongJu.csv,86,11105.80733309659,3726.9136555989585
187,Broad_CheongJu.csv,87,11120.220205965908,3746.985894097222
188,Broad_CheongJu.csv,88,11117.9095703125,3778.703423394097
189,Broad_CheongJu.csv,89,11118.918199573864,3763.201850043403
190,Broad_CheongJu.csv,90,11120.2259765625,3783.6595594618057
191,Broad_CheongJu.csv,91,11111.891157670454,3773.0834689670137
192,Broad_CheongJu.csv,92,11109.572798295454,3776.476806640625
193,Broad_CheongJu.csv,93,11115.554953835228,3763.8658311631943
194,Broad_CheongJu.csv,94,11121.350337357955,3760.203803168403
195,Broad_CheongJu.csv,95,11115.227432528409,3763.1255967881943
196,Broad_CheongJu.csv,96,11113.913423295455,3757.8259548611113
197,Broad_CheongJu.csv,97,11117.498171164772,3757.7367350260415
198,Broad_CheongJu.csv,98,11120.884197443182,3758.5748426649307
199,Broad_CheongJu.csv,99,11099.138831676137,3757.266357421875
200,Broad_CheongJu.csv,100,11123.804225852273,3757.423583984375
201,MBC_DaeJeon.csv,1,9271.877175071022,3505.3274197048613
202,MBC_DaeJeon.csv,2,9266.572407670454,3729.3032497829863
203,MBC_DaeJeon.csv,3,9276.694016335226,3602.3370225694443
204,MBC_DaeJeon.csv,4,9257.660324928976,3519.5700412326387
205,MBC_DaeJeon.csv,5,9273.030841619318,3561.734130859375
206,MBC_DaeJeon.csv,6,9255.699582741478,3486.1657443576387
207,MBC_DaeJeon.csv,7,9267.320765269886,3486.8201497395835
208,MBC_DaeJeon.csv,8,9275.929181463069,3450.7807888454863
209,MBC_DaeJeon.csv,9,9263.685813210228,3490.4825846354165
210,MBC_DaeJeon.csv,10,9261.85517578125,3337.780815972222
211,MBC_DaeJeon.csv,11,9260.564905894886,3602.963623046875
212,MBC_DaeJeon.csv,12,9264.095001775568,3479.63134765625
213,MBC_DaeJeon.csv,13,9261.826837713068,3838.4179958767363
214,MBC_DaeJeon.csv,14,9243.358061079545,3384.7243923611113
215,MBC_DaeJeon.csv,15,9266.695640980113,3524.0281032986113
216,MBC_DaeJeon.csv,16,9247.116246448864,3568.9938151041665
217,MBC_DaeJeon.csv,17,9267.976624644887,3357.729437934028
218,MBC_DaeJeon.csv,18,9270.592036576705,3554.8313259548613
219,MBC_DaeJeon.csv,19,9260.944122869318,3687.1742892795137
220,MBC_DaeJeon.csv,20,9269.13641690341,3489.755913628472
221,MBC_DaeJeon.csv,21,9262.668013139204,3506.9517415364585
222,MBC_DaeJeon.csv,22,9272.722088068182,3651.6700575086807
223,MBC_DaeJeon.csv,23,9250.737375710227,3551.7502170138887
224,MBC_DaeJeon.csv,24,9257.811461292613,3689.9781901041665
225,MBC_DaeJeon.csv,25,9263.956489701704,3473.5602756076387
226,MBC_DaeJeon.csv,26,9261.435910866478,3637.521050347222
227,MBC_DaeJeon.csv,27,9260.521333451705,3282.3412272135415
228,MBC_DaeJeon.csv,28,9261.648952414773,3508.318359375
229,MBC_DaeJeon.csv,29,9261.663725142045,3565.3135036892363
230,MBC_DaeJeon.csv,30,9260.910014204546,3448.2129720052085
231,MBC_DaeJeon.csv,31,9268.239754971592,3611.5137803819443
232,MBC_DaeJeon.csv,32,9278.039515269886,3532.7991536458335
233,MBC_DaeJeon.csv,33,9269.780699573863,3671.4557834201387
234,MBC_DaeJeon.csv,34,9254.404163707386,3575.9755859375
235,MBC_DaeJeon.csv,35,9248.63485440341,3381.4335666232637
236,MBC_DaeJeon.csv,36,9261.429678622158,3473.4361707899307
237,MBC_DaeJeon.csv,37,9267.445188210228,3561.3112521701387
238,MBC_DaeJeon.csv,38,9270.113707386363,3196.9188368055557
239,MBC_DaeJeon.csv,39,9246.703604403408,3522.2899305555557
240,MBC_DaeJeon.csv,40,9256.622185724433,3333.3167588975693
241,MBC_DaeJeon.csv,41,9272.09598721591,3352.1631130642363
242,MBC_DaeJeon.csv,42,9257.582075639204,3474.0748697916665
243,MBC_DaeJeon.csv,43,9253.22538174716,3578.9506564670137
244,MBC_DaeJeon.csv,44,9260.4029296875,3399.089301215278
245,MBC_DaeJeon.csv,45,9265.043394886363,3430.574462890625
246,MBC_DaeJeon.csv,46,9257.534801136364,3439.8432888454863
247,MBC_DaeJeon.csv,47,9261.000408380682,3489.2368435329863
248,MBC_DaeJeon.csv,48,9267.782270951704,3431.542670355903
249,MBC_DaeJeon.csv,49,9258.081951349432,3515.1165907118057
250,MBC_DaeJeon.csv,50,9269.814870383523,3425.6147189670137
251,MBC_DaeJeon.csv,51,9256.736088423295,3543.7116427951387
252,MBC_DaeJeon.csv,52,9265.50614346591,3480.505181206597
253,MBC_DaeJeon.csv,53,9266.492595880682,3440.3668077256943
254,MBC_DaeJeon.csv,54,9253.207581676137,3452.672661675347
255,MBC_DaeJeon.csv,55,9255.990678267046,3313.114691840278
256,MBC_DaeJeon.csv,56,9253.570862926137,3368.311089409722
257,MBC_DaeJeon.csv,57,9260.572132457386,3517.8547092013887
258,MBC_DaeJeon.csv,58,9258.545578835226,3456.3476291232637
259,MBC_DaeJeon.csv,59,9263.23037997159,3478.5853678385415
260,MBC_DaeJeon.csv,60,9260.59891690341,3588.352105034722
261,MBC_DaeJeon.csv,61,9261.915252130682,3486.9739854600693
262,MBC_DaeJeon.csv,62,9261.601349431818,3532.3460557725693
263,MBC_DaeJeon.csv,63,9261.478595525568,3547.731201171875
264,MBC_DaeJeon.csv,64,9234.460120738637,3472.9779459635415
265,MBC_DaeJeon.csv,65,9259.716131036932,3462.8455403645835
266,MBC_DaeJeon.csv,66,9262.713822798296,3524.0801595052085
267,MBC_DaeJeon.csv,67,9254.144770951705,3453.0960828993057
268,MBC_DaeJeon.csv,68,9254.60653409091,3504.939453125
269,MBC_DaeJeon.csv,69,9260.243528053978,3533.2540147569443
270,MBC_DaeJeon.csv,70,9269.60918856534,3466.8297526041665
271,MBC_DaeJeon.csv,71,9252.356214488636,3459.6075032552085
272,MBC_DaeJeon.csv,72,9260.926695667613,3469.702880859375
273,MBC_DaeJeon.csv,73,9268.976811079545,3490.0199924045137
274,MBC_DaeJeon.csv,74,9254.786940696024,3530.7533365885415
275,MBC_DaeJeon.csv,75,9267.24434481534,3457.925726996528
276,MBC_DaeJeon.csv,76,9265.964195667613,3490.5847439236113
277,MBC_DaeJeon.csv,77,9259.792755681818,3571.5113932291665
278,MBC_DaeJeon.csv,78,9253.972141335227,3505.2006022135415
279,MBC_DaeJeon.csv,79,9267.463813920454,3494.8345811631943
280,MBC_DaeJeon.csv,80,9258.863600852274,3493.92626953125
281,MBC_DaeJeon.csv,81,9264.66220703125,3455.177978515625
282,MBC_DaeJeon.csv,82,9272.56864346591,3484.522759331597
283,MBC_DaeJeon.csv,83,9258.404465553976,3494.6646864149307
284,MBC_DaeJeon.csv,84,9251.092720170454,3508.406195746528
285,MBC_DaeJeon.csv,85,9265.210475852273,3474.6639539930557
286,MBC_DaeJeon.csv,86,9265.886079545455,3466.8568250868057
287,MBC_DaeJeon.csv,87,9264.18428622159,3478.8250596788193
288,MBC_DaeJeon.csv,88,9262.659605823863,3509.1099717881943
289,MBC_DaeJeon.csv,89,9260.234712357955,3502.376953125
290,MBC_DaeJeon.csv,90,9272.905903764204,3491.9346516927085
291,MBC_DaeJeon.csv,91,9264.672283380682,3509.089789496528
292,MBC_DaeJeon.csv,92,9248.58671875,3497.7945963541665
293,MBC_DaeJeon.csv,93,9247.0046875,3497.212158203125
294,MBC_DaeJeon.csv,94,9268.292098721591,3494.372992621528
295,MBC_DaeJeon.csv,95,9255.661026278409,3492.3697645399307
296,MBC_DaeJeon.csv,96,9248.426935369318,3496.1139865451387
297,MBC_DaeJeon.csv,97,9256.88262606534,3496.9045681423613
298,MBC_DaeJeon.csv,98,9249.44014559659,3500.1236707899307
299,MBC_DaeJeon.csv,99,9261.589133522728,3498.3610568576387
300,MBC_DaeJeon.csv,100,9255.031303267046,3497.440673828125
301,KBS_DaeJeon.csv,1,8551.031676136363,2717.96533203125
302,KBS_DaeJeon.csv,2,8550.762713068181,3026.6019694010415
303,KBS_DaeJeon.csv,3,8543.66475497159,2808.082085503472
304,KBS_DaeJeon.csv,4,8543.507093394886,2961.6072048611113
305,KBS_DaeJeon.csv,5,8550.280681818182,2885.6719021267363
306,KBS_DaeJeon.csv,6,8543.646102627841,2929.9336751302085
307,KBS_DaeJeon.csv,7,8545.157208806819,3245.918999565972
308,KBS_DaeJeon.csv,8,8542.599378551136,2955.538818359375
309,KBS_DaeJeon.csv,9,8551.930557528409,2814.2684190538193
310,KBS_DaeJeon.csv,10,8536.17412997159,2970.0320909288193
311,KBS_DaeJeon.csv,11,8554.214462002841,2911.94921875
312,KBS_DaeJeon.csv,12,8548.996573153408,2789.4624294704863
313,KBS_DaeJeon.csv,13,8554.872496448863,2737.860405815972
314,KBS_DaeJeon.csv,14,8539.89217862216,2937.463324652778
315,KBS_DaeJeon.csv,15,8536.899662642045,2999.8067491319443
316,KBS_DaeJeon.csv,16,8544.924325284092,3035.746337890625
317,KBS_DaeJeon.csv,17,8556.90020419034,2841.5503200954863
318,KBS_DaeJeon.csv,18,8538.803160511363,2914.3568250868057
319,KBS_DaeJeon.csv,19,8546.275896661931,2809.5297580295137
320,KBS_DaeJeon.csv,20,8529.19598721591,2904.7435438368057
321,KBS_DaeJeon.csv,21,8537.467107599432,2946.4707845052085
322,KBS_DaeJeon.csv,22,8539.760857599433,2957.6630859375
323,KBS_DaeJeon.csv,23,8521.604483309658,3170.1304796006943
324,KBS_DaeJeon.csv,24,8540.585609019887,2760.1704372829863
325,KBS_DaeJeon.csv,25,8531.678355823864,3002.015570746528
326,KBS_DaeJeon.csv,26,8548.369904119318,2947.154975043403
327,KBS_DaeJeon.csv,27,8535.815314275567,2917.3720703125
328,KBS_DaeJeon.csv,28,8544.01739169034,2884.9607747395835
329,KBS_DaeJeon.csv,29,8554.254873934658,2951.109320746528
330,KBS_DaeJeon.csv,30,8548.11210049716,2948.069878472222
331,KBS_DaeJeon.csv,31,8536.58075284091,2960.2391221788193
332,KBS_DaeJeon.csv,32,8532.640900213068,3020.0891927083335
333,KBS_DaeJeon.csv,33,8549.398215553978,2963.8817545572915
334,KBS_DaeJeon.csv,34,8537.717666903409,2823.6373155381943
335,KBS_DaeJeon.csv,35,8560.187109375,2940.6370713975693
336,KBS_DaeJeon.csv,36,8550.510209517046,2933.4056260850693
337,KBS_DaeJeon.csv,37,8538.329172585227,2875.2671983506943
338,KBS_DaeJeon.csv,38,8537.59873046875,2963.2637803819443
339,KBS_DaeJeon.csv,39,8544.290163352272,2909.259521484375
340,KBS_DaeJeon.csv,40,8553.065101207387,2852.991400824653
341,KBS_DaeJeon.csv,41,8546.480024857954,2859.6558702256943
342,KBS_DaeJeon.csv,42,8548.629172585228,2829.4285481770835
343,KBS_DaeJeon.csv,43,8551.462633167614,2945.3918185763887
344,KBS_DaeJeon.csv,44,8545.275648082386,2712.2198079427085
345,KBS_DaeJeon.csv,45,8539.598863636364,2892.7251790364585
346,KBS_DaeJeon.csv,46,8538.567063210226,2863.213189019097
347,KBS_DaeJeon.csv,47,8538.023570667614,2942.0712076822915
348,KBS_DaeJeon.csv,48,8532.19375887784,2790.159722222222
349,KBS_DaeJeon.csv,49,8547.547887073864,2977.901177300347
350,KBS_DaeJeon.csv,50,8538.14813565341,2771.9501139322915
351,KBS_DaeJeon.csv,51,8540.490376420454,2830.758734809028
352,KBS_DaeJeon.csv,52,8545.035724431818,3141.2776963975693
353,KBS_DaeJeon.csv,53,8548.275843394886,2906.985894097222
354,KBS_DaeJeon.csv,54,8543.413991477273,2950.3387044270835
355,KBS_DaeJeon.csv,55,8549.564888139204,2808.2146809895835
356,KBS_DaeJeon.csv,56,8538.791796875,2802.4928385416665
357,KBS_DaeJeon.csv,57,8546.245729758522,2848.1043294270835
358,KBS_DaeJeon.csv,58,8533.952370383522,2906.0378689236113
359,KBS_DaeJeon.csv,59,8556.83417080966,2922.9430067274307
360,KBS_DaeJeon.csv,60,8546.617737926137,2909.827880859375
361,KBS_DaeJeon.csv,61,8535.156418678976,2980.8170572916665
362,KBS_DaeJeon.csv,62,8541.21844815341,2904.0741102430557
363,KBS_DaeJeon.csv,63,8563.029287997158,2784.11279296875
364,KBS_DaeJeon.csv,64,8551.319406960227,2884.39794921875
365,KBS_DaeJeon.csv,65,8537.946262428977,2910.7929958767363
366,KBS_DaeJeon.csv,66,8548.50956143466,3047.116644965278
367,KBS_DaeJeon.csv,67,8546.50703125,2880.7774793836807
368,KBS_DaeJeon.csv,68,8546.762109375,2975.7239854600693
369,KBS_DaeJeon.csv,69,8537.394762073864,2838.4256727430557
370,KBS_DaeJeon.csv,70,8534.834552556818,2893.769829644097
371,KBS_DaeJeon.csv,71,8536.126136363637,2914.340142144097
372,KBS_DaeJeon.csv,72,8538.00263671875,2877.6659884982637
373,KBS_DaeJeon.csv,73,8540.950790127841,2903.0336642795137
374,KBS_DaeJeon.csv,74,8548.16484375,2920.3343370225693
375,KBS_DaeJeon.csv,75,8539.956640625,2891.4568956163193
376,KBS_DaeJeon.csv,76,8544.57939453125,2920.0442708333335
377,KBS_DaeJeon.csv,77,8549.044859730113,2918.455132378472
378,KBS_DaeJeon.csv,78,8533.48125,2896.6735026041665
379,KBS_DaeJeon.csv,79,8548.101198508522,2958.2134602864585
380,KBS_DaeJeon.csv,80,8544.306294389204,2948.6646864149307
381,KBS_DaeJeon.csv,81,8540.220268110796,2934.5820583767363
382,KBS_DaeJeon.csv,82,8537.162091619319,2925.702094184028
383,KBS_DaeJeon.csv,83,8538.762455610795,2921.648980034722
384,KBS_DaeJeon.csv,84,8539.881356534092,2910.4921061197915
385,KBS_DaeJeon.csv,85,8557.73544034091,2921.5770399305557
386,KBS_DaeJeon.csv,86,8545.802654474432,2933.760308159722
387,KBS_DaeJeon.csv,87,8538.685289417614,2931.4120279947915
388,KBS_DaeJeon.csv,88,8543.01397372159,2926.98876953125
389,KBS_DaeJeon.csv,89,8538.47001065341,2938.5996365017363
390,KBS_DaeJeon.csv,90,8546.940234375,2929.4327528211807
391,KBS_DaeJeon.csv,91,8554.035546875,2938.0899793836807
392,KBS_DaeJeon.csv,92,8540.310413707386,2935.6048448350693
393,KBS_DaeJeon.csv,93,8541.175514914772,2921.7594943576387
394,KBS_DaeJeon.csv,94,8544.119318181818,2927.7828504774307
395,KBS_DaeJeon.csv,95,8545.009996448864,2928.0993923611113
396,KBS_DaeJeon.csv,96,8537.981178977272,2925.505615234375
397,KBS_DaeJeon.csv,97,8528.67646484375,2923.4933268229165
398,KBS_DaeJeon.csv,98,8541.894273792614,2922.9245876736113
399,KBS_DaeJeon.csv,99,8542.777982954545,2923.748725043403
400,KBS_DaeJeon.csv,100,8535.970339133522,2923.4347059461807
401,CMB_DaeJeon.csv,1,8134.649050071022,2729.8450792100693
402,CMB_DaeJeon.csv,2,8144.993181818182,2897.2122667100693
403,CMB_DaeJeon.csv,3,8117.801198508523,2705.460503472222
404,CMB_DaeJeon.csv,4,8132.232697088069,2714.1117350260415
405,CMB_DaeJeon.csv,5,8138.310262784091,2569.311577690972
406,CMB_DaeJeon.csv,6,8137.809774502841,2791.1458875868057
407,CMB_DaeJeon.csv,7,8118.029758522727,2748.1158854166665
408,CMB_DaeJeon.csv,8,8136.924272017045,2562.810492621528
409,CMB_DaeJeon.csv,9,8133.089266690341,2708.5147840711807
410,CMB_DaeJeon.csv,10,8128.345232599432,2622.1805826822915
411,CMB_DaeJeon.csv,11,8151.972895951704,2637.2320149739585
412,CMB_DaeJeon.csv,12,8146.565953480113,2553.6251627604165
413,CMB_DaeJeon.csv,13,8144.449547230113,2815.616889105903
414,CMB_DaeJeon.csv,14,8135.629873934659,3077.4628634982637
415,CMB_DaeJeon.csv,15,8137.413396661932,2661.2838270399307
416,CMB_DaeJeon.csv,16,8127.267658025568,2792.8020290798613
417,CMB_DaeJeon.csv,17,8127.388813920455,2563.6113009982637
418,CMB_DaeJeon.csv,18,8126.952716619318,2737.6061740451387
419,CMB_DaeJeon.csv,19,8153.454518821023,2785.7388509114585
420,CMB_DaeJeon.csv,20,8136.427920809659,2622.5291341145835
421,CMB_DaeJeon.csv,21,8129.28994140625,2689.8615451388887
422,CMB_DaeJeon.csv,22,8133.966024502841,2811.128173828125
423,CMB_DaeJeon.csv,23,8137.548641690341,2477.0460069444443
424,CMB_DaeJeon.csv,24,8143.383522727273,2784.0614420572915
425,CMB_DaeJeon.csv,25,8150.115625,2869.7887912326387
426,CMB_DaeJeon.csv,26,8137.914186789772,2616.687798394097
427,CMB_DaeJeon.csv,27,8135.024005681818,2665.7912868923613
428,CMB_DaeJeon.csv,28,8126.268430397728,2723.6141221788193
429,CMB_DaeJeon.csv,29,8140.484801136364,2493.392822265625
430,CMB_DaeJeon.csv,30,8132.566583806818,2658.138481987847
431,CMB_DaeJeon.csv,31,8134.202618963068,2527.0359157986113
432,CMB_DaeJeon.csv,32,8124.7955078125,2679.085503472222
433,CMB_DaeJeon.csv,33,8121.418181818181,2809.9849446614585
434,CMB_DaeJeon.csv,34,8143.714879261363,2438.8470323350693
435,CMB_DaeJeon.csv,35,8129.933416193182,2726.808648003472
436,CMB_DaeJeon.csv,36,8123.444504616477,2643.8157552083335
437,CMB_DaeJeon.csv,37,8144.824591619318,2821.3114149305557
438,CMB_DaeJeon.csv,38,8138.790323153409,2928.285210503472
439,CMB_DaeJeon.csv,39,8142.188006036932,2792.1199544270835
440,CMB_DaeJeon.csv,40,8140.778888494318,2907.8421223958335
441,CMB_DaeJeon.csv,41,8131.267702414772,2483.1358778211807
442,CMB_DaeJeon.csv,42,8140.20107421875,2763.681342230903
443,CMB_DaeJeon.csv,43,8129.485014204545,2674.147515190972
444,CMB_DaeJeon.csv,44,8131.167080965909,2592.4981553819443
445,CMB_DaeJeon.csv,45,8121.730220170454,2586.261176215278
446,CMB_DaeJeon.csv,46,8138.98076171875,2669.737603081597
447,CMB_DaeJeon.csv,47,8135.666477272727,2629.8280164930557
448,CMB_DaeJeon.csv,48,8142.120667613636,2511.2508951822915
449,CMB_DaeJeon.csv,49,8128.101677911932,2537.1295572916665
450,CMB_DaeJeon.csv,50,8147.118137428977,2850.106011284722
451,CMB_DaeJeon.csv,51,8145.843936434659,2778.9839952256943
452,CMB_DaeJeon.csv,52,8131.482803622159,2607.862847222222
453,CMB_DaeJeon.csv,53,8115.157972301136,2614.247260199653
454,CMB_DaeJeon.csv,54,8120.538840553977,2721.6292860243057
455,CMB_DaeJeon.csv,55,8133.938645241477,2700.7591417100693
456,CMB_DaeJeon.csv,56,8149.355708451704,2522.5912000868057
457,CMB_DaeJeon.csv,57,8127.373623934659,2843.4998372395835
458,CMB_DaeJeon.csv,58,8158.590110085227,2722.6571451822915
459,CMB_DaeJeon.csv,59,8131.179305752841,2656.7977159288193
460,CMB_DaeJeon.csv,60,8126.879518821022,2689.3170301649307
461,CMB_DaeJeon.csv,61,8113.986283735795,2577.8740234375
462,CMB_DaeJeon.csv,62,8136.339586292614,2563.956841362847
463,CMB_DaeJeon.csv,63,8122.579092684659,2628.1384548611113
464,CMB_DaeJeon.csv,64,8138.415731534091,2596.8488498263887
465,CMB_DaeJeon.csv,65,8116.209543678977,2678.2237955729165
466,CMB_DaeJeon.csv,66,8131.589382102273,2713.3678385416665
467,CMB_DaeJeon.csv,67,8132.403684303978,2702.4012858072915
468,CMB_DaeJeon.csv,68,8138.827716619318,2652.909233940972
469,CMB_DaeJeon.csv,69,8141.354572088068,2606.3985460069443
470,CMB_DaeJeon.csv,70,8112.003648792614,2784.5168728298613
471,CMB_DaeJeon.csv,71,8123.475958806818,2644.5635036892363
472,CMB_DaeJeon.csv,72,8128.425275213068,2724.3506130642363
473,CMB_DaeJeon.csv,73,8116.229936079545,2623.679497612847
474,CMB_DaeJeon.csv,74,8135.822256747159,2713.1950412326387
475,CMB_DaeJeon.csv,75,8127.955379971591,2581.431586371528
476,CMB_DaeJeon.csv,76,8125.822824928977,2665.6385904947915
477,CMB_DaeJeon.csv,77,8128.904625355113,2690.3907606336807
478,CMB_DaeJeon.csv,78,8130.194007457387,2623.74755859375
479,CMB_DaeJeon.csv,79,8138.371715198864,2664.471625434028
480,CMB_DaeJeon.csv,80,8131.475621448863,2684.3091634114585
481,CMB_DaeJeon.csv,81,8121.171537642045,2682.0352918836807
482,CMB_DaeJeon.csv,82,8138.126234019886,2632.521430121528
483,CMB_DaeJeon.csv,83,8141.573064630682,2699.8416341145835
484,CMB_DaeJeon.csv,84,8138.661363636364,2663.245171440972
485,CMB_DaeJeon.csv,85,8139.064302201705,2648.2657063802085
486,CMB_DaeJeon.csv,86,8129.198819247159,2673.22802734375
487,CMB_DaeJeon.csv,87,8133.257262073864,2669.9060329861113
488,CMB_DaeJeon.csv,88,8133.157004616477,2645.6402180989585
489,CMB_DaeJeon.csv,89,8129.381241122159,2673.997368706597
490,CMB_DaeJeon.csv,90,8130.309685724432,2673.113525390625
491,CMB_DaeJeon.csv,91,8118.965980113637,2663.316107855903
492,CMB_DaeJeon.csv,92,8123.595348011364,2673.4388292100693
493,CMB_DaeJeon.csv,93,8137.645445667614,2681.3969455295137
494,CMB_DaeJeon.csv,94,8129.695197088068,2672.4734700520835
495,CMB_DaeJeon.csv,95,8132.620889559659,2669.75244140625
496,CMB_DaeJeon.csv,96,8135.067578125,2670.059380425347
497,CMB_DaeJeon.csv,97,8129.060014204545,2669.9839138454863
498,CMB_DaeJeon.csv,98,8135.055584161932,2670.843071831597
499,CMB_DaeJeon.csv,99,8139.612846235796,2670.979790581597
500,CMB_DaeJeon.csv,100,8126.112446732955,2670.6162109375
501,MBC_ChungJu.csv,1,8301.24921875,3049.3585069444443
502,MBC_ChungJu.csv,2,8276.663334517045,2730.0149197048613
503,MBC_ChungJu.csv,3,8280.523375355113,2878.8350423177085
504,MBC_ChungJu.csv,4,8264.643723366476,2887.4737141927085
505,MBC_ChungJu.csv,5,8271.526864346592,3002.4742567274307
506,MBC_ChungJu.csv,6,8254.080069247158,2844.4433322482637
507,MBC_ChungJu.csv,7,8248.928755326704,2929.378662109375
508,MBC_ChungJu.csv,8,8259.706516335227,3063.6366916232637
509,MBC_ChungJu.csv,9,8240.523712713068,2678.9053005642363
510,MBC_ChungJu.csv,10,8229.69161044034,2843.8726671006943
511,MBC_ChungJu.csv,11,8240.851136363637,2713.3558756510415
512,MBC_ChungJu.csv,12,8234.229021661931,2837.5016818576387
513,MBC_ChungJu.csv,13,8225.867320667614,3038.5399576822915
514,MBC_ChungJu.csv,14,8228.935813210228,2536.4094509548613
515,MBC_ChungJu.csv,15,8234.943297230113,3018.4409993489585
516,MBC_ChungJu.csv,16,8209.904225852273,2672.362548828125
517,MBC_ChungJu.csv,17,8214.25155362216,2753.2497829861113
518,MBC_ChungJu.csv,18,8208.735040838068,2844.545111762153
519,MBC_ChungJu.csv,19,8207.982874644886,2860.7428114149307
520,MBC_ChungJu.csv,20,8218.813299005682,2902.5709635416665
521,MBC_ChungJu.csv,21,8224.991184303977,2721.9709743923613
522,MBC_ChungJu.csv,22,8231.553462357955,2779.8895128038193
523,MBC_ChungJu.csv,23,8232.079137073864,2848.7752821180557
524,MBC_ChungJu.csv,24,8211.858034446022,2831.9681532118057
525,MBC_ChungJu.csv,25,8201.82352627841,2704.9284396701387
526,MBC_ChungJu.csv,26,8221.690882457386,2691.659912109375
527,MBC_ChungJu.csv,27,8223.432253196022,2720.9524739583335
528,MBC_ChungJu.csv,28,8204.322017045455,2756.1546766493057
529,MBC_ChungJu.csv,29,8220.315181107955,2842.251953125
530,MBC_ChungJu.csv,30,8211.153160511363,2725.4227430555557
531,MBC_ChungJu.csv,31,8190.397674005681,2899.41796875
532,MBC_ChungJu.csv,32,8201.1640625,2754.135498046875
533,MBC_ChungJu.csv,33,8205.693581321022,2908.507622612847
534,MBC_ChungJu.csv,34,8210.112482244318,2802.8494466145835
535,MBC_ChungJu.csv,35,8218.194904119318,2752.3209635416665
536,MBC_ChungJu.csv,36,8205.779918323864,2857.396782769097
537,MBC_ChungJu.csv,37,8206.310209517045,2812.2006022135415
538,MBC_ChungJu.csv,38,8206.418714488636,2656.0765516493057
539,MBC_ChungJu.csv,39,8200.338227982955,2811.797119140625
540,MBC_ChungJu.csv,40,8208.989861505683,2853.697509765625
541,MBC_ChungJu.csv,41,8203.514399857955,2869.810980902778
542,MBC_ChungJu.csv,42,8210.358611505682,2850.07275390625
543,MBC_ChungJu.csv,43,8194.884410511364,2833.945366753472
544,MBC_ChungJu.csv,44,8191.544034090909,2852.790581597222
545,MBC_ChungJu.csv,45,8210.457750355114,2783.1825358072915
546,MBC_ChungJu.csv,46,8201.17373046875,2773.4029134114585
547,MBC_ChungJu.csv,47,8188.511780894886,2868.9262966579863
548,MBC_ChungJu.csv,48,8199.397611860795,2875.514105902778
549,MBC_ChungJu.csv,49,8196.781560724432,2825.512749565972
550,MBC_ChungJu.csv,50,8199.757803622158,2860.5667317708335
551,MBC_ChungJu.csv,51,8188.698943536931,2920.780951605903
552,MBC_ChungJu.csv,52,8190.699280894886,2849.160400390625
553,MBC_ChungJu.csv,53,8192.417027698864,2734.356255425347
554,MBC_ChungJu.csv,54,8185.849582741477,2727.9659559461807
555,MBC_ChungJu.csv,55,8198.479350142046,2769.229790581597
556,MBC_ChungJu.csv,56,8197.096138139204,2824.010552300347
557,MBC_ChungJu.csv,57,8186.214248934659,2923.3930392795137
558,MBC_ChungJu.csv,58,8186.951713423296,2830.3333604600693
559,MBC_ChungJu.csv,59,8217.352414772728,2919.8395724826387
560,MBC_ChungJu.csv,60,8205.714408735796,2731.2086317274307
561,MBC_ChungJu.csv,61,8193.851624644887,2781.4892849392363
562,MBC_ChungJu.csv,62,8184.475035511364,2812.481635199653
563,MBC_ChungJu.csv,63,8188.944113991477,2869.281060112847
564,MBC_ChungJu.csv,64,8198.13760653409,2840.675591362847
565,MBC_ChungJu.csv,65,8199.59541903409,2878.2575412326387
566,MBC_ChungJu.csv,66,8208.296324573863,2843.761420355903
567,MBC_ChungJu.csv,67,8186.686381392045,2821.459174262153
568,MBC_ChungJu.csv,68,8188.061177201705,2850.5107421875
569,MBC_ChungJu.csv,69,8187.576606889204,2883.055365668403
570,MBC_ChungJu.csv,70,8180.734153053977,2809.8253309461807
571,MBC_ChungJu.csv,71,8203.343270596592,2796.002631293403
572,MBC_ChungJu.csv,72,8193.826890980114,2806.5442708333335
573,MBC_ChungJu.csv,73,8188.177503551136,2840.5128038194443
574,MBC_ChungJu.csv,74,8190.929181463068,2769.3813205295137
575,MBC_ChungJu.csv,75,8199.60528231534,2872.0481770833335
576,MBC_ChungJu.csv,76,8197.162233664772,2836.6604817708335
577,MBC_ChungJu.csv,77,8215.083140980114,2848.889892578125
578,MBC_ChungJu.csv,78,8209.763671875,2791.6979709201387
579,MBC_ChungJu.csv,79,8199.080699573864,2831.4635145399307
580,MBC_ChungJu.csv,80,8194.156321022727,2825.572998046875
581,MBC_ChungJu.csv,81,8184.742640269887,2832.909369574653
582,MBC_ChungJu.csv,82,8191.696635298295,2784.4558376736113
583,MBC_ChungJu.csv,83,8184.540447443182,2883.7294650607637
584,MBC_ChungJu.csv,84,8202.512127130682,2854.8767361111113
585,MBC_ChungJu.csv,85,8188.966131036932,2847.3486056857637
586,MBC_ChungJu.csv,86,8182.673987926137,2812.6151529947915
587,MBC_ChungJu.csv,87,8184.694779829545,2808.7292209201387
588,MBC_ChungJu.csv,88,8190.244264914772,2820.5906575520835
589,MBC_ChungJu.csv,89,8187.246946022728,2823.2974989149307
590,MBC_ChungJu.csv,90,8180.464497514205,2828.145263671875
591,MBC_ChungJu.csv,91,8195.08963955966,2830.353759765625
592,MBC_ChungJu.csv,92,8184.231072443182,2821.4029134114585
593,MBC_ChungJu.csv,93,8190.006107954546,2832.3553059895835
594,MBC_ChungJu.csv,94,8185.680140269887,2829.3452962239585
595,MBC_ChungJu.csv,95,8188.896555397727,2831.149115668403
596,MBC_ChungJu.csv,96,8178.539080255682,2827.1602376302085
597,MBC_ChungJu.csv,97,8196.084836647728,2830.6299913194443
598,MBC_ChungJu.csv,98,8205.10176669034,2831.743218315972
599,MBC_ChungJu.csv,99,8199.5380859375,2831.221489800347
600,MBC_ChungJu.csv,100,8188.898055752841,2831.2358669704863
601,KBS_ChungJu.csv,1,8026.012118252841,2714.662543402778
602,KBS_ChungJu.csv,2,8021.2380859375,2781.1355794270835
603,KBS_ChungJu.csv,3,8022.484410511363,2938.517768012153
604,KBS_ChungJu.csv,4,8031.215216619318,2735.2319064670137
605,KBS_ChungJu.csv,5,8018.092906605114,2781.6086697048613
606,KBS_ChungJu.csv,6,8020.53193359375,2752.7391764322915
607,KBS_ChungJu.csv,7,8018.751171875,2824.9795193142363
608,KBS_ChungJu.csv,8,8032.55546875,2703.7861056857637
609,KBS_ChungJu.csv,9,8002.001953125,2631.9364420572915
610,KBS_ChungJu.csv,10,8027.709099786932,2934.9003092447915
611,KBS_ChungJu.csv,11,8006.125142045455,2733.0276692708335
612,KBS_ChungJu.csv,12,8019.14267578125,2918.408148871528
613,KBS_ChungJu.csv,13,8009.011292613636,2769.4667154947915
614,KBS_ChungJu.csv,14,8006.336487926136,2643.0411512586807
615,KBS_ChungJu.csv,15,8009.574582741478,2867.526068793403
616,KBS_ChungJu.csv,16,8014.572088068182,2570.451850043403
617,KBS_ChungJu.csv,17,7996.614533025569,2634.9233127170137
618,KBS_ChungJu.csv,18,8005.585697798296,2774.0155164930557
619,KBS_ChungJu.csv,19,8019.95556640625,2620.350531684028
620,KBS_ChungJu.csv,20,8026.131649502841,2855.5808919270835
621,KBS_ChungJu.csv,21,8016.461612215909,2804.0987955729165
622,KBS_ChungJu.csv,22,8008.013236860796,2914.2053493923613
623,KBS_ChungJu.csv,23,8006.1931640625,2995.3377278645835
624,KBS_ChungJu.csv,24,8012.08251953125,2683.7378200954863
625,KBS_ChungJu.csv,25,8007.526162997159,2798.194634331597
626,KBS_ChungJu.csv,26,8020.567214133523,2708.4098849826387
627,KBS_ChungJu.csv,27,8017.624733664773,2874.6228841145835
628,KBS_ChungJu.csv,28,8008.621910511363,2792.5341525607637
629,KBS_ChungJu.csv,29,7997.222407670454,2684.4127061631943
630,KBS_ChungJu.csv,30,7997.172052556818,2722.2246365017363
631,KBS_ChungJu.csv,31,7993.745561079545,2696.2568088107637
632,KBS_ChungJu.csv,32,8004.134543678977,2749.6910807291665
633,KBS_ChungJu.csv,33,7996.706853693182,2841.52294921875
634,KBS_ChungJu.csv,34,7999.243048650568,2753.093315972222
635,KBS_ChungJu.csv,35,8011.689382102273,2762.0777180989585
636,KBS_ChungJu.csv,36,8011.076846590909,2838.6578233506943
637,KBS_ChungJu.csv,37,7988.758025568181,2738.8436414930557
638,KBS_ChungJu.csv,38,8001.204572088068,2884.3145616319443
639,KBS_ChungJu.csv,39,8006.49423828125,2567.5801595052085
640,KBS_ChungJu.csv,40,7985.844229403409,2733.5257161458335
641,KBS_ChungJu.csv,41,7992.838263494318,2849.9044596354165
642,KBS_ChungJu.csv,42,8006.22314453125,2784.5186903211807
643,KBS_ChungJu.csv,43,7990.80712890625,2584.0565592447915
644,KBS_ChungJu.csv,44,7997.556880326704,2620.1599934895835
645,KBS_ChungJu.csv,45,8003.447212357954,2866.4018825954863
646,KBS_ChungJu.csv,46,7997.840713778409,2619.4921875
647,KBS_ChungJu.csv,47,8007.995649857955,2768.4675564236113
648,KBS_ChungJu.csv,48,7998.676447088068,2796.7418077256943
649,KBS_ChungJu.csv,49,7992.7826171875,2897.8775499131943
650,KBS_ChungJu.csv,50,8013.948490767046,2956.2100423177085
651,KBS_ChungJu.csv,51,7990.851003196023,2748.303955078125
652,KBS_ChungJu.csv,52,8006.059161931818,2801.9506022135415
653,KBS_ChungJu.csv,53,7998.1275390625,2606.198052300347
654,KBS_ChungJu.csv,54,7991.319593394886,2669.760687934028
655,KBS_ChungJu.csv,55,7985.228142755682,2697.870415581597
656,KBS_ChungJu.csv,56,8001.594833096591,2829.5439453125
657,KBS_ChungJu.csv,57,8000.956143465909,2713.5360514322915
658,KBS_ChungJu.csv,58,8001.264204545455,2665.3518880208335
659,KBS_ChungJu.csv,59,8003.526606889204,2752.6584743923613
660,KBS_ChungJu.csv,60,8005.938299005682,2804.6217990451387
661,KBS_ChungJu.csv,61,8005.581782670454,2836.5426974826387
662,KBS_ChungJu.csv,62,7987.501908735795,2733.707573784722
663,KBS_ChungJu.csv,63,7988.173197798295,2886.862738715278
664,KBS_ChungJu.csv,64,7992.724431818182,2744.462212456597
665,KBS_ChungJu.csv,65,7993.681960227273,2730.3897569444443
666,KBS_ChungJu.csv,66,7987.626935369318,2770.327826605903
667,KBS_ChungJu.csv,67,7996.873783735796,2794.7797037760415
668,KBS_ChungJu.csv,68,8008.280406605114,2767.4114854600693
669,KBS_ChungJu.csv,69,7993.284685724432,2801.5602213541665
670,KBS_ChungJu.csv,70,7986.720179332387,2823.4903700086807
671,KBS_ChungJu.csv,71,8002.115181107954,2781.0815158420137
672,KBS_ChungJu.csv,72,7997.874991122159,2717.8990342881943
673,KBS_ChungJu.csv,73,7996.191370738637,2753.5702853732637
674,KBS_ChungJu.csv,74,7990.058939985795,2767.6117078993057
675,KBS_ChungJu.csv,75,7998.018883167613,2790.8541124131943
676,KBS_ChungJu.csv,76,7997.45751953125,2738.0128580729165
677,KBS_ChungJu.csv,77,7998.233451704546,2757.4786783854165
678,KBS_ChungJu.csv,78,7988.137384588068,2786.0643717447915
679,KBS_ChungJu.csv,79,7990.182785866477,2801.826605902778
680,KBS_ChungJu.csv,80,7981.717631392045,2725.6386990017363
681,KBS_ChungJu.csv,81,7996.76513671875,2779.1157497829863
682,KBS_ChungJu.csv,82,7996.243767755682,2782.716796875
683,KBS_ChungJu.csv,83,7988.847301136364,2795.8272569444443
684,KBS_ChungJu.csv,84,7970.488982599431,2788.4312337239585
685,KBS_ChungJu.csv,85,7989.362215909091,2803.2900661892363
686,KBS_ChungJu.csv,86,7996.529270241477,2756.477973090278
687,KBS_ChungJu.csv,87,7983.555672940341,2764.1797146267363
688,KBS_ChungJu.csv,88,7986.129190340909,2767.1576334635415
689,KBS_ChungJu.csv,89,7990.017098721591,2762.385199652778
690,KBS_ChungJu.csv,90,7975.667693536931,2773.756890190972
691,KBS_ChungJu.csv,91,7991.725150923296,2756.2004123263887
692,KBS_ChungJu.csv,92,7991.633513849431,2768.4220377604165
693,KBS_ChungJu.csv,93,7987.449662642045,2767.021782769097
694,KBS_ChungJu.csv,94,8006.0169921875,2765.4630533854165
695,KBS_ChungJu.csv,95,7991.568661221591,2770.8630099826387
696,KBS_ChungJu.csv,96,7989.751917613637,2774.075385199653
697,KBS_ChungJu.csv,97,7990.981906960227,2774.167724609375
698,KBS_ChungJu.csv,98,7989.402982954545,2772.7734103732637
699,KBS_ChungJu.csv,99,7978.012571022728,2770.047661675347
700,KBS_ChungJu.csv,100,7974.358389559659,2768.405327690972
701,KBS_main.csv,1,7372.269708806818,2083.8992513020835
702,KBS_main.csv,2,7337.584197443181,1927.4376085069443
703,KBS_main.csv,3,7329.967578125,2025.0986463758682
704,KBS_main.csv,4,7321.029509943181,1895.4448920355903
705,KBS_main.csv,5,7324.032981178977,2077.462253146701
706,KBS_main.csv,6,7315.285422585227,2084.3372395833335
707,KBS_main.csv,7,7292.824387428977,1828.8098687065972
708,KBS_main.csv,8,7284.127077414772,1829.7186279296875
709,KBS_main.csv,9,7284.901962002841,1829.5587158203125
710,KBS_main.csv,10,7287.08310546875,1913.7828233506943
711,KBS_main.csv,11,7272.773002485796,1898.3138292100693
712,KBS_main.csv,12,7292.988947088068,1836.5921630859375
713,KBS_main.csv,13,7264.945445667614,1992.0291883680557
714,KBS_main.csv,14,7276.453258167614,2034.0528021918403
715,KBS_main.csv,15,7254.970916193181,1864.0886773003472
716,KBS_main.csv,16,7274.517524857954,2002.0225965711807
717,KBS_main.csv,17,7247.019753196023,2007.4325764973958
718,KBS_main.csv,18,7255.652734375,1775.7198350694443
719,KBS_main.csv,19,7249.498224431818,1896.6407335069443
720,KBS_main.csv,20,7262.451455965909,1950.4840494791667
721,KBS_main.csv,21,7262.25869140625,1964.2216389973958
722,KBS_main.csv,22,7241.125062144886,1918.4384087456597
723,KBS_main.csv,23,7260.485324928977,1921.8931613498264
724,KBS_main.csv,24,7258.049396306818,1924.4989149305557
725,KBS_main.csv,25,7261.633638139205,1878.0442843967014
726,KBS_main.csv,26,7239.300026633523,1720.2208523220486
727,KBS_main.csv,27,7253.967729048295,1867.4671766493057
728,KBS_main.csv,28,7247.943767755682,1892.5145263671875
729,KBS_main.csv,29,7253.263227982955,1872.6187201605903
730,KBS_main.csv,30,7252.183256392045,1907.5097249348958
731,KBS_main.csv,31,7260.395729758523,1716.7390950520833
732,KBS_main.csv,32,7255.144016335227,1910.5341118706597
733,KBS_main.csv,33,7256.241512784091,1818.605929904514
734,KBS_main.csv,34,7249.967977627841,1875.2236328125
735,KBS_main.csv,35,7246.988831676136,1904.0217827690972
736,KBS_main.csv,36,7239.084952059659,1806.9471299913193
737,KBS_main.csv,37,7243.244815340909,1798.3719889322917
738,KBS_main.csv,38,7245.273845880682,1943.421115451389
739,KBS_main.csv,39,7262.793394886364,1857.832763671875
740,KBS_main.csv,40,7251.441974431818,1939.1708441840278
741,KBS_main.csv,41,7243.680282315341,1722.1173502604167
742,KBS_main.csv,42,7259.55615234375,1902.3442247178818
743,KBS_main.csv,43,7259.75224609375,1924.093234592014
744,KBS_main.csv,44,7252.371715198864,1910.4076063368057
745,KBS_main.csv,45,7257.878870738637,1907.538058810764
746,KBS_main.csv,46,7252.310040838068,1753.0182562934028
747,KBS_main.csv,47,7256.075301846591,1796.0363633897568
748,KBS_main.csv,48,7250.285502485795,1860.3707817925347
749,KBS_main.csv,49,7234.6013671875,1817.678439670139
750,KBS_main.csv,50,7252.151589133523,1666.2510986328125
751,KBS_main.csv,51,7260.215349786932,1829.6756320529514
752,KBS_main.csv,52,7249.380486505682,2015.346218532986
753,KBS_main.csv,53,7235.246759588068,1920.959988064236
754,KBS_main.csv,54,7250.880433238636,1937.3759223090278
755,KBS_main.csv,55,7255.9197265625,1740.2953016493057
756,KBS_main.csv,56,7248.743723366477,1770.7572564019097
757,KBS_main.csv,57,7247.750017755682,1809.5965983072917
758,KBS_main.csv,58,7243.523401988637,1791.9684516059028
759,KBS_main.csv,59,7250.343465909091,1769.5855034722222
760,KBS_main.csv,60,7255.310165127841,1920.41357421875
761,KBS_main.csv,61,7262.086558948864,1968.5928141276042
762,KBS_main.csv,62,7245.412420099432,1775.9466959635417
763,KBS_main.csv,63,7249.138849431818,1846.5939398871528
764,KBS_main.csv,64,7241.679669744318,1843.1736382378472
765,KBS_main.csv,65,7245.828586647727,1762.9686821831597
766,KBS_main.csv,66,7241.434375,1828.1137152777778
767,KBS_main.csv,67,7248.618030894886,1933.8047010633682
768,KBS_main.csv,68,7241.646200284091,1893.049343532986
769,KBS_main.csv,69,7241.373854758523,1815.806884765625
770,KBS_main.csv,70,7246.595134943182,1859.3466796875
771,KBS_main.csv,71,7251.587029474432,1863.2169189453125
772,KBS_main.csv,72,7256.147478693182,1845.2587890625
773,KBS_main.csv,73,7233.614533025569,1815.6423882378472
774,KBS_main.csv,74,7238.168386008523,1827.97900390625
775,KBS_main.csv,75,7247.049831321023,1805.4029134114583
776,KBS_main.csv,76,7247.069202769886,1832.7300618489583
777,KBS_main.csv,77,7257.739284446023,1791.9784342447917
778,KBS_main.csv,78,7239.615509588069,1889.6964789496528
779,KBS_main.csv,79,7249.09443359375,1835.3463134765625
780,KBS_main.csv,80,7244.112002840909,1829.2714165581597
781,KBS_main.csv,81,7254.703506747159,1791.8189019097222
782,KBS_main.csv,82,7232.895614346591,1835.9680582682292
783,KBS_main.csv,83,7249.356640625,1861.4527452256943
784,KBS_main.csv,84,7252.497807173296,1843.3671739366318
785,KBS_main.csv,85,7243.809295099431,1849.619167751736
786,KBS_main.csv,86,7253.506365411932,1832.2260335286458
787,KBS_main.csv,87,7248.625807883523,1802.8504231770833
788,KBS_main.csv,88,7250.300621448863,1841.5751003689236
789,KBS_main.csv,89,7256.603453480114,1839.4983723958333
790,KBS_main.csv,90,7233.911088423295,1833.9318983289932
791,KBS_main.csv,91,7223.724609375,1837.0191379123264
792,KBS_main.csv,92,7238.469779829546,1841.7404378255208
793,KBS_main.csv,93,7245.109525923295,1831.1582166883682
794,KBS_main.csv,94,7240.950461647727,1834.7999945746528
795,KBS_main.csv,95,7252.564275568182,1834.9708658854167
796,KBS_main.csv,96,7243.999928977273,1834.0377875434028
797,KBS_main.csv,97,7246.1697265625,1833.23486328125
798,KBS_main.csv,98,7254.281516335227,1835.3839925130208
799,KBS_main.csv,99,7260.009614701705,1835.9034695095486
800,KBS_main.csv,100,7240.129696377841,1836.0948079427083
801,SBS.csv,1,7101.299751420454,1805.762424045139
802,SBS.csv,2,7107.468856534091,1797.204562717014
803,SBS.csv,3,7102.855229048296,1770.7113444010417
804,SBS.csv,4,7100.600612571023,1915.3048909505208
805,SBS.csv,5,7104.634339488636,1918.1728922526042
806,SBS.csv,6,7102.921857244318,1922.1142035590278
807,SBS.csv,7,7083.692462713068,1925.363009982639
808,SBS.csv,8,7108.300372869318,1588.8340250651042
809,SBS.csv,9,7112.811123934659,1791.2312689887153
810,SBS.csv,10,7090.814968039773,1766.1970621744792
811,SBS.csv,11,7108.034303977272,1833.8546685112847
812,SBS.csv,12,7099.085049715909,1911.87109375
813,SBS.csv,13,7097.114195667614,1849.4730767144097
814,SBS.csv,14,7113.545081676137,1903.8308783637153
815,SBS.csv,15,7108.578631036932,1763.641872829861
816,SBS.csv,16,7108.059898792613,1847.3649359809028
817,SBS.csv,17,7093.877175071023,1893.8456488715278
818,SBS.csv,18,7118.772159090909,1855.367404513889
819,SBS.csv,19,7096.940589488637,1746.4890001085068
820,SBS.csv,20,7095.889284446022,1731.565212673611
821,SBS.csv,21,7099.349476207386,1780.9759114583333
822,SBS.csv,22,7092.730912642045,1874.2527804904514
823,SBS.csv,23,7101.515607244318,1928.6309136284722
824,SBS.csv,24,7086.164595170455,1708.9585639105903
825,SBS.csv,25,7089.437038352273,1779.5027533637153
826,SBS.csv,26,7100.089675071023,1867.912380642361
827,SBS.csv,27,7105.128435724432,1964.230984157986
828,SBS.csv,28,7091.835227272727,1935.0275336371528
829,SBS.csv,29,7092.780406605114,1880.0024820963542
830,SBS.csv,30,7117.841841264205,1695.4398871527778
831,SBS.csv,31,7092.951819957387,1823.1709933810764
832,SBS.csv,32,7094.848623934659,1791.3461507161458
833,SBS.csv,33,7087.563254616477,1768.1566975911458
834,SBS.csv,34,7104.401171875,1887.9126925998264
835,SBS.csv,35,7099.826145241477,1773.7582872178818
836,SBS.csv,36,7103.703968394886,1857.0016682942708
837,SBS.csv,37,7099.130610795454,1872.9695366753472
838,SBS.csv,38,7096.641530539773,1749.646267361111
839,SBS.csv,39,7087.292879971591,1751.324001736111
840,SBS.csv,40,7085.290420809659,1895.7445068359375
841,SBS.csv,41,7116.439204545454,1895.0811360677083
842,SBS.csv,42,7100.487162642045,1891.1122911241318
843,SBS.csv,43,7078.231392045454,1901.2002631293403
844,SBS.csv,44,7109.606187855114,1927.0282253689236
845,SBS.csv,45,7104.076677911932,1849.3684760199653
846,SBS.csv,46,7101.999005681818,1889.2272542317708
847,SBS.csv,47,7098.33359375,1856.2099066840278
848,SBS.csv,48,7106.885759943182,1846.5909423828125
849,SBS.csv,49,7073.885120738636,1917.2406277126736
850,SBS.csv,50,7098.002388139204,1941.1068929036458
851,SBS.csv,51,7112.680806107955,1873.3007269965278
852,SBS.csv,52,7097.900710227273,1828.8173692491318
853,SBS.csv,53,7100.901083096591,1859.0925699869792
854,SBS.csv,54,7101.826811079545,1873.3710801866318
855,SBS.csv,55,7091.678373579545,1822.8340793185764
856,SBS.csv,56,7093.009446022727,1750.8424479166667
857,SBS.csv,57,7096.455379971591,1789.4629448784722
858,SBS.csv,58,7095.769353693182,1816.816677517361
859,SBS.csv,59,7093.307936789773,1812.911865234375
860,SBS.csv,60,7088.351331676136,1928.5601535373264
861,SBS.csv,61,7103.815740411932,1812.1904161241318
862,SBS.csv,62,7091.416823508523,1793.2215576171875
863,SBS.csv,63,7089.130442116477,1772.5678846571182
864,SBS.csv,64,7090.168900923295,1841.4842664930557
865,SBS.csv,65,7081.091867897727,1894.9540337456597
866,SBS.csv,66,7086.792764559659,1763.8761528862847
867,SBS.csv,67,7088.509428267045,1844.449245876736
868,SBS.csv,68,7092.496377840909,1853.3671196831597
869,SBS.csv,69,7100.229802911932,1789.8051215277778
870,SBS.csv,70,7101.976038707387,1873.4415011935764
871,SBS.csv,71,7105.550816761363,1791.3563910590278
872,SBS.csv,72,7096.013991477273,1821.5178900824653
873,SBS.csv,73,7100.692409446023,1855.021701388889
874,SBS.csv,74,7100.138840553977,1824.2181260850693
875,SBS.csv,75,7102.363414417614,1824.891818576389
876,SBS.csv,76,7085.050044389204,1862.6277398003472
877,SBS.csv,77,7080.028258167614,1874.1382378472222
878,SBS.csv,78,7101.291299715909,1824.5993787977432
879,SBS.csv,79,7100.8064453125,1852.5535481770833
880,SBS.csv,80,7097.294841974432,1812.0391845703125
881,SBS.csv,81,7088.449431818181,1822.4188910590278
882,SBS.csv,82,7091.93583984375,1835.255859375
883,SBS.csv,83,7092.781471946023,1836.8676215277778
884,SBS.csv,84,7089.289231178977,1810.6903347439236
885,SBS.csv,85,7088.908984375,1810.286105685764
886,SBS.csv,86,7096.266779119318,1834.2794867621528
887,SBS.csv,87,7091.421102627841,1840.4376898871528
888,SBS.csv,88,7082.262127130682,1833.3230523003472
889,SBS.csv,89,7083.860866477273,1822.4793836805557
890,SBS.csv,90,7095.080983664773,1826.772189670139
891,SBS.csv,91,7083.116246448863,1829.6495496961807
892,SBS.csv,92,7102.808584872159,1831.1419270833333
893,SBS.csv,93,7088.534188565341,1831.7033284505208
894,SBS.csv,94,7071.583114346591,1828.2666151258682
895,SBS.csv,95,7096.769859730113,1833.7635091145833
896,SBS.csv,96,7093.700408380681,1837.6190999348958
897,SBS.csv,97,7082.143998579545,1840.172390407986
898,SBS.csv,98,7103.374671519887,1839.6305474175347
899,SBS.csv,99,7100.295862926137,1840.8612196180557
900,SBS.csv,100,7089.239763849432,1840.1083848741318
901,MBC_sa.csv,1,7191.692542613637,1995.2893744574653
902,MBC_sa.csv,2,7187.704305752841,2020.5178358289932
903,MBC_sa.csv,3,7175.747043678977,2068.152113172743
904,MBC_sa.csv,4,7161.788387784091,2075.4188639322915
905,MBC_sa.csv,5,7162.601846590909,1943.2146402994792
906,MBC_sa.csv,6,7182.856267755682,1974.8787434895833
907,MBC_sa.csv,7,7168.577672230113,2070.417914496528
908,MBC_sa.csv,8,7181.117613636364,2065.0975748697915
909,MBC_sa.csv,9,7185.325177556818,2030.570339626736
910,MBC_sa.csv,10,7179.386665482954,2148.995903862847
911,MBC_sa.csv,11,7183.962650923296,2181.8575303819443
912,MBC_sa.csv,12,7173.361843039773,1955.9679361979167
913,MBC_sa.csv,13,7180.234126420454,2075.8348795572915
914,MBC_sa.csv,14,7169.109889914773,2010.816433376736
915,MBC_sa.csv,15,7193.334028764205,2147.0857747395835
916,MBC_sa.csv,16,7181.93544921875,2135.559529622396
917,MBC_sa.csv,17,7187.083797940341,1911.0463460286458
918,MBC_sa.csv,18,7172.793678977273,2059.627387152778
919,MBC_sa.csv,19,7171.435795454546,1998.8622097439236
920,MBC_sa.csv,20,7173.241645951704,2042.2093505859375
921,MBC_sa.csv,21,7192.141397372159,1921.6597764756943
922,MBC_sa.csv,22,7169.238876065341,1882.4551459418403
923,MBC_sa.csv,23,7188.801669034091,1992.3676893446182
924,MBC_sa.csv,24,7182.03671875,2114.7621256510415
925,MBC_sa.csv,25,7190.555424360796,2072.792439778646
926,MBC_sa.csv,26,7193.42529296875,1985.1954210069443
927,MBC_sa.csv,27,7177.008265269887,2082.529337565104
928,MBC_sa.csv,28,7197.730522017046,1853.479465060764
929,MBC_sa.csv,29,7162.115988991477,1971.6404758029514
930,MBC_sa.csv,30,7176.485795454545,1816.6541069878472
931,MBC_sa.csv,31,7170.544735440341,2005.5990261501736
932,MBC_sa.csv,32,7193.597531960228,2107.373331705729
933,MBC_sa.csv,33,7184.071857244318,1981.694607204861
934,MBC_sa.csv,34,7181.198064630682,2095.7032063802085
935,MBC_sa.csv,35,7169.211558948864,2058.931830512153
936,MBC_sa.csv,36,7169.288973721591,1836.2776828342014
937,MBC_sa.csv,37,7168.622043678977,2111.700887044271
938,MBC_sa.csv,38,7175.904829545455,1869.502685546875
939,MBC_sa.csv,39,7173.128693181819,2100.359130859375
940,MBC_sa.csv,40,7188.41064453125,2172.7157931857637
941,MBC_sa.csv,41,7186.433123224432,2011.0667046440972
942,MBC_sa.csv,42,7167.091361860796,2075.141560872396
943,MBC_sa.csv,43,7166.248153409091,2004.4238688151042
944,MBC_sa.csv,44,7185.115012428977,2023.540771484375
945,MBC_sa.csv,45,7181.606170099431,2016.2863091362847
946,MBC_sa.csv,46,7175.604856178978,2179.3800998263887
947,MBC_sa.csv,47,7173.817107599431,1979.3679741753472
948,MBC_sa.csv,48,7177.663219105114,1979.1503228081597
949,MBC_sa.csv,49,7162.860458096591,2057.1384548611113
950,MBC_sa.csv,50,7173.676890980114,1868.2436659071182
951,MBC_sa.csv,51,7178.190864701704,1940.3106282552083
952,MBC_sa.csv,52,7167.215651633523,2025.0819363064236
953,MBC_sa.csv,53,7168.787704190341,1974.4180636935764
954,MBC_sa.csv,54,7159.093581321023,1950.9460313585068
955,MBC_sa.csv,55,7168.156312144886,1979.348117404514
956,MBC_sa.csv,56,7181.877627840909,2078.857082790799
957,MBC_sa.csv,57,7178.934623579546,2057.915323893229
958,MBC_sa.csv,58,7169.020543323863,2019.8492974175347
959,MBC_sa.csv,59,7182.47197265625,1959.5467393663193
960,MBC_sa.csv,60,7164.371049360795,1990.106960720486
961,MBC_sa.csv,61,7171.817453835227,2017.0289577907986
962,MBC_sa.csv,62,7155.103728693181,2012.2469753689236
963,MBC_sa.csv,63,7176.215047940341,2021.8963487413193
964,MBC_sa.csv,64,7171.216415127841,2006.1568332248264
965,MBC_sa.csv,65,7170.13505859375,1914.2830268012153
966,MBC_sa.csv,66,7185.015482954545,2024.33447265625
967,MBC_sa.csv,67,7175.492897727273,2035.1933458116318
968,MBC_sa.csv,68,7158.9029296875,1996.1129421657986
969,MBC_sa.csv,69,7161.248401988636,2057.2964680989585
970,MBC_sa.csv,70,7163.993528053978,2005.5747748480903
971,MBC_sa.csv,71,7176.926198508523,1995.4961751302083
972,MBC_sa.csv,72,7180.075355113637,1974.9735921223958
973,MBC_sa.csv,73,7181.313840553978,1990.6138509114583
974,MBC_sa.csv,74,7170.801962002841,2017.7196044921875
975,MBC_sa.csv,75,7172.214080255681,2047.1985541449653
976,MBC_sa.csv,76,7178.989240056818,1981.103732638889
977,MBC_sa.csv,77,7181.717737926137,2024.7640380859375
978,MBC_sa.csv,78,7163.909330610795,2019.6139458550347
979,MBC_sa.csv,79,7158.431392045454,1955.1962890625
980,MBC_sa.csv,80,7181.338796164773,1951.2205946180557
981,MBC_sa.csv,81,7175.468403764205,1985.3089057074653
982,MBC_sa.csv,82,7175.770640980114,1994.2995062934028
983,MBC_sa.csv,83,7171.387056107955,2006.8705512152778
984,MBC_sa.csv,84,7190.960369318182,2026.3784857855903
985,MBC_sa.csv,85,7168.402370383523,1990.767333984375
986,MBC_sa.csv,86,7176.274636008523,2007.8892415364583
987,MBC_sa.csv,87,7168.963609730114,2007.4844292534722
988,MBC_sa.csv,88,7181.063148082387,2003.1611463758682
989,MBC_sa.csv,89,7177.993670099432,2013.0060221354167
990,MBC_sa.csv,90,7167.659090909091,2000.9736328125
991,MBC_sa.csv,91,7174.632430752841,1990.2984890407986
992,MBC_sa.csv,92,7167.176056463069,1993.7918836805557
993,MBC_sa.csv,93,7160.375266335227,1998.2716064453125
994,MBC_sa.csv,94,7169.383389559659,2004.734592013889
995,MBC_sa.csv,95,7171.807182173296,2006.2238633897568
996,MBC_sa.csv,96,7179.208185369318,2003.1797417534722
997,MBC_sa.csv,97,7177.236931818182,2004.4461127387153
998,MBC_sa.csv,98,7156.361922940341,2003.9215359157986
999,MBC_sa.csv,99,7169.051873224432,2002.8373480902778
1000,MBC_sa.csv,100,7175.510733309659,2003.3922932942708
1001,KBS_KangNeung.csv,1,7057.508895596591,2112.640123155382
1002,KBS_KangNeung.csv,2,7032.3404296875,2227.7909342447915
1003,KBS_KangNeung.csv,3,7035.936008522727,2226.7939181857637
1004,KBS_KangNeung.csv,4,7018.408913352273,2111.748494466146
1005,KBS_KangNeung.csv,5,7016.950284090909,1997.1664225260417
1006,KBS_KangNeung.csv,6,7021.955202414772,2119.9437391493057
1007,KBS_KangNeung.csv,7,6995.440474076705,2225.9312337239585
1008,KBS_KangNeung.csv,8,7014.430015980113,2203.4615614149307
1009,KBS_KangNeung.csv,9,6996.626962002841,2008.8410237630208
1010,KBS_KangNeung.csv,10,6992.518101917613,1993.2100558810764
1011,KBS_KangNeung.csv,11,6998.020889559659,2085.757771809896
1012,KBS_KangNeung.csv,12,6987.337331321023,2077.835706922743
1013,KBS_KangNeung.csv,13,6996.021795099432,2051.6896294487847
1014,KBS_KangNeung.csv,14,6987.851411576705,2134.952541775174
1015,KBS_KangNeung.csv,15,6984.524431818182,2044.6603325737847
1016,KBS_KangNeung.csv,16,6993.290269886364,1957.0652398003472
1017,KBS_KangNeung.csv,17,6974.392844460227,2085.226806640625
1018,KBS_KangNeung.csv,18,6978.726029829545,1996.3100043402778
1019,KBS_KangNeung.csv,19,6973.635209517045,2051.971381293403
1020,KBS_KangNeung.csv,20,6967.510830965909,2118.783976236979
1021,KBS_KangNeung.csv,21,6963.017959872159,2178.1862521701387
1022,KBS_KangNeung.csv,22,6976.200799005682,2034.6356065538193
1023,KBS_KangNeung.csv,23,6965.983318536932,2076.224663628472
1024,KBS_KangNeung.csv,24,6968.717205255682,1950.5970594618057
1025,KBS_KangNeung.csv,25,6966.618439275569,2134.521280924479
1026,KBS_KangNeung.csv,26,6959.312064985796,2178.8702256944443
1027,KBS_KangNeung.csv,27,6942.656294389205,2016.8071695963542
1028,KBS_KangNeung.csv,28,6961.909925426136,2080.729044596354
1029,KBS_KangNeung.csv,29,6950.535484730113,2228.8775499131943
1030,KBS_KangNeung.csv,30,6964.068110795454,2036.1660970052083
1031,KBS_KangNeung.csv,31,6958.595339133522,2054.814439561632
1032,KBS_KangNeung.csv,32,6958.999937855114,2138.210015190972
1033,KBS_KangNeung.csv,33,6962.608984375,2080.440483940972
1034,KBS_KangNeung.csv,34,6959.997141335227,2037.9041612413193
1035,KBS_KangNeung.csv,35,6937.883087713069,2042.9969482421875
1036,KBS_KangNeung.csv,36,6942.938849431818,2113.770114474826
1037,KBS_KangNeung.csv,37,6949.001828835228,1979.920654296875
1038,KBS_KangNeung.csv,38,6941.311212713068,2041.8778347439236
1039,KBS_KangNeung.csv,39,6938.503160511364,1900.5392523871528
1040,KBS_KangNeung.csv,40,6935.491193181818,2003.808376736111
1041,KBS_KangNeung.csv,41,6942.362313565341,2073.1233588324653
1042,KBS_KangNeung.csv,42,6916.065909090909,2043.8420545789932
1043,KBS_KangNeung.csv,43,6919.815642755681,2032.3672281901042
1044,KBS_KangNeung.csv,44,6921.614293323863,2060.3269856770835
1045,KBS_KangNeung.csv,45,6926.642498224432,2053.457221137153
1046,KBS_KangNeung.csv,46,6932.299014559659,2162.456353081597
1047,KBS_KangNeung.csv,47,6934.511905184659,2036.6805013020833
1048,KBS_KangNeung.csv,48,6930.590846946023,1992.2734781901042
1049,KBS_KangNeung.csv,49,6918.121848366477,2062.123345269097
1050,KBS_KangNeung.csv,50,6935.95791015625,2031.3547905815972
1051,KBS_KangNeung.csv,51,6913.99091796875,2023.259494357639
1052,KBS_KangNeung.csv,52,6925.133842329546,2071.0157877604165
1053,KBS_KangNeung.csv,53,6922.768705610795,2086.0899522569443
1054,KBS_KangNeung.csv,54,6915.404225852273,1972.0513373480903
1055,KBS_KangNeung.csv,55,6917.203187144886,1929.3370496961807
1056,KBS_KangNeung.csv,56,6918.409099786932,1954.9034559461807
1057,KBS_KangNeung.csv,57,6917.162411221591,1995.8944091796875
1058,KBS_KangNeung.csv,58,6921.854074928977,2022.767849392361
1059,KBS_KangNeung.csv,59,6935.676376065341,2069.174167209201
1060,KBS_KangNeung.csv,60,6918.666468394887,1980.3333875868057
1061,KBS_KangNeung.csv,61,6907.699050071023,2052.9246826171875
1062,KBS_KangNeung.csv,62,6915.808993252841,2025.4120279947917
1063,KBS_KangNeung.csv,63,6919.491468394886,2109.4816216362847
1064,KBS_KangNeung.csv,64,6911.249094460227,1991.6337212456597
1065,KBS_KangNeung.csv,65,6915.293599076705,2128.7655978732637
1066,KBS_KangNeung.csv,66,6918.376722301136,1977.964084201389
1067,KBS_KangNeung.csv,67,6910.069193892045,2109.181844075521
1068,KBS_KangNeung.csv,68,6891.561106178977,2011.3747694227432
1069,KBS_KangNeung.csv,69,6914.550630326705,2019.5616590711807
1070,KBS_KangNeung.csv,70,6902.303204900568,2039.5455186631943
1071,KBS_KangNeung.csv,71,6915.524529474432,2073.8643391927085
1072,KBS_KangNeung.csv,72,6917.523597301137,2020.8731282552083
1073,KBS_KangNeung.csv,73,6908.127361505682,1994.2181396484375
1074,KBS_KangNeung.csv,74,6900.483948863636,2058.647311740451
1075,KBS_KangNeung.csv,75,6915.775071022727,2050.441012912326
1076,KBS_KangNeung.csv,76,6912.887704190341,2046.666015625
1077,KBS_KangNeung.csv,77,6889.688849431818,2037.7552761501736
1078,KBS_KangNeung.csv,78,6905.275692471591,2038.8564317491318
1079,KBS_KangNeung.csv,79,6893.75703125,2006.7138129340278
1080,KBS_KangNeung.csv,80,6909.002317116478,2018.0736762152778
1081,KBS_KangNeung.csv,81,6901.122088068182,2029.9282904730903
1082,KBS_KangNeung.csv,82,6902.848508522728,2025.7993028428818
1083,KBS_KangNeung.csv,83,6896.322469815341,2034.104736328125
1084,KBS_KangNeung.csv,84,6900.807555042614,2031.8534206814236
1085,KBS_KangNeung.csv,85,6895.766415127841,2022.9491644965278
1086,KBS_KangNeung.csv,86,6910.082865767045,2039.5377739800347
1087,KBS_KangNeung.csv,87,6905.033283025568,2042.9930555555557
1088,KBS_KangNeung.csv,88,6908.063325639205,2044.4715440538193
1089,KBS_KangNeung.csv,89,6918.4212890625,2036.2846272786458
1090,KBS_KangNeung.csv,90,6898.046262428978,2031.613308376736
1091,KBS_KangNeung.csv,91,6901.727672230114,2025.840793185764
1092,KBS_KangNeung.csv,92,6901.343341619318,2028.0206705729167
1093,KBS_KangNeung.csv,93,6909.118039772728,2035.4406331380208
1094,KBS_KangNeung.csv,94,6915.798792613637,2032.4564344618057
1095,KBS_KangNeung.csv,95,6912.791690340909,2030.6095648871528
1096,KBS_KangNeung.csv,96,6904.342027698864,2031.23876953125
1097,KBS_KangNeung.csv,97,6904.957395241478,2028.5051676432292
1098,KBS_KangNeung.csv,98,6902.015500710228,2029.1597764756943
1099,KBS_KangNeung.csv,99,6897.291743607954,2029.8242865668403
1100,KBS_KangNeung.csv,100,6894.621875,2028.6181776258682
1101,MBC_KangNeung.csv,1,6748.833451704545,1639.6150987413193
1102,MBC_KangNeung.csv,2,6741.174209872159,1704.7717420789932
1103,MBC_KangNeung.csv,3,6754.753169389204,1623.895480685764
1104,MBC_KangNeung.csv,4,6743.038982599432,1653.371826171875
1105,MBC_KangNeung.csv,5,6730.993803267045,1549.40771484375
1106,MBC_KangNeung.csv,6,6734.895285866477,1603.7225477430557
1107,MBC_KangNeung.csv,7,6730.639763849432,1749.8779161241318
1108,MBC_KangNeung.csv,8,6733.476615767046,1740.781982421875
1109,MBC_KangNeung.csv,9,6739.389169034091,1797.7730984157986
1110,MBC_KangNeung.csv,10,6731.602920809659,1604.3352864583333
1111,MBC_KangNeung.csv,11,6736.061789772727,1688.6600613064236
1112,MBC_KangNeung.csv,12,6726.444841974432,1914.981472439236
1113,MBC_KangNeung.csv,13,6747.232395241477,1581.2266031901042
1114,MBC_KangNeung.csv,14,6718.809099786932,1650.4635145399307
1115,MBC_KangNeung.csv,15,6729.297487571022,1669.0541042751736
1116,MBC_KangNeung.csv,16,6713.167897727273,1723.9624159071182
1117,MBC_KangNeung.csv,17,6721.912908380682,1735.021701388889
1118,MBC_KangNeung.csv,18,6706.372816051136,1734.6001654730903
1119,MBC_KangNeung.csv,19,6711.135191761364,1742.0692409939236
1120,MBC_KangNeung.csv,20,6714.988254616477,1648.47216796875
1121,MBC_KangNeung.csv,21,6709.859437144886,1581.4248860677083
1122,MBC_KangNeung.csv,22,6702.130166903409,1731.8370496961807
1123,MBC_KangNeung.csv,23,6705.27158203125,1793.1685248480903
1124,MBC_KangNeung.csv,24,6724.139470880682,1693.1883273654514
1125,MBC_KangNeung.csv,25,6707.74384765625,1641.4014350043403
1126,MBC_KangNeung.csv,26,6702.620445667613,1724.9166531032986
1127,MBC_KangNeung.csv,27,6716.787588778409,1731.6605767144097
1128,MBC_KangNeung.csv,28,6715.937571022727,1671.0435519748264
1129,MBC_KangNeung.csv,29,6707.352130681818,1577.5398084852432
1130,MBC_KangNeung.csv,30,6714.9484375,1833.2164849175347
1131,MBC_KangNeung.csv,31,6700.357439630682,1718.0144856770833
1132,MBC_KangNeung.csv,32,6707.066716974432,1731.5743679470486
1133,MBC_KangNeung.csv,33,6694.828675426136,1784.4287516276042
1134,MBC_KangNeung.csv,34,6711.413449928978,1625.808810763889
1135,MBC_KangNeung.csv,35,6695.39990234375,1729.5870768229167
1136,MBC_KangNeung.csv,36,6704.632874644886,1670.679226345486
1137,MBC_KangNeung.csv,37,6691.958797940341,1618.2966444227432
1138,MBC_KangNeung.csv,38,6712.175230823864,1648.2102593315972
1139,MBC_KangNeung.csv,39,6695.223171164773,1705.7759331597222
1140,MBC_KangNeung.csv,40,6693.553071732955,1760.1226806640625
1141,MBC_KangNeung.csv,41,6709.906720525568,1698.9092203776042
1142,MBC_KangNeung.csv,42,6703.844877485795,1688.0558132595486
1143,MBC_KangNeung.csv,43,6691.492471590909,1746.6563313802083
1144,MBC_KangNeung.csv,44,6706.802024147727,1704.1421983506943
1145,MBC_KangNeung.csv,45,6712.154296875,1720.4247911241318
1146,MBC_KangNeung.csv,46,6693.003293678978,1660.4621175130208
1147,MBC_KangNeung.csv,47,6715.760759943182,1573.6659342447917
1148,MBC_KangNeung.csv,48,6708.900035511364,1642.020046657986
1149,MBC_KangNeung.csv,49,6705.633513849431,1674.5586886935764
1150,MBC_KangNeung.csv,50,6689.1341796875,1763.293918185764
1151,MBC_KangNeung.csv,51,6697.471271306818,1639.75244140625
1152,MBC_KangNeung.csv,52,6701.900941051136,1609.3438313802083
1153,MBC_KangNeung.csv,53,6689.143386008523,1586.406222873264
1154,MBC_KangNeung.csv,54,6702.456747159091,1666.8145480685764
1155,MBC_KangNeung.csv,55,6707.639932528409,1808.3044026692708
1156,MBC_KangNeung.csv,56,6686.71650390625,1671.8465169270833
1157,MBC_KangNeung.csv,57,6682.166352982955,1723.3898790147568
1158,MBC_KangNeung.csv,58,6687.665607244318,1749.692626953125
1159,MBC_KangNeung.csv,59,6687.121147017046,1774.3993462456597
1160,MBC_KangNeung.csv,60,6710.388955965909,1693.7046576605903
1161,MBC_KangNeung.csv,61,6701.631409801136,1668.4258355034722
1162,MBC_KangNeung.csv,62,6682.461496803977,1670.2926703559028
1163,MBC_KangNeung.csv,63,6690.774618252841,1676.9815402560764
1164,MBC_KangNeung.csv,64,6676.082448508523,1699.4918212890625
1165,MBC_KangNeung.csv,65,6678.893057528409,1786.8792995876736
1166,MBC_KangNeung.csv,66,6692.915980113637,1589.5179985894097
1167,MBC_KangNeung.csv,67,6698.132856889205,1672.945068359375
1168,MBC_KangNeung.csv,68,6684.174360795455,1678.2792019314236
1169,MBC_KangNeung.csv,69,6701.038068181818,1703.0613471137153
1170,MBC_KangNeung.csv,70,6693.7796875,1691.9862738715278
1171,MBC_KangNeung.csv,71,6675.509596946023,1619.764431423611
1172,MBC_KangNeung.csv,72,6697.608895596591,1665.2907850477432
1173,MBC_KangNeung.csv,73,6686.797487571022,1663.925537109375
1174,MBC_KangNeung.csv,74,6685.786168323863,1672.7402208116318
1175,MBC_KangNeung.csv,75,6684.200062144886,1675.9492594401042
1176,MBC_KangNeung.csv,76,6679.681551846591,1668.419216579861
1177,MBC_KangNeung.csv,77,6683.507697088068,1687.911105685764
1178,MBC_KangNeung.csv,78,6691.028116122159,1682.0845404730903
1179,MBC_KangNeung.csv,79,6688.353240411931,1660.2410210503472
1180,MBC_KangNeung.csv,80,6688.835804332386,1663.946560329861
1181,MBC_KangNeung.csv,81,6679.391770241477,1696.8405219184028
1182,MBC_KangNeung.csv,82,6697.6935546875,1674.7933756510417
1183,MBC_KangNeung.csv,83,6680.167595880682,1650.876708984375
1184,MBC_KangNeung.csv,84,6690.793386008523,1651.611843532986
1185,MBC_KangNeung.csv,85,6685.528062855114,1672.8068033854167
1186,MBC_KangNeung.csv,86,6693.458735795454,1667.617160373264
1187,MBC_KangNeung.csv,87,6667.94443359375,1674.3341606987847
1188,MBC_KangNeung.csv,88,6686.314852627841,1677.506564670139
1189,MBC_KangNeung.csv,89,6688.247434303978,1677.3820665147568
1190,MBC_KangNeung.csv,90,6687.650381747159,1689.5977105034722
1191,MBC_KangNeung.csv,91,6687.196866122159,1683.0203586154514
1192,MBC_KangNeung.csv,92,6690.026260653409,1675.1373426649307
1193,MBC_KangNeung.csv,93,6686.516477272728,1666.3614366319443
1194,MBC_KangNeung.csv,94,6696.108433948863,1674.9095052083333
1195,MBC_KangNeung.csv,95,6678.2830078125,1673.220703125
1196,MBC_KangNeung.csv,96,6684.005530894887,1671.765625
1197,MBC_KangNeung.csv,97,6695.460777698863,1673.7682562934028
1198,MBC_KangNeung.csv,98,6687.922993607955,1674.0460611979167
1199,MBC_KangNeung.csv,99,6698.64423828125,1673.820773654514
1200,MBC_KangNeung.csv,100,6681.760404829545,1673.351535373264
1201,TBN_DaeGu.csv,1,7260.810830965909,2332.1646321614585
1202,TBN_DaeGu.csv,2,7247.038370028409,2130.8666720920137
1203,TBN_DaeGu.csv,3,7251.791770241477,2163.426513671875
1204,TBN_DaeGu.csv,4,7225.642684659091,2034.8789876302083
1205,TBN_DaeGu.csv,5,7244.158212002841,2144.0670572916665
1206,TBN_DaeGu.csv,6,7232.972869318181,2346.0206705729165
1207,TBN_DaeGu.csv,7,7228.591530539773,2113.1191677517363
1208,TBN_DaeGu.csv,8,7233.653959517045,2262.5324435763887
1209,TBN_DaeGu.csv,9,7230.97919921875,1921.641574435764
1210,TBN_DaeGu.csv,10,7228.363920454545,2279.474066840278
1211,TBN_DaeGu.csv,11,7215.787100497159,2134.8197428385415
1212,TBN_DaeGu.csv,12,7216.515909090909,2069.4370930989585
1213,TBN_DaeGu.csv,13,7210.492888849431,2092.0015733506943
1214,TBN_DaeGu.csv,14,7218.828932883523,2205.411078559028
1215,TBN_DaeGu.csv,15,7193.6654296875,1986.4789360894097
1216,TBN_DaeGu.csv,16,7219.371901633523,2124.450480143229
1217,TBN_DaeGu.csv,17,7195.776118607954,2061.9238009982637
1218,TBN_DaeGu.csv,18,7227.337056107955,2117.4096408420137
1219,TBN_DaeGu.csv,19,7227.964985795455,2056.708536783854
1220,TBN_DaeGu.csv,20,7196.81181640625,1884.8639322916667
1221,TBN_DaeGu.csv,21,7208.827521306818,2313.73291015625
1222,TBN_DaeGu.csv,22,7220.0568359375,2090.7158203125
1223,TBN_DaeGu.csv,23,7205.465012428977,2505.0948350694443
1224,TBN_DaeGu.csv,24,7189.830646306818,2212.2490234375
1225,TBN_DaeGu.csv,25,7193.176020951704,2169.9317762586807
1226,TBN_DaeGu.csv,26,7201.19990234375,1954.6632893880208
1227,TBN_DaeGu.csv,27,7199.165846946023,2010.071750217014
1228,TBN_DaeGu.csv,28,7195.354048295455,2090.8394911024307
1229,TBN_DaeGu.csv,29,7192.974236505682,2092.980482313368
1230,TBN_DaeGu.csv,30,7208.3509765625,2256.915825737847
1231,TBN_DaeGu.csv,31,7190.977024147727,2014.9460042317708
1232,TBN_DaeGu.csv,32,7184.759810014205,1989.1172688802083
1233,TBN_DaeGu.csv,33,7203.7599609375,2173.0482042100693
1234,TBN_DaeGu.csv,34,7182.199600497159,2193.2215169270835
1235,TBN_DaeGu.csv,35,7189.389115767045,1985.0435112847222
1236,TBN_DaeGu.csv,36,7188.950372869318,2034.560031467014
1237,TBN_DaeGu.csv,37,7209.330992542614,2045.4067925347222
1238,TBN_DaeGu.csv,38,7195.701500355113,2001.4115532769097
1239,TBN_DaeGu.csv,39,7198.603675426137,2015.8887668185764
1240,TBN_DaeGu.csv,40,7182.227761008523,1995.2134195963542
1241,TBN_DaeGu.csv,41,7187.873455255682,1937.564181857639
1242,TBN_DaeGu.csv,42,7169.597807173295,2002.3044840494792
1243,TBN_DaeGu.csv,43,7188.753986150568,2091.249254014757
1244,TBN_DaeGu.csv,44,7178.880779474432,2167.7889811197915
1245,TBN_DaeGu.csv,45,7174.427947443181,2331.9979654947915
1246,TBN_DaeGu.csv,46,7178.187295809659,2035.7793511284722
1247,TBN_DaeGu.csv,47,7189.653826349432,2173.0849609375
1248,TBN_DaeGu.csv,48,7183.033380681818,1996.2496473524307
1249,TBN_DaeGu.csv,49,7174.2609375,1899.3081461588542
1250,TBN_DaeGu.csv,50,7186.42119140625,1875.4762776692708
1251,TBN_DaeGu.csv,51,7182.372372159091,1955.4877115885417
1252,TBN_DaeGu.csv,52,7163.605317826705,1968.0362006293403
1253,TBN_DaeGu.csv,53,7190.492409446023,2227.7726236979165
1254,TBN_DaeGu.csv,54,7172.626340553978,2046.4384629991318
1255,TBN_DaeGu.csv,55,7185.469202769887,2081.128173828125
1256,TBN_DaeGu.csv,56,7193.713254616478,2060.092298719618
1257,TBN_DaeGu.csv,57,7170.322780539773,2144.2020399305557
1258,TBN_DaeGu.csv,58,7184.751162997159,2199.4694552951387
1259,TBN_DaeGu.csv,59,7185.946901633522,2138.4625244140625
1260,TBN_DaeGu.csv,60,7167.045809659091,2104.197252061632
1261,TBN_DaeGu.csv,61,7185.846431107954,2117.767971462674
1262,TBN_DaeGu.csv,62,7170.040163352272,2119.786526150174
1263,TBN_DaeGu.csv,63,7177.141787997159,2097.935302734375
1264,TBN_DaeGu.csv,64,7179.824733664773,2103.089314778646
1265,TBN_DaeGu.csv,65,7172.298987926137,2003.8387179904514
1266,TBN_DaeGu.csv,66,7182.427219460227,2017.3009440104167
1267,TBN_DaeGu.csv,67,7185.460342684659,2058.084214952257
1268,TBN_DaeGu.csv,68,7182.3181640625,2095.942830403646
1269,TBN_DaeGu.csv,69,7166.623384232955,1998.2676459418403
1270,TBN_DaeGu.csv,70,7169.577911931819,2105.5583224826387
1271,TBN_DaeGu.csv,71,7161.792196377841,2067.911471896701
1272,TBN_DaeGu.csv,72,7171.187739701704,2017.2652045355903
1273,TBN_DaeGu.csv,73,7167.787526633523,2038.684299045139
1274,TBN_DaeGu.csv,74,7189.879234730113,2094.4009874131943
1275,TBN_DaeGu.csv,75,7174.263059303978,2058.2178412543403
1276,TBN_DaeGu.csv,76,7176.492524857955,2097.739515516493
1277,TBN_DaeGu.csv,77,7195.145383522728,2099.389892578125
1278,TBN_DaeGu.csv,78,7167.677947443181,2046.8059760199653
1279,TBN_DaeGu.csv,79,7189.496653053977,2046.0162217881943
1280,TBN_DaeGu.csv,80,7168.489932528409,1982.3408338758682
1281,TBN_DaeGu.csv,81,7188.937855113636,2059.34375
1282,TBN_DaeGu.csv,82,7176.133274147727,2080.9112684461807
1283,TBN_DaeGu.csv,83,7151.820738636364,2050.8792317708335
1284,TBN_DaeGu.csv,84,7180.729066051136,2056.5371771918403
1285,TBN_DaeGu.csv,85,7180.511052911932,2068.5367974175347
1286,TBN_DaeGu.csv,86,7176.580442116478,2091.502888997396
1287,TBN_DaeGu.csv,87,7182.831205610795,2093.1761610243057
1288,TBN_DaeGu.csv,88,7172.610085227273,2085.210354275174
1289,TBN_DaeGu.csv,89,7194.992755681818,2065.643324110243
1290,TBN_DaeGu.csv,90,7175.115545099432,2078.650431315104
1291,TBN_DaeGu.csv,91,7170.696031605114,2066.608005099826
1292,TBN_DaeGu.csv,92,7182.777104048296,2068.7676595052085
1293,TBN_DaeGu.csv,93,7175.265784801137,2063.365966796875
1294,TBN_DaeGu.csv,94,7180.836408025568,2066.4775661892363
1295,TBN_DaeGu.csv,95,7166.772301136363,2068.4548068576387
1296,TBN_DaeGu.csv,96,7170.038760653409,2068.1600477430557
1297,TBN_DaeGu.csv,97,7192.465616122159,2066.5472412109375
1298,TBN_DaeGu.csv,98,7175.524964488636,2067.5401068793403
1299,TBN_DaeGu.csv,99,7171.93291015625,2066.9584689670137
1300,TBN_DaeGu.csv,100,7173.809801136364,2067.0119357638887
1301,TBC_DaeGu.csv,1,7180.798996803977,2019.5769178602432
1302,TBC_DaeGu.csv,2,7183.422718394886,1952.5140923394097
1303,TBC_DaeGu.csv,3,7177.649094460227,2230.2105577256943
1304,TBC_DaeGu.csv,4,7193.9697265625,2046.7944471571182
1305,TBC_DaeGu.csv,5,7169.944460227272,2053.223347981771
1306,TBC_DaeGu.csv,6,7183.153870738636,2251.140435112847
1307,TBC_DaeGu.csv,7,7161.114781605113,2015.4490831163193
1308,TBC_DaeGu.csv,8,7166.729403409091,2219.0687391493057
1309,TBC_DaeGu.csv,9,7166.205300071023,1985.823757595486
1310,TBC_DaeGu.csv,10,7177.103790838069,1959.5925157335068
1311,TBC_DaeGu.csv,11,7168.320987215909,2110.026272243924
1312,TBC_DaeGu.csv,12,7178.639044744318,2218.6977267795137
1313,TBC_DaeGu.csv,13,7173.505717329545,2141.5955674913193
1314,TBC_DaeGu.csv,14,7163.412384588069,2019.037353515625
1315,TBC_DaeGu.csv,15,7169.427858664772,2117.591783311632
1316,TBC_DaeGu.csv,16,7158.229518821023,1979.2162272135417
1317,TBC_DaeGu.csv,17,7169.228639914772,2090.639499240451
1318,TBC_DaeGu.csv,18,7165.627903053977,2077.1153564453125
1319,TBC_DaeGu.csv,19,7164.150674715909,2438.7835828993057
1320,TBC_DaeGu.csv,20,7173.934392755682,2184.8123914930557
1321,TBC_DaeGu.csv,21,7157.959730113636,2117.884236653646
1322,TBC_DaeGu.csv,22,7161.754270241478,2223.7023654513887
1323,TBC_DaeGu.csv,23,7159.524183238636,2192.4758029513887
1324,TBC_DaeGu.csv,24,7162.727796519886,1856.8319769965278
1325,TBC_DaeGu.csv,25,7165.235280539773,2061.573052300347
1326,TBC_DaeGu.csv,26,7170.558922230113,1996.5519612630208
1327,TBC_DaeGu.csv,27,7155.670108309659,1946.1158311631943
1328,TBC_DaeGu.csv,28,7156.550150923295,2053.4678955078125
1329,TBC_DaeGu.csv,29,7154.442258522728,2180.3453776041665
1330,TBC_DaeGu.csv,30,7162.117897727273,2161.8796657986113
1331,TBC_DaeGu.csv,31,7144.878275923295,2149.8519422743057
1332,TBC_DaeGu.csv,32,7161.939568536932,2110.792534722222
1333,TBC_DaeGu.csv,33,7151.076553622159,1833.8659532335068
1334,TBC_DaeGu.csv,34,7168.657448508523,2229.1640625
1335,TBC_DaeGu.csv,35,7179.294664417614,2095.493706597222
1336,TBC_DaeGu.csv,36,7174.042418323864,2324.0880533854165
1337,TBC_DaeGu.csv,37,7163.967178622159,1941.3015001085068
1338,TBC_DaeGu.csv,38,7157.128515625,2049.412339952257
1339,TBC_DaeGu.csv,39,7157.432066761364,2107.492580837674
1340,TBC_DaeGu.csv,40,7159.727397017045,2094.688083224826
1341,TBC_DaeGu.csv,41,7149.338538707387,2034.0143500434028
1342,TBC_DaeGu.csv,42,7149.481756036932,2084.643296983507
1343,TBC_DaeGu.csv,43,7152.951775568182,2062.0387369791665
1344,TBC_DaeGu.csv,44,7148.688520951705,2184.959716796875
1345,TBC_DaeGu.csv,45,7146.071573153409,1909.270751953125
1346,TBC_DaeGu.csv,46,7159.246244673295,1980.9527587890625
1347,TBC_DaeGu.csv,47,7164.174165482955,2066.9832221137153
1348,TBC_DaeGu.csv,48,7155.320596590909,2051.2518853081597
1349,TBC_DaeGu.csv,49,7152.184215198864,2153.993910047743
1350,TBC_DaeGu.csv,50,7162.891530539773,2074.6566026475693
1351,TBC_DaeGu.csv,51,7144.66015625,2078.3316243489585
1352,TBC_DaeGu.csv,52,7139.974786931818,1974.7805853949653
1353,TBC_DaeGu.csv,53,7164.097762784091,2112.0734049479165
1354,TBC_DaeGu.csv,54,7148.099458451705,2045.5045301649307
1355,TBC_DaeGu.csv,55,7160.297043678977,2026.8937038845486
1356,TBC_DaeGu.csv,56,7149.923464133522,2122.0221354166665
1357,TBC_DaeGu.csv,57,7157.586257102273,2186.533162434896
1358,TBC_DaeGu.csv,58,7139.06357421875,2107.612982855903
1359,TBC_DaeGu.csv,59,7143.430140269887,1953.3370090060764
1360,TBC_DaeGu.csv,60,7147.587517755682,2144.497409396701
1361,TBC_DaeGu.csv,61,7148.051225142045,2195.2367892795137
1362,TBC_DaeGu.csv,62,7151.147895951704,2019.2700873480903
1363,TBC_DaeGu.csv,63,7148.958469460227,2041.8469916449653
1364,TBC_DaeGu.csv,64,7151.415669389205,2001.2788492838542
1365,TBC_DaeGu.csv,65,7150.266938920455,2023.3857828776042
1366,TBC_DaeGu.csv,66,7153.308345170454,2078.056871202257
1367,TBC_DaeGu.csv,67,7138.404820667613,2052.9576551649307
1368,TBC_DaeGu.csv,68,7146.554092684659,2032.6713731553818
1369,TBC_DaeGu.csv,69,7157.6712890625,2122.123236762153
1370,TBC_DaeGu.csv,70,7157.178488991477,2119.893107096354
1371,TBC_DaeGu.csv,71,7156.628169389204,2102.653713650174
1372,TBC_DaeGu.csv,72,7135.320330255682,2139.272894965278
1373,TBC_DaeGu.csv,73,7153.00712890625,2123.477593315972
1374,TBC_DaeGu.csv,74,7153.582004616477,2018.5307074652778
1375,TBC_DaeGu.csv,75,7156.905095880682,2124.8333875868057
1376,TBC_DaeGu.csv,76,7150.498774857954,2081.770521375868
1377,TBC_DaeGu.csv,77,7145.826899857954,2091.894965277778
1378,TBC_DaeGu.csv,78,7143.687544389205,2071.841946072049
1379,TBC_DaeGu.csv,79,7150.842578125,2105.375298394097
1380,TBC_DaeGu.csv,80,7151.756782670454,2128.7420111762153
1381,TBC_DaeGu.csv,81,7140.592791193182,2086.9766981336807
1382,TBC_DaeGu.csv,82,7143.160804332387,2093.641859266493
1383,TBC_DaeGu.csv,83,7162.460795454545,2105.037896050347
1384,TBC_DaeGu.csv,84,7161.352556818182,2095.1693115234375
1385,TBC_DaeGu.csv,85,7150.908824573864,2090.3641493055557
1386,TBC_DaeGu.csv,86,7139.426331676136,2064.0116509331597
1387,TBC_DaeGu.csv,87,7150.995862926136,2100.1801079644097
1388,TBC_DaeGu.csv,88,7139.272904829545,2095.3897298177085
1389,TBC_DaeGu.csv,89,7142.365767045455,2091.0078125
1390,TBC_DaeGu.csv,90,7147.844486860796,2080.5505099826387
1391,TBC_DaeGu.csv,91,7161.226012073864,2076.1885986328125
1392,TBC_DaeGu.csv,92,7161.984596946023,2077.504692925347
1393,TBC_DaeGu.csv,93,7138.766042258523,2068.820556640625
1394,TBC_DaeGu.csv,94,7145.837020596591,2073.597357855903
1395,TBC_DaeGu.csv,95,7146.167320667613,2067.832044813368
1396,TBC_DaeGu.csv,96,7147.624467329545,2070.1065266927085
1397,TBC_DaeGu.csv,97,7141.074928977273,2067.7444525824653
1398,TBC_DaeGu.csv,98,7141.732626065341,2070.334811740451
1399,TBC_DaeGu.csv,99,7164.332661576705,2070.756605360243
1400,TBC_DaeGu.csv,100,7143.780921519887,2071.476820203993
1401,JeonJu_Radio.csv,1,7180.732981178977,1863.7156304253472
1402,JeonJu_Radio.csv,2,7135.576882102273,2120.9440239800347
1403,JeonJu_Radio.csv,3,7122.690074573864,1999.2550184461807
1404,JeonJu_Radio.csv,4,7123.578142755682,2086.054633246528
1405,JeonJu_Radio.csv,5,7130.696857244318,2133.6022271050347
1406,JeonJu_Radio.csv,6,7143.417587002841,2066.16552734375
1407,JeonJu_Radio.csv,7,7118.537047230114,1981.320339626736
1408,JeonJu_Radio.csv,8,7116.409925426136,2133.428073459201
1409,JeonJu_Radio.csv,9,7089.179359019887,2098.0840521918403
1410,JeonJu_Radio.csv,10,7098.415660511364,1910.5095621744792
1411,JeonJu_Radio.csv,11,7095.3673828125,2007.7085367838542
1412,JeonJu_Radio.csv,12,7106.950017755682,2099.878702799479
1413,JeonJu_Radio.csv,13,7107.040758167614,2197.613810221354
1414,JeonJu_Radio.csv,14,7096.196457741477,2154.959716796875
1415,JeonJu_Radio.csv,15,7102.372310014204,2043.227077907986
1416,JeonJu_Radio.csv,16,7093.385884232955,2233.0746256510415
1417,JeonJu_Radio.csv,17,7100.985901988636,2134.5488959418403
1418,JeonJu_Radio.csv,18,7082.238219105114,1915.9270968967014
1419,JeonJu_Radio.csv,19,7087.101704545455,1850.9248046875
1420,JeonJu_Radio.csv,20,7094.580575284091,1875.7120768229167
1421,JeonJu_Radio.csv,21,7092.875674715909,1946.7378065321182
1422,JeonJu_Radio.csv,22,7091.884872159091,2146.2831217447915
1423,JeonJu_Radio.csv,23,7084.854110440341,2050.3860134548613
1424,JeonJu_Radio.csv,24,7104.793013139205,1953.1505126953125
1425,JeonJu_Radio.csv,25,7100.588325639204,2176.8985731336807
1426,JeonJu_Radio.csv,26,7089.369921875,2013.6223551432292
1427,JeonJu_Radio.csv,27,7089.536372514204,2158.196818033854
1428,JeonJu_Radio.csv,28,7097.042507102273,2059.3638509114585
1429,JeonJu_Radio.csv,29,7097.499334161932,1892.4739854600693
1430,JeonJu_Radio.csv,30,7077.076713423296,1835.3187391493057
1431,JeonJu_Radio.csv,31,7092.946511008523,2106.687784830729
1432,JeonJu_Radio.csv,32,7091.748304332386,1966.9263780381943
1433,JeonJu_Radio.csv,33,7072.412766335227,1993.6426595052083
1434,JeonJu_Radio.csv,34,7090.821901633522,1950.4729682074653
1435,JeonJu_Radio.csv,35,7083.92138671875,2086.206773546007
1436,JeonJu_Radio.csv,36,7078.090633877841,2085.5702853732637
1437,JeonJu_Radio.csv,37,7088.692471590909,1807.785617404514
1438,JeonJu_Radio.csv,38,7082.174573863636,2052.642768012153
1439,JeonJu_Radio.csv,39,7089.931747159091,2061.5087212456597
1440,JeonJu_Radio.csv,40,7090.454643110796,2118.446031358507
1441,JeonJu_Radio.csv,41,7094.784898792614,2139.538330078125
1442,JeonJu_Radio.csv,42,7091.180859375,2105.2371690538193
1443,JeonJu_Radio.csv,43,7071.519779829546,2232.10693359375
1444,JeonJu_Radio.csv,44,7087.368563565341,1968.9321831597222
1445,JeonJu_Radio.csv,45,7076.330708451705,2176.727294921875
1446,JeonJu_Radio.csv,46,7060.673979048295,2173.9952528211807
1447,JeonJu_Radio.csv,47,7089.407945667614,1998.6340196397568
1448,JeonJu_Radio.csv,48,7064.846795099432,1995.7801920572917
1449,JeonJu_Radio.csv,49,7072.632608309659,1848.5866834852432
1450,JeonJu_Radio.csv,50,7087.167436079545,1895.8712429470486
1451,JeonJu_Radio.csv,51,7092.923499644887,2047.2529839409722
1452,JeonJu_Radio.csv,52,7066.560609019886,2117.0221489800347
1453,JeonJu_Radio.csv,53,7067.481516335227,2131.4950086805557
1454,JeonJu_Radio.csv,54,7099.443670099432,2056.402045355903
1455,JeonJu_Radio.csv,55,7082.483931107955,2172.5178493923613
1456,JeonJu_Radio.csv,56,7087.953995028409,2022.3368191189236
1457,JeonJu_Radio.csv,57,7081.496226917614,2014.7966851128472
1458,JeonJu_Radio.csv,58,7084.350816761364,1835.6307644314236
1459,JeonJu_Radio.csv,59,7078.934073153409,2070.2760552300347
1460,JeonJu_Radio.csv,60,7073.219886363637,2014.8132188585068
1461,JeonJu_Radio.csv,61,7073.357634943181,1994.2679443359375
1462,JeonJu_Radio.csv,62,7078.526056463068,2005.0104166666667
1463,JeonJu_Radio.csv,63,7072.111301491477,1895.1903211805557
1464,JeonJu_Radio.csv,64,7076.006276633523,2015.8828803168403
1465,JeonJu_Radio.csv,65,7077.117134232954,2043.1620958116318
1466,JeonJu_Radio.csv,66,7073.586541193182,2002.1156412760417
1467,JeonJu_Radio.csv,67,7091.078533380682,2071.861667209201
1468,JeonJu_Radio.csv,68,7069.800763494318,1982.7891167534722
1469,JeonJu_Radio.csv,69,7071.694833096591,2042.6394449869792
1470,JeonJu_Radio.csv,70,7068.150799005682,2085.8795572916665
1471,JeonJu_Radio.csv,71,7081.326837713068,1969.2071533203125
1472,JeonJu_Radio.csv,72,7065.83193359375,2089.1574978298613
1473,JeonJu_Radio.csv,73,7083.137322443182,1953.4846327039932
1474,JeonJu_Radio.csv,74,7071.7123046875,2055.4458821614585
1475,JeonJu_Radio.csv,75,7102.366193181818,2009.3140733506943
1476,JeonJu_Radio.csv,76,7068.393607954546,2003.6403130425347
1477,JeonJu_Radio.csv,77,7060.938423295454,2050.495836046007
1478,JeonJu_Radio.csv,78,7076.686834161932,2006.5934516059028
1479,JeonJu_Radio.csv,79,7079.653622159091,2038.3943820529514
1480,JeonJu_Radio.csv,80,7074.360875355113,2047.399142795139
1481,JeonJu_Radio.csv,81,7063.376935369318,2045.8612060546875
1482,JeonJu_Radio.csv,82,7068.244149502841,2016.1693115234375
1483,JeonJu_Radio.csv,83,7083.658034446023,2031.2447645399307
1484,JeonJu_Radio.csv,84,7058.359747869318,2053.0399169921875
1485,JeonJu_Radio.csv,85,7085.316983309659,2032.5056559244792
1486,JeonJu_Radio.csv,86,7094.35458984375,2020.0897759331597
1487,JeonJu_Radio.csv,87,7097.400639204546,2027.7720811631943
1488,JeonJu_Radio.csv,88,7080.818057528409,2047.8916151258682
1489,JeonJu_Radio.csv,89,7070.391592684659,2037.8993733723958
1490,JeonJu_Radio.csv,90,7071.06904296875,2027.7650824652778
1491,JeonJu_Radio.csv,91,7091.97294921875,2030.8903266059028
1492,JeonJu_Radio.csv,92,7094.447585227273,2035.8562554253472
1493,JeonJu_Radio.csv,93,7077.743927556819,2026.5108235677083
1494,JeonJu_Radio.csv,94,7068.51572265625,2020.5849745008682
1495,JeonJu_Radio.csv,95,7080.232430752841,2020.4044460720486
1496,JeonJu_Radio.csv,96,7074.538698508522,2020.2291937934028
1497,JeonJu_Radio.csv,97,7094.214790482954,2022.6341688368057
1498,JeonJu_Radio.csv,98,7071.022984730113,2024.330837673611
1499,JeonJu_Radio.csv,99,7083.073268821023,2025.0569932725693
1500,JeonJu_Radio.csv,100,7076.202867542614,2025.4878879123264
1501,KBS_JeonJu.csv,1,6964.573410866477,1857.4193929036458
1502,KBS_JeonJu.csv,2,6949.964399857955,1866.4432644314236
1503,KBS_JeonJu.csv,3,6964.267888849432,2020.291531032986
1504,KBS_JeonJu.csv,4,6964.069025213068,1976.0470106336807
1505,KBS_JeonJu.csv,5,6952.1060546875,2074.182603624132
1506,KBS_JeonJu.csv,6,6951.134641335228,1960.2840711805557
1507,KBS_JeonJu.csv,7,6959.169016335227,1910.4621175130208
1508,KBS_JeonJu.csv,8,6961.410440340909,1882.7562391493057
1509,KBS_JeonJu.csv,9,6954.560129616477,1850.4492323133682
1510,KBS_JeonJu.csv,10,6954.016006747159,1671.6335584852432
1511,KBS_JeonJu.csv,11,6963.5099609375,1863.5387641059028
1512,KBS_JeonJu.csv,12,6960.347709517046,1838.2135145399307
1513,KBS_JeonJu.csv,13,6957.321084872159,1896.2962103949653
1514,KBS_JeonJu.csv,14,6955.060165127841,2120.846638997396
1515,KBS_JeonJu.csv,15,6960.728426846591,1832.9110649956597
1516,KBS_JeonJu.csv,16,6958.837881747159,1858.3960639105903
1517,KBS_JeonJu.csv,17,6935.724369673296,1947.2803683810764
1518,KBS_JeonJu.csv,18,6961.743741122159,1915.7229817708333
1519,KBS_JeonJu.csv,19,6955.499920099432,1982.1717936197917
1520,KBS_JeonJu.csv,20,6958.934454900568,2014.6291097005208
1521,KBS_JeonJu.csv,21,6946.40263671875,1819.066433376736
1522,KBS_JeonJu.csv,22,6943.71083984375,1974.4729682074653
1523,KBS_JeonJu.csv,23,6958.7173828125,1987.6488444010417
1524,KBS_JeonJu.csv,24,6941.7974609375,1837.3363037109375
1525,KBS_JeonJu.csv,25,6965.781942471591,1892.5452067057292
1526,KBS_JeonJu.csv,26,6955.166015625,1903.8581407335068
1527,KBS_JeonJu.csv,27,6940.745072798295,1800.2509087456597
1528,KBS_JeonJu.csv,28,6944.267950994318,1852.6796739366318
1529,KBS_JeonJu.csv,29,6945.116486150569,1807.4583740234375
1530,KBS_JeonJu.csv,30,6951.186274857954,1762.8145209418403
1531,KBS_JeonJu.csv,31,6945.516060014204,1957.7265489366318
1532,KBS_JeonJu.csv,32,6953.891725852272,2120.2828233506943
1533,KBS_JeonJu.csv,33,6953.716486150568,1909.7179226345486
1534,KBS_JeonJu.csv,34,6938.221795099432,1909.022677951389
1535,KBS_JeonJu.csv,35,6936.197576349432,1815.622775607639
1536,KBS_JeonJu.csv,36,6934.732990056818,1882.2422417534722
1537,KBS_JeonJu.csv,37,6931.147372159091,1830.8830973307292
1538,KBS_JeonJu.csv,38,6928.186612215909,2055.3992377387153
1539,KBS_JeonJu.csv,39,6951.175106534091,1746.1807996961807
1540,KBS_JeonJu.csv,40,6943.76484375,1870.444851345486
1541,KBS_JeonJu.csv,41,6944.97890625,1855.387234157986
1542,KBS_JeonJu.csv,42,6958.924813565341,1691.4197591145833
1543,KBS_JeonJu.csv,43,6965.756312144887,1697.8509114583333
1544,KBS_JeonJu.csv,44,6941.341592684659,1673.0529649522568
1545,KBS_JeonJu.csv,45,6957.138955965909,1709.2735053168403
1546,KBS_JeonJu.csv,46,6940.021670809659,1897.697292751736
1547,KBS_JeonJu.csv,47,6930.572691761364,1760.7130126953125
1548,KBS_JeonJu.csv,48,6944.517862215909,1721.7680257161458
1549,KBS_JeonJu.csv,49,6933.032661576704,1917.9661458333333
1550,KBS_JeonJu.csv,50,6946.228604403409,1981.0785590277778
1551,KBS_JeonJu.csv,51,6951.469131747159,1800.2189127604167
1552,KBS_JeonJu.csv,52,6948.238911576705,1763.1246337890625
1553,KBS_JeonJu.csv,53,6939.414186789772,1840.4831000434028
1554,KBS_JeonJu.csv,54,6944.092959872159,1927.5547824435764
1555,KBS_JeonJu.csv,55,6940.911709872159,1871.2002495659722
1556,KBS_JeonJu.csv,56,6949.244593394887,1899.4619547526042
1557,KBS_JeonJu.csv,57,6935.831471946023,2046.9872097439236
1558,KBS_JeonJu.csv,58,6958.186159446022,1887.4160291883682
1559,KBS_JeonJu.csv,59,6937.920232599432,1859.6497802734375
1560,KBS_JeonJu.csv,60,6942.416042258523,1764.5442843967014
1561,KBS_JeonJu.csv,61,6953.240811434659,1921.8409288194443
1562,KBS_JeonJu.csv,62,6948.774476207386,1763.1013590494792
1563,KBS_JeonJu.csv,63,6939.737136008523,1872.3193901909722
1564,KBS_JeonJu.csv,64,6938.994069602273,1863.7188585069443
1565,KBS_JeonJu.csv,65,6950.431756036932,1964.9598388671875
1566,KBS_JeonJu.csv,66,6946.321147017045,1948.2992214626736
1567,KBS_JeonJu.csv,67,6932.321963778409,1925.0873480902778
1568,KBS_JeonJu.csv,68,6947.487357954546,1848.4790445963542
1569,KBS_JeonJu.csv,69,6932.533709161932,1858.477294921875
1570,KBS_JeonJu.csv,70,6927.862588778409,1842.269802517361
1571,KBS_JeonJu.csv,71,6951.482528409091,1865.811496310764
1572,KBS_JeonJu.csv,72,6932.712846235795,1860.8195122612847
1573,KBS_JeonJu.csv,73,6930.207359730113,1842.8963216145833
1574,KBS_JeonJu.csv,74,6966.214408735796,1806.7010904947917
1575,KBS_JeonJu.csv,75,6944.8302734375,1877.7348497178818
1576,KBS_JeonJu.csv,76,6960.55126953125,1850.4949815538193
1577,KBS_JeonJu.csv,77,6937.007856889205,1918.8055148654514
1578,KBS_JeonJu.csv,78,6939.773037997159,1865.1087103949653
1579,KBS_JeonJu.csv,79,6945.201340553977,1860.4305555555557
1580,KBS_JeonJu.csv,80,6939.323313210227,1858.2101508246528
1581,KBS_JeonJu.csv,81,6952.054030539773,1873.4530436197917
1582,KBS_JeonJu.csv,82,6932.51455078125,1853.0699462890625
1583,KBS_JeonJu.csv,83,6953.648277698863,1919.593288845486
1584,KBS_JeonJu.csv,84,6933.440988991477,1893.0544976128472
1585,KBS_JeonJu.csv,85,6930.100532670454,1856.3036431206597
1586,KBS_JeonJu.csv,86,6935.2541015625,1883.282741970486
1587,KBS_JeonJu.csv,87,6939.802485795454,1878.7537841796875
1588,KBS_JeonJu.csv,88,6951.089568536931,1876.8380805121528
1589,KBS_JeonJu.csv,89,6947.0380859375,1879.5431722005208
1590,KBS_JeonJu.csv,90,6938.027894176136,1874.5924072265625
1591,KBS_JeonJu.csv,91,6963.148828125,1875.7184651692708
1592,KBS_JeonJu.csv,92,6929.224245383522,1873.2211507161458
1593,KBS_JeonJu.csv,93,6936.155166903409,1874.8878038194443
1594,KBS_JeonJu.csv,94,6943.877254971591,1874.8291693793403
1595,KBS_JeonJu.csv,95,6936.651393821023,1877.7530924479167
1596,KBS_JeonJu.csv,96,6946.466885653409,1880.9630126953125
1597,KBS_JeonJu.csv,97,6936.543394886364,1881.622287326389
1598,KBS_JeonJu.csv,98,6938.039604048296,1881.8334147135417
1599,KBS_JeonJu.csv,99,6949.654057173296,1882.049099392361
1600,KBS_JeonJu.csv,100,6956.861248224432,1881.5155707465278
1601,KBS_MokPo.csv,1,6564.039488636364,1656.2417670355903
1602,KBS_MokPo.csv,2,6547.377521306818,1406.6676161024307
1603,KBS_MokPo.csv,3,6545.568022017045,1442.5542941623264
1604,KBS_MokPo.csv,4,6550.158558238636,1595.9608425564236
1605,KBS_MokPo.csv,5,6542.447674005682,1459.117892795139
1606,KBS_MokPo.csv,6,6527.833611505682,1556.4158528645833
1607,KBS_MokPo.csv,7,6526.197061434659,1464.4555121527778
1608,KBS_MokPo.csv,8,6532.867294034091,1412.3436957465278
1609,KBS_MokPo.csv,9,6527.566628196023,1388.8789876302083
1610,KBS_MokPo.csv,10,6505.099591619318,1414.598605685764
1611,KBS_MokPo.csv,11,6519.923979048295,1320.6558837890625
1612,KBS_MokPo.csv,12,6519.789888139205,1454.2613796657986
1613,KBS_MokPo.csv,13,6509.752867542614,1432.9867621527778
1614,KBS_MokPo.csv,14,6508.071706321023,1455.6622585720486
1615,KBS_MokPo.csv,15,6507.346564275568,1524.3076307508682
1616,KBS_MokPo.csv,16,6511.321120383523,1403.5119493272568
1617,KBS_MokPo.csv,17,6504.692524857955,1332.907986111111
1618,KBS_MokPo.csv,18,6499.897860440341,1427.3095024956597
1619,KBS_MokPo.csv,19,6509.439328835228,1455.765896267361
1620,KBS_MokPo.csv,20,6483.11123046875,1375.235622829861
1621,KBS_MokPo.csv,21,6504.516681463068,1441.9332004123264
1622,KBS_MokPo.csv,22,6484.381587357954,1542.8310546875
1623,KBS_MokPo.csv,23,6496.747745028409,1502.9969753689236
1624,KBS_MokPo.csv,24,6479.805095880682,1401.4881863064236
1625,KBS_MokPo.csv,25,6481.603719815341,1439.5408257378472
1626,KBS_MokPo.csv,26,6481.469025213069,1426.0412055121528
1627,KBS_MokPo.csv,27,6480.940784801136,1357.9340413411458
1628,KBS_MokPo.csv,28,6475.328187144886,1378.5336371527778
1629,KBS_MokPo.csv,29,6481.561186079545,1309.9544270833333
1630,KBS_MokPo.csv,30,6477.68203125,1255.3995225694443
1631,KBS_MokPo.csv,31,6480.445188210228,1321.4990912543403
1632,KBS_MokPo.csv,32,6485.353453480114,1409.4137776692708
1633,KBS_MokPo.csv,33,6472.707572798296,1446.3971082899307
1634,KBS_MokPo.csv,34,6473.446333451705,1351.602322048611
1635,KBS_MokPo.csv,35,6471.726864346591,1335.7748480902778
1636,KBS_MokPo.csv,36,6457.711647727273,1410.1052652994792
1637,KBS_MokPo.csv,37,6489.665971235795,1427.3355034722222
1638,KBS_MokPo.csv,38,6469.952361505681,1270.1004096137153
1639,KBS_MokPo.csv,39,6471.910307173295,1552.9107123480903
1640,KBS_MokPo.csv,40,6463.901642400569,1414.6946750217014
1641,KBS_MokPo.csv,41,6478.398322088068,1449.1738688151042
1642,KBS_MokPo.csv,42,6461.215740411932,1478.8966606987847
1643,KBS_MokPo.csv,43,6475.797727272728,1348.26318359375
1644,KBS_MokPo.csv,44,6466.839169034091,1301.6034749348958
1645,KBS_MokPo.csv,45,6466.745703125,1413.8936496310764
1646,KBS_MokPo.csv,46,6462.244682173296,1298.8408203125
1647,KBS_MokPo.csv,47,6461.229651988637,1429.5145128038193
1648,KBS_MokPo.csv,48,6463.168732244319,1409.4209933810764
1649,KBS_MokPo.csv,49,6473.356764914773,1424.747531467014
1650,KBS_MokPo.csv,50,6460.161079545454,1436.6502143012153
1651,KBS_MokPo.csv,51,6464.644495738637,1442.1550971137153
1652,KBS_MokPo.csv,52,6456.872842684659,1274.2015245225693
1653,KBS_MokPo.csv,53,6457.853382457386,1388.9560953776042
1654,KBS_MokPo.csv,54,6467.615420809659,1384.1314832899307
1655,KBS_MokPo.csv,55,6460.854367897728,1413.9004991319443
1656,KBS_MokPo.csv,56,6470.985555752841,1332.6411810980903
1657,KBS_MokPo.csv,57,6462.313805042613,1402.0952690972222
1658,KBS_MokPo.csv,58,6451.873100142046,1316.8443467881943
1659,KBS_MokPo.csv,59,6466.778187144886,1322.8077392578125
1660,KBS_MokPo.csv,60,6460.995907315341,1363.7886284722222
1661,KBS_MokPo.csv,61,6465.631853693182,1341.7542046440972
1662,KBS_MokPo.csv,62,6460.161265980114,1395.1705186631943
1663,KBS_MokPo.csv,63,6450.878639914773,1306.75048828125
1664,KBS_MokPo.csv,64,6457.134588068182,1419.6768391927083
1665,KBS_MokPo.csv,65,6459.553169389204,1199.7492811414932
1666,KBS_MokPo.csv,66,6456.586416903409,1426.6468912760417
1667,KBS_MokPo.csv,67,6467.861097301136,1358.240261501736
1668,KBS_MokPo.csv,68,6436.662038352273,1335.9752197265625
1669,KBS_MokPo.csv,69,6468.13515625,1273.947509765625
1670,KBS_MokPo.csv,70,6451.241228693182,1324.1681315104167
1671,KBS_MokPo.csv,71,6444.971963778409,1313.1725124782986
1672,KBS_MokPo.csv,72,6456.150799005682,1331.531521267361
1673,KBS_MokPo.csv,73,6463.530078125,1289.1006673177083
1674,KBS_MokPo.csv,74,6462.6810546875,1345.436496310764
1675,KBS_MokPo.csv,75,6457.348792613637,1376.1058349609375
1676,KBS_MokPo.csv,76,6456.744984019886,1368.5250786675347
1677,KBS_MokPo.csv,77,6454.981525213068,1359.4387749565972
1678,KBS_MokPo.csv,78,6458.573615056818,1369.6179063585068
1679,KBS_MokPo.csv,79,6445.816246448863,1374.2543809678818
1680,KBS_MokPo.csv,80,6450.777725497159,1336.173312717014
1681,KBS_MokPo.csv,81,6474.534117542614,1378.9959038628472
1682,KBS_MokPo.csv,82,6460.243900923296,1352.1811387803818
1683,KBS_MokPo.csv,83,6455.787730823864,1367.8700493706597
1684,KBS_MokPo.csv,84,6464.045197088069,1349.3476969401042
1685,KBS_MokPo.csv,85,6458.487917258522,1342.1492919921875
1686,KBS_MokPo.csv,86,6458.270747514204,1365.0575493706597
1687,KBS_MokPo.csv,87,6455.9810546875,1333.223849826389
1688,KBS_MokPo.csv,88,6449.518332741477,1338.6414930555557
1689,KBS_MokPo.csv,89,6444.0498046875,1337.5539957682292
1690,KBS_MokPo.csv,90,6461.368474786932,1353.525173611111
1691,KBS_MokPo.csv,91,6456.00458984375,1352.1692572699653
1692,KBS_MokPo.csv,92,6449.034232954546,1352.5033365885417
1693,KBS_MokPo.csv,93,6455.555708451705,1347.6917046440972
1694,KBS_MokPo.csv,94,6460.749138849432,1351.7951524522568
1695,KBS_MokPo.csv,95,6461.880095880681,1354.0093587239583
1696,KBS_MokPo.csv,96,6443.378604403409,1352.1015625
1697,KBS_MokPo.csv,97,6468.541095525568,1350.5432535807292
1698,KBS_MokPo.csv,98,6454.857785866478,1351.2281765407986
1699,KBS_MokPo.csv,99,6460.934659090909,1352.2718912760417
1700,KBS_MokPo.csv,100,6464.716450639205,1351.9178331163193
1701,KBS_SunCheon.csv,1,7607.20732421875,2775.77734375
1702,KBS_SunCheon.csv,2,7594.757288707387,2913.9058973524307
1703,KBS_SunCheon.csv,3,7589.728826349432,2707.075493706597
1704,KBS_SunCheon.csv,4,7579.432679332386,2597.4983995225693
1705,KBS_SunCheon.csv,5,7577.918128551137,2449.7630750868057
1706,KBS_SunCheon.csv,6,7574.480548650568,2610.7623697916665
1707,KBS_SunCheon.csv,7,7558.914195667614,2552.7416178385415
1708,KBS_SunCheon.csv,8,7547.031028053977,2382.837646484375
1709,KBS_SunCheon.csv,9,7553.466468394887,2721.6336263020835
1710,KBS_SunCheon.csv,10,7520.805930397727,2681.7481553819443
1711,KBS_SunCheon.csv,11,7537.746981534091,2484.385009765625
1712,KBS_SunCheon.csv,12,7512.209197443181,2527.297173394097
1713,KBS_SunCheon.csv,13,7522.592604758523,2471.3896755642363
1714,KBS_SunCheon.csv,14,7510.839302201704,2541.1909450954863
1715,KBS_SunCheon.csv,15,7512.752361505682,2311.859185112847
1716,KBS_SunCheon.csv,16,7535.685786576704,2492.221869574653
1717,KBS_SunCheon.csv,17,7504.220241477273,2463.3795030381943
1718,KBS_SunCheon.csv,18,7512.235005326705,2553.4864637586807
1719,KBS_SunCheon.csv,19,7491.793394886364,2698.6102430555557
1720,KBS_SunCheon.csv,20,7495.034383877841,2726.9141710069443
1721,KBS_SunCheon.csv,21,7479.001535866477,2317.817084418403
1722,KBS_SunCheon.csv,22,7511.174769176137,2565.2718912760415
1723,KBS_SunCheon.csv,23,7490.91044921875,2529.2540690104165
1724,KBS_SunCheon.csv,24,7485.423544034091,2724.6140407986113
1725,KBS_SunCheon.csv,25,7492.427237215909,2848.73828125
1726,KBS_SunCheon.csv,26,7478.984383877841,2441.0398220486113
1727,KBS_SunCheon.csv,27,7474.485245028409,2522.3428005642363
1728,KBS_SunCheon.csv,28,7496.707333096591,2578.8441569010415
1729,KBS_SunCheon.csv,29,7491.921857244318,2686.7232530381943
1730,KBS_SunCheon.csv,30,7483.5166015625,2645.763237847222
1731,KBS_SunCheon.csv,31,7476.601384943182,2482.563042534722
1732,KBS_SunCheon.csv,32,7470.654270241477,2491.8804796006943
1733,KBS_SunCheon.csv,33,7459.43779296875,2647.7222764756943
1734,KBS_SunCheon.csv,34,7475.400506036932,2412.2941623263887
1735,KBS_SunCheon.csv,35,7458.911186079546,2450.7491861979165
1736,KBS_SunCheon.csv,36,7468.413307883523,2717.476752387153
1737,KBS_SunCheon.csv,37,7476.277547940341,2486.0328504774307
1738,KBS_SunCheon.csv,38,7465.324200994318,2345.3775227864585
1739,KBS_SunCheon.csv,39,7452.62734375,2426.8841145833335
1740,KBS_SunCheon.csv,40,7473.200665838068,2569.1662326388887
1741,KBS_SunCheon.csv,41,7466.169513494318,2604.4400227864585
1742,KBS_SunCheon.csv,42,7465.560031960227,2666.9970703125
1743,KBS_SunCheon.csv,43,7458.683647017046,2473.8375379774307
1744,KBS_SunCheon.csv,44,7456.691681463069,2537.113579644097
1745,KBS_SunCheon.csv,45,7466.973348721591,2441.5936414930557
1746,KBS_SunCheon.csv,46,7455.649245383523,2503.495849609375
1747,KBS_SunCheon.csv,47,7452.703657670455,2580.9545084635415
1748,KBS_SunCheon.csv,48,7456.11708984375,2345.0603841145835
1749,KBS_SunCheon.csv,49,7443.490829190341,2513.1264919704863
1750,KBS_SunCheon.csv,50,7446.115305397727,2540.6666666666665
1751,KBS_SunCheon.csv,51,7453.712863991477,2516.7091200086807
1752,KBS_SunCheon.csv,52,7445.20751953125,2545.8753255208335
1753,KBS_SunCheon.csv,53,7441.861594460227,2459.7654079861113
1754,KBS_SunCheon.csv,54,7443.473002485795,2709.4258626302085
1755,KBS_SunCheon.csv,55,7458.000248579546,2390.6827256944443
1756,KBS_SunCheon.csv,56,7457.032892400568,2509.3995768229165
1757,KBS_SunCheon.csv,57,7462.334330610795,2572.037109375
1758,KBS_SunCheon.csv,58,7428.613343394886,2509.2422146267363
1759,KBS_SunCheon.csv,59,7462.192515980114,2509.7298448350693
1760,KBS_SunCheon.csv,60,7447.739319957386,2501.1334092881943
1761,KBS_SunCheon.csv,61,7443.748792613636,2566.0958116319443
1762,KBS_SunCheon.csv,62,7445.405042613636,2616.265923394097
1763,KBS_SunCheon.csv,63,7463.573579545455,2446.701416015625
1764,KBS_SunCheon.csv,64,7453.782590553978,2512.212836371528
1765,KBS_SunCheon.csv,65,7435.812002840909,2501.4293619791665
1766,KBS_SunCheon.csv,66,7447.443616832386,2419.7774522569443
1767,KBS_SunCheon.csv,67,7446.413591974432,2429.2003038194443
1768,KBS_SunCheon.csv,68,7460.288512073864,2549.371826171875
1769,KBS_SunCheon.csv,69,7449.057945667613,2505.874321831597
1770,KBS_SunCheon.csv,70,7431.839630681819,2528.3924424913193
1771,KBS_SunCheon.csv,71,7446.658487215909,2573.5385470920137
1772,KBS_SunCheon.csv,72,7439.330575284091,2451.495903862847
1773,KBS_SunCheon.csv,73,7444.080522017045,2476.281304253472
1774,KBS_SunCheon.csv,74,7447.600958806818,2479.6328125
1775,KBS_SunCheon.csv,75,7443.447878196022,2495.011040581597
1776,KBS_SunCheon.csv,76,7419.282235440341,2499.241997612847
1777,KBS_SunCheon.csv,77,7434.646573153409,2534.7554524739585
1778,KBS_SunCheon.csv,78,7446.889231178977,2524.0730251736113
1779,KBS_SunCheon.csv,79,7451.168013139205,2503.3011610243057
1780,KBS_SunCheon.csv,80,7447.923526278409,2509.8578016493057
1781,KBS_SunCheon.csv,81,7438.971253551136,2464.0236545138887
1782,KBS_SunCheon.csv,82,7448.5134765625,2489.8320583767363
1783,KBS_SunCheon.csv,83,7453.232368607954,2527.6713053385415
1784,KBS_SunCheon.csv,84,7442.049618252841,2522.0723741319443
1785,KBS_SunCheon.csv,85,7436.4919921875,2479.1318088107637
1786,KBS_SunCheon.csv,86,7454.436976207387,2491.3713107638887
1787,KBS_SunCheon.csv,87,7427.443279474432,2462.9018283420137
1788,KBS_SunCheon.csv,88,7450.991264204546,2473.161675347222
1789,KBS_SunCheon.csv,89,7442.362899502841,2483.9724392361113
1790,KBS_SunCheon.csv,90,7449.754208096591,2488.4000379774307
1791,KBS_SunCheon.csv,91,7447.178116122159,2511.160210503472
1792,KBS_SunCheon.csv,92,7452.083291903409,2506.9835069444443
1793,KBS_SunCheon.csv,93,7437.730948153409,2503.96826171875
1794,KBS_SunCheon.csv,94,7444.110928622159,2494.3502332899307
1795,KBS_SunCheon.csv,95,7454.403533380681,2494.1134168836807
1796,KBS_SunCheon.csv,96,7434.061008522727,2489.3154296875
1797,KBS_SunCheon.csv,97,7442.456427556818,2494.6509874131943
1798,KBS_SunCheon.csv,98,7435.343883167614,2496.1441514756943
1799,KBS_SunCheon.csv,99,7451.627121803977,2494.809868706597
1800,KBS_SunCheon.csv,100,7440.7404296875,2495.462890625
1801,KBS_GwangJu.csv,1,6820.081010298295,1775.4092475043403
1802,KBS_GwangJu.csv,2,6807.04296875,1807.701388888889
1803,KBS_GwangJu.csv,3,6789.336052911932,1608.8852674696182
1804,KBS_GwangJu.csv,4,6796.555832741477,1923.3339436848958
1805,KBS_GwangJu.csv,5,6804.291255326704,1791.0816243489583
1806,KBS_GwangJu.csv,6,6799.29501953125,1605.8700358072917
1807,KBS_GwangJu.csv,7,6804.074156605114,1705.480441623264
1808,KBS_GwangJu.csv,8,6786.191539417614,1651.2013210720486
1809,KBS_GwangJu.csv,9,6802.815855823864,1824.8101128472222
1810,KBS_GwangJu.csv,10,6813.71806640625,1722.0954996744792
1811,KBS_GwangJu.csv,11,6794.953959517045,1608.950927734375
1812,KBS_GwangJu.csv,12,6800.102725497159,1716.1548529730903
1813,KBS_GwangJu.csv,13,6787.836470170455,1837.4212510850693
1814,KBS_GwangJu.csv,14,6800.505504261364,1601.3604193793403
1815,KBS_GwangJu.csv,15,6803.875656960227,1630.893310546875
1816,KBS_GwangJu.csv,16,6786.88857421875,1804.0097249348958
1817,KBS_GwangJu.csv,17,6794.021946022727,1779.9791124131943
1818,KBS_GwangJu.csv,18,6791.257537286931,1708.7774793836807
1819,KBS_GwangJu.csv,19,6789.683611505682,1794.4956597222222
1820,KBS_GwangJu.csv,20,6788.417995383523,1882.5415717230903
1821,KBS_GwangJu.csv,21,6792.715314275568,1711.7636040581597
1822,KBS_GwangJu.csv,22,6806.131613991477,1820.2296142578125
1823,KBS_GwangJu.csv,23,6794.180850497159,1802.166042751736
1824,KBS_GwangJu.csv,24,6788.84169921875,1686.4806043836807
1825,KBS_GwangJu.csv,25,6788.571661931818,1757.4082709418403
1826,KBS_GwangJu.csv,26,6811.828693181818,1770.0730387369792
1827,KBS_GwangJu.csv,27,6802.779332386363,1704.0565185546875
1828,KBS_GwangJu.csv,28,6792.246422230113,1741.9793023003472
1829,KBS_GwangJu.csv,29,6788.740234375,1828.6258680555557
1830,KBS_GwangJu.csv,30,6786.515580610795,1855.696316189236
1831,KBS_GwangJu.csv,31,6795.72470703125,1586.221164279514
1832,KBS_GwangJu.csv,32,6796.17451171875,1850.1785753038193
1833,KBS_GwangJu.csv,33,6792.584375,1711.7518717447917
1834,KBS_GwangJu.csv,34,6793.317134232954,1721.0171034071182
1835,KBS_GwangJu.csv,35,6779.282120028409,1760.3716769748264
1836,KBS_GwangJu.csv,36,6805.820108309659,1850.8069254557292
1837,KBS_GwangJu.csv,37,6789.617009943182,1799.3393012152778
1838,KBS_GwangJu.csv,38,6792.151624644886,1838.8606770833333
1839,KBS_GwangJu.csv,39,6797.654802911932,1687.4761691623264
1840,KBS_GwangJu.csv,40,6804.236168323863,1644.5872395833333
1841,KBS_GwangJu.csv,41,6809.776411576705,1582.7512071397568
1842,KBS_GwangJu.csv,42,6772.644602272727,1875.763888888889
1843,KBS_GwangJu.csv,43,6789.522105823864,1629.578586154514
1844,KBS_GwangJu.csv,44,6787.754927201705,1806.0186089409722
1845,KBS_GwangJu.csv,45,6788.936940696023,1717.88623046875
1846,KBS_GwangJu.csv,46,6800.618821022727,1589.7430419921875
1847,KBS_GwangJu.csv,47,6793.901935369318,1797.8448621961807
1848,KBS_GwangJu.csv,48,6781.055601917614,1728.5201144748264
1849,KBS_GwangJu.csv,49,6784.598544034091,1805.0387776692708
1850,KBS_GwangJu.csv,50,6792.245720880682,1772.4837103949653
1851,KBS_GwangJu.csv,51,6784.236301491477,1775.7288275824653
1852,KBS_GwangJu.csv,52,6787.144806463069,1719.5916476779514
1853,KBS_GwangJu.csv,53,6787.507359730113,1767.3391655815972
1854,KBS_GwangJu.csv,54,6791.758212002841,1719.6245795355903
1855,KBS_GwangJu.csv,55,6791.559046519887,1761.8691948784722
1856,KBS_GwangJu.csv,56,6784.611354758523,1716.2472737630208
1857,KBS_GwangJu.csv,57,6789.643492542614,1797.6909586588542
1858,KBS_GwangJu.csv,58,6781.305806107955,1683.3795301649307
1859,KBS_GwangJu.csv,59,6793.687038352273,1717.6834581163193
1860,KBS_GwangJu.csv,60,6791.622789417614,1786.8596733940972
1861,KBS_GwangJu.csv,61,6798.674538352273,1839.2547743055557
1862,KBS_GwangJu.csv,62,6778.463725142045,1742.2197129991318
1863,KBS_GwangJu.csv,63,6789.989825994318,1794.3822157118057
1864,KBS_GwangJu.csv,64,6771.734614701704,1843.5702989366318
1865,KBS_GwangJu.csv,65,6781.057013494318,1781.5159776475693
1866,KBS_GwangJu.csv,66,6796.321661931818,1843.8236219618057
1867,KBS_GwangJu.csv,67,6785.470321377841,1805.5049913194443
1868,KBS_GwangJu.csv,68,6786.999582741477,1808.6517876519097
1869,KBS_GwangJu.csv,69,6791.598419744319,1712.7163764105903
1870,KBS_GwangJu.csv,70,6775.489586292613,1761.7647162543403
1871,KBS_GwangJu.csv,71,6794.976216264205,1701.8138020833333
1872,KBS_GwangJu.csv,72,6791.594522372159,1777.3669297960068
1873,KBS_GwangJu.csv,73,6790.257191051136,1735.2594536675347
1874,KBS_GwangJu.csv,74,6792.973890269886,1734.0982530381943
1875,KBS_GwangJu.csv,75,6804.984241832386,1759.4092475043403
1876,KBS_GwangJu.csv,76,6786.424920099432,1731.6159532335068
1877,KBS_GwangJu.csv,77,6778.394398082386,1791.3187527126736
1878,KBS_GwangJu.csv,78,6788.602432528409,1753.5186631944443
1879,KBS_GwangJu.csv,79,6799.853995028409,1769.3744981553818
1880,KBS_GwangJu.csv,80,6796.460671164773,1769.1600070529514
1881,KBS_GwangJu.csv,81,6793.035289417614,1771.946994357639
1882,KBS_GwangJu.csv,82,6796.369984019886,1752.4379747178818
1883,KBS_GwangJu.csv,83,6787.974129971591,1761.5760091145833
1884,KBS_GwangJu.csv,84,6781.284454900569,1714.7345784505208
1885,KBS_GwangJu.csv,85,6780.869815340909,1749.4885118272568
1886,KBS_GwangJu.csv,86,6783.513441051136,1752.926540798611
1887,KBS_GwangJu.csv,87,6791.193430397727,1767.8046061197917
1888,KBS_GwangJu.csv,88,6773.963334517045,1754.1036783854167
1889,KBS_GwangJu.csv,89,6791.052778764205,1755.7036539713542
1890,KBS_GwangJu.csv,90,6797.898970170455,1746.2906222873264
1891,KBS_GwangJu.csv,91,6768.970862926137,1752.2918701171875
1892,KBS_GwangJu.csv,92,6782.342134232955,1737.10986328125
1893,KBS_GwangJu.csv,93,6784.902982954545,1747.1708441840278
1894,KBS_GwangJu.csv,94,6802.614772727273,1745.2837320963542
1895,KBS_GwangJu.csv,95,6798.431578480114,1748.7436659071182
1896,KBS_GwangJu.csv,96,6792.575248579546,1744.0354410807292
1897,KBS_GwangJu.csv,97,6799.41708984375,1745.6240370008682
1898,KBS_GwangJu.csv,98,6785.545525568182,1744.1486680772568
1899,KBS_GwangJu.csv,99,6777.566637073864,1744.9747314453125
1900,KBS_GwangJu.csv,100,6790.780850497159,1745.2053087022568
