global_epoch,task,epoch_in_task,train_loss,val_loss
1,MBC_CheongJu.csv,1,200.0,200.0
2,MBC_CheongJu.csv,2,200.0,200.0
3,MBC_CheongJu.csv,3,200.0,200.0
4,MBC_CheongJu.csv,4,200.0,200.0
5,MBC_CheongJu.csv,5,200.0,200.0
6,MBC_CheongJu.csv,6,200.0,200.0
7,MBC_CheongJu.csv,7,200.0,200.0
8,MBC_CheongJu.csv,8,200.0,200.0
9,MBC_CheongJu.csv,9,200.0,200.0
10,MBC_CheongJu.csv,10,200.0,200.0
11,MBC_CheongJu.csv,11,200.0,200.0
12,MBC_CheongJu.csv,12,200.0,200.0
13,MBC_CheongJu.csv,13,174.75240156385632,156.7402089436849
14,MBC_CheongJu.csv,14,137.69512833489313,125.85031467013889
15,MBC_CheongJu.csv,15,117.03089184231229,109.1749504937066
16,MBC_CheongJu.csv,16,107.72663031684027,102.75549231635199
17,MBC_CheongJu.csv,17,103.08311631944444,99.00820922851562
18,MBC_CheongJu.csv,18,100.13224114312067,96.69811503092448
19,MBC_CheongJu.csv,19,98.50152036878798,95.04286702473958
20,MBC_CheongJu.csv,20,97.73392507765028,94.97317165798611
21,MBC_CheongJu.csv,21,97.81417677137587,94.53609551323785
22,MBC_CheongJu.csv,22,97.54066212972005,93.78342692057292
23,MBC_CheongJu.csv,23,96.73266580369737,93.9721213446723
24,MBC_CheongJu.csv,24,98.01925129360623,94.38632117377387
25,MBC_CheongJu.csv,25,98.16697629292806,93.95875803629558
26,MBC_CheongJu.csv,26,97.73681428697374,94.05775536431207
27,MBC_CheongJu.csv,27,97.12222544352214,93.81022135416667
28,MBC_CheongJu.csv,28,97.17522727118597,94.40603552924262
29,MBC_CheongJu.csv,29,97.1448171403673,96.3512946234809
30,MBC_CheongJu.csv,30,97.44386015997992,93.96387312147353
31,MBC_CheongJu.csv,31,96.54859373304579,94.04605526394315
32,MBC_CheongJu.csv,32,98.23483106825087,94.28710259331598
33,MBC_CheongJu.csv,33,97.1265114678277,95.27251858181424
34,MBC_CheongJu.csv,34,96.67293993631999,94.00780995686848
35,MBC_CheongJu.csv,35,97.38757281833225,94.3785637749566
36,MBC_CheongJu.csv,36,97.16949039035373,93.6709493001302
37,MBC_CheongJu.csv,37,97.53149668375652,94.07170698377821
38,MBC_CheongJu.csv,38,98.25062200758192,93.94108751085069
39,MBC_CheongJu.csv,39,97.1249016655816,94.02265930175781
40,MBC_CheongJu.csv,40,97.32179662916396,94.57662116156683
41,MBC_CheongJu.csv,41,95.90792920854356,93.58469136555989
42,MBC_CheongJu.csv,42,97.44355456034343,95.34646775987413
43,MBC_CheongJu.csv,43,97.454743915134,94.34739006890192
44,MBC_CheongJu.csv,44,97.49384032355414,93.5944069756402
45,MBC_CheongJu.csv,45,96.30281660291884,95.16895718044705
46,MBC_CheongJu.csv,46,98.0294533835517,93.92646026611328
47,MBC_CheongJu.csv,47,96.60190539889865,94.15432654486762
48,MBC_CheongJu.csv,48,97.05625534057617,93.55816819932726
49,MBC_CheongJu.csv,49,96.87630059983995,93.73122151692708
50,MBC_CheongJu.csv,50,96.10044235653348,94.22889963785808
51,MBC_CheongJu.csv,51,96.55558946397569,93.53818851047092
52,MBC_CheongJu.csv,52,96.67263730367024,94.34591590033637
53,MBC_CheongJu.csv,53,96.13389608595106,93.6028315226237
54,MBC_CheongJu.csv,54,97.42828920152452,93.57345750596788
55,MBC_CheongJu.csv,55,96.41361724005804,93.79054175482855
56,MBC_CheongJu.csv,56,96.92181163363986,93.6187761094835
57,MBC_CheongJu.csv,57,96.69701258341472,93.56146748860677
58,MBC_CheongJu.csv,58,96.5920836130778,95.01302252875433
59,MBC_CheongJu.csv,59,96.81989627414279,93.98515997992621
60,MBC_CheongJu.csv,60,97.35117954678006,93.58334096272786
61,MBC_CheongJu.csv,61,97.18854607476129,93.88492329915364
62,MBC_CheongJu.csv,62,97.16008928087022,93.56920369466145
63,MBC_CheongJu.csv,63,96.89146847195096,93.79124196370442
64,MBC_CheongJu.csv,64,97.3001054128011,93.5484373304579
65,MBC_CheongJu.csv,65,97.35101085238986,93.62788645426433
66,MBC_CheongJu.csv,66,97.39434390597873,93.5347663031684
67,MBC_CheongJu.csv,67,96.7794812520345,94.17727406819661
68,MBC_CheongJu.csv,68,96.7940067715115,93.54830508761935
69,MBC_CheongJu.csv,69,96.72675238715277,93.56932491726346
70,MBC_CheongJu.csv,70,97.28505579630534,93.5488035413954
71,MBC_CheongJu.csv,71,96.12468422783746,93.55743323432074
72,MBC_CheongJu.csv,72,98.09762785169814,93.54663170708551
73,MBC_CheongJu.csv,73,96.88459459940593,93.94435628255208
74,MBC_CheongJu.csv,74,96.74866655137804,93.54066043429904
75,MBC_CheongJu.csv,75,96.58323076036241,93.60956319173177
76,MBC_CheongJu.csv,76,96.15200636121962,93.56765662299262
77,MBC_CheongJu.csv,77,96.43965509202745,93.53864203559027
78,MBC_CheongJu.csv,78,97.34440464443631,93.94825744628906
79,MBC_CheongJu.csv,79,96.09031910366483,93.64530944824219
80,MBC_CheongJu.csv,80,96.79484473334418,93.54107411702473
81,MBC_CheongJu.csv,81,97.23430506388347,93.71707916259766
82,MBC_CheongJu.csv,82,97.12651761372884,93.60393524169922
83,MBC_CheongJu.csv,83,97.10038820902507,93.62618764241536
84,MBC_CheongJu.csv,84,98.12614663441975,93.61348978678386
85,MBC_CheongJu.csv,85,96.33567470974393,93.65333218044705
86,MBC_CheongJu.csv,86,97.62694125705295,93.66822475857205
87,MBC_CheongJu.csv,87,96.01064766777887,93.78231726752387
88,MBC_CheongJu.csv,88,96.597870932685,93.75947825113933
89,MBC_CheongJu.csv,89,96.88773981730144,93.7310553656684
90,MBC_CheongJu.csv,90,96.79245969984267,93.61454179551866
91,MBC_CheongJu.csv,91,96.83762338426378,93.67582617865668
92,MBC_CheongJu.csv,92,96.73200564914279,93.73253207736545
93,MBC_CheongJu.csv,93,96.4177712334527,93.71231333414714
94,MBC_CheongJu.csv,94,97.05713865492079,93.75762854682074
95,MBC_CheongJu.csv,95,96.50754335191515,93.74994320339627
96,MBC_CheongJu.csv,96,96.81068505181207,93.73300509982639
97,MBC_CheongJu.csv,97,96.67292891608344,93.71046702067058
98,MBC_CheongJu.csv,98,96.29996999104817,93.70810953776042
99,MBC_CheongJu.csv,99,96.51240475972493,93.69848971896701
100,MBC_CheongJu.csv,100,96.74151039123535,93.69691636827257
101,Broad_CheongJu.csv,1,108.62398917458275,108.42317623562283
102,Broad_CheongJu.csv,2,108.08461997292258,106.93123541937933
103,Broad_CheongJu.csv,3,108.17133317427202,107.0784403483073
104,Broad_CheongJu.csv,4,107.75592845569957,105.67674001057942
105,Broad_CheongJu.csv,5,107.44537741921165,105.56528981526692
106,Broad_CheongJu.csv,6,106.63606650612572,105.40156979031033
107,Broad_CheongJu.csv,7,106.92128933993253,106.01717546251085
108,Broad_CheongJu.csv,8,106.96651125821201,106.06877560085721
109,Broad_CheongJu.csv,9,106.7266519719904,105.92273712158203
110,Broad_CheongJu.csv,10,106.97115631103516,105.80153147379558
111,Broad_CheongJu.csv,11,106.43979076038707,104.94868893093533
112,Broad_CheongJu.csv,12,106.5627421985973,104.28336079915364
113,Broad_CheongJu.csv,13,105.97248354825106,104.02659776475694
114,Broad_CheongJu.csv,14,105.98934853293679,103.92753346761067
115,Broad_CheongJu.csv,15,105.71964374889026,103.95541466606988
116,Broad_CheongJu.csv,16,105.4401626586914,103.46907297770183
117,Broad_CheongJu.csv,17,104.55121238014915,103.07411787245009
118,Broad_CheongJu.csv,18,104.99851642955433,109.82984670003255
119,Broad_CheongJu.csv,19,105.50393857088956,102.66549597846137
120,Broad_CheongJu.csv,20,104.24435022527521,103.60454220241971
121,Broad_CheongJu.csv,21,103.89066925048829,102.00174204508464
122,Broad_CheongJu.csv,22,103.9599105834961,104.33546193440755
123,Broad_CheongJu.csv,23,103.18803953690963,101.46090613471137
124,Broad_CheongJu.csv,24,103.46865927956321,101.2770750257704
125,Broad_CheongJu.csv,25,102.92752421985973,100.92982737223308
126,Broad_CheongJu.csv,26,102.89160239479759,100.73006778293185
127,Broad_CheongJu.csv,27,102.3052939675071,100.44097476535373
128,Broad_CheongJu.csv,28,102.31343480890447,100.75630781385634
129,Broad_CheongJu.csv,29,101.81115944602273,100.49705759684245
130,Broad_CheongJu.csv,30,101.64295085560192,100.30921003553603
131,Broad_CheongJu.csv,31,101.38647835471413,100.30959065755208
132,Broad_CheongJu.csv,32,100.88174993341619,99.27263047960069
133,Broad_CheongJu.csv,33,100.81727142333985,99.0172364976671
134,Broad_CheongJu.csv,34,100.71113253506748,99.86452992757161
135,Broad_CheongJu.csv,35,100.74402209195223,100.09293365478516
136,Broad_CheongJu.csv,36,100.72523276589133,98.21281263563368
137,Broad_CheongJu.csv,37,100.18217981511896,98.86329650878906
138,Broad_CheongJu.csv,38,99.85859666304155,97.89413282606337
139,Broad_CheongJu.csv,39,99.45091733065519,98.03721110026042
140,Broad_CheongJu.csv,40,99.21943844881925,97.32081773546007
141,Broad_CheongJu.csv,41,99.33869143399325,97.1342035929362
142,Broad_CheongJu.csv,42,98.75273770419034,97.02830081515842
143,Broad_CheongJu.csv,43,98.638803655451,97.79941050211589
144,Broad_CheongJu.csv,44,98.87218558571556,96.69682057698567
145,Broad_CheongJu.csv,45,98.29554027210582,96.45190684000652
146,Broad_CheongJu.csv,46,98.10760387073864,96.45314449734158
147,Broad_CheongJu.csv,47,98.0400448885831,96.31634606255426
148,Broad_CheongJu.csv,48,97.92985139326616,95.87390221489801
149,Broad_CheongJu.csv,49,97.71583626487039,96.3084945678711
150,Broad_CheongJu.csv,50,98.19400953813033,95.61371951633029
151,Broad_CheongJu.csv,51,97.59132829145952,96.14702860514323
152,Broad_CheongJu.csv,52,97.38512850674717,95.40670267740886
153,Broad_CheongJu.csv,53,97.29132274280894,95.20089043511285
154,Broad_CheongJu.csv,54,97.32852283824573,96.06698947482639
155,Broad_CheongJu.csv,55,96.96472001509233,95.14425320095486
156,Broad_CheongJu.csv,56,97.34927049116655,95.023924085829
157,Broad_CheongJu.csv,57,96.78064783269708,94.76008436414931
158,Broad_CheongJu.csv,58,96.29047033136541,94.64188808865018
159,Broad_CheongJu.csv,59,96.28421464399858,94.60979376898871
160,Broad_CheongJu.csv,60,96.2605790571733,94.41449652777777
161,Broad_CheongJu.csv,61,96.3830562244762,94.3223147922092
162,Broad_CheongJu.csv,62,96.1816619873047,94.23072052001953
163,Broad_CheongJu.csv,63,96.27857402454723,94.18026563856337
164,Broad_CheongJu.csv,64,96.00902127352627,94.07621341281467
165,Broad_CheongJu.csv,65,95.74969399192116,94.01681603325738
166,Broad_CheongJu.csv,66,95.71390422474255,94.2532467312283
167,Broad_CheongJu.csv,67,95.72762534401633,93.82033369276259
168,Broad_CheongJu.csv,68,95.62897810502486,93.8645773993598
169,Broad_CheongJu.csv,69,95.7626914284446,93.69706641303168
170,Broad_CheongJu.csv,70,95.52842989834872,93.6558371649848
171,Broad_CheongJu.csv,71,95.29365359219638,93.63840823703342
172,Broad_CheongJu.csv,72,95.23368266712535,93.70042928059895
173,Broad_CheongJu.csv,73,95.31687386252663,93.4999737209744
174,Broad_CheongJu.csv,74,95.11964125199752,93.67989857991536
175,Broad_CheongJu.csv,75,95.5190390846946,93.50319417317708
176,Broad_CheongJu.csv,76,95.28475799560547,93.36896006266277
177,Broad_CheongJu.csv,77,95.2933163729581,93.40867614746094
178,Broad_CheongJu.csv,78,95.2681605945934,93.30261569552951
179,Broad_CheongJu.csv,79,95.00238106467508,93.68283081054688
180,Broad_CheongJu.csv,80,95.08281076604669,93.28520372178819
181,Broad_CheongJu.csv,81,95.17605465975674,93.24995761447482
182,Broad_CheongJu.csv,82,94.8833670876243,93.28789944118924
183,Broad_CheongJu.csv,83,95.08580724542792,93.48763614230685
184,Broad_CheongJu.csv,84,94.95490611683239,93.15596601698134
185,Broad_CheongJu.csv,85,94.93148900812322,93.14254675971137
186,Broad_CheongJu.csv,86,94.83462066650391,93.16148800320096
187,Broad_CheongJu.csv,87,94.96898013028232,93.12059953477647
188,Broad_CheongJu.csv,88,95.04714889526367,93.11034647623698
189,Broad_CheongJu.csv,89,95.0033563787287,93.09925248887804
190,Broad_CheongJu.csv,90,95.04506613991477,93.09965260823567
191,Broad_CheongJu.csv,91,94.81814949729225,93.0846455891927
192,Broad_CheongJu.csv,92,94.64493227871982,93.08413357204861
193,Broad_CheongJu.csv,93,94.78136596679687,93.09178331163194
194,Broad_CheongJu.csv,94,94.81145831021395,93.08157602945964
195,Broad_CheongJu.csv,95,94.89224631569603,93.06922234429254
196,Broad_CheongJu.csv,96,94.72998990145597,93.06387413872613
197,Broad_CheongJu.csv,97,94.88735781582919,93.06183030870226
198,Broad_CheongJu.csv,98,94.90128090598367,93.06052822536893
199,Broad_CheongJu.csv,99,94.90440063476562,93.06018659803603
200,Broad_CheongJu.csv,100,94.56993033669211,93.05989498562283
201,MBC_DaeJeon.csv,1,93.96289714466442,98.50131564670139
202,MBC_DaeJeon.csv,2,93.18484719016335,97.77502102322049
203,MBC_DaeJeon.csv,3,92.83245891224254,97.49359554714627
204,MBC_DaeJeon.csv,4,92.3402494950728,98.3009991115994
205,MBC_DaeJeon.csv,5,91.99288711547851,97.26576826307509
206,MBC_DaeJeon.csv,6,91.95553921786221,96.57665337456598
207,MBC_DaeJeon.csv,7,91.48249976418235,96.37553999159071
208,MBC_DaeJeon.csv,8,91.398569280451,96.38782755533855
209,MBC_DaeJeon.csv,9,91.38973513516513,96.12833404541016
210,MBC_DaeJeon.csv,10,91.24231234463778,95.76838005913629
211,MBC_DaeJeon.csv,11,91.10293398770419,95.5555419921875
212,MBC_DaeJeon.csv,12,90.51829917214134,95.1002926296658
213,MBC_DaeJeon.csv,13,90.4484917380593,95.12726677788629
214,MBC_DaeJeon.csv,14,90.50837291370739,94.74639044867621
215,MBC_DaeJeon.csv,15,90.19825758500532,94.87035200330946
216,MBC_DaeJeon.csv,16,90.27910225608132,95.24083201090495
217,MBC_DaeJeon.csv,17,89.93073758212003,94.2215084499783
218,MBC_DaeJeon.csv,18,89.4212534124201,94.04107242160373
219,MBC_DaeJeon.csv,19,89.93413654674183,93.78447892930772
220,MBC_DaeJeon.csv,20,89.47699668190695,93.58328501383464
221,MBC_DaeJeon.csv,21,88.9952861439098,93.47419908311632
222,MBC_DaeJeon.csv,22,89.23984042080966,97.19476572672527
223,MBC_DaeJeon.csv,23,89.6099291714755,93.50009324815538
224,MBC_DaeJeon.csv,24,89.23731245561079,93.0257305569119
225,MBC_DaeJeon.csv,25,88.83283524946732,92.82018195258246
226,MBC_DaeJeon.csv,26,88.22233623157848,92.81935119628906
227,MBC_DaeJeon.csv,27,88.28247666792436,92.46793195936415
228,MBC_DaeJeon.csv,28,88.835783663663,94.72465684678819
229,MBC_DaeJeon.csv,29,88.27595388239081,92.28229692247179
230,MBC_DaeJeon.csv,30,88.01154986294833,92.1516842312283
231,MBC_DaeJeon.csv,31,87.98632465709339,91.90278032090929
232,MBC_DaeJeon.csv,32,87.95882776433771,92.09512668185764
233,MBC_DaeJeon.csv,33,87.52321333451705,92.04274156358507
234,MBC_DaeJeon.csv,34,87.82483957464045,91.90496487087674
235,MBC_DaeJeon.csv,35,87.98381652832032,91.45462544759114
236,MBC_DaeJeon.csv,36,87.51593419855291,91.56887986924913
237,MBC_DaeJeon.csv,37,87.41821621981533,91.49204762776692
238,MBC_DaeJeon.csv,38,87.23382526744496,91.08704545762804
239,MBC_DaeJeon.csv,39,87.45633003928445,91.27178955078125
240,MBC_DaeJeon.csv,40,87.47142680775036,91.10542127821181
241,MBC_DaeJeon.csv,41,87.29132843017578,91.82864040798611
242,MBC_DaeJeon.csv,42,87.1385722767223,91.15340762668185
243,MBC_DaeJeon.csv,43,86.97963097312234,90.7875747680664
244,MBC_DaeJeon.csv,44,86.50805046775125,90.59787156846788
245,MBC_DaeJeon.csv,45,86.64159878817472,90.36019388834636
246,MBC_DaeJeon.csv,46,86.35177723277698,90.84202999538846
247,MBC_DaeJeon.csv,47,86.64678108908913,90.80230204264323
248,MBC_DaeJeon.csv,48,86.53858864524148,91.23153093126085
249,MBC_DaeJeon.csv,49,86.50713507912376,90.25804053412543
250,MBC_DaeJeon.csv,50,86.66314142400569,90.0570051405165
251,MBC_DaeJeon.csv,51,86.26653830788352,90.03419918484158
252,MBC_DaeJeon.csv,52,86.1700605912642,90.80548689100478
253,MBC_DaeJeon.csv,53,86.46137938065962,89.86434427897136
254,MBC_DaeJeon.csv,54,86.17613525390625,89.88693745930989
255,MBC_DaeJeon.csv,55,86.13533727472479,89.80988226996527
256,MBC_DaeJeon.csv,56,86.19903821078213,89.86593627929688
257,MBC_DaeJeon.csv,57,86.05881576538086,89.79053836398654
258,MBC_DaeJeon.csv,58,85.87095697576349,89.85097334120009
259,MBC_DaeJeon.csv,59,86.07908422296697,89.61789279513889
260,MBC_DaeJeon.csv,60,86.01422091397372,89.97523244222005
261,MBC_DaeJeon.csv,61,86.00452624234286,89.74508243136935
262,MBC_DaeJeon.csv,62,85.92597975297407,89.58622148301866
263,MBC_DaeJeon.csv,63,86.43653564453125,89.6204850938585
264,MBC_DaeJeon.csv,64,85.84497985839843,89.44681633843317
265,MBC_DaeJeon.csv,65,85.57489554665305,90.07779439290364
266,MBC_DaeJeon.csv,66,85.9329764626243,89.33294253879123
267,MBC_DaeJeon.csv,67,85.66270772760565,89.4716559516059
268,MBC_DaeJeon.csv,68,85.69060863148083,89.35723707411024
269,MBC_DaeJeon.csv,69,85.60580700961026,89.52703857421875
270,MBC_DaeJeon.csv,70,85.6875382163308,89.4485600789388
271,MBC_DaeJeon.csv,71,85.66269281560724,89.21344757080078
272,MBC_DaeJeon.csv,72,85.56263566450639,89.26483578152127
273,MBC_DaeJeon.csv,73,85.70447373823686,89.2710715399848
274,MBC_DaeJeon.csv,74,85.68137123801492,89.16626569959853
275,MBC_DaeJeon.csv,75,85.55744691328569,89.25045098198785
276,MBC_DaeJeon.csv,76,85.58349928422408,89.31619347466363
277,MBC_DaeJeon.csv,77,85.5811050415039,89.14470757378473
278,MBC_DaeJeon.csv,78,85.45877345692028,89.17773861355252
279,MBC_DaeJeon.csv,79,85.47970130226828,89.46053653293185
280,MBC_DaeJeon.csv,80,85.67701270363547,89.12484825981988
281,MBC_DaeJeon.csv,81,85.62186431884766,89.1936272515191
282,MBC_DaeJeon.csv,82,85.61168573552912,89.10070207383897
283,MBC_DaeJeon.csv,83,85.29636563387784,89.16588507758246
284,MBC_DaeJeon.csv,84,85.3564693104137,89.07084401448567
285,MBC_DaeJeon.csv,85,85.31782004616477,89.0902336968316
286,MBC_DaeJeon.csv,86,85.6049560546875,89.14886813693576
287,MBC_DaeJeon.csv,87,85.5848842274059,89.0831790500217
288,MBC_DaeJeon.csv,88,85.49736494584518,89.06856113009982
289,MBC_DaeJeon.csv,89,85.41091572154652,89.05738152398004
290,MBC_DaeJeon.csv,90,85.42106170654297,89.0503175523546
291,MBC_DaeJeon.csv,91,85.46872829090465,89.05125342475043
292,MBC_DaeJeon.csv,92,85.32815385298295,89.05536651611328
293,MBC_DaeJeon.csv,93,85.57149658203124,89.04986148410373
294,MBC_DaeJeon.csv,94,85.44305184104226,89.0494647555881
295,MBC_DaeJeon.csv,95,85.50387587113813,89.06094360351562
296,MBC_DaeJeon.csv,96,85.29055356112393,89.05391608344183
297,MBC_DaeJeon.csv,97,85.39796947132457,89.0511228773329
298,MBC_DaeJeon.csv,98,85.45026897083629,89.04981655544705
299,MBC_DaeJeon.csv,99,85.26092397516425,89.04705132378473
300,MBC_DaeJeon.csv,100,85.31681560169567,89.04569074842665
301,KBS_DaeJeon.csv,1,77.51667092063211,73.85017946031358
302,KBS_DaeJeon.csv,2,75.81880208795721,72.76565975613065
303,KBS_DaeJeon.csv,3,75.23430508700284,72.59137047661676
304,KBS_DaeJeon.csv,4,75.16083054976029,72.37237379286024
305,KBS_DaeJeon.csv,5,75.68593347722833,72.92351447211371
306,KBS_DaeJeon.csv,6,74.97993115511808,71.99315600925021
307,KBS_DaeJeon.csv,7,75.18183635364879,73.02072694566515
308,KBS_DaeJeon.csv,8,74.91378950639205,72.0774048699273
309,KBS_DaeJeon.csv,9,74.87229059392756,72.10359658135309
310,KBS_DaeJeon.csv,10,74.92364703091708,72.213683658176
311,KBS_DaeJeon.csv,11,74.45807619961825,72.31155437893338
312,KBS_DaeJeon.csv,12,74.91615239923651,72.0825572543674
313,KBS_DaeJeon.csv,13,75.16997521140358,71.41633817884657
314,KBS_DaeJeon.csv,14,75.15013538707386,71.66623942057292
315,KBS_DaeJeon.csv,15,74.64849340265448,72.3155763414171
316,KBS_DaeJeon.csv,16,74.73913511796431,71.24082438151042
317,KBS_DaeJeon.csv,17,74.44279466108843,71.21850967407227
318,KBS_DaeJeon.csv,18,74.39229361794212,71.53547244601779
319,KBS_DaeJeon.csv,19,74.14075143987482,71.65170033772786
320,KBS_DaeJeon.csv,20,74.09904320456765,71.06547334459093
321,KBS_DaeJeon.csv,21,73.95418930053711,71.08985731336806
322,KBS_DaeJeon.csv,22,73.99219228571111,71.23829396565755
323,KBS_DaeJeon.csv,23,74.10435506647283,70.89183086819119
324,KBS_DaeJeon.csv,24,73.71912397904829,72.10468080308702
325,KBS_DaeJeon.csv,25,73.69476554177024,71.1422831217448
326,KBS_DaeJeon.csv,26,73.58738812533292,70.99870851304796
327,KBS_DaeJeon.csv,27,73.99991732510654,71.32725567287869
328,KBS_DaeJeon.csv,28,73.43344678011808,71.61098861694336
329,KBS_DaeJeon.csv,29,73.70200451937589,71.12891557481554
330,KBS_DaeJeon.csv,30,73.40221273248847,70.64833068847656
331,KBS_DaeJeon.csv,31,73.51548857255416,70.79613622029622
332,KBS_DaeJeon.csv,32,73.32597975297408,70.99858686659071
333,KBS_DaeJeon.csv,33,73.52836705988103,70.63487921820746
334,KBS_DaeJeon.csv,34,73.43188171386718,71.306091732449
335,KBS_DaeJeon.csv,35,73.45482829700816,70.50970713297527
336,KBS_DaeJeon.csv,36,73.43107826926492,70.69245105319553
337,KBS_DaeJeon.csv,37,73.58072558316317,70.75020090738933
338,KBS_DaeJeon.csv,38,73.10725354281338,70.48477935791016
339,KBS_DaeJeon.csv,39,73.24553562511097,70.37099202473958
340,KBS_DaeJeon.csv,40,73.24071655273437,70.47748565673828
341,KBS_DaeJeon.csv,41,73.20109308416193,72.0042724609375
342,KBS_DaeJeon.csv,42,73.71323810924183,70.63386789957683
343,KBS_DaeJeon.csv,43,73.1381401755593,70.85746426052518
344,KBS_DaeJeon.csv,44,73.09454179243608,70.63193978203668
345,KBS_DaeJeon.csv,45,72.9734893798828,70.47250874837239
346,KBS_DaeJeon.csv,46,72.98910217285156,70.67749574449327
347,KBS_DaeJeon.csv,47,73.12509522871538,70.50795533921983
348,KBS_DaeJeon.csv,48,73.1364705172452,70.62053680419922
349,KBS_DaeJeon.csv,49,72.99771617542613,71.6224242316352
350,KBS_DaeJeon.csv,50,72.75548525723543,70.4114350212945
351,KBS_DaeJeon.csv,51,73.14541202891957,70.52261182996962
352,KBS_DaeJeon.csv,52,72.83388720425692,70.46809471978082
353,KBS_DaeJeon.csv,53,72.93858268044211,70.50747468736436
354,KBS_DaeJeon.csv,54,72.878053075617,70.43317710028754
355,KBS_DaeJeon.csv,55,72.66128928444603,70.4076288011339
356,KBS_DaeJeon.csv,56,72.8230410489169,70.59054946899414
357,KBS_DaeJeon.csv,57,72.7821876525879,70.6654896206326
358,KBS_DaeJeon.csv,58,73.04072688709606,70.39722527398004
359,KBS_DaeJeon.csv,59,72.7576789855957,70.39489788479275
360,KBS_DaeJeon.csv,60,72.59826819679954,70.68518829345703
361,KBS_DaeJeon.csv,61,72.62451185746626,70.64172744750977
362,KBS_DaeJeon.csv,62,72.87600721879438,70.41158972846137
363,KBS_DaeJeon.csv,63,72.5912904219194,70.39245054456923
364,KBS_DaeJeon.csv,64,72.67476161609997,70.77819739447699
365,KBS_DaeJeon.csv,65,72.58320950594815,70.53461668226454
366,KBS_DaeJeon.csv,66,72.516966455633,70.34066772460938
367,KBS_DaeJeon.csv,67,72.63350247469815,70.28125296698676
368,KBS_DaeJeon.csv,68,72.45858591253108,70.2807265387641
369,KBS_DaeJeon.csv,69,72.61070508089932,70.41216871473524
370,KBS_DaeJeon.csv,70,72.51378777243875,70.39259592692058
371,KBS_DaeJeon.csv,71,72.61414455067028,70.34423319498698
372,KBS_DaeJeon.csv,72,72.61712514703925,70.32789018419054
373,KBS_DaeJeon.csv,73,72.52655188820579,70.32533518473308
374,KBS_DaeJeon.csv,74,72.59767990112304,70.33705266316731
375,KBS_DaeJeon.csv,75,72.40805116133257,70.36942460801866
376,KBS_DaeJeon.csv,76,72.369395793568,70.28433609008789
377,KBS_DaeJeon.csv,77,72.4820293079723,70.28113174438477
378,KBS_DaeJeon.csv,78,72.50804866443981,70.26901753743489
379,KBS_DaeJeon.csv,79,72.56076549183238,70.28433736165364
380,KBS_DaeJeon.csv,80,72.43727104880593,70.28073967827692
381,KBS_DaeJeon.csv,81,72.41236579201438,70.26958719889323
382,KBS_DaeJeon.csv,82,72.51204896406693,70.27198621961806
383,KBS_DaeJeon.csv,83,72.39758716930042,70.26999113294814
384,KBS_DaeJeon.csv,84,72.44727873368697,70.26790449354384
385,KBS_DaeJeon.csv,85,72.29287275834517,70.26804902818468
386,KBS_DaeJeon.csv,86,72.45691022005948,70.27019797431097
387,KBS_DaeJeon.csv,87,72.54226934259589,70.2624028523763
388,KBS_DaeJeon.csv,88,72.3389719876376,70.27516343858507
389,KBS_DaeJeon.csv,89,72.36385879516601,70.30208587646484
390,KBS_DaeJeon.csv,90,72.49626721468839,70.27012591891818
391,KBS_DaeJeon.csv,91,72.31662979125977,70.26124487982855
392,KBS_DaeJeon.csv,92,72.33607004339045,70.26968044704861
393,KBS_DaeJeon.csv,93,72.40780216563832,70.2606324089898
394,KBS_DaeJeon.csv,94,72.44526041204278,70.26008817884657
395,KBS_DaeJeon.csv,95,72.3699112632058,70.25912263658311
396,KBS_DaeJeon.csv,96,72.39026336669922,70.2594977484809
397,KBS_DaeJeon.csv,97,72.19097428755326,70.25916332668729
398,KBS_DaeJeon.csv,98,72.44052241932262,70.2590798272027
399,KBS_DaeJeon.csv,99,72.27035085504706,70.25847540961371
400,KBS_DaeJeon.csv,100,72.52023204456677,70.25821346706815
401,CMB_DaeJeon.csv,1,80.30816969438033,81.19487169053819
402,CMB_DaeJeon.csv,2,79.10663632479582,77.73104476928711
403,CMB_DaeJeon.csv,3,78.98938335071911,77.58317142062717
404,CMB_DaeJeon.csv,4,78.55547471479936,78.46176656087239
405,CMB_DaeJeon.csv,5,78.61714900623669,77.72057469685872
406,CMB_DaeJeon.csv,6,78.22639777443625,77.62486775716145
407,CMB_DaeJeon.csv,7,78.24684635509144,77.69090822007921
408,CMB_DaeJeon.csv,8,78.33075110695579,77.09516313340929
409,CMB_DaeJeon.csv,9,78.61974154385653,77.18431091308594
410,CMB_DaeJeon.csv,10,78.24216183749112,77.2493413289388
411,CMB_DaeJeon.csv,11,78.14301875721324,77.42333857218425
412,CMB_DaeJeon.csv,12,78.71109674627131,78.71168602837457
413,CMB_DaeJeon.csv,13,78.15040505149148,76.81307729085286
414,CMB_DaeJeon.csv,14,77.78534844138406,76.93235694037543
415,CMB_DaeJeon.csv,15,78.16218185424805,76.8759405348036
416,CMB_DaeJeon.csv,16,78.88083232532848,81.0864020453559
417,CMB_DaeJeon.csv,17,78.86254945234819,77.075134701199
418,CMB_DaeJeon.csv,18,77.82441121881658,77.5435430738661
419,CMB_DaeJeon.csv,19,78.18247590498491,77.34918848673503
420,CMB_DaeJeon.csv,20,78.02791921442206,76.74781290690105
421,CMB_DaeJeon.csv,21,78.45766344937411,76.91110568576389
422,CMB_DaeJeon.csv,22,77.70072673450817,76.64029990302191
423,CMB_DaeJeon.csv,23,78.10846550681374,77.53416273328993
424,CMB_DaeJeon.csv,24,77.84542035189541,76.9112531873915
425,CMB_DaeJeon.csv,25,77.8086540222168,77.44650607638889
426,CMB_DaeJeon.csv,26,78.53339926979758,76.65484873453777
427,CMB_DaeJeon.csv,27,77.71425725763494,77.04424540201823
428,CMB_DaeJeon.csv,28,77.75729716907848,76.925537109375
429,CMB_DaeJeon.csv,29,77.79464652321555,77.01036241319444
430,CMB_DaeJeon.csv,30,77.9017878445712,76.35137685139973
431,CMB_DaeJeon.csv,31,77.76688759543678,76.5148811340332
432,CMB_DaeJeon.csv,32,77.62998386729848,76.78015433417426
433,CMB_DaeJeon.csv,33,77.33769878040661,77.56265936957465
434,CMB_DaeJeon.csv,34,77.67269176136364,76.3435524834527
435,CMB_DaeJeon.csv,35,77.31753755049272,76.54192013210721
436,CMB_DaeJeon.csv,36,77.6021652915261,76.74155002170139
437,CMB_DaeJeon.csv,37,77.83548223322089,76.42328092787001
438,CMB_DaeJeon.csv,38,77.43973069624467,76.36918555365668
439,CMB_DaeJeon.csv,39,77.7322017322887,76.38394249810113
440,CMB_DaeJeon.csv,40,77.49592576460405,76.44968668619792
441,CMB_DaeJeon.csv,41,77.32631613991477,76.75240707397461
442,CMB_DaeJeon.csv,42,77.83673782348633,76.16061274210612
443,CMB_DaeJeon.csv,43,77.41889801025391,76.96375020345052
444,CMB_DaeJeon.csv,44,77.48303624933416,76.83600997924805
445,CMB_DaeJeon.csv,45,77.24748479669745,76.11923005845811
446,CMB_DaeJeon.csv,46,77.21781304099343,76.20255830552843
447,CMB_DaeJeon.csv,47,77.3102862964977,76.91401926676433
448,CMB_DaeJeon.csv,48,77.79779059670189,76.12259038289388
449,CMB_DaeJeon.csv,49,77.38809065385298,76.98445553249783
450,CMB_DaeJeon.csv,50,77.45989948619496,76.30112499660916
451,CMB_DaeJeon.csv,51,77.17205630215732,77.54112328423395
452,CMB_DaeJeon.csv,52,77.18162779374556,76.6958762274848
453,CMB_DaeJeon.csv,53,76.92967633334074,76.5761349995931
454,CMB_DaeJeon.csv,54,77.27790998979049,76.3951793246799
455,CMB_DaeJeon.csv,55,77.2580665588379,76.05413140190973
456,CMB_DaeJeon.csv,56,77.09442769830878,76.30138651529948
457,CMB_DaeJeon.csv,57,77.2441963889382,76.19514295789931
458,CMB_DaeJeon.csv,58,77.08662844571201,76.4744381374783
459,CMB_DaeJeon.csv,59,77.2230209350586,76.06479136149089
460,CMB_DaeJeon.csv,60,76.96565648859197,76.09022988213434
461,CMB_DaeJeon.csv,61,77.67126298384233,76.32414203219943
462,CMB_DaeJeon.csv,62,77.083015164462,76.0460845099555
463,CMB_DaeJeon.csv,63,77.09440467140891,75.9627685546875
464,CMB_DaeJeon.csv,64,77.19297575517135,76.0098368326823
465,CMB_DaeJeon.csv,65,77.22555923461914,75.99623531765408
466,CMB_DaeJeon.csv,66,77.1294278231534,75.98171954684787
467,CMB_DaeJeon.csv,67,77.08019658868963,76.10239834255643
468,CMB_DaeJeon.csv,68,76.98826349431818,75.91725243462457
469,CMB_DaeJeon.csv,69,77.02813692959872,75.95611826578777
470,CMB_DaeJeon.csv,70,77.03171074607155,76.04676394992404
471,CMB_DaeJeon.csv,71,76.92540845003995,75.95903057522244
472,CMB_DaeJeon.csv,72,76.88827549327503,76.08462821112738
473,CMB_DaeJeon.csv,73,76.97332153320312,75.88843154907227
474,CMB_DaeJeon.csv,74,77.01055769486861,75.9654189215766
475,CMB_DaeJeon.csv,75,77.06164779663087,75.91596391465929
476,CMB_DaeJeon.csv,76,76.76631143743342,75.93955400254991
477,CMB_DaeJeon.csv,77,76.860463922674,75.93339665730794
478,CMB_DaeJeon.csv,78,77.00154418945313,75.91741095648871
479,CMB_DaeJeon.csv,79,76.92012703635476,76.2860836452908
480,CMB_DaeJeon.csv,80,77.0837229642001,75.89212883843317
481,CMB_DaeJeon.csv,81,76.8092926718972,75.89650853474934
482,CMB_DaeJeon.csv,82,76.89810645363548,75.88399463229709
483,CMB_DaeJeon.csv,83,76.81264093572443,75.87754101223416
484,CMB_DaeJeon.csv,84,76.88832577792081,75.92725711398654
485,CMB_DaeJeon.csv,85,76.92354313243519,75.93745422363281
486,CMB_DaeJeon.csv,86,76.96047723943536,75.90275531344943
487,CMB_DaeJeon.csv,87,76.81824285333806,75.87132178412543
488,CMB_DaeJeon.csv,88,76.78282914595171,75.88424301147461
489,CMB_DaeJeon.csv,89,76.90105972290038,75.89400227864583
490,CMB_DaeJeon.csv,90,76.9327347495339,75.88648562961154
491,CMB_DaeJeon.csv,91,76.66781352650035,75.88947380913629
492,CMB_DaeJeon.csv,92,77.01952577070756,75.89232847425673
493,CMB_DaeJeon.csv,93,76.80442581176757,75.8942625257704
494,CMB_DaeJeon.csv,94,76.90439564098011,75.88229242960612
495,CMB_DaeJeon.csv,95,76.86480553366921,75.89318254258897
496,CMB_DaeJeon.csv,96,76.86648289073597,75.88547473483615
497,CMB_DaeJeon.csv,97,76.81319316517224,75.87689971923828
498,CMB_DaeJeon.csv,98,76.94387657859109,75.87623087565105
499,CMB_DaeJeon.csv,99,76.65856683904474,75.87587653266058
500,CMB_DaeJeon.csv,100,76.86315598921342,75.87620247734918
501,MBC_ChungJu.csv,1,172.05054362903942,130.94294908311633
502,MBC_ChungJu.csv,2,136.29827367609198,129.69175296359592
503,MBC_ChungJu.csv,3,135.1180718161843,129.78942192925348
504,MBC_ChungJu.csv,4,135.60520893443714,129.67744954427084
505,MBC_ChungJu.csv,5,134.39690579501067,131.95556131998697
506,MBC_ChungJu.csv,6,134.85208906693893,128.54410976833768
507,MBC_ChungJu.csv,7,134.47678791392934,128.44836256239148
508,MBC_ChungJu.csv,8,134.51093528053977,128.66685401068793
509,MBC_ChungJu.csv,9,134.342949329723,129.13133409288196
510,MBC_ChungJu.csv,10,134.27828285910866,128.83927408854166
511,MBC_ChungJu.csv,11,134.64121648615057,128.31646304660373
512,MBC_ChungJu.csv,12,134.06137528852983,128.55020819769965
513,MBC_ChungJu.csv,13,134.04771326238458,128.4781027899848
514,MBC_ChungJu.csv,14,134.18705083673652,130.79597981770834
515,MBC_ChungJu.csv,15,133.85207755348898,128.86886257595486
516,MBC_ChungJu.csv,16,133.8197010387074,128.63114081488715
517,MBC_ChungJu.csv,17,135.385275962136,128.15897030300565
518,MBC_ChungJu.csv,18,134.32192327325996,128.2224375406901
519,MBC_ChungJu.csv,19,133.8642809781161,129.90423329671225
520,MBC_ChungJu.csv,20,134.4448324030096,128.90037706163196
521,MBC_ChungJu.csv,21,133.68516221479936,128.07430945502387
522,MBC_ChungJu.csv,22,134.48925642533735,133.0564693874783
523,MBC_ChungJu.csv,23,134.3310236150568,128.11779106987848
524,MBC_ChungJu.csv,24,133.66291351318358,129.54405466715494
525,MBC_ChungJu.csv,25,134.03113084272906,128.52536943223743
526,MBC_ChungJu.csv,26,134.13401586359197,128.47016143798828
527,MBC_ChungJu.csv,27,134.01113100918857,128.34171295166016
528,MBC_ChungJu.csv,28,133.75038285688922,129.19529639350043
529,MBC_ChungJu.csv,29,133.87268038662998,128.29229821099176
530,MBC_ChungJu.csv,30,133.61492711847478,128.11459181043836
531,MBC_ChungJu.csv,31,133.614103976163,129.17448001437717
532,MBC_ChungJu.csv,32,133.86518457586115,129.50858052571616
533,MBC_ChungJu.csv,33,133.39360726096413,127.73098924424913
534,MBC_ChungJu.csv,34,133.55992403897372,128.95909881591797
535,MBC_ChungJu.csv,35,133.69909196333452,128.64171006944446
536,MBC_ChungJu.csv,36,133.2899053400213,127.79295349121094
537,MBC_ChungJu.csv,37,133.58196993741123,128.62813483344183
538,MBC_ChungJu.csv,38,133.57736830277875,127.91263665093317
539,MBC_ChungJu.csv,39,133.11973405317826,127.65545230441623
540,MBC_ChungJu.csv,40,133.52939813787287,127.51209174262152
541,MBC_ChungJu.csv,41,133.66603629372338,127.62400224473741
542,MBC_ChungJu.csv,42,133.2869203047319,127.58518388536241
543,MBC_ChungJu.csv,43,132.96959880482066,127.83197360568576
544,MBC_ChungJu.csv,44,133.1584701538086,128.31987508138022
545,MBC_ChungJu.csv,45,133.38881475275213,127.76844448513455
546,MBC_ChungJu.csv,46,133.43143574107776,128.1802978515625
547,MBC_ChungJu.csv,47,133.29578247070313,130.95929124620227
548,MBC_ChungJu.csv,48,133.1910028631037,127.69412316216363
549,MBC_ChungJu.csv,49,133.05774841308593,128.28091939290366
550,MBC_ChungJu.csv,50,132.9380905151367,127.71266767713759
551,MBC_ChungJu.csv,51,133.28013846657493,127.70488145616319
552,MBC_ChungJu.csv,52,133.28690587824042,127.48380279541016
553,MBC_ChungJu.csv,53,132.97159146395597,127.5758293999566
554,MBC_ChungJu.csv,54,133.29761297052556,127.84733327229817
555,MBC_ChungJu.csv,55,133.2108297174627,127.54928504096137
556,MBC_ChungJu.csv,56,132.99145091663706,127.63922458224826
557,MBC_ChungJu.csv,57,132.98029479980468,127.6001731024848
558,MBC_ChungJu.csv,58,132.85001428777522,127.53285556369357
559,MBC_ChungJu.csv,59,133.15291276411577,128.14905463324652
560,MBC_ChungJu.csv,60,132.97892802845348,128.68788316514758
561,MBC_ChungJu.csv,61,132.9150014703924,127.64674801296658
562,MBC_ChungJu.csv,62,133.05235831520775,128.9181900024414
563,MBC_ChungJu.csv,63,132.9414516102184,128.10044521755643
564,MBC_ChungJu.csv,64,133.1361735950817,127.94829389784071
565,MBC_ChungJu.csv,65,133.1360297463157,127.54245503743489
566,MBC_ChungJu.csv,66,132.91836201060903,127.61524963378906
567,MBC_ChungJu.csv,67,132.9298006924716,127.88656361897786
568,MBC_ChungJu.csv,68,133.28418592973188,128.00679779052734
569,MBC_ChungJu.csv,69,132.76492129239168,127.6298361884223
570,MBC_ChungJu.csv,70,132.80502721613104,127.67923482259114
571,MBC_ChungJu.csv,71,132.62257579456676,127.56709120008681
572,MBC_ChungJu.csv,72,132.803354436701,127.58011118570964
573,MBC_ChungJu.csv,73,132.90755545876243,127.5802739461263
574,MBC_ChungJu.csv,74,133.02172005393288,127.85386912027995
575,MBC_ChungJu.csv,75,132.65492456609553,128.7880605061849
576,MBC_ChungJu.csv,76,132.62297626842152,127.59771135118272
577,MBC_ChungJu.csv,77,132.52367734042082,127.56297895643446
578,MBC_ChungJu.csv,78,132.7787284157493,127.75861952039931
579,MBC_ChungJu.csv,79,132.69981134588068,127.54524824354384
580,MBC_ChungJu.csv,80,132.6910378196023,127.71539900037978
581,MBC_ChungJu.csv,81,132.99674488414416,128.38425530327692
582,MBC_ChungJu.csv,82,132.89059781161222,127.90758429633246
583,MBC_ChungJu.csv,83,132.67353640469636,128.04932996961804
584,MBC_ChungJu.csv,84,132.72572548606178,127.5559319390191
585,MBC_ChungJu.csv,85,132.69413729580967,127.94382052951389
586,MBC_ChungJu.csv,86,132.71080821644176,127.69504970974393
587,MBC_ChungJu.csv,87,132.64374098344283,127.65300835503473
588,MBC_ChungJu.csv,88,132.81484402743254,127.82312266031902
589,MBC_ChungJu.csv,89,132.74911776455966,127.63421885172527
590,MBC_ChungJu.csv,90,132.48561012961648,127.64243401421442
591,MBC_ChungJu.csv,91,132.5942142833363,127.6340103149414
592,MBC_ChungJu.csv,92,132.46492697975853,127.60916815863715
593,MBC_ChungJu.csv,93,132.76606958562678,127.61434512668185
594,MBC_ChungJu.csv,94,132.61443578546698,127.61401706271701
595,MBC_ChungJu.csv,95,132.27818020907316,127.5955327351888
596,MBC_ChungJu.csv,96,132.66057170521128,127.59350246853299
597,MBC_ChungJu.csv,97,132.59844110662286,127.61083051893446
598,MBC_ChungJu.csv,98,132.60937333540483,127.63478681776259
599,MBC_ChungJu.csv,99,132.67403758655894,127.62705485026042
600,MBC_ChungJu.csv,100,132.75941203724256,127.63180033365886
601,KBS_ChungJu.csv,1,113.39693534157493,122.31182861328125
602,KBS_ChungJu.csv,2,112.25229506059127,121.67738766140408
603,KBS_ChungJu.csv,3,112.28242132013494,120.02528974745009
604,KBS_ChungJu.csv,4,111.88042228005149,121.05723317464192
605,KBS_ChungJu.csv,5,111.8069575916637,120.40227169460721
606,KBS_ChungJu.csv,6,111.92424704811789,120.51593102349176
607,KBS_ChungJu.csv,7,111.75798062411222,121.19475724962022
608,KBS_ChungJu.csv,8,112.88882487903942,120.83518727620442
609,KBS_ChungJu.csv,9,112.04901983087713,119.97532738579645
610,KBS_ChungJu.csv,10,111.84185763272372,120.1233376397027
611,KBS_ChungJu.csv,11,111.86447878750887,119.86318715413411
612,KBS_ChungJu.csv,12,111.68581265536221,122.75965203179254
613,KBS_ChungJu.csv,13,111.83352744362571,120.62283494737413
614,KBS_ChungJu.csv,14,111.97067621404474,120.51416100396051
615,KBS_ChungJu.csv,15,112.04896198619495,122.11559210883246
616,KBS_ChungJu.csv,16,111.89083265824752,122.22182379828558
617,KBS_ChungJu.csv,17,111.64859438809482,121.4280776977539
618,KBS_ChungJu.csv,18,111.86759948730469,120.64021131727431
619,KBS_ChungJu.csv,19,111.58061121160334,120.86104159884982
620,KBS_ChungJu.csv,20,111.53274175470526,119.85964711507161
621,KBS_ChungJu.csv,21,111.59576221812856,120.07575310601129
622,KBS_ChungJu.csv,22,111.56712493896484,122.44078996446397
623,KBS_ChungJu.csv,23,111.76180988658558,120.90416887071397
624,KBS_ChungJu.csv,24,111.40717329545454,120.56397332085504
625,KBS_ChungJu.csv,25,111.33263660777699,122.09078047010634
626,KBS_ChungJu.csv,26,111.6041469227184,119.6691165500217
627,KBS_ChungJu.csv,27,111.35042017156428,121.7469974093967
628,KBS_ChungJu.csv,28,111.63802434747869,120.56898244222005
629,KBS_ChungJu.csv,29,111.51643704501065,120.04937150743272
630,KBS_ChungJu.csv,30,111.37048242742365,120.65628136528863
631,KBS_ChungJu.csv,31,111.37193492542613,120.11653900146484
632,KBS_ChungJu.csv,32,111.2241319136186,119.9697757297092
633,KBS_ChungJu.csv,33,111.43336805863814,120.07588450113933
634,KBS_ChungJu.csv,34,111.3282362504439,120.11781565348308
635,KBS_ChungJu.csv,35,112.63195232044566,124.42093997531467
636,KBS_ChungJu.csv,36,111.57534290660512,121.81662495930989
637,KBS_ChungJu.csv,37,111.15801585804333,122.87345462375217
638,KBS_ChungJu.csv,38,111.41529319069602,120.13445705837674
639,KBS_ChungJu.csv,39,111.40898770419034,119.43016984727647
640,KBS_ChungJu.csv,40,110.84956498579545,119.5407977634006
641,KBS_ChungJu.csv,41,111.12120083895597,120.78707122802734
642,KBS_ChungJu.csv,42,111.36842498779296,120.10997094048395
643,KBS_ChungJu.csv,43,111.30828482887962,121.71571858723958
644,KBS_ChungJu.csv,44,111.15229020552202,119.67483605278863
645,KBS_ChungJu.csv,45,111.08987690318715,119.70254940456815
646,KBS_ChungJu.csv,46,110.76790424693715,119.26990848117404
647,KBS_ChungJu.csv,47,110.9421797318892,119.99027591281467
648,KBS_ChungJu.csv,48,110.85663008256392,121.10821363661024
649,KBS_ChungJu.csv,49,111.01446283513849,119.31832970513238
650,KBS_ChungJu.csv,50,110.84143815474077,119.71517096625433
651,KBS_ChungJu.csv,51,111.29215046275746,119.1406758626302
652,KBS_ChungJu.csv,52,110.73203055641868,120.13828955756293
653,KBS_ChungJu.csv,53,110.80754352916371,119.25868225097656
654,KBS_ChungJu.csv,54,110.50961539528586,119.30615997314453
655,KBS_ChungJu.csv,55,110.73706151788885,119.77162679036458
656,KBS_ChungJu.csv,56,110.80085865367542,119.17732832166884
657,KBS_ChungJu.csv,57,110.73874428488992,119.46758948432074
658,KBS_ChungJu.csv,58,110.70566267533736,119.23169623480902
659,KBS_ChungJu.csv,59,110.32334858287464,121.64800771077473
660,KBS_ChungJu.csv,60,110.66406596790661,119.17860158284505
661,KBS_ChungJu.csv,61,110.76882213245739,119.43223571777344
662,KBS_ChungJu.csv,62,110.61909831653942,121.42500729031033
663,KBS_ChungJu.csv,63,110.29490120627663,119.85851203070746
664,KBS_ChungJu.csv,64,110.5659687389027,119.9452150132921
665,KBS_ChungJu.csv,65,110.80908078280362,119.56871795654297
666,KBS_ChungJu.csv,66,110.6075594815341,119.54324679904514
667,KBS_ChungJu.csv,67,110.49427601207387,119.79904174804688
668,KBS_ChungJu.csv,68,110.30460801558061,119.80879889594183
669,KBS_ChungJu.csv,69,110.41460099653764,119.26024797227647
670,KBS_ChungJu.csv,70,110.52151447642933,119.16908094618056
671,KBS_ChungJu.csv,71,110.4277250810103,119.84791480170355
672,KBS_ChungJu.csv,72,110.66520732532848,121.04469553629558
673,KBS_ChungJu.csv,73,110.5086201060902,119.71205817328558
674,KBS_ChungJu.csv,74,110.3795766657049,119.29893832736545
675,KBS_ChungJu.csv,75,110.39712233109908,119.53578101264105
676,KBS_ChungJu.csv,76,110.55318201238458,119.47552998860677
677,KBS_ChungJu.csv,77,110.38728970614346,119.54610782199435
678,KBS_ChungJu.csv,78,110.40934489857067,119.62555355495877
679,KBS_ChungJu.csv,79,110.34103393554688,119.19389173719618
680,KBS_ChungJu.csv,80,110.59107971191406,119.67670271131728
681,KBS_ChungJu.csv,81,110.6508618441495,119.48153940836589
682,KBS_ChungJu.csv,82,110.40548706054688,119.55147128634982
683,KBS_ChungJu.csv,83,110.33856423117898,119.47247992621527
684,KBS_ChungJu.csv,84,110.53269875266335,119.46094852023654
685,KBS_ChungJu.csv,85,110.59300315163352,119.65981207953558
686,KBS_ChungJu.csv,86,110.24296223033558,119.25747680664062
687,KBS_ChungJu.csv,87,110.52251905961471,119.41175418429904
688,KBS_ChungJu.csv,88,110.49519764293323,119.48776329888238
689,KBS_ChungJu.csv,89,110.16922593550248,119.41781277126736
690,KBS_ChungJu.csv,90,110.25134527033026,119.34360673692491
691,KBS_ChungJu.csv,91,110.20369817560369,119.44291856553819
692,KBS_ChungJu.csv,92,110.46442746249112,119.3085225423177
693,KBS_ChungJu.csv,93,110.52576252330434,119.46878729926215
694,KBS_ChungJu.csv,94,110.4314580743963,119.44144015842014
695,KBS_ChungJu.csv,95,110.37641240900213,119.37919616699219
696,KBS_ChungJu.csv,96,110.40733809037643,119.39739990234375
697,KBS_ChungJu.csv,97,110.44619889692827,119.41593000623915
698,KBS_ChungJu.csv,98,110.35176058682528,119.41763220893012
699,KBS_ChungJu.csv,99,110.26166437322443,119.42657216389973
700,KBS_ChungJu.csv,100,110.44492562033913,119.43032667371962
701,KBS_main.csv,1,75.40448317094283,64.62952465481229
702,KBS_main.csv,2,64.66466979980468,59.76545927259657
703,KBS_main.csv,3,61.42393389615145,56.42656792534722
704,KBS_main.csv,4,58.58677458329634,54.23241678873698
705,KBS_main.csv,5,57.93280445445668,53.842967139350044
706,KBS_main.csv,6,56.59941704489968,52.928785959879555
707,KBS_main.csv,7,56.10284846912731,51.673785315619575
708,KBS_main.csv,8,56.31867772882635,51.553836822509766
709,KBS_main.csv,9,55.55538954301314,51.05916256374783
710,KBS_main.csv,10,55.31333829706365,50.879329681396484
711,KBS_main.csv,11,55.10833462801847,50.44497934977213
712,KBS_main.csv,12,55.450728884610264,54.39220640394423
713,KBS_main.csv,13,55.10008690573952,50.205643547905815
714,KBS_main.csv,14,54.84777402010831,51.869486490885414
715,KBS_main.csv,15,54.936044658314096,50.15578163994683
716,KBS_main.csv,16,54.404599484530365,49.86057154337565
717,KBS_main.csv,17,54.71556992964311,49.84116999308268
718,KBS_main.csv,18,54.45396555120295,49.667823791503906
719,KBS_main.csv,19,54.23600949374112,49.82298914591471
720,KBS_main.csv,20,54.18230361938477,49.773134019639755
721,KBS_main.csv,21,54.151307886297054,49.54602601793077
722,KBS_main.csv,22,54.10492532903498,49.63797251383463
723,KBS_main.csv,23,53.975842423872514,49.53567801581489
724,KBS_main.csv,24,54.12825684980913,49.75877041286893
725,KBS_main.csv,25,54.71870672052557,49.3254508972168
726,KBS_main.csv,26,54.08153270374645,49.50195778740777
727,KBS_main.csv,27,53.835431254993786,49.99436696370443
728,KBS_main.csv,28,53.972894425825636,49.735970391167534
729,KBS_main.csv,29,53.86629111550071,49.178550720214844
730,KBS_main.csv,30,53.75166008689187,49.19145202636719
731,KBS_main.csv,31,53.78272954767401,49.12855572170682
732,KBS_main.csv,32,53.74191006747159,49.12487284342448
733,KBS_main.csv,33,54.06910469748757,50.276923709445526
734,KBS_main.csv,34,53.85411876331676,49.42363823784722
735,KBS_main.csv,35,53.75273305719549,49.27374564276801
736,KBS_main.csv,36,53.80579601634633,48.96446821424696
737,KBS_main.csv,37,53.78406025279652,48.84944322374132
738,KBS_main.csv,38,53.54767532348633,48.82850689358182
739,KBS_main.csv,39,53.53493915904652,48.95497131347656
740,KBS_main.csv,40,53.51281960227273,48.837259928385414
741,KBS_main.csv,41,53.40493927001953,48.84666527642144
742,KBS_main.csv,42,53.616381003639916,48.97231801350912
743,KBS_main.csv,43,53.356026042591445,49.317662980821396
744,KBS_main.csv,44,53.58275749900124,48.718111250135635
745,KBS_main.csv,45,53.7030065016313,49.422898610432945
746,KBS_main.csv,46,53.465480249578306,48.84807671440972
747,KBS_main.csv,47,53.442839119651104,48.676366594102646
748,KBS_main.csv,48,53.352804565429686,48.62687725490994
749,KBS_main.csv,49,53.046687316894534,48.579658932156036
750,KBS_main.csv,50,53.11683543812145,48.62408362494575
751,KBS_main.csv,51,53.21754344593395,48.58872265285916
752,KBS_main.csv,52,53.27560944990678,48.502233293321396
753,KBS_main.csv,53,53.24681015014649,48.45298555162218
754,KBS_main.csv,54,53.252464363791724,48.53103680080838
755,KBS_main.csv,55,53.16084532304244,48.50596194797092
756,KBS_main.csv,56,53.12279052734375,48.5608033074273
757,KBS_main.csv,57,52.98186909068715,48.4251963297526
758,KBS_main.csv,58,53.199858162619854,48.42205301920573
759,KBS_main.csv,59,52.9907565723766,48.484825981987846
760,KBS_main.csv,60,53.0066799510609,48.33678944905599
761,KBS_main.csv,61,53.00517702969638,48.33215459187826
762,KBS_main.csv,62,52.99915577281605,48.42539638943143
763,KBS_main.csv,63,53.20906698053533,48.95421897040473
764,KBS_main.csv,64,53.03346821178089,48.29816097683377
765,KBS_main.csv,65,52.94451217651367,48.509032779269745
766,KBS_main.csv,66,52.988055523959076,48.3133430480957
767,KBS_main.csv,67,52.988847836581144,48.6298942565918
768,KBS_main.csv,68,52.90219289606268,48.250771840413414
769,KBS_main.csv,69,52.83262190385298,48.25919850667318
770,KBS_main.csv,70,52.87600818980824,48.28282801310221
771,KBS_main.csv,71,52.81426030939276,48.40860366821289
772,KBS_main.csv,72,52.92948254671964,48.226104736328125
773,KBS_main.csv,73,52.92251670143821,48.446569230821396
774,KBS_main.csv,74,52.79326463179155,48.1949840121799
775,KBS_main.csv,75,52.747712568803266,48.31245591905382
776,KBS_main.csv,76,52.88515285145153,48.24547407362196
777,KBS_main.csv,77,52.78386764526367,48.190655602349175
778,KBS_main.csv,78,52.665710137107155,48.18036905924479
779,KBS_main.csv,79,52.73871473832564,48.180579291449654
780,KBS_main.csv,80,52.7842416936701,48.16535441080729
781,KBS_main.csv,81,52.80918780240145,48.16291512383355
782,KBS_main.csv,82,52.82875574285334,48.18695619371202
783,KBS_main.csv,83,52.69682221846147,48.16658189561632
784,KBS_main.csv,84,52.66755537553267,48.181423611111114
785,KBS_main.csv,85,52.701570545543326,48.17556677924262
786,KBS_main.csv,86,52.60654088800604,48.151353200276695
787,KBS_main.csv,87,52.75252144553445,48.1623780992296
788,KBS_main.csv,88,52.66702083240856,48.232605404324005
789,KBS_main.csv,89,52.72350151755593,48.14581722683377
790,KBS_main.csv,90,52.7825908314098,48.146370781792534
791,KBS_main.csv,91,52.7150274103338,48.14523018731011
792,KBS_main.csv,92,52.717910627885296,48.144991132948135
793,KBS_main.csv,93,52.81019883589311,48.15900590684679
794,KBS_main.csv,94,52.713494318181816,48.143994649251304
795,KBS_main.csv,95,52.67752352627841,48.14232423570421
796,KBS_main.csv,96,52.71801140525124,48.141806284586586
797,KBS_main.csv,97,52.53689068880948,48.1441396077474
798,KBS_main.csv,98,52.737146412242545,48.14288796318902
799,KBS_main.csv,99,52.67078496759588,48.14143922593858
800,KBS_main.csv,100,52.68459625244141,48.142585330539276
801,SBS.csv,1,54.798869254372335,54.41269641452365
802,SBS.csv,2,54.47524809403853,54.250701904296875
803,SBS.csv,3,54.96925704262473,56.08102374606662
804,SBS.csv,4,54.70060050270774,55.636930253770615
805,SBS.csv,5,54.412753781405364,54.02171368069119
806,SBS.csv,6,54.404104267467154,54.07673814561632
807,SBS.csv,7,54.52896846424449,53.916923099093964
808,SBS.csv,8,54.29107991998846,54.098331451416016
809,SBS.csv,9,54.22094560102983,55.920118967692055
810,SBS.csv,10,54.57049276178533,55.66761949327257
811,SBS.csv,11,54.36003952026367,53.89630381266276
812,SBS.csv,12,53.98893231478604,54.16414599948459
813,SBS.csv,13,54.263431549072266,53.7707888285319
814,SBS.csv,14,53.88263584483754,54.0917116800944
815,SBS.csv,15,54.0140045859597,53.766383700900604
816,SBS.csv,16,53.93035104924982,53.87037022908529
817,SBS.csv,17,53.9196477023038,54.62892489963107
818,SBS.csv,18,54.201969077370386,53.9341909620497
819,SBS.csv,19,53.569150265780365,53.59218385484483
820,SBS.csv,20,53.78131734674627,53.717286851671005
821,SBS.csv,21,53.717616618763316,54.21159150865343
822,SBS.csv,22,53.90157817493785,53.53765360514323
823,SBS.csv,23,53.66558754660866,54.70456314086914
824,SBS.csv,24,53.68997768055309,53.42426088121202
825,SBS.csv,25,53.53927771828391,53.49801254272461
826,SBS.csv,26,53.44859126697887,53.37366273668077
827,SBS.csv,27,53.45905817205256,53.45981894599067
828,SBS.csv,28,53.51896979592063,53.402329762776695
829,SBS.csv,29,53.54869017167525,54.05571407741971
830,SBS.csv,30,53.5619985407049,53.41858418782552
831,SBS.csv,31,53.41514580466531,53.273566775851776
832,SBS.csv,32,53.84215677434748,53.664938608805336
833,SBS.csv,33,53.326775568181816,53.16279813978407
834,SBS.csv,34,53.32798281582919,53.19746356540256
835,SBS.csv,35,53.31847790804776,53.060349782307945
836,SBS.csv,36,53.19011528708718,53.09356265597873
837,SBS.csv,37,53.273761402476914,53.05633672078451
838,SBS.csv,38,53.14780890724876,53.49155807495117
839,SBS.csv,39,52.94870654019442,53.031344943576386
840,SBS.csv,40,53.05322404341264,53.178326500786675
841,SBS.csv,41,53.23221012462269,52.87201690673828
842,SBS.csv,42,53.11948720758612,52.90845913357205
843,SBS.csv,43,53.13356461958452,52.86809370252821
844,SBS.csv,44,53.20293093594638,53.093652937147354
845,SBS.csv,45,53.01812119917436,52.92390229966905
846,SBS.csv,46,52.849599248712714,52.74407662285699
847,SBS.csv,47,52.73749812733043,52.74544355604384
848,SBS.csv,48,52.97985187877308,52.941016303168404
849,SBS.csv,49,52.948829650878906,52.69882498847114
850,SBS.csv,50,52.68715619173917,52.78461201985677
851,SBS.csv,51,52.77554449601607,52.900093502468536
852,SBS.csv,52,52.74216509732333,52.62511274549696
853,SBS.csv,53,52.90195666226474,52.89812469482422
854,SBS.csv,54,52.9804030678489,52.602300855848526
855,SBS.csv,55,52.73384649103338,52.733170403374565
856,SBS.csv,56,52.51870574951172,52.98509301079644
857,SBS.csv,57,52.53719940185547,52.500007205539276
858,SBS.csv,58,52.518502391468395,52.94678158230252
859,SBS.csv,59,52.594550947709514,52.499667697482636
860,SBS.csv,60,52.39560685591264,52.46989440917969
861,SBS.csv,61,52.574703875454986,52.478141360812714
862,SBS.csv,62,52.331278922341085,52.90366660224067
863,SBS.csv,63,52.416969229958276,52.389652252197266
864,SBS.csv,64,52.4698393388228,52.4871448940701
865,SBS.csv,65,52.43350178111683,52.44833670722114
866,SBS.csv,66,52.448798162286934,52.85210206773546
867,SBS.csv,67,52.46169267134233,52.396185557047524
868,SBS.csv,68,52.34534280950373,52.78922483656142
869,SBS.csv,69,52.37372221513228,52.38020239935981
870,SBS.csv,70,52.22008375688033,52.31583489312066
871,SBS.csv,71,52.21675186157226,52.35795423719618
872,SBS.csv,72,52.338397563587534,52.393988291422524
873,SBS.csv,73,52.19492950439453,52.301414489746094
874,SBS.csv,74,52.19827915538441,52.28575558132596
875,SBS.csv,75,52.06638176657937,52.358500162760414
876,SBS.csv,76,52.28588523864746,52.26928371853299
877,SBS.csv,77,52.33070057955655,52.38382212320963
878,SBS.csv,78,52.256758429787375,52.286987728542755
879,SBS.csv,79,52.26695882623846,52.20869488186307
880,SBS.csv,80,52.43758579600941,52.33371141221788
881,SBS.csv,81,52.26004208651456,52.281337314181854
882,SBS.csv,82,52.08211683793501,52.410850524902344
883,SBS.csv,83,52.12909864945845,52.21054712931315
884,SBS.csv,84,52.05653201016513,52.206307305230034
885,SBS.csv,85,52.157312566583805,52.183404710557724
886,SBS.csv,86,52.083594512939456,52.2184215121799
887,SBS.csv,87,52.23094593394887,52.25021531846788
888,SBS.csv,88,52.205978670987214,52.28582678900825
889,SBS.csv,89,51.985044652765446,52.20361540052626
890,SBS.csv,90,52.11551069779829,52.22547912597656
891,SBS.csv,91,52.22943032004616,52.21754286024306
892,SBS.csv,92,52.193509084528145,52.22895982530382
893,SBS.csv,93,52.02348147305575,52.2490603129069
894,SBS.csv,94,52.13521454551003,52.210081312391495
895,SBS.csv,95,52.11902486627752,52.20234298706055
896,SBS.csv,96,52.11549599387429,52.210422092013886
897,SBS.csv,97,52.08824899846857,52.22246297200521
898,SBS.csv,98,52.14254802357067,52.212746938069664
899,SBS.csv,99,52.0896220814098,52.212700313991974
900,SBS.csv,100,52.04541244506836,52.21136686537001
901,MBC_sa.csv,1,103.60418465354226,99.73393927680121
902,MBC_sa.csv,2,103.05488891601563,99.39493645562067
903,MBC_sa.csv,3,102.57769040194425,99.06041378445096
904,MBC_sa.csv,4,102.43141229802912,99.91531626383464
905,MBC_sa.csv,5,103.24017458829013,99.06462860107422
906,MBC_sa.csv,6,101.91308191472834,99.07703145345052
907,MBC_sa.csv,7,102.28212613192471,99.0230712890625
908,MBC_sa.csv,8,101.83402182839133,98.76707288953993
909,MBC_sa.csv,9,102.1350535999645,98.7489479912652
910,MBC_sa.csv,10,101.99713467684658,99.94268968370226
911,MBC_sa.csv,11,101.58681668368253,99.56667751736111
912,MBC_sa.csv,12,101.58849736993963,98.33324771457248
913,MBC_sa.csv,13,101.32977766557174,98.29699961344402
914,MBC_sa.csv,14,100.93851921775125,98.55899047851562
915,MBC_sa.csv,15,101.78439435091886,99.65393151177301
916,MBC_sa.csv,16,101.97145399613814,98.20200941297743
917,MBC_sa.csv,17,101.06764221191406,98.00840674506293
918,MBC_sa.csv,18,101.28983348499645,98.1111797756619
919,MBC_sa.csv,19,100.99734913219105,97.91294606526692
920,MBC_sa.csv,20,100.99161141135475,102.34977552625868
921,MBC_sa.csv,21,101.11794267134233,98.3229488796658
922,MBC_sa.csv,22,101.14349698153408,101.94405195448134
923,MBC_sa.csv,23,101.56875055486506,97.81645880805121
924,MBC_sa.csv,24,101.00894983465021,98.16776360405817
925,MBC_sa.csv,25,100.81174732555043,97.75346289740668
926,MBC_sa.csv,26,100.75440743186257,97.9807374742296
927,MBC_sa.csv,27,100.74910666725852,97.92205386691623
928,MBC_sa.csv,28,100.58172746138139,97.85406917995877
929,MBC_sa.csv,29,100.82884535356001,98.13846672905817
930,MBC_sa.csv,30,100.99263381958008,99.79358842637804
931,MBC_sa.csv,31,100.89149530584162,97.42040676540799
932,MBC_sa.csv,32,100.39717809503729,97.42628224690755
933,MBC_sa.csv,33,100.29168916182084,97.19583553738065
934,MBC_sa.csv,34,100.07569566206499,97.36081186930339
935,MBC_sa.csv,35,100.03659695712003,97.5036866929796
936,MBC_sa.csv,36,100.25794760964133,97.49837578667535
937,MBC_sa.csv,37,100.22199186845259,97.47881995307074
938,MBC_sa.csv,38,100.08633839000355,97.23685624864366
939,MBC_sa.csv,39,99.97588348388672,97.10536024305556
940,MBC_sa.csv,40,99.89649283669212,97.05010392930772
941,MBC_sa.csv,41,99.78931600397283,97.21299489339192
942,MBC_sa.csv,42,99.83669752641158,97.03660753038194
943,MBC_sa.csv,43,99.7550483010032,97.56626892089844
944,MBC_sa.csv,44,99.55106561834162,97.75301021999783
945,MBC_sa.csv,45,99.70977464155717,96.88119082980685
946,MBC_sa.csv,46,100.05351673473011,98.38913133409288
947,MBC_sa.csv,47,99.71154341264204,98.88472663031683
948,MBC_sa.csv,48,100.09974601052024,96.81535254584418
949,MBC_sa.csv,49,99.16089775779031,96.96010504828558
950,MBC_sa.csv,50,99.55734058726918,96.67628224690755
951,MBC_sa.csv,51,99.73029063831676,96.9605975680881
952,MBC_sa.csv,52,99.66490839177912,96.93636915418837
953,MBC_sa.csv,53,99.49996989857067,96.57325829399957
954,MBC_sa.csv,54,99.23957075639204,96.79423692491319
955,MBC_sa.csv,55,99.308759654652,96.61438073052301
956,MBC_sa.csv,56,99.56079656427556,96.81407758924696
957,MBC_sa.csv,57,99.01498010808771,96.60248396131728
958,MBC_sa.csv,58,99.1625425858931,96.83404710557726
959,MBC_sa.csv,59,99.3498604514382,96.62423112657335
960,MBC_sa.csv,60,99.18812533291903,96.74265374077692
961,MBC_sa.csv,61,98.80510475852273,96.49527570936415
962,MBC_sa.csv,62,98.84660505814986,97.20753139919705
963,MBC_sa.csv,63,98.789373848655,96.40700446234808
964,MBC_sa.csv,64,98.85305841619318,96.37394120958116
965,MBC_sa.csv,65,98.6196723244407,96.4075910780165
966,MBC_sa.csv,66,98.9309136130593,96.4931886461046
967,MBC_sa.csv,67,98.79776944247159,97.34511311848958
968,MBC_sa.csv,68,99.11747963645242,96.57662540011935
969,MBC_sa.csv,69,98.55287087180398,96.2352066040039
970,MBC_sa.csv,70,98.80670082785866,96.55948808458116
971,MBC_sa.csv,71,98.73664412064986,96.25867377387152
972,MBC_sa.csv,72,98.89025435014204,96.56407843695746
973,MBC_sa.csv,73,98.68278766978871,96.51338619656033
974,MBC_sa.csv,74,98.37207863547586,96.21930270724826
975,MBC_sa.csv,75,98.50865249633789,96.55269707573785
976,MBC_sa.csv,76,98.70187863436612,96.24196285671658
977,MBC_sa.csv,77,98.79411093971946,96.21603902180989
978,MBC_sa.csv,78,98.89595406272194,96.21302795410156
979,MBC_sa.csv,79,98.69687000621448,96.22478739420573
980,MBC_sa.csv,80,98.78390794233842,96.24309878879123
981,MBC_sa.csv,81,98.75479542125355,96.21340603298611
982,MBC_sa.csv,82,98.65861733176492,96.22961086697049
983,MBC_sa.csv,83,98.53682063709606,96.2146708170573
984,MBC_sa.csv,84,98.62489776611328,96.18051656087239
985,MBC_sa.csv,85,98.48935338800604,96.17672136094835
986,MBC_sa.csv,86,98.49607308127663,96.14466179741754
987,MBC_sa.csv,87,98.61239804354581,96.14484405517578
988,MBC_sa.csv,88,98.55874633789062,96.18560112847223
989,MBC_sa.csv,89,98.60203191583807,96.15190972222223
990,MBC_sa.csv,90,98.42248451926491,96.117429945204
991,MBC_sa.csv,91,98.26413490988992,96.1172103881836
992,MBC_sa.csv,92,98.43802171186967,96.14513481987848
993,MBC_sa.csv,93,98.5479628129439,96.1221694946289
994,MBC_sa.csv,94,98.57768443714488,96.12436760796442
995,MBC_sa.csv,95,98.45482829700816,96.12407090928819
996,MBC_sa.csv,96,98.38122156316584,96.13023037380643
997,MBC_sa.csv,97,98.41174649325283,96.13225979275174
998,MBC_sa.csv,98,98.25228028730912,96.1313985188802
999,MBC_sa.csv,99,98.48282970081677,96.13002353244357
1000,MBC_sa.csv,100,98.57443292791193,96.12884182400174
1001,KBS_KangNeung.csv,1,228.5248446377841,167.94927469889322
1002,KBS_KangNeung.csv,2,149.26103737571023,152.08744472927518
1003,KBS_KangNeung.csv,3,138.45713251287287,145.2463353474935
1004,KBS_KangNeung.csv,4,132.22067552046343,141.31866963704428
1005,KBS_KangNeung.csv,5,128.75230102539064,140.08883582221137
1006,KBS_KangNeung.csv,6,126.70178125554865,136.77035776774088
1007,KBS_KangNeung.csv,7,125.75818536931818,137.71571350097656
1008,KBS_KangNeung.csv,8,123.5189429543235,133.53147888183594
1009,KBS_KangNeung.csv,9,121.49124228737571,132.59191046820746
1010,KBS_KangNeung.csv,10,119.78675134832208,132.2573471069336
1011,KBS_KangNeung.csv,11,119.49550170898438,129.37408023410373
1012,KBS_KangNeung.csv,12,118.06749489524148,128.234011332194
1013,KBS_KangNeung.csv,13,117.17025160356002,127.38004557291667
1014,KBS_KangNeung.csv,14,116.84590010209517,127.99100494384766
1015,KBS_KangNeung.csv,15,114.83734130859375,125.36796569824219
1016,KBS_KangNeung.csv,16,113.6866889260032,124.67313385009766
1017,KBS_KangNeung.csv,17,112.79801982532848,123.6988991631402
1018,KBS_KangNeung.csv,18,111.44581839821555,122.2612567477756
1019,KBS_KangNeung.csv,19,110.73085243918679,122.4112082587348
1020,KBS_KangNeung.csv,20,109.58975469415839,121.09601508246527
1021,KBS_KangNeung.csv,21,109.73490614457565,121.39058515760634
1022,KBS_KangNeung.csv,22,108.67890014648438,119.78013780381944
1023,KBS_KangNeung.csv,23,107.58167682994495,119.34971194797092
1024,KBS_KangNeung.csv,24,106.83852566805753,118.15779791937933
1025,KBS_KangNeung.csv,25,106.07625122070313,117.39460839165582
1026,KBS_KangNeung.csv,26,105.49338753440163,116.4124510023329
1027,KBS_KangNeung.csv,27,105.37170548872514,115.90227339002821
1028,KBS_KangNeung.csv,28,104.58784581964666,115.16937849256728
1029,KBS_KangNeung.csv,29,103.33373565673828,114.83450826009114
1030,KBS_KangNeung.csv,30,103.72506595958363,113.57319471571181
1031,KBS_KangNeung.csv,31,102.50613389448687,114.386476304796
1032,KBS_KangNeung.csv,32,102.12614718350497,112.94839986165364
1033,KBS_KangNeung.csv,33,101.35346180308949,112.48026784261067
1034,KBS_KangNeung.csv,34,101.32227325439453,111.76286994086371
1035,KBS_KangNeung.csv,35,100.96820609352805,111.3922602335612
1036,KBS_KangNeung.csv,36,101.04612135453658,110.82753329806857
1037,KBS_KangNeung.csv,37,99.67009499289773,110.69905938042535
1038,KBS_KangNeung.csv,38,99.7016206221147,110.97547403971355
1039,KBS_KangNeung.csv,39,99.45133590698242,110.00440300835504
1040,KBS_KangNeung.csv,40,99.1026215986772,109.65525987413194
1041,KBS_KangNeung.csv,41,98.41635166515003,109.51476372612848
1042,KBS_KangNeung.csv,42,98.30083944147283,108.74163309733073
1043,KBS_KangNeung.csv,43,98.17404965487394,108.46470218234592
1044,KBS_KangNeung.csv,44,97.84028847434304,108.3290278116862
1045,KBS_KangNeung.csv,45,97.97545360218395,108.83738538953993
1046,KBS_KangNeung.csv,46,97.48500366210938,107.53233761257596
1047,KBS_KangNeung.csv,47,97.03627222234553,107.92589569091797
1048,KBS_KangNeung.csv,48,96.79938146417791,107.50712161593967
1049,KBS_KangNeung.csv,49,96.63358487215909,107.4063958062066
1050,KBS_KangNeung.csv,50,96.40836736505682,106.79872216118707
1051,KBS_KangNeung.csv,51,96.4557070645419,107.29694451226129
1052,KBS_KangNeung.csv,52,95.97703427401456,106.36853112114801
1053,KBS_KangNeung.csv,53,96.2814658425071,106.64309861924913
1054,KBS_KangNeung.csv,54,96.01788156682795,108.86212327745226
1055,KBS_KangNeung.csv,55,96.30992057106711,107.04145134819879
1056,KBS_KangNeung.csv,56,95.78462080522017,106.08156246609158
1057,KBS_KangNeung.csv,57,95.71732039018111,106.01965416802301
1058,KBS_KangNeung.csv,58,95.57345053932883,106.76506974962022
1059,KBS_KangNeung.csv,59,95.36642747358842,106.13863118489583
1060,KBS_KangNeung.csv,60,95.27819616144353,105.7887429131402
1061,KBS_KangNeung.csv,61,95.2147538618608,105.65495130750868
1062,KBS_KangNeung.csv,62,95.18858483054422,105.28951178656683
1063,KBS_KangNeung.csv,63,95.00480124733664,105.45538499620226
1064,KBS_KangNeung.csv,64,94.90846661654386,106.40548790825738
1065,KBS_KangNeung.csv,65,95.48111620816317,106.50310516357422
1066,KBS_KangNeung.csv,66,94.847810086337,105.00079854329427
1067,KBS_KangNeung.csv,67,94.8794720736417,105.53663889567058
1068,KBS_KangNeung.csv,68,94.77591746937145,104.86824035644531
1069,KBS_KangNeung.csv,69,94.61552311290394,105.66183047824435
1070,KBS_KangNeung.csv,70,94.39481957175515,104.9602517022027
1071,KBS_KangNeung.csv,71,94.59619889692827,104.89436340332031
1072,KBS_KangNeung.csv,72,94.68093372691762,104.9290279812283
1073,KBS_KangNeung.csv,73,94.32618609341708,104.99879794650607
1074,KBS_KangNeung.csv,74,94.41403115012429,104.74986436631944
1075,KBS_KangNeung.csv,75,94.36422257856889,104.67931365966797
1076,KBS_KangNeung.csv,76,94.34379189231178,104.67079247368707
1077,KBS_KangNeung.csv,77,94.47489624023437,104.71334838867188
1078,KBS_KangNeung.csv,78,94.17981012517755,104.70131005181207
1079,KBS_KangNeung.csv,79,94.05865429964932,105.0827882554796
1080,KBS_KangNeung.csv,80,94.10137051669034,104.45523071289062
1081,KBS_KangNeung.csv,81,94.26578084772284,104.81653086344402
1082,KBS_KangNeung.csv,82,94.12848163951527,104.64152357313368
1083,KBS_KangNeung.csv,83,94.13890242143111,104.50950537787543
1084,KBS_KangNeung.csv,84,94.24013595581054,104.522216796875
1085,KBS_KangNeung.csv,85,94.05735952203923,104.4657974243164
1086,KBS_KangNeung.csv,86,94.08512476140803,104.50765991210938
1087,KBS_KangNeung.csv,87,94.07702400901101,104.63300323486328
1088,KBS_KangNeung.csv,88,94.15937548550693,104.39351908365886
1089,KBS_KangNeung.csv,89,94.1957949551669,104.47960069444444
1090,KBS_KangNeung.csv,90,94.1105952869762,104.54254659016927
1091,KBS_KangNeung.csv,91,94.03703668767756,104.45486874050565
1092,KBS_KangNeung.csv,92,93.9186782836914,104.47243330213759
1093,KBS_KangNeung.csv,93,94.0641644564542,104.55646430121527
1094,KBS_KangNeung.csv,94,93.84012430364436,104.47870466444228
1095,KBS_KangNeung.csv,95,94.23484497070312,104.55385504828558
1096,KBS_KangNeung.csv,96,93.87029224742543,104.50075954861111
1097,KBS_KangNeung.csv,97,93.86712826815518,104.48938835991754
1098,KBS_KangNeung.csv,98,94.07327575683594,104.4926274617513
1099,KBS_KangNeung.csv,99,94.02913693514738,104.49300384521484
1100,KBS_KangNeung.csv,100,93.98444754860618,104.49348873562283
1101,MBC_KangNeung.csv,1,80.16118906194514,76.31697633531358
1102,MBC_KangNeung.csv,2,79.11408531882546,76.2187368604872
1103,MBC_KangNeung.csv,3,78.87288270430132,75.8670171101888
1104,MBC_KangNeung.csv,4,78.36815164739436,75.95833036634657
1105,MBC_KangNeung.csv,5,78.32508947199041,76.04299799601237
1106,MBC_KangNeung.csv,6,78.2120791348544,75.81210708618164
1107,MBC_KangNeung.csv,7,78.33661533702504,75.65228780110677
1108,MBC_KangNeung.csv,8,78.52820503928444,77.84034601847331
1109,MBC_KangNeung.csv,9,77.89805096712979,75.01931974622939
1110,MBC_KangNeung.csv,10,77.81146600896662,74.81343248155382
1111,MBC_KangNeung.csv,11,77.4763574773615,74.8486819797092
1112,MBC_KangNeung.csv,12,77.95643865411932,75.7725584242079
1113,MBC_KangNeung.csv,13,78.37329760464755,74.61641269259982
1114,MBC_KangNeung.csv,14,77.25185581554067,74.63966623942058
1115,MBC_KangNeung.csv,15,77.39339537187057,75.68261930677626
1116,MBC_KangNeung.csv,16,77.36149208762428,74.80972629123264
1117,MBC_KangNeung.csv,17,77.20944144509055,74.8354263305664
1118,MBC_KangNeung.csv,18,77.07730164961382,74.1604495578342
1119,MBC_KangNeung.csv,19,76.76703622991388,75.66151258680556
1120,MBC_KangNeung.csv,20,76.77647940895774,74.1345083448622
1121,MBC_KangNeung.csv,21,77.03195675936612,74.5947502983941
1122,MBC_KangNeung.csv,22,76.58161510120739,74.52138476901584
1123,MBC_KangNeung.csv,23,76.66146836714312,74.14920467800565
1124,MBC_KangNeung.csv,24,76.65294411399148,74.02682156032986
1125,MBC_KangNeung.csv,25,77.19106237238104,73.61964670817058
1126,MBC_KangNeung.csv,26,76.631031591242,74.39341015285916
1127,MBC_KangNeung.csv,27,76.54474743929777,73.64331605699327
1128,MBC_KangNeung.csv,28,76.50679203380238,74.75545289781358
1129,MBC_KangNeung.csv,29,76.79567163640803,74.84828016493056
1130,MBC_KangNeung.csv,30,76.98823894153942,74.74030770195856
1131,MBC_KangNeung.csv,31,76.7182686545632,73.7002822028266
1132,MBC_KangNeung.csv,32,76.22270903153853,73.56708102756076
1133,MBC_KangNeung.csv,33,76.54587582674894,74.1288324991862
1134,MBC_KangNeung.csv,34,76.2751350402832,74.00089560614691
1135,MBC_KangNeung.csv,35,76.23784422440963,73.77537579006619
1136,MBC_KangNeung.csv,36,76.16291788274592,73.42018296983507
1137,MBC_KangNeung.csv,37,76.22197737260298,73.23603820800781
1138,MBC_KangNeung.csv,38,76.29394149780273,73.29094484117296
1139,MBC_KangNeung.csv,39,76.19780412153764,73.20874616834853
1140,MBC_KangNeung.csv,40,76.07067073475231,73.29198794894748
1141,MBC_KangNeung.csv,41,76.2686726656827,73.78971269395616
1142,MBC_KangNeung.csv,42,76.07213543978604,73.33358934190538
1143,MBC_KangNeung.csv,43,76.50283196189187,73.52938842773438
1144,MBC_KangNeung.csv,44,75.97095780806107,73.0269529554579
1145,MBC_KangNeung.csv,45,75.67532771717418,73.60582054985895
1146,MBC_KangNeung.csv,46,76.21292655251243,73.98786248101129
1147,MBC_KangNeung.csv,47,76.22750195589933,72.94380230373807
1148,MBC_KangNeung.csv,48,76.09169977361506,73.0249892340766
1149,MBC_KangNeung.csv,49,75.79847689541903,73.93946160210504
1150,MBC_KangNeung.csv,50,75.74131455854936,73.00594033135309
1151,MBC_KangNeung.csv,51,76.12861841375178,72.96981684366862
1152,MBC_KangNeung.csv,52,75.95889497236772,72.9030999077691
1153,MBC_KangNeung.csv,53,75.69200453324751,73.00222566392686
1154,MBC_KangNeung.csv,54,75.61770935058594,74.7218254937066
1155,MBC_KangNeung.csv,55,75.97294006347656,72.96497175428603
1156,MBC_KangNeung.csv,56,75.74757302024148,73.57450103759766
1157,MBC_KangNeung.csv,57,75.58905230435458,73.03690931532118
1158,MBC_KangNeung.csv,58,75.63503300059925,72.86077287462022
1159,MBC_KangNeung.csv,59,75.62030299793591,73.06691106160481
1160,MBC_KangNeung.csv,60,75.59816249500622,72.94998465643988
1161,MBC_KangNeung.csv,61,75.54139813509855,72.8028327094184
1162,MBC_KangNeung.csv,62,75.50687443126331,72.86757914225261
1163,MBC_KangNeung.csv,63,75.39341368241743,73.52733442518446
1164,MBC_KangNeung.csv,64,75.54934914328835,72.93808873494466
1165,MBC_KangNeung.csv,65,75.49423411976207,72.86433664957683
1166,MBC_KangNeung.csv,66,75.67872009277343,73.05765448676215
1167,MBC_KangNeung.csv,67,75.85307110873136,73.1780988905165
1168,MBC_KangNeung.csv,68,75.42485518022018,72.70658196343317
1169,MBC_KangNeung.csv,69,75.67104679454457,72.75443691677518
1170,MBC_KangNeung.csv,70,75.50761385830965,72.7247666252984
1171,MBC_KangNeung.csv,71,75.59123354825107,72.8285174899631
1172,MBC_KangNeung.csv,72,75.47219030206854,72.8035765753852
1173,MBC_KangNeung.csv,73,75.60987208973278,72.77072228325738
1174,MBC_KangNeung.csv,74,75.58114298040216,72.91571892632379
1175,MBC_KangNeung.csv,75,75.58942302357067,72.77070320977106
1176,MBC_KangNeung.csv,76,75.51242107044567,72.69252522786458
1177,MBC_KangNeung.csv,77,75.55871665261009,72.73868730333116
1178,MBC_KangNeung.csv,78,75.48079778497869,72.6851077609592
1179,MBC_KangNeung.csv,79,75.4551984613592,72.69000837537978
1180,MBC_KangNeung.csv,80,75.23060191761364,72.79780536227756
1181,MBC_KangNeung.csv,81,75.36736020174894,72.71117570665147
1182,MBC_KangNeung.csv,82,75.23031380393289,72.76404783460829
1183,MBC_KangNeung.csv,83,75.41029018055309,72.68367173936632
1184,MBC_KangNeung.csv,84,75.3487585587935,72.80430221557617
1185,MBC_KangNeung.csv,85,75.42131125710227,72.73496585422092
1186,MBC_KangNeung.csv,86,75.17385337136008,72.6676851908366
1187,MBC_KangNeung.csv,87,75.4578012639826,72.70540322197809
1188,MBC_KangNeung.csv,88,75.32142673839222,72.68866687350803
1189,MBC_KangNeung.csv,89,75.25587830977007,72.75552241007487
1190,MBC_KangNeung.csv,90,75.09751219315963,72.7113791571723
1191,MBC_KangNeung.csv,91,75.31404266357421,72.72373157077365
1192,MBC_KangNeung.csv,92,75.42401872114702,72.72008938259549
1193,MBC_KangNeung.csv,93,75.22597767223012,72.72935570610895
1194,MBC_KangNeung.csv,94,75.3817415410822,72.7057753668891
1195,MBC_KangNeung.csv,95,75.20293461192738,72.72956720987956
1196,MBC_KangNeung.csv,96,75.18095016479492,72.71268208821614
1197,MBC_KangNeung.csv,97,75.2142785505815,72.70630730523004
1198,MBC_KangNeung.csv,98,75.30316786332564,72.69834518432617
1199,MBC_KangNeung.csv,99,75.25282682939009,72.69661670260959
1200,MBC_KangNeung.csv,100,75.22094130082564,72.69321526421442
1201,TBN_DaeGu.csv,1,129.12912070534446,123.74180348714192
1202,TBN_DaeGu.csv,2,121.73729095458984,122.65331692165799
1203,TBN_DaeGu.csv,3,120.73778894597834,120.48401896158855
1204,TBN_DaeGu.csv,4,120.12202897505327,120.46450636121962
1205,TBN_DaeGu.csv,5,119.42076998623935,119.41255950927734
1206,TBN_DaeGu.csv,6,118.5513814752752,119.75024922688802
1207,TBN_DaeGu.csv,7,118.30442990389737,118.82618713378906
1208,TBN_DaeGu.csv,8,117.89252707741477,121.20408545600043
1209,TBN_DaeGu.csv,9,118.30107727050782,119.3072272406684
1210,TBN_DaeGu.csv,10,118.25954811789772,118.28618028428819
1211,TBN_DaeGu.csv,11,117.8497802734375,118.40633222791884
1212,TBN_DaeGu.csv,12,117.29796322909269,119.46703423394098
1213,TBN_DaeGu.csv,13,117.90316356312145,119.01305219862196
1214,TBN_DaeGu.csv,14,117.71256686123935,117.87257300482855
1215,TBN_DaeGu.csv,15,117.25940218838778,118.18021138509114
1216,TBN_DaeGu.csv,16,117.30978490656072,118.20289442274306
1217,TBN_DaeGu.csv,17,117.18231561834162,117.89948866102431
1218,TBN_DaeGu.csv,18,117.25571802312678,117.66987948947482
1219,TBN_DaeGu.csv,19,116.76273997913708,117.7449934217665
1220,TBN_DaeGu.csv,20,116.84695906205611,117.6858155992296
1221,TBN_DaeGu.csv,21,116.74564874822443,117.82592349582248
1222,TBN_DaeGu.csv,22,116.4640985662287,117.42210133870442
1223,TBN_DaeGu.csv,23,116.42462033358487,117.72377353244357
1224,TBN_DaeGu.csv,24,117.00787478360263,117.40777164035373
1225,TBN_DaeGu.csv,25,116.33197520862926,118.06158786349826
1226,TBN_DaeGu.csv,26,116.73106370405718,117.46480560302734
1227,TBN_DaeGu.csv,27,116.01530470414595,118.12648434109158
1228,TBN_DaeGu.csv,28,115.99188953746449,118.28502824571397
1229,TBN_DaeGu.csv,29,116.5742304021662,117.12561459011502
1230,TBN_DaeGu.csv,30,115.9968672318892,117.10375722249348
1231,TBN_DaeGu.csv,31,116.60284701260653,117.0966534084744
1232,TBN_DaeGu.csv,32,116.13973014137962,117.44463857014973
1233,TBN_DaeGu.csv,33,116.04996601451526,117.1452874077691
1234,TBN_DaeGu.csv,34,116.06772530295632,117.15416378445096
1235,TBN_DaeGu.csv,35,116.17400471080433,117.24492984347873
1236,TBN_DaeGu.csv,36,116.5867563421076,117.10007052951389
1237,TBN_DaeGu.csv,37,116.20290145874023,117.63369581434462
1238,TBN_DaeGu.csv,38,116.12133497758346,117.4158198038737
1239,TBN_DaeGu.csv,39,116.50246318470349,117.4502198961046
1240,TBN_DaeGu.csv,40,115.70530839399858,116.82754431830512
1241,TBN_DaeGu.csv,41,115.48860376531428,116.8740480211046
1242,TBN_DaeGu.csv,42,116.12430641867898,117.3121092054579
1243,TBN_DaeGu.csv,43,116.03343228426847,117.45042758517795
1244,TBN_DaeGu.csv,44,116.16574221524326,116.93645307752821
1245,TBN_DaeGu.csv,45,116.03022724498402,116.86309305826823
1246,TBN_DaeGu.csv,46,115.99131830388849,117.06068759494357
1247,TBN_DaeGu.csv,47,115.73594582297585,116.692381117079
1248,TBN_DaeGu.csv,48,115.78458182594993,116.80768754747179
1249,TBN_DaeGu.csv,49,115.84685363769532,116.78773328993056
1250,TBN_DaeGu.csv,50,115.70613084272905,116.77194044325087
1251,TBN_DaeGu.csv,51,115.69572781649502,116.67917802598741
1252,TBN_DaeGu.csv,52,115.39338295676491,117.27502526177301
1253,TBN_DaeGu.csv,53,115.99497028697621,118.36364661322699
1254,TBN_DaeGu.csv,54,115.774086969549,116.7269770304362
1255,TBN_DaeGu.csv,55,115.5194707697088,116.85277981228299
1256,TBN_DaeGu.csv,56,115.42046869451349,116.97502305772569
1257,TBN_DaeGu.csv,57,115.36917058771307,116.82369740804036
1258,TBN_DaeGu.csv,58,115.48806429776279,116.73675198025174
1259,TBN_DaeGu.csv,59,115.46121090975674,117.93719991048177
1260,TBN_DaeGu.csv,60,115.55352741588246,116.86884477403429
1261,TBN_DaeGu.csv,61,115.26295346346768,116.5023193359375
1262,TBN_DaeGu.csv,62,115.31213753440163,116.5842530992296
1263,TBN_DaeGu.csv,63,115.54423522949219,116.55418226453993
1264,TBN_DaeGu.csv,64,115.50304218639027,116.55895317925348
1265,TBN_DaeGu.csv,65,115.7143725308505,116.75300598144531
1266,TBN_DaeGu.csv,66,115.13348000266335,116.58745829264323
1267,TBN_DaeGu.csv,67,115.19083508578214,116.57200198703342
1268,TBN_DaeGu.csv,68,115.10363353382458,117.04047563340929
1269,TBN_DaeGu.csv,69,115.31020480069247,116.84838104248047
1270,TBN_DaeGu.csv,70,115.53299532803622,117.02218288845486
1271,TBN_DaeGu.csv,71,115.4728081443093,116.56976826985677
1272,TBN_DaeGu.csv,72,115.39637409556995,116.46832021077473
1273,TBN_DaeGu.csv,73,115.48774691495028,116.86963653564453
1274,TBN_DaeGu.csv,74,115.5638105912642,116.60806867811415
1275,TBN_DaeGu.csv,75,115.40933796275746,116.73651207817926
1276,TBN_DaeGu.csv,76,115.1381157614968,116.51888105604384
1277,TBN_DaeGu.csv,77,115.28529552112926,116.53349219428168
1278,TBN_DaeGu.csv,78,115.31236558393998,116.59201982286241
1279,TBN_DaeGu.csv,79,115.34042677445845,116.59154256184895
1280,TBN_DaeGu.csv,80,115.07559745094993,116.54318491617839
1281,TBN_DaeGu.csv,81,115.26213739568537,116.51368035210504
1282,TBN_DaeGu.csv,82,115.24734580300071,116.58279334174262
1283,TBN_DaeGu.csv,83,115.021352594549,116.49315304226346
1284,TBN_DaeGu.csv,84,115.01817113702947,116.51051839192708
1285,TBN_DaeGu.csv,85,115.38982821377842,116.51154920789931
1286,TBN_DaeGu.csv,86,115.37698281028054,116.52892133924696
1287,TBN_DaeGu.csv,87,115.2739637895064,116.48514980740018
1288,TBN_DaeGu.csv,88,114.96072082519531,116.51514858669705
1289,TBN_DaeGu.csv,89,115.0260517467152,116.55018615722656
1290,TBN_DaeGu.csv,90,114.85780611905184,116.48724958631728
1291,TBN_DaeGu.csv,91,115.20418215664951,116.48737674289279
1292,TBN_DaeGu.csv,92,114.89829268022017,116.49602678087022
1293,TBN_DaeGu.csv,93,115.04005432128906,116.48306528727214
1294,TBN_DaeGu.csv,94,115.33818803267046,116.48718176947699
1295,TBN_DaeGu.csv,95,115.25741757479581,116.48574574788411
1296,TBN_DaeGu.csv,96,115.21273720481179,116.48586103651259
1297,TBN_DaeGu.csv,97,115.10907454057174,116.48430548773871
1298,TBN_DaeGu.csv,98,115.0004751032049,116.484620836046
1299,TBN_DaeGu.csv,99,115.16961801702325,116.4843978881836
1300,TBN_DaeGu.csv,100,114.92243485884232,116.48538123236762
1301,TBC_DaeGu.csv,1,117.00775978781961,119.26888444688585
1302,TBC_DaeGu.csv,2,114.77831032492898,119.23038567437067
1303,TBC_DaeGu.csv,3,114.45079706365412,118.87975650363498
1304,TBC_DaeGu.csv,4,114.23149122758345,117.96746826171875
1305,TBC_DaeGu.csv,5,114.36950850053267,118.20539262559679
1306,TBC_DaeGu.csv,6,114.3941611550071,122.00299919976129
1307,TBC_DaeGu.csv,7,113.84300176447088,117.6150394015842
1308,TBC_DaeGu.csv,8,113.77059686834161,118.21591016981337
1309,TBC_DaeGu.csv,9,113.89507141113282,118.07185363769531
1310,TBC_DaeGu.csv,10,113.4571431940252,119.58543056911893
1311,TBC_DaeGu.csv,11,113.56234852183948,117.54102325439453
1312,TBC_DaeGu.csv,12,113.27072892622515,119.20883517795139
1313,TBC_DaeGu.csv,13,113.61750377308239,119.48307206895616
1314,TBC_DaeGu.csv,14,113.87256816517223,118.77034674750433
1315,TBC_DaeGu.csv,15,113.05288751775568,118.95496029324002
1316,TBC_DaeGu.csv,16,113.69697168523615,117.44657474093967
1317,TBC_DaeGu.csv,17,113.46751098632812,117.89191351996527
1318,TBC_DaeGu.csv,18,113.63055614124644,117.20411173502605
1319,TBC_DaeGu.csv,19,113.28215165571733,117.5464350382487
1320,TBC_DaeGu.csv,20,113.12604897238991,117.40172576904297
1321,TBC_DaeGu.csv,21,113.16225461092863,119.00350273980035
1322,TBC_DaeGu.csv,22,113.73753315318714,118.0226067437066
1323,TBC_DaeGu.csv,23,113.42667805064808,117.57863277859158
1324,TBC_DaeGu.csv,24,112.87915011319247,117.85308414035373
1325,TBC_DaeGu.csv,25,113.77098360928622,117.71527862548828
1326,TBC_DaeGu.csv,26,113.30314650102095,117.07019551595052
1327,TBC_DaeGu.csv,27,113.00448303222656,118.7992655436198
1328,TBC_DaeGu.csv,28,113.37848274924538,118.05390252007379
1329,TBC_DaeGu.csv,29,112.69723219438033,117.13553280300565
1330,TBC_DaeGu.csv,30,112.67931338223543,117.08444044325087
1331,TBC_DaeGu.csv,31,112.8526654330167,116.89639960394965
1332,TBC_DaeGu.csv,32,112.86079795143822,117.43102094862196
1333,TBC_DaeGu.csv,33,112.46227472478694,117.0358149210612
1334,TBC_DaeGu.csv,34,112.68439969149503,116.80890825059679
1335,TBC_DaeGu.csv,35,112.4659404407848,117.11071353488498
1336,TBC_DaeGu.csv,36,112.37311831387606,117.15942806667752
1337,TBC_DaeGu.csv,37,112.54809306751598,116.94905768500433
1338,TBC_DaeGu.csv,38,112.38244185014204,117.27295006646051
1339,TBC_DaeGu.csv,39,112.3042348688299,117.60396830240886
1340,TBC_DaeGu.csv,40,112.25174518931996,117.31453874376085
1341,TBC_DaeGu.csv,41,112.36670601584694,116.93597327338324
1342,TBC_DaeGu.csv,42,112.31711314808238,117.70251803927951
1343,TBC_DaeGu.csv,43,112.070703125,117.07160525851779
1344,TBC_DaeGu.csv,44,112.17479248046875,116.61405605740018
1345,TBC_DaeGu.csv,45,112.0843324141069,116.65671963161893
1346,TBC_DaeGu.csv,46,112.24006014737216,116.47522057427301
1347,TBC_DaeGu.csv,47,112.3215781471946,116.48712582058377
1348,TBC_DaeGu.csv,48,111.99161349209872,116.56419287787543
1349,TBC_DaeGu.csv,49,112.0743427623402,116.37108527289496
1350,TBC_DaeGu.csv,50,112.47497808283026,116.99936760796442
1351,TBC_DaeGu.csv,51,112.05359885475852,116.50804477267795
1352,TBC_DaeGu.csv,52,111.84404976584695,117.27019500732422
1353,TBC_DaeGu.csv,53,111.88401253440163,116.4596922132704
1354,TBC_DaeGu.csv,54,111.69658383456144,116.4328350490994
1355,TBC_DaeGu.csv,55,112.14835746071556,116.4356452094184
1356,TBC_DaeGu.csv,56,111.62634846080434,116.26997884114583
1357,TBC_DaeGu.csv,57,111.78759710138495,116.65105607774522
1358,TBC_DaeGu.csv,58,111.70244889692826,116.28958299424913
1359,TBC_DaeGu.csv,59,111.68562677556818,116.35812293158637
1360,TBC_DaeGu.csv,60,111.98798467462713,116.57805803087022
1361,TBC_DaeGu.csv,61,111.71748768199573,116.24353112114801
1362,TBC_DaeGu.csv,62,111.70739191228694,116.3945821126302
1363,TBC_DaeGu.csv,63,111.73009934858842,116.13277604844835
1364,TBC_DaeGu.csv,64,111.3748217496005,116.26747470431857
1365,TBC_DaeGu.csv,65,111.78150717995383,116.90444607204861
1366,TBC_DaeGu.csv,66,111.69459242387252,116.22350396050348
1367,TBC_DaeGu.csv,67,111.5204946344549,116.11290486653645
1368,TBC_DaeGu.csv,68,111.61943636807528,116.08873748779297
1369,TBC_DaeGu.csv,69,111.48345531116833,116.00571780734592
1370,TBC_DaeGu.csv,70,111.48671236905184,116.36070844862196
1371,TBC_DaeGu.csv,71,111.32666223699397,116.09900410970052
1372,TBC_DaeGu.csv,72,111.24599290327592,115.9467290242513
1373,TBC_DaeGu.csv,73,111.63759848854758,116.05238257514105
1374,TBC_DaeGu.csv,74,111.4834476817738,116.0827153523763
1375,TBC_DaeGu.csv,75,111.28271484375,116.01614210340712
1376,TBC_DaeGu.csv,76,111.10421669699929,116.5163803100586
1377,TBC_DaeGu.csv,77,111.20725652521307,116.08897654215495
1378,TBC_DaeGu.csv,78,111.16194513494318,116.1615498860677
1379,TBC_DaeGu.csv,79,110.95473674427379,116.3701417711046
1380,TBC_DaeGu.csv,80,111.18746268532493,116.03472730848524
1381,TBC_DaeGu.csv,81,111.23511463512074,116.04158359103732
1382,TBC_DaeGu.csv,82,111.213784235174,116.043702867296
1383,TBC_DaeGu.csv,83,111.2910268610174,116.00773366292317
1384,TBC_DaeGu.csv,84,110.94436950683594,115.9950180053711
1385,TBC_DaeGu.csv,85,111.06130204634233,115.95449659559462
1386,TBC_DaeGu.csv,86,111.0640527898615,115.97132364908855
1387,TBC_DaeGu.csv,87,111.20730271772905,116.01940155029297
1388,TBC_DaeGu.csv,88,111.06241621537642,115.95030721028645
1389,TBC_DaeGu.csv,89,111.05796800093218,115.94001091851129
1390,TBC_DaeGu.csv,90,111.06158835671165,115.94262440999348
1391,TBC_DaeGu.csv,91,111.06337779651989,115.93329535590277
1392,TBC_DaeGu.csv,92,111.00838512073864,115.93921830919054
1393,TBC_DaeGu.csv,93,111.18278517289595,115.9320797390408
1394,TBC_DaeGu.csv,94,110.94496862238104,115.9431881374783
1395,TBC_DaeGu.csv,95,111.0400487726385,115.94728088378906
1396,TBC_DaeGu.csv,96,111.01515059037642,115.94749789767795
1397,TBC_DaeGu.csv,97,110.97255803888494,115.94244045681424
1398,TBC_DaeGu.csv,98,110.92962438409978,115.94349924723308
1399,TBC_DaeGu.csv,99,111.24876389936968,115.94187842475043
1400,TBC_DaeGu.csv,100,111.19562128240412,115.94113413492839
1401,JeonJu_Radio.csv,1,108.06283236416904,109.39719729953342
1402,JeonJu_Radio.csv,2,106.78083593195134,109.59468417697482
1403,JeonJu_Radio.csv,3,105.82918465354226,109.169187757704
1404,JeonJu_Radio.csv,4,105.86839974143288,107.42009396023221
1405,JeonJu_Radio.csv,5,104.6879619251598,107.3150405883789
1406,JeonJu_Radio.csv,6,104.46734244606712,106.92543538411458
1407,JeonJu_Radio.csv,7,104.60238189697266,106.95474667019315
1408,JeonJu_Radio.csv,8,104.06951252330433,106.70210605197482
1409,JeonJu_Radio.csv,9,104.29853584983132,107.38450029161241
1410,JeonJu_Radio.csv,10,104.06579728560014,106.90177408854167
1411,JeonJu_Radio.csv,11,104.18613003817471,106.52274576822917
1412,JeonJu_Radio.csv,12,104.03647419322621,106.24233754475911
1413,JeonJu_Radio.csv,13,103.88320367986506,106.18501112196181
1414,JeonJu_Radio.csv,14,104.66358947753906,106.6491232977973
1415,JeonJu_Radio.csv,15,104.11762625954368,106.16188388400607
1416,JeonJu_Radio.csv,16,103.65422779430043,106.86890411376953
1417,JeonJu_Radio.csv,17,103.89271073774857,106.10863579644098
1418,JeonJu_Radio.csv,18,103.72112662575462,106.43204583062067
1419,JeonJu_Radio.csv,19,103.45196796764027,106.65502505832248
1420,JeonJu_Radio.csv,20,103.4294474515048,107.26937866210938
1421,JeonJu_Radio.csv,21,103.86172388250178,106.10817464192708
1422,JeonJu_Radio.csv,22,103.9620291969993,106.41251627604167
1423,JeonJu_Radio.csv,23,103.47915607799183,106.05527750651042
1424,JeonJu_Radio.csv,24,103.28751109730113,105.93296644422743
1425,JeonJu_Radio.csv,25,103.66851917613636,107.69080352783203
1426,JeonJu_Radio.csv,26,103.44492631392045,108.22933875189887
1427,JeonJu_Radio.csv,27,103.44529904452237,105.85963185628255
1428,JeonJu_Radio.csv,28,103.2565708507191,105.88531917995877
1429,JeonJu_Radio.csv,29,103.69843000932174,106.30986955430772
1430,JeonJu_Radio.csv,30,103.46409787264737,106.05265808105469
1431,JeonJu_Radio.csv,31,103.39862351851029,106.62541368272569
1432,JeonJu_Radio.csv,32,103.04412134343927,106.2616212632921
1433,JeonJu_Radio.csv,33,103.67553960626776,105.97780863444011
1434,JeonJu_Radio.csv,34,103.48736391934482,105.78343624538846
1435,JeonJu_Radio.csv,35,103.64859827215021,105.88460625542535
1436,JeonJu_Radio.csv,36,103.30337663130327,105.61444007025824
1437,JeonJu_Radio.csv,37,103.46464677290483,105.70553843180339
1438,JeonJu_Radio.csv,38,103.09537825150923,106.09578026665582
1439,JeonJu_Radio.csv,39,102.98080014315518,105.6219245062934
1440,JeonJu_Radio.csv,40,103.17964907559481,106.05990261501736
1441,JeonJu_Radio.csv,41,103.08536196621982,105.6535178290473
1442,JeonJu_Radio.csv,42,103.16536046808416,105.71876102023654
1443,JeonJu_Radio.csv,43,103.14778927889738,105.98285759819879
1444,JeonJu_Radio.csv,44,103.12750799005681,105.7046610514323
1445,JeonJu_Radio.csv,45,103.18163937655362,106.04896121554904
1446,JeonJu_Radio.csv,46,103.09294849742543,105.73760816786024
1447,JeonJu_Radio.csv,47,103.10604622580789,108.05609046088324
1448,JeonJu_Radio.csv,48,103.02306504683061,106.37588840060764
1449,JeonJu_Radio.csv,49,103.40634196888317,105.69928232828777
1450,JeonJu_Radio.csv,50,102.92870275324042,106.6459248860677
1451,JeonJu_Radio.csv,51,102.92478748668324,105.67927975124783
1452,JeonJu_Radio.csv,52,102.76145824085583,105.87899356418185
1453,JeonJu_Radio.csv,53,102.68476534756748,105.75599077012804
1454,JeonJu_Radio.csv,54,102.5717955155806,105.57617611355252
1455,JeonJu_Radio.csv,55,103.18819039084694,105.82945251464844
1456,JeonJu_Radio.csv,56,102.85089305530894,106.96184455023871
1457,JeonJu_Radio.csv,57,103.20511474609376,105.66684977213542
1458,JeonJu_Radio.csv,58,102.57662006724965,105.96894243028429
1459,JeonJu_Radio.csv,59,102.75733170942827,105.65469868977864
1460,JeonJu_Radio.csv,60,102.65266751376065,105.74880048963759
1461,JeonJu_Radio.csv,61,102.84669563987039,105.65623982747395
1462,JeonJu_Radio.csv,62,102.86204431707209,106.23373074001736
1463,JeonJu_Radio.csv,63,102.78789284446023,105.9081047905816
1464,JeonJu_Radio.csv,64,103.21414087468928,105.550048828125
1465,JeonJu_Radio.csv,65,102.89538948752663,105.6229493882921
1466,JeonJu_Radio.csv,66,102.59891898415306,106.0521240234375
1467,JeonJu_Radio.csv,67,102.55792596990412,105.9303716023763
1468,JeonJu_Radio.csv,68,102.52242542613637,105.50024074978299
1469,JeonJu_Radio.csv,69,102.75612321333452,106.00729031032986
1470,JeonJu_Radio.csv,70,102.72024952281605,105.52778455946181
1471,JeonJu_Radio.csv,71,102.46989482532848,105.54932912190755
1472,JeonJu_Radio.csv,72,102.68285522460937,105.65566931830512
1473,JeonJu_Radio.csv,73,102.58078391335228,105.6313985188802
1474,JeonJu_Radio.csv,74,102.5773375077681,105.54193962944879
1475,JeonJu_Radio.csv,75,102.51040261008522,105.49977196587457
1476,JeonJu_Radio.csv,76,102.45170177112927,105.8268051147461
1477,JeonJu_Radio.csv,77,102.40784759521485,105.55277506510417
1478,JeonJu_Radio.csv,78,102.74739074707031,105.61902364095052
1479,JeonJu_Radio.csv,79,102.52466375177556,105.56742095947266
1480,JeonJu_Radio.csv,80,102.54727367054332,105.71251000298395
1481,JeonJu_Radio.csv,81,102.41551374955611,105.61589474148221
1482,JeonJu_Radio.csv,82,102.61797859885476,105.61693996853299
1483,JeonJu_Radio.csv,83,102.29153456254438,105.58366139729817
1484,JeonJu_Radio.csv,84,102.52260090221058,105.50082227918837
1485,JeonJu_Radio.csv,85,102.48290668834339,105.59305742051866
1486,JeonJu_Radio.csv,86,102.25168595747515,105.47550879584418
1487,JeonJu_Radio.csv,87,102.76923620050604,105.57753245035808
1488,JeonJu_Radio.csv,88,102.50859319513495,105.53290303548177
1489,JeonJu_Radio.csv,89,102.56068101362749,105.5189471774631
1490,JeonJu_Radio.csv,90,102.15469887473367,105.5001949734158
1491,JeonJu_Radio.csv,91,102.44906172318892,105.49657864040799
1492,JeonJu_Radio.csv,92,102.47085044167258,105.5111312866211
1493,JeonJu_Radio.csv,93,102.47662020596592,105.52544572618272
1494,JeonJu_Radio.csv,94,102.36421078768643,105.50714704725478
1495,JeonJu_Radio.csv,95,102.49955319491299,105.50977834065755
1496,JeonJu_Radio.csv,96,102.39254566539418,105.50349256727431
1497,JeonJu_Radio.csv,97,102.40820478959517,105.51392703586154
1498,JeonJu_Radio.csv,98,102.40852258855647,105.51606920030382
1499,JeonJu_Radio.csv,99,102.20458484996449,105.5203611585829
1500,JeonJu_Radio.csv,100,102.44884227405895,105.51886325412326
1501,KBS_JeonJu.csv,1,93.06532676003197,95.50690629747179
1502,KBS_JeonJu.csv,2,91.65507743141868,95.8863508436415
1503,KBS_JeonJu.csv,3,91.13729123202238,93.84463246663411
1504,KBS_JeonJu.csv,4,91.10500585382636,95.21024576822917
1505,KBS_JeonJu.csv,5,90.8046708540483,93.7253655327691
1506,KBS_JeonJu.csv,6,90.74768232865767,93.26664733886719
1507,KBS_JeonJu.csv,7,90.7463109103116,95.75978003607855
1508,KBS_JeonJu.csv,8,91.59138211337003,96.90007951524522
1509,KBS_JeonJu.csv,9,90.5518632368608,93.35413530137804
1510,KBS_JeonJu.csv,10,91.05770131891424,93.46142662896051
1511,KBS_JeonJu.csv,11,90.76360438953746,94.0652364095052
1512,KBS_JeonJu.csv,12,91.07796873612837,93.5966313680013
1513,KBS_JeonJu.csv,13,90.8875058260831,93.04166666666667
1514,KBS_JeonJu.csv,14,90.24450225830078,93.37947252061632
1515,KBS_JeonJu.csv,15,90.3126434326172,93.86065080430772
1516,KBS_JeonJu.csv,16,90.53279016668147,93.0593770345052
1517,KBS_JeonJu.csv,17,90.21826088645241,94.80545806884766
1518,KBS_JeonJu.csv,18,90.33599791093306,93.30790540907118
1519,KBS_JeonJu.csv,19,90.15079817338423,92.93566640218098
1520,KBS_JeonJu.csv,20,90.85804471102628,92.92832692464192
1521,KBS_JeonJu.csv,21,90.3016860961914,94.77007632785373
1522,KBS_JeonJu.csv,22,90.34668759432707,93.65046013726129
1523,KBS_JeonJu.csv,23,89.94198539040305,92.86410776774089
1524,KBS_JeonJu.csv,24,90.3583085493608,92.69779798719618
1525,KBS_JeonJu.csv,25,89.82668013139205,92.79718526204427
1526,KBS_JeonJu.csv,26,89.90677816217595,93.79445139567058
1527,KBS_JeonJu.csv,27,90.39104961048473,92.65156555175781
1528,KBS_JeonJu.csv,28,89.70930619673295,92.76070064968533
1529,KBS_JeonJu.csv,29,90.01009549227628,92.52828979492188
1530,KBS_JeonJu.csv,30,89.68608967174183,92.69640096028645
1531,KBS_JeonJu.csv,31,89.8305510781028,94.24386596679688
1532,KBS_JeonJu.csv,32,89.5899212923917,93.03797827826605
1533,KBS_JeonJu.csv,33,89.83618496981533,92.45732116699219
1534,KBS_JeonJu.csv,34,89.607065374201,92.41628689236111
1535,KBS_JeonJu.csv,35,89.80080691250888,94.74459499782986
1536,KBS_JeonJu.csv,36,89.6790562022816,92.62004089355469
1537,KBS_JeonJu.csv,37,89.31260022250089,92.66016557481554
1538,KBS_JeonJu.csv,38,89.4002584284002,92.61082288953993
1539,KBS_JeonJu.csv,39,89.36591533314098,92.14835866292317
1540,KBS_JeonJu.csv,40,89.22751152732155,92.15736050075955
1541,KBS_JeonJu.csv,41,89.1279975197532,92.2469219631619
1542,KBS_JeonJu.csv,42,89.11174788041548,92.65227423773871
1543,KBS_JeonJu.csv,43,89.19039757468484,92.64408620198567
1544,KBS_JeonJu.csv,44,89.00933088822798,92.23928663465712
1545,KBS_JeonJu.csv,45,89.25059204101562,92.10536278618707
1546,KBS_JeonJu.csv,46,88.7751678466797,92.2655987209744
1547,KBS_JeonJu.csv,47,88.93024555553089,92.0107421875
1548,KBS_JeonJu.csv,48,88.98115386962891,92.42041948106554
1549,KBS_JeonJu.csv,49,88.75353865189986,92.3501442803277
1550,KBS_JeonJu.csv,50,88.60871748490767,92.16048855251736
1551,KBS_JeonJu.csv,51,89.0173380765048,91.93623691134982
1552,KBS_JeonJu.csv,52,88.90800864479759,92.39334275987413
1553,KBS_JeonJu.csv,53,88.91431191184304,91.85478803846571
1554,KBS_JeonJu.csv,54,88.4299672907049,92.35452863905165
1555,KBS_JeonJu.csv,55,88.70748415860263,92.66653188069661
1556,KBS_JeonJu.csv,56,88.70735563798384,92.0851584540473
1557,KBS_JeonJu.csv,57,88.4994160045277,92.53848690456815
1558,KBS_JeonJu.csv,58,88.68941414572976,92.12676578097873
1559,KBS_JeonJu.csv,59,88.90998438054865,92.1304668850369
1560,KBS_JeonJu.csv,60,88.45813674926758,91.87147861056857
1561,KBS_JeonJu.csv,61,88.68153707330877,93.62811364067926
1562,KBS_JeonJu.csv,62,88.38942864157937,92.08911895751953
1563,KBS_JeonJu.csv,63,88.49956290505149,91.83790503607855
1564,KBS_JeonJu.csv,64,88.40707411332563,91.93921746148004
1565,KBS_JeonJu.csv,65,88.25094299316406,92.34107801649306
1566,KBS_JeonJu.csv,66,88.30162686434659,92.87806108262804
1567,KBS_JeonJu.csv,67,88.06515905206854,91.7865456475152
1568,KBS_JeonJu.csv,68,88.42442814220081,92.07358720567491
1569,KBS_JeonJu.csv,69,88.32055407437412,91.83545176188152
1570,KBS_JeonJu.csv,70,88.22398189197887,91.85287729899089
1571,KBS_JeonJu.csv,71,88.25961803089488,92.29709879557292
1572,KBS_JeonJu.csv,72,88.00515809492632,91.85960388183594
1573,KBS_JeonJu.csv,73,88.40816483931108,91.85438537597656
1574,KBS_JeonJu.csv,74,87.94576908458363,91.78094736735027
1575,KBS_JeonJu.csv,75,88.16975139271129,91.76609378390842
1576,KBS_JeonJu.csv,76,88.01956280795011,91.98732503255208
1577,KBS_JeonJu.csv,77,88.06190546209162,91.68388197157118
1578,KBS_JeonJu.csv,78,87.95942937677557,91.66110314263238
1579,KBS_JeonJu.csv,79,87.86911024613813,92.43113793267145
1580,KBS_JeonJu.csv,80,88.03407509543679,91.65954928927951
1581,KBS_JeonJu.csv,81,88.06268934770064,91.67243025037978
1582,KBS_JeonJu.csv,82,87.9944111217152,91.68078104654948
1583,KBS_JeonJu.csv,83,88.0191315390847,91.72358110215929
1584,KBS_JeonJu.csv,84,87.89305336692117,91.7468490600586
1585,KBS_JeonJu.csv,85,88.02787392356178,91.86161719428168
1586,KBS_JeonJu.csv,86,87.92916731400923,92.03521474202473
1587,KBS_JeonJu.csv,87,87.8712763006037,91.68533749050565
1588,KBS_JeonJu.csv,88,87.8403730912642,91.86800214979384
1589,KBS_JeonJu.csv,89,87.72076735063033,91.71568722195096
1590,KBS_JeonJu.csv,90,87.81526641845703,91.78538258870442
1591,KBS_JeonJu.csv,91,88.03971266313033,91.73480478922527
1592,KBS_JeonJu.csv,92,87.98385578502308,91.72602844238281
1593,KBS_JeonJu.csv,93,87.93740893277256,91.7612058851454
1594,KBS_JeonJu.csv,94,88.05313803932883,91.76844957139757
1595,KBS_JeonJu.csv,95,87.8150485645641,91.74186876085069
1596,KBS_JeonJu.csv,96,87.8403076171875,91.73782942030165
1597,KBS_JeonJu.csv,97,87.92090620561079,91.7429428100586
1598,KBS_JeonJu.csv,98,88.11990127563476,91.7501712375217
1599,KBS_JeonJu.csv,99,87.78746698552912,91.74330647786458
1600,KBS_JeonJu.csv,100,87.924155217951,91.73758697509766
1601,KBS_MokPo.csv,1,58.335314039750536,59.23759121365018
1602,KBS_MokPo.csv,2,54.822700916637075,57.40029652913412
1603,KBS_MokPo.csv,3,53.898156460848725,56.97887505425347
1604,KBS_MokPo.csv,4,53.36429914994673,56.21483951144748
1605,KBS_MokPo.csv,5,52.24028549194336,55.42602793375651
1606,KBS_MokPo.csv,6,52.723833257501774,55.182399325900604
1607,KBS_MokPo.csv,7,51.83888411088423,56.705300649007164
1608,KBS_MokPo.csv,8,51.25064926147461,54.119418674045136
1609,KBS_MokPo.csv,9,50.87040703513406,54.31581666734483
1610,KBS_MokPo.csv,10,50.69309747869318,53.826314290364586
1611,KBS_MokPo.csv,11,50.52221110950817,53.935064951578774
1612,KBS_MokPo.csv,12,50.2707668651234,53.4112425910102
1613,KBS_MokPo.csv,13,50.04815327037465,56.38406753540039
1614,KBS_MokPo.csv,14,50.61589313853871,52.990306006537544
1615,KBS_MokPo.csv,15,49.893580974232066,52.81997765435113
1616,KBS_MokPo.csv,16,49.49678816361861,53.23789638943143
1617,KBS_MokPo.csv,17,49.90881777676669,52.619167751736114
1618,KBS_MokPo.csv,18,49.62151898470792,52.72671466403537
1619,KBS_MokPo.csv,19,49.40519915494052,52.67908393012153
1620,KBS_MokPo.csv,20,49.56542275168679,54.167962392171226
1621,KBS_MokPo.csv,21,49.310113594748756,53.17646577623155
1622,KBS_MokPo.csv,22,49.06963913657449,52.618031395806206
1623,KBS_MokPo.csv,23,48.88962104103782,52.34787623087565
1624,KBS_MokPo.csv,24,48.94665444113991,52.43007617526584
1625,KBS_MokPo.csv,25,48.55268194025213,51.89486779106988
1626,KBS_MokPo.csv,26,48.594869856400926,52.962775760226776
1627,KBS_MokPo.csv,27,48.34683338512074,51.89319737752279
1628,KBS_MokPo.csv,28,48.35792277943004,51.501428816053604
1629,KBS_MokPo.csv,29,48.237476210160686,51.47470219930013
1630,KBS_MokPo.csv,30,48.10242247147993,51.86013836330838
1631,KBS_MokPo.csv,31,48.12651498967951,51.25621583726671
1632,KBS_MokPo.csv,32,48.062381917780094,51.83453496297201
1633,KBS_MokPo.csv,33,47.787147452614526,51.175574408637154
1634,KBS_MokPo.csv,34,47.72375516024503,51.39549085828993
1635,KBS_MokPo.csv,35,47.59885038896041,50.947351667616104
1636,KBS_MokPo.csv,36,47.7327319058505,51.02508036295573
1637,KBS_MokPo.csv,37,47.56637902693315,50.96442074245877
1638,KBS_MokPo.csv,38,47.34216312061657,51.623646630181206
1639,KBS_MokPo.csv,39,47.4444390036843,51.047155168321396
1640,KBS_MokPo.csv,40,47.32682224620472,50.93823538886176
1641,KBS_MokPo.csv,41,47.40769927284934,50.88295406765408
1642,KBS_MokPo.csv,42,47.362363225763495,50.771307203504776
1643,KBS_MokPo.csv,43,47.552921988747336,50.539209577772354
1644,KBS_MokPo.csv,44,47.338552648370914,50.919074588351776
1645,KBS_MokPo.csv,45,47.52370959195224,50.67627927992079
1646,KBS_MokPo.csv,46,47.20422425703569,50.973450130886505
1647,KBS_MokPo.csv,47,47.04339932528409,50.89448165893555
1648,KBS_MokPo.csv,48,46.8829460144043,50.44382010565864
1649,KBS_MokPo.csv,49,47.19382501081987,50.49824566311307
1650,KBS_MokPo.csv,50,47.07073690241033,51.197014278835724
1651,KBS_MokPo.csv,51,47.55011617487127,50.62022230360243
1652,KBS_MokPo.csv,52,47.06651014848189,50.20884323120117
1653,KBS_MokPo.csv,53,46.684612829034975,50.40408706665039
1654,KBS_MokPo.csv,54,46.76902021928267,50.27417670355903
1655,KBS_MokPo.csv,55,46.60793609619141,50.2624888949924
1656,KBS_MokPo.csv,56,46.81509590148926,50.16905042860243
1657,KBS_MokPo.csv,57,46.60943797718395,50.406792110866974
1658,KBS_MokPo.csv,58,46.76873207092285,50.16588168674045
1659,KBS_MokPo.csv,59,46.64791155728427,49.98411602444119
1660,KBS_MokPo.csv,60,46.63036977594549,50.13799116346571
1661,KBS_MokPo.csv,61,46.50696501298384,49.98676088121202
1662,KBS_MokPo.csv,62,46.52215139215643,50.423671298556854
1663,KBS_MokPo.csv,63,46.534578531438655,49.90404171413846
1664,KBS_MokPo.csv,64,46.29719501842152,49.85548612806532
1665,KBS_MokPo.csv,65,46.58700949928977,50.70270199245877
1666,KBS_MokPo.csv,66,46.43276464288885,49.911637200249565
1667,KBS_MokPo.csv,67,46.5029709555886,49.98218027750651
1668,KBS_MokPo.csv,68,46.39372360923073,49.770113203260635
1669,KBS_MokPo.csv,69,46.31416625976563,49.87104797363281
1670,KBS_MokPo.csv,70,46.39082364169034,49.78958045111762
1671,KBS_MokPo.csv,71,46.34813426624645,49.86440955268012
1672,KBS_MokPo.csv,72,46.244040575894445,49.70963456895616
1673,KBS_MokPo.csv,73,46.166521696610886,49.703429751925995
1674,KBS_MokPo.csv,74,46.231054895574395,49.76010216606988
1675,KBS_MokPo.csv,75,46.20785251964222,49.70743391248915
1676,KBS_MokPo.csv,76,46.1773927861994,49.75870132446289
1677,KBS_MokPo.csv,77,46.02739795338024,49.80566957261827
1678,KBS_MokPo.csv,78,46.21464795199307,49.698075188530815
1679,KBS_MokPo.csv,79,46.16910878961737,49.637965732150604
1680,KBS_MokPo.csv,80,46.10328525196422,49.684737311469185
1681,KBS_MokPo.csv,81,46.22243440801447,49.63695865207248
1682,KBS_MokPo.csv,82,46.12493189031427,49.72199503580729
1683,KBS_MokPo.csv,83,46.09621297662908,49.63751729329427
1684,KBS_MokPo.csv,84,46.19233218106356,49.623600006103516
1685,KBS_MokPo.csv,85,46.02865940440785,49.67610507541232
1686,KBS_MokPo.csv,86,46.04517586447976,49.61826536390517
1687,KBS_MokPo.csv,87,46.12205415205522,49.62745581732856
1688,KBS_MokPo.csv,88,46.11550008600408,49.62214618259006
1689,KBS_MokPo.csv,89,46.14288947365501,49.62937884860568
1690,KBS_MokPo.csv,90,46.13572561090643,49.61757236056857
1691,KBS_MokPo.csv,91,46.00336393876509,49.620447370741104
1692,KBS_MokPo.csv,92,46.0361047224565,49.61650466918945
1693,KBS_MokPo.csv,93,46.119470076127485,49.61152352227105
1694,KBS_MokPo.csv,94,46.09397603815252,49.61569849650065
1695,KBS_MokPo.csv,95,46.04174076427113,49.61066563924154
1696,KBS_MokPo.csv,96,46.01396498246626,49.613624572753906
1697,KBS_MokPo.csv,97,45.98653373718262,49.61066012912326
1698,KBS_MokPo.csv,98,45.9791281266646,49.61053127712674
1699,KBS_MokPo.csv,99,46.0650669444691,49.61041047837999
1700,KBS_MokPo.csv,100,45.9419506072998,49.6105834113227
1701,KBS_SunCheon.csv,1,200.0,200.0
1702,KBS_SunCheon.csv,2,195.42368496981535,202.35357157389322
1703,KBS_SunCheon.csv,3,195.58324945623224,202.14175075954861
1704,KBS_SunCheon.csv,4,193.68092068758878,201.5421617296007
1705,KBS_SunCheon.csv,5,192.24484807794744,201.3030310736762
1706,KBS_SunCheon.csv,6,192.0503573330966,200.40259467230902
1707,KBS_SunCheon.csv,7,191.9722989169034,200.1978234185113
1708,KBS_SunCheon.csv,8,191.00201693448153,198.72908528645834
1709,KBS_SunCheon.csv,9,190.71405001553623,197.93194240993924
1710,KBS_SunCheon.csv,10,189.84041914506392,198.2432657877604
1711,KBS_SunCheon.csv,11,189.58827181729404,197.33781263563367
1712,KBS_SunCheon.csv,12,189.07113758433948,196.27521091037326
1713,KBS_SunCheon.csv,13,188.858383733576,196.40099080403647
1714,KBS_SunCheon.csv,14,188.74318681196732,197.36369154188367
1715,KBS_SunCheon.csv,15,188.9735556862571,201.3661092122396
1716,KBS_SunCheon.csv,16,188.81853970614347,194.99552408854166
1717,KBS_SunCheon.csv,17,188.30891362970524,196.51214430067273
1718,KBS_SunCheon.csv,18,188.8731728293679,194.68673706054688
1719,KBS_SunCheon.csv,19,188.08099559437144,195.2213863796658
1720,KBS_SunCheon.csv,20,187.51795127175072,195.41377597384982
1721,KBS_SunCheon.csv,21,187.28936934037642,194.4795176188151
1722,KBS_SunCheon.csv,22,187.3547626842152,194.4766879611545
1723,KBS_SunCheon.csv,23,188.74381575150923,195.6521199544271
1724,KBS_SunCheon.csv,24,189.03780129172586,193.9545694986979
1725,KBS_SunCheon.csv,25,186.72580150257457,197.43799845377603
1726,KBS_SunCheon.csv,26,188.32662963867188,194.00199211968317
1727,KBS_SunCheon.csv,27,186.5438224098899,193.75735473632812
1728,KBS_SunCheon.csv,28,186.9001120827415,193.5072987874349
1729,KBS_SunCheon.csv,29,186.16662126020952,193.1881306966146
1730,KBS_SunCheon.csv,30,185.9851953679865,192.95372856987848
1731,KBS_SunCheon.csv,31,186.0422920920632,193.985843234592
1732,KBS_SunCheon.csv,32,186.19368397105825,193.60750495062933
1733,KBS_SunCheon.csv,33,185.6875138716264,192.94776746961804
1734,KBS_SunCheon.csv,34,185.8672235662287,193.23006354437933
1735,KBS_SunCheon.csv,35,185.95621587579902,194.17003207736545
1736,KBS_SunCheon.csv,36,185.75541076660156,195.18724399142795
1737,KBS_SunCheon.csv,37,185.7216935591264,192.8224894205729
1738,KBS_SunCheon.csv,38,185.85179082697087,192.6577911376953
1739,KBS_SunCheon.csv,39,185.77781399813566,193.53359137641058
1740,KBS_SunCheon.csv,40,185.32731253884054,192.54094780815973
1741,KBS_SunCheon.csv,41,185.4620350230824,192.74923706054688
1742,KBS_SunCheon.csv,42,185.32562255859375,192.5094485812717
1743,KBS_SunCheon.csv,43,186.03125027743252,192.2702874077691
1744,KBS_SunCheon.csv,44,184.7331337668679,194.54926554361978
1745,KBS_SunCheon.csv,45,186.12049005681817,192.3060557047526
1746,KBS_SunCheon.csv,46,185.16237460049715,193.79771423339844
1747,KBS_SunCheon.csv,47,185.13300226384942,192.8863983154297
1748,KBS_SunCheon.csv,48,184.53681224476207,193.09449937608508
1749,KBS_SunCheon.csv,49,184.86146850585936,192.35323757595486
1750,KBS_SunCheon.csv,50,184.79538629705254,192.28760952419705
1751,KBS_SunCheon.csv,51,184.96910511363637,194.24100409613715
1752,KBS_SunCheon.csv,52,184.6884207985618,192.10620964898004
1753,KBS_SunCheon.csv,53,184.4046414462003,192.02340698242188
1754,KBS_SunCheon.csv,54,184.73721812855115,192.2936537000868
1755,KBS_SunCheon.csv,55,184.55229159268467,192.14926486545139
1756,KBS_SunCheon.csv,56,184.90644753196023,192.35682508680554
1757,KBS_SunCheon.csv,57,184.12604453346947,192.29132588704428
1758,KBS_SunCheon.csv,58,184.4703183260831,191.90479532877603
1759,KBS_SunCheon.csv,59,184.39343012029474,192.0411665174696
1760,KBS_SunCheon.csv,60,184.31328457919034,191.81031629774304
1761,KBS_SunCheon.csv,61,184.55450383966618,191.77491421169705
1762,KBS_SunCheon.csv,62,184.0606065229936,191.7523651123047
1763,KBS_SunCheon.csv,63,184.21443536931818,191.86167738172742
1764,KBS_SunCheon.csv,64,184.45457403009587,191.93509589301215
1765,KBS_SunCheon.csv,65,184.30045859596947,191.77485995822482
1766,KBS_SunCheon.csv,66,184.14276594682173,192.27202860514322
1767,KBS_SunCheon.csv,67,184.84859785600142,192.23717244466147
1768,KBS_SunCheon.csv,68,184.24224881258877,191.63902452256946
1769,KBS_SunCheon.csv,69,183.96466341885653,191.71978929307727
1770,KBS_SunCheon.csv,70,183.81961253773082,191.80553181966147
1771,KBS_SunCheon.csv,71,184.02824152166193,191.91910637749567
1772,KBS_SunCheon.csv,72,183.83656116832387,191.7325676812066
1773,KBS_SunCheon.csv,73,183.97860384854403,191.66438971625433
1774,KBS_SunCheon.csv,74,183.72313981489702,191.57219441731772
1775,KBS_SunCheon.csv,75,184.34978055087004,191.5551283094618
1776,KBS_SunCheon.csv,76,183.9636591131037,191.43129645453558
1777,KBS_SunCheon.csv,77,183.90430824973367,191.4715830485026
1778,KBS_SunCheon.csv,78,183.76071028275922,191.55555386013455
1779,KBS_SunCheon.csv,79,183.73008839000354,191.4696740044488
1780,KBS_SunCheon.csv,80,183.60900185324928,191.69376797146268
1781,KBS_SunCheon.csv,81,183.73141867897726,191.65409003363715
1782,KBS_SunCheon.csv,82,183.45404108220882,191.49502563476562
1783,KBS_SunCheon.csv,83,183.65973288796164,191.4712388780382
1784,KBS_SunCheon.csv,84,183.77311678799717,191.45773315429688
1785,KBS_SunCheon.csv,85,183.6229805686257,191.48383585611978
1786,KBS_SunCheon.csv,86,183.55410405939276,191.4875946044922
1787,KBS_SunCheon.csv,87,183.9151747270064,191.47300889756946
1788,KBS_SunCheon.csv,88,183.65803167169744,191.49203152126736
1789,KBS_SunCheon.csv,89,183.67068980823865,191.44801669650607
1790,KBS_SunCheon.csv,90,183.78617054332386,191.44445970323352
1791,KBS_SunCheon.csv,91,183.41986472389914,191.45048014322916
1792,KBS_SunCheon.csv,92,183.5820420698686,191.45240105523004
1793,KBS_SunCheon.csv,93,183.6112935846502,191.46383497450086
1794,KBS_SunCheon.csv,94,183.6001628528942,191.47253248426648
1795,KBS_SunCheon.csv,95,183.50648276589135,191.4654083251953
1796,KBS_SunCheon.csv,96,183.50939192338424,191.46261257595486
1797,KBS_SunCheon.csv,97,183.80756613991477,191.46231587727866
1798,KBS_SunCheon.csv,98,183.48232671564276,191.46324327256946
1799,KBS_SunCheon.csv,99,183.64550143155185,191.46302286783853
1800,KBS_SunCheon.csv,100,183.91587357954546,191.46300252278647
1801,KBS_GwangJu.csv,1,86.66364489468661,78.4136093987359
1802,KBS_GwangJu.csv,2,80.6219367980957,75.52013651529948
1803,KBS_GwangJu.csv,3,77.90119427767667,73.78725094265408
1804,KBS_GwangJu.csv,4,76.52308418967507,74.29744169447157
1805,KBS_GwangJu.csv,5,75.416507582231,71.32832717895508
1806,KBS_GwangJu.csv,6,74.35484750921076,71.29881159464519
1807,KBS_GwangJu.csv,7,74.31056026111949,70.63340250651042
1808,KBS_GwangJu.csv,8,73.61505251797763,70.18277994791667
1809,KBS_GwangJu.csv,9,73.97793343283914,70.78850555419922
1810,KBS_GwangJu.csv,10,74.07775830355557,70.33618799845378
1811,KBS_GwangJu.csv,11,73.7635943326083,71.62691667344835
1812,KBS_GwangJu.csv,12,72.85945490056818,71.35593922932942
1813,KBS_GwangJu.csv,13,73.02360520796343,69.80240376790364
1814,KBS_GwangJu.csv,14,72.50667793967507,69.45530488755968
1815,KBS_GwangJu.csv,15,72.5069310274991,69.24850675794814
1816,KBS_GwangJu.csv,16,72.97201378562234,70.14989047580295
1817,KBS_GwangJu.csv,17,72.24165462147106,69.63191095987956
1818,KBS_GwangJu.csv,18,71.95419443303888,68.79867723253038
1819,KBS_GwangJu.csv,19,72.1826297413219,68.78866661919488
1820,KBS_GwangJu.csv,20,71.97039510553533,68.7733417087131
1821,KBS_GwangJu.csv,21,71.82107849121094,68.63964716593425
1822,KBS_GwangJu.csv,22,71.83479017777877,68.74400244818793
1823,KBS_GwangJu.csv,23,72.01021485762162,69.74345397949219
1824,KBS_GwangJu.csv,24,71.70421704378995,68.62542978922527
1825,KBS_GwangJu.csv,25,71.77748933271928,68.44931920369466
1826,KBS_GwangJu.csv,26,72.18410810990767,70.15115865071614
1827,KBS_GwangJu.csv,27,71.27355943159624,70.17901950412326
1828,KBS_GwangJu.csv,28,71.38136291503906,68.06782319810655
1829,KBS_GwangJu.csv,29,71.439009995894,68.36539883083768
1830,KBS_GwangJu.csv,30,71.20520616011186,68.64124298095703
1831,KBS_GwangJu.csv,31,71.13866958618163,68.06093427870009
1832,KBS_GwangJu.csv,32,71.48014179576526,68.0808957417806
1833,KBS_GwangJu.csv,33,71.20729488026012,68.83959113226996
1834,KBS_GwangJu.csv,34,70.96129948009144,68.2760501437717
1835,KBS_GwangJu.csv,35,71.0562562422319,67.85606002807617
1836,KBS_GwangJu.csv,36,70.99280700683593,68.49463484022353
1837,KBS_GwangJu.csv,37,70.83331437544389,68.41427824232314
1838,KBS_GwangJu.csv,38,70.96891361583363,67.76470353868272
1839,KBS_GwangJu.csv,39,70.79187025590376,67.78064261542426
1840,KBS_GwangJu.csv,40,70.31889995228161,67.85332404242621
1841,KBS_GwangJu.csv,41,70.40747854059393,67.79065831502278
1842,KBS_GwangJu.csv,42,70.99340251575816,71.16060129801433
1843,KBS_GwangJu.csv,43,70.79720618508078,67.97350650363498
1844,KBS_GwangJu.csv,44,70.2317047812722,67.82122548421223
1845,KBS_GwangJu.csv,45,70.50076904296876,69.79791471693251
1846,KBS_GwangJu.csv,46,70.61984585848721,69.23265414767795
1847,KBS_GwangJu.csv,47,70.36331911954012,67.55840301513672
1848,KBS_GwangJu.csv,48,70.0223762512207,67.62687174479167
1849,KBS_GwangJu.csv,49,70.27563705444337,67.59645419650607
1850,KBS_GwangJu.csv,50,70.27079176469283,68.34558698866103
1851,KBS_GwangJu.csv,51,70.23580967296253,67.63017993503146
1852,KBS_GwangJu.csv,52,70.06260313554243,67.54767481486003
1853,KBS_GwangJu.csv,53,70.69385979392312,67.54738998413086
1854,KBS_GwangJu.csv,54,69.75462112426757,67.63651784261067
1855,KBS_GwangJu.csv,55,69.9321963223544,67.38876385158963
1856,KBS_GwangJu.csv,56,70.100397976962,67.78790749443903
1857,KBS_GwangJu.csv,57,69.82085342407227,68.06958346896701
1858,KBS_GwangJu.csv,58,69.85649864890358,67.43624284532335
1859,KBS_GwangJu.csv,59,70.0289688803933,67.68099721272786
1860,KBS_GwangJu.csv,60,69.81527009443803,67.40010452270508
1861,KBS_GwangJu.csv,61,69.94050209738991,67.58150015936957
1862,KBS_GwangJu.csv,62,70.00682789195668,67.52648417154948
1863,KBS_GwangJu.csv,63,70.21211582530628,67.36779361300998
1864,KBS_GwangJu.csv,64,69.87748856977983,67.39098866780598
1865,KBS_GwangJu.csv,65,69.60622738924893,67.61908298068576
1866,KBS_GwangJu.csv,66,69.66900301846592,67.6052491929796
1867,KBS_GwangJu.csv,67,69.69032800847833,67.30300649007161
1868,KBS_GwangJu.csv,68,69.67064319957386,67.26090070936415
1869,KBS_GwangJu.csv,69,69.93175229159269,68.04573906792535
1870,KBS_GwangJu.csv,70,69.67639298872514,67.44882541232639
1871,KBS_GwangJu.csv,71,69.49458715265447,67.25861104329427
1872,KBS_GwangJu.csv,72,69.49275616732511,67.44512685139973
1873,KBS_GwangJu.csv,73,69.53105753118342,67.41943952772353
1874,KBS_GwangJu.csv,74,69.61042882745916,67.7520260281033
1875,KBS_GwangJu.csv,75,69.66375316273083,67.62415144178603
1876,KBS_GwangJu.csv,76,69.4636025168679,67.29464806450738
1877,KBS_GwangJu.csv,77,69.51972475918856,67.39720831976996
1878,KBS_GwangJu.csv,78,69.5119535966353,67.52023654513889
1879,KBS_GwangJu.csv,79,69.62972696477716,67.21023093329535
1880,KBS_GwangJu.csv,80,69.6428209478205,67.31535508897569
1881,KBS_GwangJu.csv,81,69.49087378761985,67.25970882839627
1882,KBS_GwangJu.csv,82,69.57081291892312,67.26822959052191
1883,KBS_GwangJu.csv,83,69.46639813509854,67.2401368882921
1884,KBS_GwangJu.csv,84,69.41881665316495,67.19115193684895
1885,KBS_GwangJu.csv,85,69.402271825617,67.2079497443305
1886,KBS_GwangJu.csv,86,69.31371730457653,67.18608813815646
1887,KBS_GwangJu.csv,87,69.48099434592507,67.24204338921442
1888,KBS_GwangJu.csv,88,69.40218880393289,67.16887791951497
1889,KBS_GwangJu.csv,89,69.38441051136364,67.17888980441623
1890,KBS_GwangJu.csv,90,69.38052035245029,67.18168301052518
1891,KBS_GwangJu.csv,91,69.35602118752219,67.22433514065213
1892,KBS_GwangJu.csv,92,69.3447885686701,67.1985855102539
1893,KBS_GwangJu.csv,93,69.3086065118963,67.17553626166449
1894,KBS_GwangJu.csv,94,69.42322047840466,67.18095355563693
1895,KBS_GwangJu.csv,95,69.3766754843972,67.17810948689778
1896,KBS_GwangJu.csv,96,69.35878226540305,67.17857021755643
1897,KBS_GwangJu.csv,97,69.37792302911932,67.17727364434137
1898,KBS_GwangJu.csv,98,69.23803426569158,67.17457665337457
1899,KBS_GwangJu.csv,99,69.30519020774148,67.17415703667535
1900,KBS_GwangJu.csv,100,69.36765587546608,67.17450205485027
