global_epoch,task,epoch_in_task,train_loss,val_loss
1,MBC_CheongJu.csv,1,28693.778157552082,28118.812065972223
2,MBC_CheongJu.csv,2,27764.984375,26822.80837673611
3,MBC_CheongJu.csv,3,26070.01784939236,24654.692491319445
4,MBC_CheongJu.csv,4,23419.15966796875,21445.53298611111
5,MBC_CheongJu.csv,5,19702.54465060764,17121.902018229168
6,MBC_CheongJu.csv,6,14961.73158094618,12070.34375
7,MBC_CheongJu.csv,7,9854.831976996527,7104.9384765625
8,MBC_CheongJu.csv,8,5239.854119194879,3259.5048556857637
9,MBC_CheongJu.csv,9,2258.164486355252,1492.0648735894097
10,MBC_CheongJu.csv,10,1153.791483561198,897.6308932834202
11,MBC_CheongJu.csv,11,694.541258070204,543.5912509494358
12,MBC_CheongJu.csv,12,415.34883880615234,328.06687418619794
13,MBC_CheongJu.csv,13,249.58665042453342,198.52249145507812
14,MBC_CheongJu.csv,14,157.1048723856608,126.93758900960286
15,MBC_CheongJu.csv,15,108.04787148369684,91.23707834879558
16,MBC_CheongJu.csv,16,85.45523283216689,82.16245651245117
17,MBC_CheongJu.csv,17,77.9262866973877,73.45859951443143
18,MBC_CheongJu.csv,18,75.48046313391791,71.21907891167535
19,MBC_CheongJu.csv,19,73.62086508009169,70.31547207302518
20,MBC_CheongJu.csv,20,72.5666955312093,69.64614486694336
21,MBC_CheongJu.csv,21,73.0536674923367,68.33713785807292
22,MBC_CheongJu.csv,22,72.49161264631483,68.31101481119792
23,MBC_CheongJu.csv,23,72.15670320722792,68.20521503024631
24,MBC_CheongJu.csv,24,71.91390917036269,68.39951578776042
25,MBC_CheongJu.csv,25,71.33075724707709,66.86682891845703
26,MBC_CheongJu.csv,26,70.8357457054986,66.6003172132704
27,MBC_CheongJu.csv,27,70.28869893815782,66.67398834228516
28,MBC_CheongJu.csv,28,70.00644821590848,66.54101520114475
29,MBC_CheongJu.csv,29,69.91295941670735,65.82626300387912
30,MBC_CheongJu.csv,30,69.4468043645223,65.80639606051975
31,MBC_CheongJu.csv,31,70.03252029418945,67.84359656439887
32,MBC_CheongJu.csv,32,69.03129069010417,65.2769135369195
33,MBC_CheongJu.csv,33,69.00204425387912,65.83473459879558
34,MBC_CheongJu.csv,34,69.09902996487088,64.90037155151367
35,MBC_CheongJu.csv,35,69.20896519554987,64.91347461276584
36,MBC_CheongJu.csv,36,68.6666465335422,65.95993041992188
37,MBC_CheongJu.csv,37,69.17659653557672,64.9930911593967
38,MBC_CheongJu.csv,38,68.31311628553603,64.42699940999348
39,MBC_CheongJu.csv,39,67.96121162838406,64.39107047186957
40,MBC_CheongJu.csv,40,68.43814288245306,63.86531490749783
41,MBC_CheongJu.csv,41,68.50842475891113,63.763842264811196
42,MBC_CheongJu.csv,42,67.92179192437067,64.04762437608507
43,MBC_CheongJu.csv,43,67.20582008361816,63.967303382025825
44,MBC_CheongJu.csv,44,67.78521389431424,63.64400736490885
45,MBC_CheongJu.csv,45,68.26142364078098,63.70513576931424
46,MBC_CheongJu.csv,46,67.99732621510823,63.60792965359158
47,MBC_CheongJu.csv,47,67.18521001603868,63.34394454956055
48,MBC_CheongJu.csv,48,67.97580750783284,63.83584637112088
49,MBC_CheongJu.csv,49,67.18336900075276,63.27302339341905
50,MBC_CheongJu.csv,50,67.07702350616455,62.92124387953017
51,MBC_CheongJu.csv,51,66.29322497049968,62.85550053914388
52,MBC_CheongJu.csv,52,66.67614375220404,62.633917066786026
53,MBC_CheongJu.csv,53,66.51422458224826,62.748394860161675
54,MBC_CheongJu.csv,54,66.30210367838542,62.511180029975044
55,MBC_CheongJu.csv,55,66.88854153951009,62.42784712049696
56,MBC_CheongJu.csv,56,66.32363277011447,62.36734305487739
57,MBC_CheongJu.csv,57,66.30218336317274,62.17721176147461
58,MBC_CheongJu.csv,58,66.51059457990858,62.1600833468967
59,MBC_CheongJu.csv,59,66.69322289360895,62.11390601264106
60,MBC_CheongJu.csv,60,65.96542761060927,62.00455983479818
61,MBC_CheongJu.csv,61,66.56136682298448,62.7548573811849
62,MBC_CheongJu.csv,62,65.61072137620714,62.195162031385635
63,MBC_CheongJu.csv,63,65.01878394020929,61.9004160563151
64,MBC_CheongJu.csv,64,65.26020897759332,61.85780249701606
65,MBC_CheongJu.csv,65,66.02015071445041,62.126594119601776
66,MBC_CheongJu.csv,66,65.41451496548123,62.05593999226888
67,MBC_CheongJu.csv,67,65.98104731241862,61.77606455485026
68,MBC_CheongJu.csv,68,65.17155848609076,61.640355851915146
69,MBC_CheongJu.csv,69,65.78473938835992,61.53499518500434
70,MBC_CheongJu.csv,70,65.32834921942816,61.50321367051866
71,MBC_CheongJu.csv,71,65.46593401167128,61.524539947509766
72,MBC_CheongJu.csv,72,65.5796635945638,61.67753389146593
73,MBC_CheongJu.csv,73,65.19840314653185,61.433010525173614
74,MBC_CheongJu.csv,74,66.27371904585097,61.6355103386773
75,MBC_CheongJu.csv,75,65.17833868662517,61.301261478000214
76,MBC_CheongJu.csv,76,65.11064900292291,61.37058809068468
77,MBC_CheongJu.csv,77,65.45345698462592,61.36591000027127
78,MBC_CheongJu.csv,78,64.873046875,61.35226567586263
79,MBC_CheongJu.csv,79,65.04249223073323,61.23361333211263
80,MBC_CheongJu.csv,80,64.70461813608806,61.25844362046983
81,MBC_CheongJu.csv,81,65.33387035793729,61.271405114067925
82,MBC_CheongJu.csv,82,64.64738792843289,61.25679016113281
83,MBC_CheongJu.csv,83,65.26624552408855,61.19488652547201
84,MBC_CheongJu.csv,84,65.29600397745769,61.30944697062174
85,MBC_CheongJu.csv,85,65.40942658318414,61.22538969251845
86,MBC_CheongJu.csv,86,64.77446301778157,61.23089133368598
87,MBC_CheongJu.csv,87,64.7850268681844,61.21526845296224
88,MBC_CheongJu.csv,88,65.16039180755615,61.167628818088104
89,MBC_CheongJu.csv,89,64.91740247938368,61.23257573445638
90,MBC_CheongJu.csv,90,64.79007233513727,61.244697146945526
91,MBC_CheongJu.csv,91,64.57683393690321,61.23337978786893
92,MBC_CheongJu.csv,92,64.69735505845811,61.219525231255425
93,MBC_CheongJu.csv,93,64.82062318589952,61.20741950141059
94,MBC_CheongJu.csv,94,65.03683111402724,61.218880123562286
95,MBC_CheongJu.csv,95,64.79140419430203,61.21385235256619
96,MBC_CheongJu.csv,96,64.39127943250868,61.19418080647787
97,MBC_CheongJu.csv,97,64.45908090803358,61.202872806125214
98,MBC_CheongJu.csv,98,64.87413713667128,61.19798829820421
99,MBC_CheongJu.csv,99,65.37452093760173,61.196879069010414
100,MBC_CheongJu.csv,100,65.55621253119574,61.20027754041884
101,Broad_CheongJu.csv,1,13299.313316761363,4127.730360243056
102,Broad_CheongJu.csv,2,11425.940500710227,3896.605902777778
103,Broad_CheongJu.csv,3,11345.488938210226,3817.937310112847
104,Broad_CheongJu.csv,4,11297.417613636364,3467.2805447048613
105,Broad_CheongJu.csv,5,11279.582954545454,3787.34423828125
106,Broad_CheongJu.csv,6,11266.923899147727,3820.2369249131943
107,Broad_CheongJu.csv,7,11254.896590909091,3836.527642144097
108,Broad_CheongJu.csv,8,11248.479279119318,3605.71484375
109,Broad_CheongJu.csv,9,11240.718394886364,3638.7277018229165
110,Broad_CheongJu.csv,10,11237.795348011363,3794.1586100260415
111,Broad_CheongJu.csv,11,11224.852006392046,3654.8774685329863
112,Broad_CheongJu.csv,12,11218.3845703125,3595.9732801649307
113,Broad_CheongJu.csv,13,11229.321324573864,3395.0807291666665
114,Broad_CheongJu.csv,14,11221.203107244319,3704.79248046875
115,Broad_CheongJu.csv,15,11219.250266335228,3713.3225911458335
116,Broad_CheongJu.csv,16,11216.613405539772,3687.147705078125
117,Broad_CheongJu.csv,17,11228.497301136364,3660.3561197916665
118,Broad_CheongJu.csv,18,11218.631676136363,3846.6282823350693
119,Broad_CheongJu.csv,19,11219.449200994319,3678.71826171875
120,Broad_CheongJu.csv,20,11214.979474431819,3637.105767144097
121,Broad_CheongJu.csv,21,11213.425213068182,3661.5940755208335
122,Broad_CheongJu.csv,22,11216.281125710228,3570.062065972222
123,Broad_CheongJu.csv,23,11217.418110795454,3726.420654296875
124,Broad_CheongJu.csv,24,11210.593288352273,3668.7254503038193
125,Broad_CheongJu.csv,25,11211.517347301136,3469.522406684028
126,Broad_CheongJu.csv,26,11215.976242897726,3425.4062228732637
127,Broad_CheongJu.csv,27,11208.427805397727,3696.5045572916665
128,Broad_CheongJu.csv,28,11212.726704545454,3777.7019314236113
129,Broad_CheongJu.csv,29,11207.453053977273,3675.573974609375
130,Broad_CheongJu.csv,30,11208.210617897726,3734.5614149305557
131,Broad_CheongJu.csv,31,11210.236434659091,3581.189507378472
132,Broad_CheongJu.csv,32,11208.126420454546,3699.9545627170137
133,Broad_CheongJu.csv,33,11213.172816051136,3828.7829318576387
134,Broad_CheongJu.csv,34,11216.40655184659,3889.670111762153
135,Broad_CheongJu.csv,35,11212.678071732955,3836.8922526041665
136,Broad_CheongJu.csv,36,11208.503071732954,3522.008110894097
137,Broad_CheongJu.csv,37,11203.548899147727,3572.208251953125
138,Broad_CheongJu.csv,38,11198.60811434659,3719.0995008680557
139,Broad_CheongJu.csv,39,11207.751509232954,3629.2286241319443
140,Broad_CheongJu.csv,40,11202.595472301136,3581.3326551649307
141,Broad_CheongJu.csv,41,11209.40653409091,3688.882080078125
142,Broad_CheongJu.csv,42,11208.030681818182,3708.9605305989585
143,Broad_CheongJu.csv,43,11204.335830965909,3830.0921766493057
144,Broad_CheongJu.csv,44,11214.123153409091,3716.1083170572915
145,Broad_CheongJu.csv,45,11206.018075284092,3628.04052734375
146,Broad_CheongJu.csv,46,11210.070880681818,3739.244873046875
147,Broad_CheongJu.csv,47,11200.411203835227,3626.799126519097
148,Broad_CheongJu.csv,48,11206.168093039772,3689.5042588975693
149,Broad_CheongJu.csv,49,11201.375550426137,3655.5782063802085
150,Broad_CheongJu.csv,50,11207.27665127841,3693.838433159722
151,Broad_CheongJu.csv,51,11208.710067471591,3772.201226128472
152,Broad_CheongJu.csv,52,11205.623419744317,3752.6615397135415
153,Broad_CheongJu.csv,53,11200.467027698864,3653.2181260850693
154,Broad_CheongJu.csv,54,11199.571555397728,3711.289794921875
155,Broad_CheongJu.csv,55,11202.911203835227,3551.027153862847
156,Broad_CheongJu.csv,56,11199.046431107954,3704.2642957899307
157,Broad_CheongJu.csv,57,11196.214985795454,3850.802001953125
158,Broad_CheongJu.csv,58,11206.925124289774,3567.503173828125
159,Broad_CheongJu.csv,59,11196.532954545455,3642.1944715711807
160,Broad_CheongJu.csv,60,11195.728267045455,3661.9892306857637
161,Broad_CheongJu.csv,61,11199.496537642046,3697.757269965278
162,Broad_CheongJu.csv,62,11200.49893465909,3709.384467230903
163,Broad_CheongJu.csv,63,11185.180131392046,3716.6271158854165
164,Broad_CheongJu.csv,64,11199.260671164773,3714.8898111979165
165,Broad_CheongJu.csv,65,11189.817009943183,3781.745062934028
166,Broad_CheongJu.csv,66,11198.989026988636,3683.5323079427085
167,Broad_CheongJu.csv,67,11192.098810369318,3700.2607421875
168,Broad_CheongJu.csv,68,11206.014630681819,3634.6552463107637
169,Broad_CheongJu.csv,69,11196.301633522728,3670.3885904947915
170,Broad_CheongJu.csv,70,11198.019779829545,3685.04052734375
171,Broad_CheongJu.csv,71,11206.811079545454,3705.407904730903
172,Broad_CheongJu.csv,72,11196.662340198864,3680.997368706597
173,Broad_CheongJu.csv,73,11196.092009943182,3742.333685980903
174,Broad_CheongJu.csv,74,11206.870845170455,3701.4764268663193
175,Broad_CheongJu.csv,75,11194.960067471591,3707.58935546875
176,Broad_CheongJu.csv,76,11200.347443181818,3703.1972927517363
177,Broad_CheongJu.csv,77,11196.121448863636,3660.1492513020835
178,Broad_CheongJu.csv,78,11199.728018465908,3694.394965277778
179,Broad_CheongJu.csv,79,11200.596697443181,3690.0010579427085
180,Broad_CheongJu.csv,80,11192.926136363636,3666.2474229600693
181,Broad_CheongJu.csv,81,11207.295063920454,3696.0692545572915
182,Broad_CheongJu.csv,82,11194.643767755682,3687.3436686197915
183,Broad_CheongJu.csv,83,11198.379651988636,3701.624810112847
184,Broad_CheongJu.csv,84,11193.709002130681,3707.9116482204863
185,Broad_CheongJu.csv,85,11198.439133522726,3681.132866753472
186,Broad_CheongJu.csv,86,11204.374147727272,3676.8966200086807
187,Broad_CheongJu.csv,87,11192.359623579545,3689.9991319444443
188,Broad_CheongJu.csv,88,11196.023313210228,3679.3891330295137
189,Broad_CheongJu.csv,89,11189.959037642046,3681.2916124131943
190,Broad_CheongJu.csv,90,11198.91729403409,3686.295166015625
191,Broad_CheongJu.csv,91,11196.23819247159,3692.2437879774307
192,Broad_CheongJu.csv,92,11189.674822443181,3695.964898003472
193,Broad_CheongJu.csv,93,11191.126225142045,3689.2998860677085
194,Broad_CheongJu.csv,94,11195.243678977273,3687.2558322482637
195,Broad_CheongJu.csv,95,11202.506001420454,3686.16357421875
196,Broad_CheongJu.csv,96,11207.604243607955,3685.6580674913193
197,Broad_CheongJu.csv,97,11192.891015625,3687.8255208333335
198,Broad_CheongJu.csv,98,11202.487801846592,3686.7386610243057
199,Broad_CheongJu.csv,99,11194.994406960228,3687.3027072482637
200,Broad_CheongJu.csv,100,11197.670578835226,3687.2761501736113
201,MBC_DaeJeon.csv,1,9370.164177911933,3466.5132649739585
202,MBC_DaeJeon.csv,2,9344.44268465909,3416.520073784722
203,MBC_DaeJeon.csv,3,9346.054350142045,3388.244927300347
204,MBC_DaeJeon.csv,4,9346.845933948864,3528.7683919270835
205,MBC_DaeJeon.csv,5,9325.060387073863,3529.0301378038193
206,MBC_DaeJeon.csv,6,9327.973135653408,3504.57958984375
207,MBC_DaeJeon.csv,7,9328.37373934659,3505.1686197916665
208,MBC_DaeJeon.csv,8,9311.176615767046,3494.5824924045137
209,MBC_DaeJeon.csv,9,9311.513352272726,3472.051812065972
210,MBC_DaeJeon.csv,10,9320.91288174716,3446.7071940104165
211,MBC_DaeJeon.csv,11,9298.511736505681,3418.107231987847
212,MBC_DaeJeon.csv,12,9300.433744673295,3548.2147352430557
213,MBC_DaeJeon.csv,13,9300.07803622159,3447.7374131944443
214,MBC_DaeJeon.csv,14,9289.418110795454,3286.8019748263887
215,MBC_DaeJeon.csv,15,9284.90459872159,3328.1784396701387
216,MBC_DaeJeon.csv,16,9286.599600497158,3293.2680935329863
217,MBC_DaeJeon.csv,17,9270.873046875,3289.206108940972
218,MBC_DaeJeon.csv,18,9272.9638671875,3636.8053927951387
219,MBC_DaeJeon.csv,19,9263.094504616478,3367.7174479166665
220,MBC_DaeJeon.csv,20,9278.66015625,3494.910454644097
221,MBC_DaeJeon.csv,21,9274.144016335227,3595.983588324653
222,MBC_DaeJeon.csv,22,9272.44354580966,3268.6294759114585
223,MBC_DaeJeon.csv,23,9264.86075106534,3492.3075358072915
224,MBC_DaeJeon.csv,24,9265.787118252842,3225.6661783854165
225,MBC_DaeJeon.csv,25,9263.527370383523,3410.487250434028
226,MBC_DaeJeon.csv,26,9255.390660511364,3312.158393012153
227,MBC_DaeJeon.csv,27,9253.089701704546,3214.7392849392363
228,MBC_DaeJeon.csv,28,9240.690678267045,3289.7395290798613
229,MBC_DaeJeon.csv,29,9256.928267045454,3433.6663682725693
230,MBC_DaeJeon.csv,30,9236.20009765625,3273.2810329861113
231,MBC_DaeJeon.csv,31,9244.1,3346.4092068142363
232,MBC_DaeJeon.csv,32,9249.479563210227,3483.3456759982637
233,MBC_DaeJeon.csv,33,9244.08944424716,3412.849175347222
234,MBC_DaeJeon.csv,34,9243.870942826705,3237.7225748697915
235,MBC_DaeJeon.csv,35,9232.995099431819,3315.6859537760415
236,MBC_DaeJeon.csv,36,9232.509375,3526.2560221354165
237,MBC_DaeJeon.csv,37,9241.91827059659,3412.352593315972
238,MBC_DaeJeon.csv,38,9238.963414417614,3344.98388671875
239,MBC_DaeJeon.csv,39,9240.868084161932,3299.0567762586807
240,MBC_DaeJeon.csv,40,9231.625550426137,3411.7828504774307
241,MBC_DaeJeon.csv,41,9233.589817116477,3300.3791775173613
242,MBC_DaeJeon.csv,42,9224.393412642046,3278.848334418403
243,MBC_DaeJeon.csv,43,9221.251473721592,3202.2670627170137
244,MBC_DaeJeon.csv,44,9220.115092329546,3399.3598904079863
245,MBC_DaeJeon.csv,45,9226.603062855114,3329.583306206597
246,MBC_DaeJeon.csv,46,9234.63895596591,3183.4588216145835
247,MBC_DaeJeon.csv,47,9219.1587890625,3374.7967122395835
248,MBC_DaeJeon.csv,48,9216.008034446022,3379.759955512153
249,MBC_DaeJeon.csv,49,9234.427228338069,3249.8002658420137
250,MBC_DaeJeon.csv,50,9219.408638139204,3386.2867838541665
251,MBC_DaeJeon.csv,51,9222.600532670454,3319.8194173177085
252,MBC_DaeJeon.csv,52,9218.113734019886,3382.0067545572915
253,MBC_DaeJeon.csv,53,9215.576393821022,3314.5193956163193
254,MBC_DaeJeon.csv,54,9212.029421164772,3318.252685546875
255,MBC_DaeJeon.csv,55,9215.270063920454,3080.338921440972
256,MBC_DaeJeon.csv,56,9226.242844460226,3405.9761827256943
257,MBC_DaeJeon.csv,57,9219.216779119319,3268.9344618055557
258,MBC_DaeJeon.csv,58,9207.74384765625,3284.0196940104165
259,MBC_DaeJeon.csv,59,9207.09745205966,3212.5376790364585
260,MBC_DaeJeon.csv,60,9208.541947798296,3431.586127387153
261,MBC_DaeJeon.csv,61,9216.6435546875,3271.4242892795137
262,MBC_DaeJeon.csv,62,9212.972869318182,3257.8036024305557
263,MBC_DaeJeon.csv,63,9214.012446732955,3317.5423719618057
264,MBC_DaeJeon.csv,64,9201.151704545455,3324.8641221788193
265,MBC_DaeJeon.csv,65,9198.471626420454,3320.5276692708335
266,MBC_DaeJeon.csv,66,9205.107830255682,3293.438422309028
267,MBC_DaeJeon.csv,67,9210.250727982955,3397.2820638020835
268,MBC_DaeJeon.csv,68,9208.1958984375,3285.28955078125
269,MBC_DaeJeon.csv,69,9197.964604048295,3373.614935980903
270,MBC_DaeJeon.csv,70,9206.188805042613,3369.616943359375
271,MBC_DaeJeon.csv,71,9217.523570667614,3360.604437934028
272,MBC_DaeJeon.csv,72,9203.99676846591,3287.9216037326387
273,MBC_DaeJeon.csv,73,9206.466619318182,3345.6282552083335
274,MBC_DaeJeon.csv,74,9191.046732954546,3290.4895290798613
275,MBC_DaeJeon.csv,75,9207.226784446022,3341.5447862413193
276,MBC_DaeJeon.csv,76,9188.708549360796,3340.6515299479165
277,MBC_DaeJeon.csv,77,9210.096732954546,3349.8747829861113
278,MBC_DaeJeon.csv,78,9201.007759232954,3329.9803602430557
279,MBC_DaeJeon.csv,79,9204.572576349432,3314.2278917100693
280,MBC_DaeJeon.csv,80,9199.41708096591,3309.4599609375
281,MBC_DaeJeon.csv,81,9206.42509765625,3316.5323350694443
282,MBC_DaeJeon.csv,82,9199.360919744318,3326.9943576388887
283,MBC_DaeJeon.csv,83,9196.742729048296,3329.376953125
284,MBC_DaeJeon.csv,84,9188.101642400568,3342.5832790798613
285,MBC_DaeJeon.csv,85,9190.469664417613,3340.1375868055557
286,MBC_DaeJeon.csv,86,9201.748597301137,3334.5792371961807
287,MBC_DaeJeon.csv,87,9204.390127840908,3352.2216525607637
288,MBC_DaeJeon.csv,88,9203.118785511364,3328.264838324653
289,MBC_DaeJeon.csv,89,9203.147736150568,3343.8307020399307
290,MBC_DaeJeon.csv,90,9199.570623224432,3324.584526909722
291,MBC_DaeJeon.csv,91,9203.664311079545,3328.4071180555557
292,MBC_DaeJeon.csv,92,9203.093394886364,3326.7172037760415
293,MBC_DaeJeon.csv,93,9202.642853338068,3331.2314724392363
294,MBC_DaeJeon.csv,94,9194.811390269886,3326.7841796875
295,MBC_DaeJeon.csv,95,9194.67647372159,3326.0810546875
296,MBC_DaeJeon.csv,96,9189.220774147727,3329.1658799913193
297,MBC_DaeJeon.csv,97,9202.927796519887,3326.6220431857637
298,MBC_DaeJeon.csv,98,9196.114426491476,3326.996283637153
299,MBC_DaeJeon.csv,99,9197.267755681818,3327.5255262586807
300,MBC_DaeJeon.csv,100,9196.949866832387,3326.97900390625
301,KBS_DaeJeon.csv,1,8420.427601207386,2867.5831434461807
302,KBS_DaeJeon.csv,2,8411.031631747159,2844.6974012586807
303,KBS_DaeJeon.csv,3,8405.159437144886,2758.5848524305557
304,KBS_DaeJeon.csv,4,8393.76835049716,2891.807373046875
305,KBS_DaeJeon.csv,5,8407.105193536932,2793.2123209635415
306,KBS_DaeJeon.csv,6,8396.797034801137,2840.0341525607637
307,KBS_DaeJeon.csv,7,8379.553959517045,2850.3931477864585
308,KBS_DaeJeon.csv,8,8374.599937855113,2579.5619032118057
309,KBS_DaeJeon.csv,9,8380.109028764204,2702.4803059895835
310,KBS_DaeJeon.csv,10,8387.566432883523,2743.3399522569443
311,KBS_DaeJeon.csv,11,8396.206693892045,2885.3025173611113
312,KBS_DaeJeon.csv,12,8385.333540482954,2764.4510904947915
313,KBS_DaeJeon.csv,13,8380.347425426136,2728.3517795138887
314,KBS_DaeJeon.csv,14,8375.158318536933,2872.6803114149307
315,KBS_DaeJeon.csv,15,8377.93465909091,2904.5823025173613
316,KBS_DaeJeon.csv,16,8375.988156960228,2744.619873046875
317,KBS_DaeJeon.csv,17,8383.465385298296,2662.269287109375
318,KBS_DaeJeon.csv,18,8381.795268110796,2712.6840006510415
319,KBS_DaeJeon.csv,19,8373.522336647728,2601.696967230903
320,KBS_DaeJeon.csv,20,8366.06337890625,2689.4820149739585
321,KBS_DaeJeon.csv,21,8364.78505859375,2776.7718370225693
322,KBS_DaeJeon.csv,22,8386.028142755682,2743.4196506076387
323,KBS_DaeJeon.csv,23,8357.064035866477,2711.7524142795137
324,KBS_DaeJeon.csv,24,8366.951722301137,2808.9860568576387
325,KBS_DaeJeon.csv,25,8354.609730113636,2571.0380045572915
326,KBS_DaeJeon.csv,26,8371.494850852272,2513.2638888888887
327,KBS_DaeJeon.csv,27,8356.012109375,2560.0218912760415
328,KBS_DaeJeon.csv,28,8350.453018465909,2753.656005859375
329,KBS_DaeJeon.csv,29,8358.470951704545,2626.6698133680557
330,KBS_DaeJeon.csv,30,8355.584738991478,2680.709906684028
331,KBS_DaeJeon.csv,31,8356.461443536931,2625.354926215278
332,KBS_DaeJeon.csv,32,8354.810218394887,2674.7314181857637
333,KBS_DaeJeon.csv,33,8360.331223366476,2839.623046875
334,KBS_DaeJeon.csv,34,8349.119131747158,2772.8078342013887
335,KBS_DaeJeon.csv,35,8362.521555397727,2777.4826388888887
336,KBS_DaeJeon.csv,36,8342.471608664773,2758.7717556423613
337,KBS_DaeJeon.csv,37,8351.217507102272,2642.945990668403
338,KBS_DaeJeon.csv,38,8352.576402698864,2711.2651095920137
339,KBS_DaeJeon.csv,39,8339.682945667613,2707.1871473524307
340,KBS_DaeJeon.csv,40,8329.048597301136,2658.4066026475693
341,KBS_DaeJeon.csv,41,8345.212633167614,2613.5902506510415
342,KBS_DaeJeon.csv,42,8348.678338068183,2557.3360460069443
343,KBS_DaeJeon.csv,43,8334.522443181819,2740.8515625
344,KBS_DaeJeon.csv,44,8333.319113991478,2684.8844129774307
345,KBS_DaeJeon.csv,45,8353.230948153408,2666.9659288194443
346,KBS_DaeJeon.csv,46,8349.906187855113,2679.3116319444443
347,KBS_DaeJeon.csv,47,8337.512837357954,2569.8819444444443
348,KBS_DaeJeon.csv,48,8345.437633167614,2844.205864800347
349,KBS_DaeJeon.csv,49,8340.5865234375,2747.806830512153
350,KBS_DaeJeon.csv,50,8341.496954900567,2567.454779730903
351,KBS_DaeJeon.csv,51,8345.51973544034,2716.614501953125
352,KBS_DaeJeon.csv,52,8345.493732244318,2816.230278862847
353,KBS_DaeJeon.csv,53,8335.939098011364,2675.1335720486113
354,KBS_DaeJeon.csv,54,8326.514959161932,2787.9693467881943
355,KBS_DaeJeon.csv,55,8329.03641690341,2808.212103949653
356,KBS_DaeJeon.csv,56,8330.560822088068,2753.1163736979165
357,KBS_DaeJeon.csv,57,8340.322132457386,2806.1070692274307
358,KBS_DaeJeon.csv,58,8336.601411576705,2635.3524305555557
359,KBS_DaeJeon.csv,59,8321.650124289772,2673.07080078125
360,KBS_DaeJeon.csv,60,8331.51387606534,2748.7299533420137
361,KBS_DaeJeon.csv,61,8329.602228338068,2724.7795138888887
362,KBS_DaeJeon.csv,62,8328.54580965909,2740.844780815972
363,KBS_DaeJeon.csv,63,8326.671732954546,2702.2289767795137
364,KBS_DaeJeon.csv,64,8331.61758700284,2739.873046875
365,KBS_DaeJeon.csv,65,8327.64715909091,2656.5245768229165
366,KBS_DaeJeon.csv,66,8323.274627130682,2817.9176432291665
367,KBS_DaeJeon.csv,67,8329.66170987216,2628.7155490451387
368,KBS_DaeJeon.csv,68,8322.540838068182,2700.9275987413193
369,KBS_DaeJeon.csv,69,8330.988441051137,2663.832221137153
370,KBS_DaeJeon.csv,70,8335.034019886363,2739.9648166232637
371,KBS_DaeJeon.csv,71,8323.129669744318,2719.622368706597
372,KBS_DaeJeon.csv,72,8326.44061612216,2729.788384331597
373,KBS_DaeJeon.csv,73,8323.454216974433,2733.0118543836807
374,KBS_DaeJeon.csv,74,8320.696999289772,2734.7658962673613
375,KBS_DaeJeon.csv,75,8336.603515625,2722.310791015625
376,KBS_DaeJeon.csv,76,8323.75350674716,2681.0699055989585
377,KBS_DaeJeon.csv,77,8314.039177911933,2723.750298394097
378,KBS_DaeJeon.csv,78,8335.252965198864,2684.3123372395835
379,KBS_DaeJeon.csv,79,8318.73614169034,2720.720404730903
380,KBS_DaeJeon.csv,80,8317.837890625,2728.4004177517363
381,KBS_DaeJeon.csv,81,8329.472034801136,2724.314995659722
382,KBS_DaeJeon.csv,82,8335.252317116478,2719.8548448350693
383,KBS_DaeJeon.csv,83,8333.787118252842,2733.806939019097
384,KBS_DaeJeon.csv,84,8308.341486150568,2733.19775390625
385,KBS_DaeJeon.csv,85,8323.285901988636,2707.9752061631943
386,KBS_DaeJeon.csv,86,8327.192453835227,2696.3799099392363
387,KBS_DaeJeon.csv,87,8311.4666015625,2706.5071072048613
388,KBS_DaeJeon.csv,88,8316.674973366476,2713.3397081163193
389,KBS_DaeJeon.csv,89,8322.265216619318,2699.650634765625
390,KBS_DaeJeon.csv,90,8306.521031605114,2707.8639051649307
391,KBS_DaeJeon.csv,91,8327.708931107954,2700.1390787760415
392,KBS_DaeJeon.csv,92,8334.370108309658,2712.468207465278
393,KBS_DaeJeon.csv,93,8324.19990234375,2712.3011610243057
394,KBS_DaeJeon.csv,94,8326.954483309659,2712.1969401041665
395,KBS_DaeJeon.csv,95,8327.65009765625,2711.699273003472
396,KBS_DaeJeon.csv,96,8319.263556463067,2710.5321180555557
397,KBS_DaeJeon.csv,97,8324.949964488636,2710.3133951822915
398,KBS_DaeJeon.csv,98,8328.574769176137,2710.3723958333335
399,KBS_DaeJeon.csv,99,8325.50362215909,2709.1666395399307
400,KBS_DaeJeon.csv,100,8317.452974076705,2709.177435980903
401,CMB_DaeJeon.csv,1,7889.961603338068,2465.23583984375
402,CMB_DaeJeon.csv,2,7875.447869318182,2388.5262044270835
403,CMB_DaeJeon.csv,3,7880.963334517045,2613.9857584635415
404,CMB_DaeJeon.csv,4,7863.359827769887,2453.9540201822915
405,CMB_DaeJeon.csv,5,7874.044344815341,2633.1865234375
406,CMB_DaeJeon.csv,6,7856.107972301136,2216.4221462673613
407,CMB_DaeJeon.csv,7,7880.301109730113,2553.0528157552085
408,CMB_DaeJeon.csv,8,7879.192027698864,2432.8652072482637
409,CMB_DaeJeon.csv,9,7870.110298295454,2325.3167317708335
410,CMB_DaeJeon.csv,10,7869.234783380682,2372.2098524305557
411,CMB_DaeJeon.csv,11,7858.023046875,2478.460883246528
412,CMB_DaeJeon.csv,12,7851.757510653409,2532.4925672743057
413,CMB_DaeJeon.csv,13,7853.240269886363,2426.332573784722
414,CMB_DaeJeon.csv,14,7850.087002840909,2326.381103515625
415,CMB_DaeJeon.csv,15,7851.486834161932,2600.138427734375
416,CMB_DaeJeon.csv,16,7860.234517045455,2504.7196180555557
417,CMB_DaeJeon.csv,17,7837.476731178977,2538.1636013454863
418,CMB_DaeJeon.csv,18,7847.652139559659,2433.254692925347
419,CMB_DaeJeon.csv,19,7851.127894176137,2370.5901963975693
420,CMB_DaeJeon.csv,20,7844.104137073864,2603.8470052083335
421,CMB_DaeJeon.csv,21,7846.307466264205,2436.3592122395835
422,CMB_DaeJeon.csv,22,7849.595854048295,2601.310248480903
423,CMB_DaeJeon.csv,23,7839.445490056818,2340.7962239583335
424,CMB_DaeJeon.csv,24,7838.331196732955,2371.3419325086807
425,CMB_DaeJeon.csv,25,7850.673588423296,2301.5612521701387
426,CMB_DaeJeon.csv,26,7840.180051491478,2473.7954915364585
427,CMB_DaeJeon.csv,27,7830.880868252841,2548.3681640625
428,CMB_DaeJeon.csv,28,7842.116912286931,2681.1177842881943
429,CMB_DaeJeon.csv,29,7841.604936079545,2548.5336100260415
430,CMB_DaeJeon.csv,30,7830.683531605114,2301.04150390625
431,CMB_DaeJeon.csv,31,7819.454376775569,2405.89013671875
432,CMB_DaeJeon.csv,32,7827.936807528409,2392.012939453125
433,CMB_DaeJeon.csv,33,7830.297212357955,2434.3372938368057
434,CMB_DaeJeon.csv,34,7840.144451349432,2412.527642144097
435,CMB_DaeJeon.csv,35,7832.471422230114,2225.9364420572915
436,CMB_DaeJeon.csv,36,7839.92353515625,2352.45703125
437,CMB_DaeJeon.csv,37,7838.440065696022,2487.355902777778
438,CMB_DaeJeon.csv,38,7817.64755859375,2494.823296440972
439,CMB_DaeJeon.csv,39,7824.392986505682,2276.6212565104165
440,CMB_DaeJeon.csv,40,7816.912375710227,2464.5174153645835
441,CMB_DaeJeon.csv,41,7835.77822265625,2385.4568684895835
442,CMB_DaeJeon.csv,42,7819.425088778409,2353.30517578125
443,CMB_DaeJeon.csv,43,7818.10234375,2511.411865234375
444,CMB_DaeJeon.csv,44,7822.305078125,2278.6849772135415
445,CMB_DaeJeon.csv,45,7822.399840198864,2495.7178819444443
446,CMB_DaeJeon.csv,46,7820.0974609375,2464.8384060329863
447,CMB_DaeJeon.csv,47,7823.9580078125,2405.0090060763887
448,CMB_DaeJeon.csv,48,7822.364000355114,2365.6398654513887
449,CMB_DaeJeon.csv,49,7820.636052911932,2439.6819661458335
450,CMB_DaeJeon.csv,50,7803.427672230114,2331.2658962673613
451,CMB_DaeJeon.csv,51,7816.737997159091,2495.2990451388887
452,CMB_DaeJeon.csv,52,7833.478391335228,2527.471245659722
453,CMB_DaeJeon.csv,53,7829.524946732955,2464.708794487847
454,CMB_DaeJeon.csv,54,7821.621937144886,2421.1309950086807
455,CMB_DaeJeon.csv,55,7810.374449573864,2374.3926866319443
456,CMB_DaeJeon.csv,56,7801.990811434659,2352.411187065972
457,CMB_DaeJeon.csv,57,7827.075870028409,2324.8391384548613
458,CMB_DaeJeon.csv,58,7808.750763494319,2385.8486328125
459,CMB_DaeJeon.csv,59,7810.651944247159,2490.8523763020835
460,CMB_DaeJeon.csv,60,7803.733922230113,2446.884331597222
461,CMB_DaeJeon.csv,61,7807.0384765625,2447.8536512586807
462,CMB_DaeJeon.csv,62,7808.429092684659,2380.1872829861113
463,CMB_DaeJeon.csv,63,7804.962366832387,2405.9189453125
464,CMB_DaeJeon.csv,64,7802.036700994318,2383.5773654513887
465,CMB_DaeJeon.csv,65,7807.856170099431,2347.5506998697915
466,CMB_DaeJeon.csv,66,7806.934268465909,2398.3608127170137
467,CMB_DaeJeon.csv,67,7812.095463423296,2404.7744954427085
468,CMB_DaeJeon.csv,68,7817.468670099432,2461.534966362847
469,CMB_DaeJeon.csv,69,7815.157404119318,2469.1525065104165
470,CMB_DaeJeon.csv,70,7806.2173828125,2395.4640299479165
471,CMB_DaeJeon.csv,71,7817.926598011363,2437.1368001302085
472,CMB_DaeJeon.csv,72,7817.446750710227,2394.7115071614585
473,CMB_DaeJeon.csv,73,7801.511612215909,2442.6602376302085
474,CMB_DaeJeon.csv,74,7813.675577059659,2389.0511610243057
475,CMB_DaeJeon.csv,75,7803.832359730113,2443.902777777778
476,CMB_DaeJeon.csv,76,7787.682146661932,2393.0114474826387
477,CMB_DaeJeon.csv,77,7808.810236150568,2404.7928331163193
478,CMB_DaeJeon.csv,78,7802.118803267045,2409.73779296875
479,CMB_DaeJeon.csv,79,7806.763547585228,2388.296440972222
480,CMB_DaeJeon.csv,80,7812.174840198863,2420.661376953125
481,CMB_DaeJeon.csv,81,7803.179900568181,2403.7794053819443
482,CMB_DaeJeon.csv,82,7816.719122869318,2421.0225694444443
483,CMB_DaeJeon.csv,83,7804.205726207387,2390.4886610243057
484,CMB_DaeJeon.csv,84,7802.324715909091,2406.0286729600693
485,CMB_DaeJeon.csv,85,7807.712633167614,2393.6344401041665
486,CMB_DaeJeon.csv,86,7784.488538707386,2388.6766493055557
487,CMB_DaeJeon.csv,87,7809.264808238637,2399.7769368489585
488,CMB_DaeJeon.csv,88,7810.668341619318,2400.5764973958335
489,CMB_DaeJeon.csv,89,7795.564364346591,2400.5113932291665
490,CMB_DaeJeon.csv,90,7809.57529296875,2394.73388671875
491,CMB_DaeJeon.csv,91,7803.623686079545,2399.823920355903
492,CMB_DaeJeon.csv,92,7807.348561789773,2390.598090277778
493,CMB_DaeJeon.csv,93,7801.837464488636,2393.8882107204863
494,CMB_DaeJeon.csv,94,7804.115909090909,2402.6596950954863
495,CMB_DaeJeon.csv,95,7794.997221235795,2400.3147243923613
496,CMB_DaeJeon.csv,96,7810.90732421875,2401.196044921875
497,CMB_DaeJeon.csv,97,7796.255415482955,2400.696234809028
498,CMB_DaeJeon.csv,98,7812.11796875,2401.526801215278
499,CMB_DaeJeon.csv,99,7801.418297230113,2402.7105848524307
500,CMB_DaeJeon.csv,100,7803.024529474432,2402.28466796875
501,MBC_ChungJu.csv,1,8083.1609375,2737.3234049479165
502,MBC_ChungJu.csv,2,8009.054039417613,2500.4219563802085
503,MBC_ChungJu.csv,3,8014.129643110796,2535.2889811197915
504,MBC_ChungJu.csv,4,8006.624742542614,2665.826850043403
505,MBC_ChungJu.csv,5,7987.285617897727,2723.6621907552085
506,MBC_ChungJu.csv,6,7995.10654296875,2650.881591796875
507,MBC_ChungJu.csv,7,7973.769540127841,2582.1913791232637
508,MBC_ChungJu.csv,8,7978.5798828125,2666.2159830729165
509,MBC_ChungJu.csv,9,7982.496297940341,2797.2818739149307
510,MBC_ChungJu.csv,10,7972.919877485795,2649.8271755642363
511,MBC_ChungJu.csv,11,7985.706028053977,2572.3869357638887
512,MBC_ChungJu.csv,12,7983.604296875,2640.0968967013887
513,MBC_ChungJu.csv,13,7976.92509765625,2631.8053927951387
514,MBC_ChungJu.csv,14,7977.102698863637,2475.374810112847
515,MBC_ChungJu.csv,15,7971.150949928977,2480.4076063368057
516,MBC_ChungJu.csv,16,7985.64033203125,2676.0884602864585
517,MBC_ChungJu.csv,17,7967.795330255682,2582.3651529947915
518,MBC_ChungJu.csv,18,7969.033806818182,2617.7495930989585
519,MBC_ChungJu.csv,19,7960.858948863636,2693.098578559028
520,MBC_ChungJu.csv,20,7969.359765625,2530.2737901475693
521,MBC_ChungJu.csv,21,7951.957501775568,2544.3394911024307
522,MBC_ChungJu.csv,22,7960.569575639204,2714.4215494791665
523,MBC_ChungJu.csv,23,7966.478178267045,2609.957465277778
524,MBC_ChungJu.csv,24,7955.089346590909,2580.025933159722
525,MBC_ChungJu.csv,25,7954.577725497159,2780.6206325954863
526,MBC_ChungJu.csv,26,7960.688485440341,2712.015869140625
527,MBC_ChungJu.csv,27,7953.705779474431,2615.8381076388887
528,MBC_ChungJu.csv,28,7949.729208096591,2680.0396592881943
529,MBC_ChungJu.csv,29,7960.066157670454,2675.4571126302085
530,MBC_ChungJu.csv,30,7957.891548295454,2485.2818467881943
531,MBC_ChungJu.csv,31,7960.721626420454,2588.544921875
532,MBC_ChungJu.csv,32,7955.539186789772,2658.0368381076387
533,MBC_ChungJu.csv,33,7953.292933238637,2519.03466796875
534,MBC_ChungJu.csv,34,7966.525150923296,2751.1163465711807
535,MBC_ChungJu.csv,35,7951.016796875,2670.03369140625
536,MBC_ChungJu.csv,36,7939.713423295455,2544.60009765625
537,MBC_ChungJu.csv,37,7944.7515625,2817.3325466579863
538,MBC_ChungJu.csv,38,7938.107697088069,2693.684516059028
539,MBC_ChungJu.csv,39,7946.471333451705,2679.3551974826387
540,MBC_ChungJu.csv,40,7946.206480823864,2575.429144965278
541,MBC_ChungJu.csv,41,7959.997283380681,2704.7923719618057
542,MBC_ChungJu.csv,42,7941.871422230113,2644.5280490451387
543,MBC_ChungJu.csv,43,7954.385973011364,2494.1723361545137
544,MBC_ChungJu.csv,44,7964.100736860795,2593.3719889322915
545,MBC_ChungJu.csv,45,7960.368048650568,2595.612114800347
546,MBC_ChungJu.csv,46,7947.119957386363,2603.591498480903
547,MBC_ChungJu.csv,47,7943.960724431819,2555.0443250868057
548,MBC_ChungJu.csv,48,7951.349396306819,2528.7822536892363
549,MBC_ChungJu.csv,49,7935.016548295454,2654.099555121528
550,MBC_ChungJu.csv,50,7950.358957741477,2643.9759114583335
551,MBC_ChungJu.csv,51,7941.994273792614,2736.9235568576387
552,MBC_ChungJu.csv,52,7927.801669034091,2597.1636827256943
553,MBC_ChungJu.csv,53,7934.879154829546,2547.2543674045137
554,MBC_ChungJu.csv,54,7934.491619318182,2596.401068793403
555,MBC_ChungJu.csv,55,7960.93115234375,2659.9125162760415
556,MBC_ChungJu.csv,56,7949.896484375,2655.931206597222
557,MBC_ChungJu.csv,57,7945.253045099432,2530.4138454861113
558,MBC_ChungJu.csv,58,7939.576216264205,2583.794189453125
559,MBC_ChungJu.csv,59,7945.01015625,2587.7470703125
560,MBC_ChungJu.csv,60,7941.433194247159,2692.416748046875
561,MBC_ChungJu.csv,61,7945.928133877841,2546.3824869791665
562,MBC_ChungJu.csv,62,7932.704527698864,2560.7994791666665
563,MBC_ChungJu.csv,63,7943.713094815341,2676.365234375
564,MBC_ChungJu.csv,64,7941.166352982955,2545.4158799913193
565,MBC_ChungJu.csv,65,7949.317702414773,2546.683159722222
566,MBC_ChungJu.csv,66,7942.684241832387,2594.7221408420137
567,MBC_ChungJu.csv,67,7929.816051136364,2644.7167697482637
568,MBC_ChungJu.csv,68,7956.686647727272,2621.8556043836807
569,MBC_ChungJu.csv,69,7927.054953835227,2669.2980143229165
570,MBC_ChungJu.csv,70,7950.474857954546,2700.8651258680557
571,MBC_ChungJu.csv,71,7939.653018465909,2661.926703559028
572,MBC_ChungJu.csv,72,7934.249174360795,2673.4642740885415
573,MBC_ChungJu.csv,73,7932.136257102273,2675.9525010850693
574,MBC_ChungJu.csv,74,7953.479181463068,2621.6486545138887
575,MBC_ChungJu.csv,75,7936.946546519886,2584.7310384114585
576,MBC_ChungJu.csv,76,7935.182004616478,2630.4604220920137
577,MBC_ChungJu.csv,77,7945.251189630681,2593.7609049479165
578,MBC_ChungJu.csv,78,7934.403586647727,2608.4751247829863
579,MBC_ChungJu.csv,79,7935.507377485796,2650.4144694010415
580,MBC_ChungJu.csv,80,7924.064639559659,2629.5788302951387
581,MBC_ChungJu.csv,81,7937.966175426136,2609.9363878038193
582,MBC_ChungJu.csv,82,7937.713671875,2594.0902506510415
583,MBC_ChungJu.csv,83,7937.157306463068,2631.6967502170137
584,MBC_ChungJu.csv,84,7932.844211647727,2597.6131184895835
585,MBC_ChungJu.csv,85,7949.23271484375,2633.498589409722
586,MBC_ChungJu.csv,86,7940.492462713069,2627.3747829861113
587,MBC_ChungJu.csv,87,7922.206640625,2619.054253472222
588,MBC_ChungJu.csv,88,7943.238414417614,2616.5666232638887
589,MBC_ChungJu.csv,89,7936.091983309659,2628.9786512586807
590,MBC_ChungJu.csv,90,7934.890909090909,2632.7684190538193
591,MBC_ChungJu.csv,91,7941.873703835227,2626.427680121528
592,MBC_ChungJu.csv,92,7947.409810014205,2620.1968044704863
593,MBC_ChungJu.csv,93,7938.537029474432,2630.7252061631943
594,MBC_ChungJu.csv,94,7938.613174715909,2625.651909722222
595,MBC_ChungJu.csv,95,7931.00439453125,2625.531060112847
596,MBC_ChungJu.csv,96,7931.121155894886,2624.7696668836807
597,MBC_ChungJu.csv,97,7931.322975852273,2624.2625868055557
598,MBC_ChungJu.csv,98,7942.449476207386,2624.620415581597
599,MBC_ChungJu.csv,99,7933.065687144886,2624.212700737847
600,MBC_ChungJu.csv,100,7925.829927201705,2623.774848090278
601,KBS_ChungJu.csv,1,7809.118616832387,2567.8124186197915
602,KBS_ChungJu.csv,2,7821.171084872159,2598.2995334201387
603,KBS_ChungJu.csv,3,7813.852308238636,2417.7625868055557
604,KBS_ChungJu.csv,4,7813.5369140625,2635.595893012153
605,KBS_ChungJu.csv,5,7821.495445667613,2813.7033420138887
606,KBS_ChungJu.csv,6,7807.184232954545,2525.0425889756943
607,KBS_ChungJu.csv,7,7797.589266690341,2794.8739963107637
608,KBS_ChungJu.csv,8,7794.919087357955,2520.5845540364585
609,KBS_ChungJu.csv,9,7796.883478338068,2695.7572428385415
610,KBS_ChungJu.csv,10,7810.4728515625,2488.5837673611113
611,KBS_ChungJu.csv,11,7790.853435724432,2741.814995659722
612,KBS_ChungJu.csv,12,7801.003373579545,2539.1706814236113
613,KBS_ChungJu.csv,13,7798.685573508523,2641.091986762153
614,KBS_ChungJu.csv,14,7796.301420454545,2548.3648817274307
615,KBS_ChungJu.csv,15,7795.929865056818,2728.9750162760415
616,KBS_ChungJu.csv,16,7802.399671519886,2618.1910807291665
617,KBS_ChungJu.csv,17,7797.819513494318,2593.7011990017363
618,KBS_ChungJu.csv,18,7798.636052911932,2755.0736490885415
619,KBS_ChungJu.csv,19,7799.928719815341,2703.9903157552085
620,KBS_ChungJu.csv,20,7787.232164417614,2587.6287706163193
621,KBS_ChungJu.csv,21,7799.049351917613,2584.2029079861113
622,KBS_ChungJu.csv,22,7785.478551136363,2585.1168619791665
623,KBS_ChungJu.csv,23,7792.739311079546,2734.1436631944443
624,KBS_ChungJu.csv,24,7782.980353338068,2683.7393663194443
625,KBS_ChungJu.csv,25,7783.617782315341,2688.8166775173613
626,KBS_ChungJu.csv,26,7769.857839133523,2729.152587890625
627,KBS_ChungJu.csv,27,7786.694584517046,2590.390923394097
628,KBS_ChungJu.csv,28,7777.138529829545,2834.415825737847
629,KBS_ChungJu.csv,29,7787.514151278409,2699.9382595486113
630,KBS_ChungJu.csv,30,7767.923757102273,2608.6234537760415
631,KBS_ChungJu.csv,31,7772.541850142045,2642.3619791666665
632,KBS_ChungJu.csv,32,7781.29130859375,2682.84326171875
633,KBS_ChungJu.csv,33,7776.825115411932,2739.6075575086807
634,KBS_ChungJu.csv,34,7782.633744673295,2715.9283582899307
635,KBS_ChungJu.csv,35,7776.277654474432,2812.4420572916665
636,KBS_ChungJu.csv,36,7773.3548828125,2580.160698784722
637,KBS_ChungJu.csv,37,7785.479074928977,2728.37841796875
638,KBS_ChungJu.csv,38,7761.442933238636,2556.7251247829863
639,KBS_ChungJu.csv,39,7767.841015625,2683.469672309028
640,KBS_ChungJu.csv,40,7772.424698153409,2666.5191514756943
641,KBS_ChungJu.csv,41,7782.150026633522,2607.4933810763887
642,KBS_ChungJu.csv,42,7766.024369673295,2685.831244574653
643,KBS_ChungJu.csv,43,7765.380042613637,2639.6363389756943
644,KBS_ChungJu.csv,44,7770.407359730114,2508.7508138020835
645,KBS_ChungJu.csv,45,7776.414852627841,2607.803412543403
646,KBS_ChungJu.csv,46,7773.313600852272,2689.897406684028
647,KBS_ChungJu.csv,47,7763.143332741477,2632.0756022135415
648,KBS_ChungJu.csv,48,7778.099627130682,2548.5561794704863
649,KBS_ChungJu.csv,49,7769.521732954546,2589.4486219618057
650,KBS_ChungJu.csv,50,7757.475150923296,2708.7410481770835
651,KBS_ChungJu.csv,51,7765.612251420454,2699.4814724392363
652,KBS_ChungJu.csv,52,7779.853213778409,2776.02392578125
653,KBS_ChungJu.csv,53,7751.183842329546,2679.7556966145835
654,KBS_ChungJu.csv,54,7776.429332386364,2581.8245442708335
655,KBS_ChungJu.csv,55,7756.102778764204,2531.102783203125
656,KBS_ChungJu.csv,56,7769.04736328125,2641.0076497395835
657,KBS_ChungJu.csv,57,7771.305877130681,2709.7220052083335
658,KBS_ChungJu.csv,58,7766.02607421875,2634.459038628472
659,KBS_ChungJu.csv,59,7767.147381036932,2694.4060329861113
660,KBS_ChungJu.csv,60,7769.671226917613,2560.4680447048613
661,KBS_ChungJu.csv,61,7764.682093394887,2652.9815266927085
662,KBS_ChungJu.csv,62,7758.235174005682,2576.5027940538193
663,KBS_ChungJu.csv,63,7761.582270951704,2633.3443467881943
664,KBS_ChungJu.csv,64,7762.145854048295,2549.5467122395835
665,KBS_ChungJu.csv,65,7769.71787109375,2601.0357259114585
666,KBS_ChungJu.csv,66,7765.112615411932,2608.4453125
667,KBS_ChungJu.csv,67,7771.429563210228,2683.5868869357637
668,KBS_ChungJu.csv,68,7767.738050426136,2713.8539225260415
669,KBS_ChungJu.csv,69,7759.663654119318,2595.7025553385415
670,KBS_ChungJu.csv,70,7754.324343039772,2605.2692599826387
671,KBS_ChungJu.csv,71,7759.509161931818,2628.7244737413193
672,KBS_ChungJu.csv,72,7767.120276988637,2689.8937174479165
673,KBS_ChungJu.csv,73,7754.456986860795,2668.919487847222
674,KBS_ChungJu.csv,74,7759.504971590909,2637.786675347222
675,KBS_ChungJu.csv,75,7757.515003551136,2622.6877712673613
676,KBS_ChungJu.csv,76,7778.426038707386,2632.160101996528
677,KBS_ChungJu.csv,77,7754.804074928978,2627.5871310763887
678,KBS_ChungJu.csv,78,7769.833948863637,2640.3943142361113
679,KBS_ChungJu.csv,79,7767.025523792614,2632.4769151475693
680,KBS_ChungJu.csv,80,7754.641619318182,2645.799370659722
681,KBS_ChungJu.csv,81,7765.02021484375,2636.999077690972
682,KBS_ChungJu.csv,82,7771.29404296875,2635.6974283854165
683,KBS_ChungJu.csv,83,7760.174644886363,2631.0641004774307
684,KBS_ChungJu.csv,84,7752.18955078125,2630.9557020399307
685,KBS_ChungJu.csv,85,7753.942702414773,2647.2227918836807
686,KBS_ChungJu.csv,86,7738.985031960227,2634.2584635416665
687,KBS_ChungJu.csv,87,7760.731862571023,2626.4274631076387
688,KBS_ChungJu.csv,88,7741.570809659091,2639.5393337673613
689,KBS_ChungJu.csv,89,7777.59716796875,2623.5297580295137
690,KBS_ChungJu.csv,90,7769.362224786932,2633.619927300347
691,KBS_ChungJu.csv,91,7751.790687144887,2636.1039225260415
692,KBS_ChungJu.csv,92,7761.206889204545,2629.8312174479165
693,KBS_ChungJu.csv,93,7747.616290838068,2629.920654296875
694,KBS_ChungJu.csv,94,7763.720294744318,2634.4042697482637
695,KBS_ChungJu.csv,95,7762.773348721591,2633.92578125
696,KBS_ChungJu.csv,96,7756.057892400569,2631.7337782118057
697,KBS_ChungJu.csv,97,7758.125639204545,2634.3409830729165
698,KBS_ChungJu.csv,98,7761.509215198864,2633.1700846354165
699,KBS_ChungJu.csv,99,7758.291530539773,2632.5178493923613
700,KBS_ChungJu.csv,100,7742.466086647727,2631.923529730903
701,KBS_main.csv,1,7390.544788707386,1973.6560736762153
702,KBS_main.csv,2,7212.575674715909,1853.3282470703125
703,KBS_main.csv,3,7177.09296875,1977.7936604817708
704,KBS_main.csv,4,7173.637810724432,1846.8583170572917
705,KBS_main.csv,5,7149.172150213069,1662.8468560112847
706,KBS_main.csv,6,7139.754225852273,1686.3998345269097
707,KBS_main.csv,7,7128.012482244319,1753.1977403428818
708,KBS_main.csv,8,7120.834543678977,1740.6420762803818
709,KBS_main.csv,9,7105.537020596591,1556.0487874348958
710,KBS_main.csv,10,7103.42578125,1810.2170274522568
711,KBS_main.csv,11,7098.904847301136,1741.556396484375
712,KBS_main.csv,12,7096.195383522727,1734.0717230902778
713,KBS_main.csv,13,7102.161212713068,1775.6676703559028
714,KBS_main.csv,14,7104.437881747159,1764.9056260850693
715,KBS_main.csv,15,7087.327752130682,1692.4158528645833
716,KBS_main.csv,16,7092.862189275568,1692.38134765625
717,KBS_main.csv,17,7100.294522372159,1658.4453260633682
718,KBS_main.csv,18,7087.902112926136,1858.3346218532986
719,KBS_main.csv,19,7090.431818181818,1650.1412082248264
720,KBS_main.csv,20,7093.403213778409,1729.9330105251736
721,KBS_main.csv,21,7081.212144886364,1610.1595865885417
722,KBS_main.csv,22,7078.753080610795,1761.030246310764
723,KBS_main.csv,23,7085.256880326705,1567.0683186848958
724,KBS_main.csv,24,7068.2947265625,1701.394748263889
725,KBS_main.csv,25,7076.457066761363,1642.9262017144097
726,KBS_main.csv,26,7080.303941761364,1913.8875325520833
727,KBS_main.csv,27,7078.214781605114,1581.9756266276042
728,KBS_main.csv,28,7076.993217329546,1807.088107638889
729,KBS_main.csv,29,7075.348597301137,1459.2441270616318
730,KBS_main.csv,30,7091.125426136364,1828.1327582465278
731,KBS_main.csv,31,7073.240536221591,1619.53369140625
732,KBS_main.csv,32,7079.534685724432,1627.9310709635417
733,KBS_main.csv,33,7070.7169921875,1592.037082248264
734,KBS_main.csv,34,7074.040394176136,1660.3727349175347
735,KBS_main.csv,35,7068.822079190341,1652.5428195529514
736,KBS_main.csv,36,7073.597780539772,1626.899441189236
737,KBS_main.csv,37,7071.896821732955,1634.2273356119792
738,KBS_main.csv,38,7069.756906960227,1609.6106499565972
739,KBS_main.csv,39,7067.764905894886,1736.7144232855903
740,KBS_main.csv,40,7073.255584161931,1692.7145317925347
741,KBS_main.csv,41,7074.836088423295,1692.5309922960068
742,KBS_main.csv,42,7081.767755681818,1659.3380262586807
743,KBS_main.csv,43,7053.839133522727,1568.5926242404514
744,KBS_main.csv,44,7065.008194247159,1797.2950032552083
745,KBS_main.csv,45,7070.724014559659,1734.0580105251736
746,KBS_main.csv,46,7071.961088423295,1607.8575303819443
747,KBS_main.csv,47,7070.249369673295,1731.1514214409722
748,KBS_main.csv,48,7063.630246803978,1678.313747829861
749,KBS_main.csv,49,7066.933966619318,1723.3168402777778
750,KBS_main.csv,50,7054.939710582386,1624.3795844184028
751,KBS_main.csv,51,7068.583318536932,1631.5694308810764
752,KBS_main.csv,52,7063.135209517045,1652.6399603949653
753,KBS_main.csv,53,7071.383087713069,1681.3475748697917
754,KBS_main.csv,54,7054.570703125,1744.9434950086807
755,KBS_main.csv,55,7070.953702059659,1672.3948974609375
756,KBS_main.csv,56,7060.381267755682,1631.320339626736
757,KBS_main.csv,57,7062.365846946022,1646.3785671657986
758,KBS_main.csv,58,7070.004634232954,1691.2970513237847
759,KBS_main.csv,59,7054.903932883522,1669.43896484375
760,KBS_main.csv,60,7054.974618252841,1664.1893446180557
761,KBS_main.csv,61,7060.571280184659,1658.2470703125
762,KBS_main.csv,62,7056.025142045454,1684.4132486979167
763,KBS_main.csv,63,7063.896599786932,1646.9803059895833
764,KBS_main.csv,64,7044.820925071022,1638.5613878038193
765,KBS_main.csv,65,7057.774955610796,1681.2969156901042
766,KBS_main.csv,66,7071.727139559659,1710.1895887586807
767,KBS_main.csv,67,7056.124325284091,1724.514919704861
768,KBS_main.csv,68,7055.134161931818,1628.4959852430557
769,KBS_main.csv,69,7051.821360085227,1617.0942247178818
770,KBS_main.csv,70,7058.743732244318,1656.88134765625
771,KBS_main.csv,71,7051.566814630682,1705.5075141059028
772,KBS_main.csv,72,7052.134064275569,1631.9732394748264
773,KBS_main.csv,73,7061.381756036932,1656.6191948784722
774,KBS_main.csv,74,7061.981613991477,1690.8734809027778
775,KBS_main.csv,75,7055.420658735796,1707.4468722873264
776,KBS_main.csv,76,7047.719788707386,1651.1600341796875
777,KBS_main.csv,77,7049.828959517045,1648.2800971137153
778,KBS_main.csv,78,7050.12890625,1629.9195963541667
779,KBS_main.csv,79,7056.706596235796,1652.1681993272568
780,KBS_main.csv,80,7065.033584872159,1651.3764241536458
781,KBS_main.csv,81,7047.765749289772,1671.919677734375
782,KBS_main.csv,82,7061.443368252841,1665.4055853949653
783,KBS_main.csv,83,7053.47021484375,1634.7247314453125
784,KBS_main.csv,84,7058.809712357955,1650.1519639756943
785,KBS_main.csv,85,7049.957661576705,1652.0663248697917
786,KBS_main.csv,86,7057.223055752841,1658.6412624782986
787,KBS_main.csv,87,7056.445578835227,1659.8913981119792
788,KBS_main.csv,88,7047.915536221591,1666.6873914930557
789,KBS_main.csv,89,7047.834632457387,1663.7909613715278
790,KBS_main.csv,90,7051.985751065341,1657.1661783854167
791,KBS_main.csv,91,7053.011674360795,1654.6957058376736
792,KBS_main.csv,92,7053.613698508523,1643.842013888889
793,KBS_main.csv,93,7062.980646306818,1646.2382948133682
794,KBS_main.csv,94,7049.032874644887,1650.1346978081597
795,KBS_main.csv,95,7058.070241477273,1651.1828206380208
796,KBS_main.csv,96,7048.618235085227,1651.623508029514
797,KBS_main.csv,97,7045.213716264205,1652.5649278428818
798,KBS_main.csv,98,7059.79765625,1653.0979546440972
799,KBS_main.csv,99,7057.226784446023,1652.9664984809028
800,KBS_main.csv,100,7052.221715198863,1652.5571695963542
801,SBS.csv,1,6926.722727272727,1702.6767442491318
802,SBS.csv,2,6906.272096946022,1701.5343017578125
803,SBS.csv,3,6905.905930397727,1787.9794921875
804,SBS.csv,4,6905.651207386363,1687.3189154730903
805,SBS.csv,5,6897.510901988637,1686.9034966362847
806,SBS.csv,6,6900.535529119318,1666.5703803168403
807,SBS.csv,7,6878.837997159091,1600.5243462456597
808,SBS.csv,8,6883.677716619318,1602.7196587456597
809,SBS.csv,9,6895.710404829545,1560.845675998264
810,SBS.csv,10,6895.1708984375,1626.0525037977432
811,SBS.csv,11,6903.999520596591,1673.0101725260417
812,SBS.csv,12,6887.730229048296,1715.6953531901042
813,SBS.csv,13,6884.86123046875,1682.4165174696182
814,SBS.csv,14,6889.139311079545,1669.5390218098958
815,SBS.csv,15,6888.361727627841,1641.7615695529514
816,SBS.csv,16,6879.400008877841,1687.864230685764
817,SBS.csv,17,6894.075887784091,1554.3857828776042
818,SBS.csv,18,6888.205104758523,1574.7077229817708
819,SBS.csv,19,6885.838734019886,1496.6456976996528
820,SBS.csv,20,6874.999742542614,1658.2002360026042
821,SBS.csv,21,6902.793696732954,1780.6694742838542
822,SBS.csv,22,6880.551775568182,1596.5228949652778
823,SBS.csv,23,6868.440438565341,1588.659206814236
824,SBS.csv,24,6886.124698153409,1749.7990044487847
825,SBS.csv,25,6879.114888139205,1561.4232855902778
826,SBS.csv,26,6882.780149147728,1665.2749565972222
827,SBS.csv,27,6891.559605823863,1860.5114203559028
828,SBS.csv,28,6876.625541548296,1727.2273491753472
829,SBS.csv,29,6865.396519886363,1596.8701307508682
830,SBS.csv,30,6877.352352627841,1678.4703097873264
831,SBS.csv,31,6876.672638494319,1596.1049397786458
832,SBS.csv,32,6872.721599786932,1654.6654459635417
833,SBS.csv,33,6874.800932173295,1747.7832980685764
834,SBS.csv,34,6880.174627130682,1672.9773763020833
835,SBS.csv,35,6886.4328125,1642.6204020182292
836,SBS.csv,36,6870.706321022727,1636.9270968967014
837,SBS.csv,37,6875.729723011364,1512.6471218532986
838,SBS.csv,38,6876.649183238636,1747.349853515625
839,SBS.csv,39,6876.507457386364,1583.8151719835068
840,SBS.csv,40,6872.907430752841,1510.0278727213542
841,SBS.csv,41,6878.479572088068,1689.1864149305557
842,SBS.csv,42,6885.264568536932,1584.9853922526042
843,SBS.csv,43,6874.665358664773,1660.8932156032986
844,SBS.csv,44,6864.415802556819,1601.0638292100693
845,SBS.csv,45,6872.487508877841,1721.0311686197917
846,SBS.csv,46,6875.845933948864,1674.4768608940972
847,SBS.csv,47,6858.23798828125,1594.1592610677083
848,SBS.csv,48,6863.302095170455,1685.5911729600693
849,SBS.csv,49,6877.478799715909,1566.5519070095486
850,SBS.csv,50,6884.590997869318,1629.2635904947917
851,SBS.csv,51,6879.695969460227,1593.2158610026042
852,SBS.csv,52,6875.234490411932,1600.0958930121528
853,SBS.csv,53,6870.868208451705,1625.0200059678818
854,SBS.csv,54,6863.044611150568,1670.9112006293403
855,SBS.csv,55,6874.868084161932,1680.5154351128472
856,SBS.csv,56,6863.218528053977,1675.6384412977432
857,SBS.csv,57,6891.232856889204,1745.7211100260417
858,SBS.csv,58,6866.465669389205,1609.5769992404514
859,SBS.csv,59,6865.114781605113,1586.9360894097222
860,SBS.csv,60,6866.04609375,1734.1846110026042
861,SBS.csv,61,6881.633238636364,1641.6313612196182
862,SBS.csv,62,6870.031019176136,1654.4752875434028
863,SBS.csv,63,6870.294655539773,1662.5909152560764
864,SBS.csv,64,6874.109525923295,1584.496337890625
865,SBS.csv,65,6872.514053622159,1662.2737901475693
866,SBS.csv,66,6870.061736505681,1593.1444227430557
867,SBS.csv,67,6874.245188210227,1632.4752739800347
868,SBS.csv,68,6867.272887073864,1637.4322781032986
869,SBS.csv,69,6871.831818181819,1642.3412407769097
870,SBS.csv,70,6862.951828835227,1637.113037109375
871,SBS.csv,71,6865.806924715909,1650.0658501519097
872,SBS.csv,72,6872.395987215909,1630.568359375
873,SBS.csv,73,6855.394495738637,1667.0890570746528
874,SBS.csv,74,6865.016184303977,1630.7667371961807
875,SBS.csv,75,6859.658469460227,1632.1670328776042
876,SBS.csv,76,6863.302130681818,1646.1784125434028
877,SBS.csv,77,6871.288884943182,1657.9726426866318
878,SBS.csv,78,6872.134454900568,1647.8950330946182
879,SBS.csv,79,6877.891264204545,1645.5234781901042
880,SBS.csv,80,6865.193359375,1627.5201822916667
881,SBS.csv,81,6865.642507102273,1622.2495795355903
882,SBS.csv,82,6881.048197798295,1632.849609375
883,SBS.csv,83,6851.0423828125,1639.9390055338542
884,SBS.csv,84,6870.023845880682,1644.8320990668403
885,SBS.csv,85,6859.932634943182,1638.1392957899307
886,SBS.csv,86,6861.965562855114,1644.0528700086807
887,SBS.csv,87,6861.727468039773,1643.8959282769097
888,SBS.csv,88,6868.021395596591,1647.2020399305557
889,SBS.csv,89,6876.582865767045,1644.7293701171875
890,SBS.csv,90,6860.073552911932,1649.2328423394097
891,SBS.csv,91,6859.937073863636,1654.7766520182292
892,SBS.csv,92,6862.292897727273,1649.1616753472222
893,SBS.csv,93,6870.458309659091,1648.3423394097222
894,SBS.csv,94,6863.137171519887,1649.7718641493057
895,SBS.csv,95,6872.516628196023,1648.2936604817708
896,SBS.csv,96,6882.683966619318,1647.2679578993057
897,SBS.csv,97,6865.804962713069,1647.1202799479167
898,SBS.csv,98,6864.394593394886,1647.567355685764
899,SBS.csv,99,6870.211763139205,1647.8664008246528
900,SBS.csv,100,6860.114346590909,1648.0007866753472
901,MBC_sa.csv,1,7010.897336647728,1786.8730333116318
902,MBC_sa.csv,2,7015.368936434659,1985.7498643663193
903,MBC_sa.csv,3,7014.503888494318,1935.160861545139
904,MBC_sa.csv,4,7006.765021306818,1774.5452202690972
905,MBC_sa.csv,5,7011.695498934659,1840.9011908637153
906,MBC_sa.csv,6,7009.076686789773,1857.2728271484375
907,MBC_sa.csv,7,7011.967365056818,2016.073459201389
908,MBC_sa.csv,8,7002.798109019886,1833.1835801866318
909,MBC_sa.csv,9,7002.145294744319,1950.7415093315972
910,MBC_sa.csv,10,7015.2603515625,1770.9156494140625
911,MBC_sa.csv,11,7009.119753196022,1962.3675265842014
912,MBC_sa.csv,12,6998.514080255682,1858.2336561414932
913,MBC_sa.csv,13,7008.510990767046,1957.4532063802083
914,MBC_sa.csv,14,7008.58232421875,1851.6722954644097
915,MBC_sa.csv,15,6999.289240056818,1974.3744574652778
916,MBC_sa.csv,16,7009.944282670454,1916.5675320095486
917,MBC_sa.csv,17,6997.290269886364,1895.5725775824653
918,MBC_sa.csv,18,6995.267160866477,1794.5417344835068
919,MBC_sa.csv,19,7012.329314630681,1834.2173665364583
920,MBC_sa.csv,20,7006.883345170455,1991.2952202690972
921,MBC_sa.csv,21,7002.410040838068,1777.1813151041667
922,MBC_sa.csv,22,6999.230859375,1953.9094916449653
923,MBC_sa.csv,23,6987.746031605114,1735.5039469401042
924,MBC_sa.csv,24,6988.656321022727,1928.4472791883682
925,MBC_sa.csv,25,6995.170649857954,1771.2673475477432
926,MBC_sa.csv,26,7002.686328125,1744.0962727864583
927,MBC_sa.csv,27,7004.738423295455,1945.7666015625
928,MBC_sa.csv,28,6988.7826171875,1888.760525173611
929,MBC_sa.csv,29,6979.381196732955,1888.198459201389
930,MBC_sa.csv,30,6995.328959517045,1833.6642523871528
931,MBC_sa.csv,31,7004.022709517046,1935.0552571614583
932,MBC_sa.csv,32,7001.962464488636,1762.6671413845486
933,MBC_sa.csv,33,6985.692844460227,1766.671142578125
934,MBC_sa.csv,34,6989.277716619318,1898.9356960720486
935,MBC_sa.csv,35,6988.960635653409,1810.1602376302083
936,MBC_sa.csv,36,6991.641495028409,1913.2045220269097
937,MBC_sa.csv,37,6995.277290482954,1884.2393527560764
938,MBC_sa.csv,38,6987.898881392045,1903.1930745442708
939,MBC_sa.csv,39,6997.335174005681,1903.9140082465278
940,MBC_sa.csv,40,6982.628755326705,1850.633761935764
941,MBC_sa.csv,41,6987.810031960227,1812.5494384765625
942,MBC_sa.csv,42,7005.696333451705,1820.6759440104167
943,MBC_sa.csv,43,6990.099795809659,1815.7113850911458
944,MBC_sa.csv,44,6989.124449573864,1937.499267578125
945,MBC_sa.csv,45,6994.774112215909,1731.3822699652778
946,MBC_sa.csv,46,7002.811239346591,1988.0291883680557
947,MBC_sa.csv,47,6992.965145596591,1801.7970241970486
948,MBC_sa.csv,48,6989.445614346591,1870.2706976996528
949,MBC_sa.csv,49,6991.197602982955,1840.4527452256943
950,MBC_sa.csv,50,6984.551802201705,1833.2796630859375
951,MBC_sa.csv,51,6973.640118963068,1754.2781439887153
952,MBC_sa.csv,52,6979.580060369318,1887.3072509765625
953,MBC_sa.csv,53,6984.822674005682,1828.0478515625
954,MBC_sa.csv,54,6985.060635653409,1846.3792317708333
955,MBC_sa.csv,55,6984.730610795455,1812.3040635850693
956,MBC_sa.csv,56,6999.667906605114,1957.2490098741318
957,MBC_sa.csv,57,6998.825062144886,1823.483859592014
958,MBC_sa.csv,58,6995.555140269887,1840.0679389105903
959,MBC_sa.csv,59,6983.671120383523,1897.5084906684028
960,MBC_sa.csv,60,6994.611949573864,1844.4923502604167
961,MBC_sa.csv,61,6997.671821732954,1850.8748101128472
962,MBC_sa.csv,62,6996.933629261363,1933.6244710286458
963,MBC_sa.csv,63,6971.278338068182,1775.4833170572917
964,MBC_sa.csv,64,7006.038094815341,1876.365207248264
965,MBC_sa.csv,65,6981.006356534091,1807.0601535373264
966,MBC_sa.csv,66,6992.154270241477,1805.8747965494792
967,MBC_sa.csv,67,6981.914595170455,1854.2365315755208
968,MBC_sa.csv,68,6986.628932883523,1852.3328586154514
969,MBC_sa.csv,69,7002.361896306818,1854.6318495008682
970,MBC_sa.csv,70,6984.815021306818,1884.6909722222222
971,MBC_sa.csv,71,6987.311150568182,1858.5187038845486
972,MBC_sa.csv,72,6983.010928622159,1845.688503689236
973,MBC_sa.csv,73,6980.784241832386,1871.6969536675347
974,MBC_sa.csv,74,6987.149138849431,1860.6887071397568
975,MBC_sa.csv,75,6997.236221590909,1870.4838324652778
976,MBC_sa.csv,76,6983.418430397727,1845.024197048611
977,MBC_sa.csv,77,6992.477894176136,1882.5707872178818
978,MBC_sa.csv,78,6996.513929332386,1823.4187554253472
979,MBC_sa.csv,79,6999.202867542614,1858.0502794053818
980,MBC_sa.csv,80,6972.636541193182,1872.6158582899307
981,MBC_sa.csv,81,6966.035031960228,1861.1211615668403
982,MBC_sa.csv,82,6981.752485795455,1850.6863606770833
983,MBC_sa.csv,83,6977.647452059659,1848.4277208116318
984,MBC_sa.csv,84,6983.126251775569,1862.7589518229167
985,MBC_sa.csv,85,6988.036798650568,1849.4149441189236
986,MBC_sa.csv,86,7003.111381392046,1858.061794704861
987,MBC_sa.csv,87,6976.123224431818,1866.6737060546875
988,MBC_sa.csv,88,6985.040314275569,1857.4371609157986
989,MBC_sa.csv,89,6978.753009588068,1858.6942409939236
990,MBC_sa.csv,90,6986.579811789773,1865.6343722873264
991,MBC_sa.csv,91,6974.330939275568,1860.406955295139
992,MBC_sa.csv,92,6990.329767400568,1863.4561225043403
993,MBC_sa.csv,93,6997.429190340909,1867.3556722005208
994,MBC_sa.csv,94,6975.174227627841,1864.4603271484375
995,MBC_sa.csv,95,6981.495374644886,1869.3071695963542
996,MBC_sa.csv,96,6982.789515269887,1866.9825303819443
997,MBC_sa.csv,97,6981.701811079545,1866.5223253038193
998,MBC_sa.csv,98,6977.79169921875,1865.869411892361
999,MBC_sa.csv,99,6994.525514914772,1865.624538845486
1000,MBC_sa.csv,100,6987.200204190341,1865.7406277126736
1001,KBS_KangNeung.csv,1,6928.717063210227,1925.5458577473958
1002,KBS_KangNeung.csv,2,6843.117373934659,1949.6288113064236
1003,KBS_KangNeung.csv,3,6778.705024857954,1924.1812065972222
1004,KBS_KangNeung.csv,4,6755.964692826705,1897.4790581597222
1005,KBS_KangNeung.csv,5,6731.44443359375,1697.0569390190972
1006,KBS_KangNeung.csv,6,6702.987322443182,1865.538547092014
1007,KBS_KangNeung.csv,7,6712.955220170455,1811.7690836588542
1008,KBS_KangNeung.csv,8,6694.646839488636,1755.6051161024307
1009,KBS_KangNeung.csv,9,6687.504616477273,1802.4959174262153
1010,KBS_KangNeung.csv,10,6686.449840198864,1820.4375678168403
1011,KBS_KangNeung.csv,11,6678.415047940341,1776.8098280164932
1012,KBS_KangNeung.csv,12,6680.909934303977,1733.0098470052083
1013,KBS_KangNeung.csv,13,6667.657421875,1873.9704725477432
1014,KBS_KangNeung.csv,14,6672.803213778409,1794.0443657769097
1015,KBS_KangNeung.csv,15,6661.402876420455,1867.0618489583333
1016,KBS_KangNeung.csv,16,6642.874822443182,1776.6806504991318
1017,KBS_KangNeung.csv,17,6665.458078835227,1787.3856879340278
1018,KBS_KangNeung.csv,18,6662.092054332386,1702.2665066189236
1019,KBS_KangNeung.csv,19,6649.595259232955,1876.1626790364583
1020,KBS_KangNeung.csv,20,6655.034055397728,1744.2429334852432
1021,KBS_KangNeung.csv,21,6657.497824928977,1734.0849609375
1022,KBS_KangNeung.csv,22,6648.591796875,1657.0490587022568
1023,KBS_KangNeung.csv,23,6674.053773082386,1800.3700493706597
1024,KBS_KangNeung.csv,24,6644.148109019887,1865.7993977864583
1025,KBS_KangNeung.csv,25,6653.012002840909,1782.8347032335068
1026,KBS_KangNeung.csv,26,6649.956232244318,1734.3608262803818
1027,KBS_KangNeung.csv,27,6643.575088778409,1737.8369547526042
1028,KBS_KangNeung.csv,28,6655.834321732955,1842.9957004123264
1029,KBS_KangNeung.csv,29,6663.540838068182,1742.6153157552083
1030,KBS_KangNeung.csv,30,6641.863103693182,1785.3888481987847
1031,KBS_KangNeung.csv,31,6643.40986328125,1585.5092637803818
1032,KBS_KangNeung.csv,32,6653.384818892046,1760.2209608289932
1033,KBS_KangNeung.csv,33,6632.1099609375,1804.9368896484375
1034,KBS_KangNeung.csv,34,6657.577237215909,1752.6051025390625
1035,KBS_KangNeung.csv,35,6659.955202414772,1849.3208821614583
1036,KBS_KangNeung.csv,36,6640.193057528409,1827.2683919270833
1037,KBS_KangNeung.csv,37,6636.42509765625,1801.108913845486
1038,KBS_KangNeung.csv,38,6645.916566051136,1719.40283203125
1039,KBS_KangNeung.csv,39,6638.998082386363,1746.6632758246528
1040,KBS_KangNeung.csv,40,6643.10419921875,1725.774631076389
1041,KBS_KangNeung.csv,41,6639.076038707386,1715.3256293402778
1042,KBS_KangNeung.csv,42,6648.338884943182,1793.4301622178818
1043,KBS_KangNeung.csv,43,6637.046653053977,1809.4295383029514
1044,KBS_KangNeung.csv,44,6637.450816761364,1741.8382297092014
1045,KBS_KangNeung.csv,45,6629.248694957387,1740.1244303385417
1046,KBS_KangNeung.csv,46,6627.473881392046,1752.9017740885417
1047,KBS_KangNeung.csv,47,6642.163307883523,1859.9048665364583
1048,KBS_KangNeung.csv,48,6639.691273082386,1829.319607204861
1049,KBS_KangNeung.csv,49,6642.74853515625,1722.5848388671875
1050,KBS_KangNeung.csv,50,6628.57431640625,1664.0120035807292
1051,KBS_KangNeung.csv,51,6639.605300071023,1687.2488878038193
1052,KBS_KangNeung.csv,52,6642.678861860795,1705.7054036458333
1053,KBS_KangNeung.csv,53,6630.954403409091,1777.272189670139
1054,KBS_KangNeung.csv,54,6627.426624644886,1728.0909830729167
1055,KBS_KangNeung.csv,55,6630.787615411932,1837.3318277994792
1056,KBS_KangNeung.csv,56,6622.648499644886,1748.3995361328125
1057,KBS_KangNeung.csv,57,6643.381081321023,1797.3427056206597
1058,KBS_KangNeung.csv,58,6624.126970880682,1808.3363444010417
1059,KBS_KangNeung.csv,59,6618.003400213068,1798.65478515625
1060,KBS_KangNeung.csv,60,6625.11044921875,1745.8021511501736
1061,KBS_KangNeung.csv,61,6629.478950639204,1741.6200222439236
1062,KBS_KangNeung.csv,62,6617.191441761363,1790.2787272135417
1063,KBS_KangNeung.csv,63,6640.547709517045,1764.8288709852432
1064,KBS_KangNeung.csv,64,6636.264719460227,1721.49267578125
1065,KBS_KangNeung.csv,65,6617.744398082386,1757.836669921875
1066,KBS_KangNeung.csv,66,6619.7966796875,1735.460720486111
1067,KBS_KangNeung.csv,67,6629.175213068182,1654.7127956814236
1068,KBS_KangNeung.csv,68,6623.557404119319,1743.2690022786458
1069,KBS_KangNeung.csv,69,6630.219051846591,1762.410400390625
1070,KBS_KangNeung.csv,70,6637.182537286932,1722.1990424262153
1071,KBS_KangNeung.csv,71,6628.062482244318,1770.5338541666667
1072,KBS_KangNeung.csv,72,6633.936141690341,1790.4832221137153
1073,KBS_KangNeung.csv,73,6638.217560369319,1727.5079210069443
1074,KBS_KangNeung.csv,74,6633.478657670455,1737.0143364800347
1075,KBS_KangNeung.csv,75,6620.068883167613,1726.8821478949653
1076,KBS_KangNeung.csv,76,6622.051535866477,1726.9647623697917
1077,KBS_KangNeung.csv,77,6627.900150923296,1733.4223497178818
1078,KBS_KangNeung.csv,78,6621.876340553978,1736.1664089626736
1079,KBS_KangNeung.csv,79,6614.617800071022,1757.083740234375
1080,KBS_KangNeung.csv,80,6623.434188565341,1752.3707682291667
1081,KBS_KangNeung.csv,81,6608.876251775569,1737.5333658854167
1082,KBS_KangNeung.csv,82,6626.000994318182,1741.4915635850693
1083,KBS_KangNeung.csv,83,6611.1935546875,1737.7419569227432
1084,KBS_KangNeung.csv,84,6608.659721235796,1751.9269070095486
1085,KBS_KangNeung.csv,85,6611.376455965909,1730.6642388237847
1086,KBS_KangNeung.csv,86,6637.960751065341,1733.957492404514
1087,KBS_KangNeung.csv,87,6639.222434303977,1731.4327799479167
1088,KBS_KangNeung.csv,88,6629.981649502841,1741.9492730034722
1089,KBS_KangNeung.csv,89,6625.918394886364,1739.9241400824653
1090,KBS_KangNeung.csv,90,6614.253151633523,1745.2220594618057
1091,KBS_KangNeung.csv,91,6622.441379616477,1743.375461154514
1092,KBS_KangNeung.csv,92,6642.266619318182,1730.6683078342014
1093,KBS_KangNeung.csv,93,6626.826012073863,1734.3819715711807
1094,KBS_KangNeung.csv,94,6612.482146661931,1735.7361789279514
1095,KBS_KangNeung.csv,95,6621.356525213068,1735.4036593967014
1096,KBS_KangNeung.csv,96,6628.416867897728,1739.3839111328125
1097,KBS_KangNeung.csv,97,6623.456613991477,1736.800509982639
1098,KBS_KangNeung.csv,98,6622.623162286932,1736.986328125
1099,KBS_KangNeung.csv,99,6630.103089488636,1736.2717420789932
1100,KBS_KangNeung.csv,100,6619.794504616477,1735.9447021484375
1101,MBC_KangNeung.csv,1,6526.683265269887,1515.4884440104167
1102,MBC_KangNeung.csv,2,6522.922567471591,1414.715576171875
1103,MBC_KangNeung.csv,3,6513.424085582386,1526.2014838324653
1104,MBC_KangNeung.csv,4,6522.408673650568,1424.3361273871528
1105,MBC_KangNeung.csv,5,6515.040145596591,1504.9280463324653
1106,MBC_KangNeung.csv,6,6525.812437855114,1553.3408067491318
1107,MBC_KangNeung.csv,7,6506.815491832386,1512.1776258680557
1108,MBC_KangNeung.csv,8,6514.070188210228,1448.3181694878472
1109,MBC_KangNeung.csv,9,6482.058389559659,1453.9267171223958
1110,MBC_KangNeung.csv,10,6504.482022372159,1404.0331217447917
1111,MBC_KangNeung.csv,11,6506.333096590909,1443.694607204861
1112,MBC_KangNeung.csv,12,6498.225719105114,1506.8224962022568
1113,MBC_KangNeung.csv,13,6508.246670809659,1537.2283121744792
1114,MBC_KangNeung.csv,14,6504.768394886363,1455.4069688585068
1115,MBC_KangNeung.csv,15,6491.626704545454,1446.8293999565972
1116,MBC_KangNeung.csv,16,6496.148890269887,1503.127468532986
1117,MBC_KangNeung.csv,17,6500.960706676136,1495.8163384331597
1118,MBC_KangNeung.csv,18,6507.931560724432,1516.9896240234375
1119,MBC_KangNeung.csv,19,6498.806187855113,1468.2015380859375
1120,MBC_KangNeung.csv,20,6496.114195667614,1354.7640652126736
1121,MBC_KangNeung.csv,21,6508.86708984375,1421.2806396484375
1122,MBC_KangNeung.csv,22,6499.586274857955,1375.9326171875
1123,MBC_KangNeung.csv,23,6497.077157315341,1382.1688774956597
1124,MBC_KangNeung.csv,24,6484.405513139204,1491.296603732639
1125,MBC_KangNeung.csv,25,6499.552459161931,1473.2725558810764
1126,MBC_KangNeung.csv,26,6498.903355823863,1479.0058186848958
1127,MBC_KangNeung.csv,27,6499.529572088069,1415.8491075303818
1128,MBC_KangNeung.csv,28,6480.868093039773,1405.2559136284722
1129,MBC_KangNeung.csv,29,6498.767214133522,1425.6778971354167
1130,MBC_KangNeung.csv,30,6496.535298295455,1420.9488389756943
1131,MBC_KangNeung.csv,31,6491.097079190341,1388.759765625
1132,MBC_KangNeung.csv,32,6495.314382102273,1425.4754231770833
1133,MBC_KangNeung.csv,33,6480.159774502841,1432.6397976345486
1134,MBC_KangNeung.csv,34,6500.611141690341,1536.2697075737847
1135,MBC_KangNeung.csv,35,6499.610085227273,1471.7767469618057
1136,MBC_KangNeung.csv,36,6496.546786221591,1368.6903754340278
1137,MBC_KangNeung.csv,37,6503.748570667613,1432.0160454644097
1138,MBC_KangNeung.csv,38,6480.86845703125,1460.6388753255208
1139,MBC_KangNeung.csv,39,6485.149209872159,1425.2138264973958
1140,MBC_KangNeung.csv,40,6499.137180397727,1415.039767795139
1141,MBC_KangNeung.csv,41,6479.995339133523,1480.3255208333333
1142,MBC_KangNeung.csv,42,6494.330841619319,1419.412814670139
1143,MBC_KangNeung.csv,43,6487.457164417614,1439.8751898871528
1144,MBC_KangNeung.csv,44,6484.361505681818,1428.2881401909722
1145,MBC_KangNeung.csv,45,6487.495525568182,1516.8755832248264
1146,MBC_KangNeung.csv,46,6486.364781605113,1530.7784695095486
1147,MBC_KangNeung.csv,47,6477.658167613637,1468.2822672526042
1148,MBC_KangNeung.csv,48,6497.768812144886,1469.644015842014
1149,MBC_KangNeung.csv,49,6483.237313565341,1502.7281087239583
1150,MBC_KangNeung.csv,50,6484.426740056818,1462.7500406901042
1151,MBC_KangNeung.csv,51,6484.97392578125,1384.2936604817708
1152,MBC_KangNeung.csv,52,6477.322594105113,1508.2332628038193
1153,MBC_KangNeung.csv,53,6476.206800426136,1463.9956597222222
1154,MBC_KangNeung.csv,54,6468.223224431818,1450.1053602430557
1155,MBC_KangNeung.csv,55,6485.568723366478,1487.1806640625
1156,MBC_KangNeung.csv,56,6477.137571022728,1431.7906087239583
1157,MBC_KangNeung.csv,57,6480.626988636363,1382.432345920139
1158,MBC_KangNeung.csv,58,6484.693705610795,1459.2169460720486
1159,MBC_KangNeung.csv,59,6487.387118252841,1443.6801893446182
1160,MBC_KangNeung.csv,60,6479.339248934659,1415.6742621527778
1161,MBC_KangNeung.csv,61,6484.813414417614,1397.5975070529514
1162,MBC_KangNeung.csv,62,6481.131596235796,1463.3843858506943
1163,MBC_KangNeung.csv,63,6493.472993607955,1421.6722547743057
1164,MBC_KangNeung.csv,64,6488.186594460227,1480.0673149956597
1165,MBC_KangNeung.csv,65,6485.94228515625,1447.4478895399307
1166,MBC_KangNeung.csv,66,6473.903781960227,1400.6492513020833
1167,MBC_KangNeung.csv,67,6487.527352627841,1428.4439561631943
1168,MBC_KangNeung.csv,68,6483.958975497159,1454.874538845486
1169,MBC_KangNeung.csv,69,6479.233655894886,1449.6747911241318
1170,MBC_KangNeung.csv,70,6469.09560546875,1430.2483588324653
1171,MBC_KangNeung.csv,71,6487.022620738637,1451.0408799913193
1172,MBC_KangNeung.csv,72,6468.126171875,1423.0440131293403
1173,MBC_KangNeung.csv,73,6482.938556463068,1456.3768039279514
1174,MBC_KangNeung.csv,74,6487.040891335228,1435.3720838758682
1175,MBC_KangNeung.csv,75,6470.101686789772,1464.1409640842014
1176,MBC_KangNeung.csv,76,6474.810298295454,1442.0667995876736
1177,MBC_KangNeung.csv,77,6480.9361328125,1432.7664794921875
1178,MBC_KangNeung.csv,78,6479.984197443182,1422.2154134114583
1179,MBC_KangNeung.csv,79,6473.783132102273,1434.1360812717014
1180,MBC_KangNeung.csv,80,6481.751669034091,1415.1941867404514
1181,MBC_KangNeung.csv,81,6480.742800071022,1422.446994357639
1182,MBC_KangNeung.csv,82,6465.079181463068,1432.9849853515625
1183,MBC_KangNeung.csv,83,6486.06865234375,1424.1654866536458
1184,MBC_KangNeung.csv,84,6480.662730823864,1442.5355088975693
1185,MBC_KangNeung.csv,85,6476.700417258523,1436.377902560764
1186,MBC_KangNeung.csv,86,6489.45205078125,1427.1234266493057
1187,MBC_KangNeung.csv,87,6466.096004971591,1436.1535780164932
1188,MBC_KangNeung.csv,88,6474.541850142045,1433.6763237847222
1189,MBC_KangNeung.csv,89,6476.632315340909,1433.1110161675347
1190,MBC_KangNeung.csv,90,6479.319060724431,1440.4719373914932
1191,MBC_KangNeung.csv,91,6472.780681818182,1439.4061686197917
1192,MBC_KangNeung.csv,92,6470.584144176137,1440.290310329861
1193,MBC_KangNeung.csv,93,6490.740651633523,1439.7427707248264
1194,MBC_KangNeung.csv,94,6474.818989701705,1441.4151475694443
1195,MBC_KangNeung.csv,95,6465.037313565341,1442.3358289930557
1196,MBC_KangNeung.csv,96,6479.070525568181,1442.2086181640625
1197,MBC_KangNeung.csv,97,6461.939799360795,1442.53564453125
1198,MBC_KangNeung.csv,98,6482.549875710227,1441.9205864800347
1199,MBC_KangNeung.csv,99,6473.411922940341,1442.332248263889
1200,MBC_KangNeung.csv,100,6467.161097301137,1442.3314073350693
1201,TBN_DaeGu.csv,1,7443.336825284091,2141.6513671875
1202,TBN_DaeGu.csv,2,7150.600852272727,2017.7233479817708
1203,TBN_DaeGu.csv,3,7083.433966619318,1957.8289252387153
1204,TBN_DaeGu.csv,4,7064.442444957386,1991.116726345486
1205,TBN_DaeGu.csv,5,7046.459810014205,2040.295871310764
1206,TBN_DaeGu.csv,6,7014.353497869318,2001.0786268446182
1207,TBN_DaeGu.csv,7,7026.186674360795,1833.4859754774307
1208,TBN_DaeGu.csv,8,7020.923055752841,1910.1640760633682
1209,TBN_DaeGu.csv,9,7000.14287109375,1837.6846110026042
1210,TBN_DaeGu.csv,10,7000.069122869319,1959.93115234375
1211,TBN_DaeGu.csv,11,6981.738947088068,1962.2340766059028
1212,TBN_DaeGu.csv,12,6989.164852627841,1879.8549669053818
1213,TBN_DaeGu.csv,13,6981.934747869318,1801.4246148003472
1214,TBN_DaeGu.csv,14,6963.141246448864,2072.3242458767363
1215,TBN_DaeGu.csv,15,6981.595285866477,1946.2777913411458
1216,TBN_DaeGu.csv,16,6961.787322443181,2025.3935546875
1217,TBN_DaeGu.csv,17,6975.742294034091,1952.0046251085068
1218,TBN_DaeGu.csv,18,6987.180433238636,1823.6136881510417
1219,TBN_DaeGu.csv,19,6973.47978515625,1920.9546576605903
1220,TBN_DaeGu.csv,20,6969.228568892046,2081.810750325521
1221,TBN_DaeGu.csv,21,6960.677476917614,1868.297878689236
1222,TBN_DaeGu.csv,22,6965.827663352273,1901.6292046440972
1223,TBN_DaeGu.csv,23,6952.074183238637,1915.3673773871528
1224,TBN_DaeGu.csv,24,6957.480770596591,1879.4694688585068
1225,TBN_DaeGu.csv,25,6964.601988636364,1905.6448703342014
1226,TBN_DaeGu.csv,26,6941.876526988636,1829.0557861328125
1227,TBN_DaeGu.csv,27,6947.725754616477,2023.4304877387153
1228,TBN_DaeGu.csv,28,6944.630601917614,1841.9513075086807
1229,TBN_DaeGu.csv,29,6937.832004616477,1893.1478407118057
1230,TBN_DaeGu.csv,30,6936.973987926136,1802.8052300347222
1231,TBN_DaeGu.csv,31,6941.839905894886,1929.011447482639
1232,TBN_DaeGu.csv,32,6947.276180752841,1962.2221001519097
1233,TBN_DaeGu.csv,33,6943.573153409091,1935.7289496527778
1234,TBN_DaeGu.csv,34,6938.399849076704,1851.5430772569443
1235,TBN_DaeGu.csv,35,6936.881596235796,1954.5951199001736
1236,TBN_DaeGu.csv,36,6946.342817826705,1925.5492214626736
1237,TBN_DaeGu.csv,37,6945.577601207387,1807.3843994140625
1238,TBN_DaeGu.csv,38,6936.575115411932,1890.3462049696182
1239,TBN_DaeGu.csv,39,6941.507501775568,1847.5598687065972
1240,TBN_DaeGu.csv,40,6939.957315340909,2028.458957248264
1241,TBN_DaeGu.csv,41,6926.217817826705,1884.3814561631943
1242,TBN_DaeGu.csv,42,6939.977885298295,1951.2609185112847
1243,TBN_DaeGu.csv,43,6941.433318536931,1871.2323269314236
1244,TBN_DaeGu.csv,44,6940.315207741477,2033.8057725694443
1245,TBN_DaeGu.csv,45,6933.833620383522,1966.1419813368057
1246,TBN_DaeGu.csv,46,6939.223375355114,1982.7606608072917
1247,TBN_DaeGu.csv,47,6948.630637428977,1933.7536214192708
1248,TBN_DaeGu.csv,48,6949.558931107955,1910.8520643446182
1249,TBN_DaeGu.csv,49,6930.414479758523,2081.9876844618057
1250,TBN_DaeGu.csv,50,6924.745028409091,1933.1949191623264
1251,TBN_DaeGu.csv,51,6934.998712713068,1933.5544976128472
1252,TBN_DaeGu.csv,52,6933.8248046875,1944.129611545139
1253,TBN_DaeGu.csv,53,6936.837127130681,1895.6097683376736
1254,TBN_DaeGu.csv,54,6939.728728693181,1982.8628607855903
1255,TBN_DaeGu.csv,55,6934.138467684659,1920.1082628038193
1256,TBN_DaeGu.csv,56,6940.668314985795,1976.6608479817708
1257,TBN_DaeGu.csv,57,6928.049147727273,1936.4141710069443
1258,TBN_DaeGu.csv,58,6913.792879971591,1923.6102430555557
1259,TBN_DaeGu.csv,59,6907.314328835228,1837.7804497612847
1260,TBN_DaeGu.csv,60,6922.207191051137,1853.782958984375
1261,TBN_DaeGu.csv,61,6929.988219105114,1968.7557508680557
1262,TBN_DaeGu.csv,62,6923.815651633523,1891.2811821831597
1263,TBN_DaeGu.csv,63,6918.81376953125,1927.7078179253472
1264,TBN_DaeGu.csv,64,6925.830424360795,1925.9647894965278
1265,TBN_DaeGu.csv,65,6907.640189985796,1835.2859429253472
1266,TBN_DaeGu.csv,66,6927.612757457387,2018.4298366970486
1267,TBN_DaeGu.csv,67,6917.777006392045,1875.7339952256943
1268,TBN_DaeGu.csv,68,6914.635289417613,1915.6652153862847
1269,TBN_DaeGu.csv,69,6935.924644886363,1936.6157362196182
1270,TBN_DaeGu.csv,70,6914.071528764204,1913.0370279947917
1271,TBN_DaeGu.csv,71,6922.460289417613,1876.4989556206597
1272,TBN_DaeGu.csv,72,6915.997114701705,1900.7129041883682
1273,TBN_DaeGu.csv,73,6926.669140625,1829.1398111979167
1274,TBN_DaeGu.csv,74,6923.775461647727,1894.2939995659722
1275,TBN_DaeGu.csv,75,6923.629847301137,1964.13232421875
1276,TBN_DaeGu.csv,76,6915.928648792614,1901.7416314019097
1277,TBN_DaeGu.csv,77,6915.187837357955,1922.3574896918403
1278,TBN_DaeGu.csv,78,6934.193519176137,1911.7381591796875
1279,TBN_DaeGu.csv,79,6928.145259232954,1917.9456108940972
1280,TBN_DaeGu.csv,80,6912.466148792613,1929.5594482421875
1281,TBN_DaeGu.csv,81,6918.420960582386,1918.3543294270833
1282,TBN_DaeGu.csv,82,6926.350958806818,1912.7790391710068
1283,TBN_DaeGu.csv,83,6927.575905539773,1914.4668782552083
1284,TBN_DaeGu.csv,84,6929.519300426136,1898.801974826389
1285,TBN_DaeGu.csv,85,6918.962464488636,1924.5589870876736
1286,TBN_DaeGu.csv,86,6913.780841619318,1925.3919135199653
1287,TBN_DaeGu.csv,87,6917.032013494319,1919.777126736111
1288,TBN_DaeGu.csv,88,6925.573428622159,1902.0228542751736
1289,TBN_DaeGu.csv,89,6914.785582386364,1917.3626980251736
1290,TBN_DaeGu.csv,90,6906.047496448864,1905.2623291015625
1291,TBN_DaeGu.csv,91,6911.800523792614,1909.0855712890625
1292,TBN_DaeGu.csv,92,6919.054438920454,1919.3760443793403
1293,TBN_DaeGu.csv,93,6918.343075284091,1920.2936604817708
1294,TBN_DaeGu.csv,94,6907.183247514205,1923.5709092881943
1295,TBN_DaeGu.csv,95,6908.058229758522,1922.6890597873264
1296,TBN_DaeGu.csv,96,6922.469930752841,1920.4328070746528
1297,TBN_DaeGu.csv,97,6905.647159090909,1918.3429633246528
1298,TBN_DaeGu.csv,98,6922.376376065341,1917.9665934244792
1299,TBN_DaeGu.csv,99,6924.036487926136,1918.2099609375
1300,TBN_DaeGu.csv,100,6912.88486328125,1917.9976535373264
1301,TBC_DaeGu.csv,1,6982.423348721591,1952.5182291666667
1302,TBC_DaeGu.csv,2,6952.371599786932,1875.5980631510417
1303,TBC_DaeGu.csv,3,6955.677432528409,1970.8523763020833
1304,TBC_DaeGu.csv,4,6959.191583806818,1939.7615695529514
1305,TBC_DaeGu.csv,5,6950.003045099432,1914.8585747612847
1306,TBC_DaeGu.csv,6,6964.607084517045,1744.8866509331597
1307,TBC_DaeGu.csv,7,6951.091246448864,2046.528835720486
1308,TBC_DaeGu.csv,8,6947.73603515625,1968.8836941189236
1309,TBC_DaeGu.csv,9,6941.162073863637,1976.7432725694443
1310,TBC_DaeGu.csv,10,6937.536674360796,1952.950900607639
1311,TBC_DaeGu.csv,11,6941.156187855114,2101.380276150174
1312,TBC_DaeGu.csv,12,6939.828036221591,1885.7208523220486
1313,TBC_DaeGu.csv,13,6936.033620383523,1851.1515028211807
1314,TBC_DaeGu.csv,14,6923.451207386363,1855.360107421875
1315,TBC_DaeGu.csv,15,6936.524618252841,2052.191691080729
1316,TBC_DaeGu.csv,16,6925.284907670454,1963.3390706380208
1317,TBC_DaeGu.csv,17,6948.608167613636,1881.4055718315972
1318,TBC_DaeGu.csv,18,6930.783034446023,1909.2904324001736
1319,TBC_DaeGu.csv,19,6936.22607421875,1850.4398057725693
1320,TBC_DaeGu.csv,20,6914.053045099432,1996.2301839192708
1321,TBC_DaeGu.csv,21,6916.225506036932,1721.6311848958333
1322,TBC_DaeGu.csv,22,6934.487677556818,1821.6245795355903
1323,TBC_DaeGu.csv,23,6910.374050071023,1953.6051432291667
1324,TBC_DaeGu.csv,24,6943.04140625,1733.0228271484375
1325,TBC_DaeGu.csv,25,6921.676544744319,1896.42822265625
1326,TBC_DaeGu.csv,26,6925.974050071023,2021.9107259114583
1327,TBC_DaeGu.csv,27,6921.578160511363,1974.7732340494792
1328,TBC_DaeGu.csv,28,6923.592524857954,1940.8143581814236
1329,TBC_DaeGu.csv,29,6898.902903053977,1904.5702039930557
1330,TBC_DaeGu.csv,30,6919.307528409091,2006.5395372178818
1331,TBC_DaeGu.csv,31,6925.784348366477,1918.9408501519097
1332,TBC_DaeGu.csv,32,6925.670978338068,1827.9542236328125
1333,TBC_DaeGu.csv,33,6922.586496803977,1872.3157416449653
1334,TBC_DaeGu.csv,34,6918.647496448863,1873.7985432942708
1335,TBC_DaeGu.csv,35,6917.61904296875,1933.423122829861
1336,TBC_DaeGu.csv,36,6924.097576349432,1881.4328477647568
1337,TBC_DaeGu.csv,37,6909.279341264205,2045.5950520833333
1338,TBC_DaeGu.csv,38,6916.061026278409,1928.7152642144097
1339,TBC_DaeGu.csv,39,6904.453932883523,1841.1947564019097
1340,TBC_DaeGu.csv,40,6921.590394176136,1886.7439371744792
1341,TBC_DaeGu.csv,41,6898.576162997159,1863.133083767361
1342,TBC_DaeGu.csv,42,6917.383975497159,2045.52880859375
1343,TBC_DaeGu.csv,43,6908.1376953125,1961.9553765190972
1344,TBC_DaeGu.csv,44,6910.505255681818,1905.2182074652778
1345,TBC_DaeGu.csv,45,6913.087428977273,1860.4920518663193
1346,TBC_DaeGu.csv,46,6903.370516690341,1984.6490071614583
1347,TBC_DaeGu.csv,47,6905.636940696023,1988.8712700737847
1348,TBC_DaeGu.csv,48,6908.880539772727,1909.6798231336807
1349,TBC_DaeGu.csv,49,6905.523419744318,1910.510986328125
1350,TBC_DaeGu.csv,50,6906.60078125,1740.839816623264
1351,TBC_DaeGu.csv,51,6917.580060369318,1949.5431315104167
1352,TBC_DaeGu.csv,52,6904.075843394887,1869.6682535807292
1353,TBC_DaeGu.csv,53,6899.585023082386,1865.252956814236
1354,TBC_DaeGu.csv,54,6897.12666015625,1929.4687093098958
1355,TBC_DaeGu.csv,55,6908.792613636364,1802.7720947265625
1356,TBC_DaeGu.csv,56,6896.481338778409,1960.5122612847222
1357,TBC_DaeGu.csv,57,6904.902450284091,1931.1812608506943
1358,TBC_DaeGu.csv,58,6903.314124644887,1846.378173828125
1359,TBC_DaeGu.csv,59,6906.726677911932,1938.3194715711807
1360,TBC_DaeGu.csv,60,6879.840296519887,1889.4590928819443
1361,TBC_DaeGu.csv,61,6900.456676136364,1879.5303955078125
1362,TBC_DaeGu.csv,62,6887.092453835227,1891.1558430989583
1363,TBC_DaeGu.csv,63,6896.375710227273,1965.3094753689236
1364,TBC_DaeGu.csv,64,6895.936159446022,1877.0398627387153
1365,TBC_DaeGu.csv,65,6896.137606534091,1834.0369737413193
1366,TBC_DaeGu.csv,66,6904.077485795455,1875.2450358072917
1367,TBC_DaeGu.csv,67,6882.887340198864,1889.659695095486
1368,TBC_DaeGu.csv,68,6909.137633167614,1958.7512613932292
1369,TBC_DaeGu.csv,69,6899.661674360796,1880.5349934895833
1370,TBC_DaeGu.csv,70,6894.4234375,1905.0259195963542
1371,TBC_DaeGu.csv,71,6892.983229758523,1902.3877766927083
1372,TBC_DaeGu.csv,72,6900.818599076704,1898.986599392361
1373,TBC_DaeGu.csv,73,6881.851784446023,1898.3030192057292
1374,TBC_DaeGu.csv,74,6896.151145241477,1925.7289089626736
1375,TBC_DaeGu.csv,75,6893.186567826705,1908.0290120442708
1376,TBC_DaeGu.csv,76,6917.752210582386,1891.8849690755208
1377,TBC_DaeGu.csv,77,6882.846262428977,1917.5241834852432
1378,TBC_DaeGu.csv,78,6879.233345170454,1932.5396321614583
1379,TBC_DaeGu.csv,79,6890.308753551137,1905.0076361762153
1380,TBC_DaeGu.csv,80,6900.130601917614,1882.101806640625
1381,TBC_DaeGu.csv,81,6887.387136008523,1865.9320746527778
1382,TBC_DaeGu.csv,82,6883.1228515625,1891.7332763671875
1383,TBC_DaeGu.csv,83,6893.308939985795,1894.404568142361
1384,TBC_DaeGu.csv,84,6890.697611860795,1900.8555636935764
1385,TBC_DaeGu.csv,85,6901.870436789773,1899.1292724609375
1386,TBC_DaeGu.csv,86,6889.237562144886,1885.8621554904514
1387,TBC_DaeGu.csv,87,6906.481454190341,1880.9189588758682
1388,TBC_DaeGu.csv,88,6898.685493607954,1899.1376953125
1389,TBC_DaeGu.csv,89,6899.25576171875,1899.5945231119792
1390,TBC_DaeGu.csv,90,6900.057004616478,1904.0581597222222
1391,TBC_DaeGu.csv,91,6896.323384232955,1904.2178141276042
1392,TBC_DaeGu.csv,92,6900.046200284091,1899.9143744574653
1393,TBC_DaeGu.csv,93,6909.749946732954,1896.1209445529514
1394,TBC_DaeGu.csv,94,6901.796706321023,1898.1887071397568
1395,TBC_DaeGu.csv,95,6891.483904474432,1899.39208984375
1396,TBC_DaeGu.csv,96,6888.245907315341,1899.7795952690972
1397,TBC_DaeGu.csv,97,6894.1521484375,1900.4388427734375
1398,TBC_DaeGu.csv,98,6897.784126420454,1899.7683241102432
1399,TBC_DaeGu.csv,99,6889.837899502841,1899.4353976779514
1400,TBC_DaeGu.csv,100,6896.198313210227,1899.5628526475693
1401,JeonJu_Radio.csv,1,7074.726429332386,1963.731662326389
1402,JeonJu_Radio.csv,2,6987.864808238636,2019.7391628689236
1403,JeonJu_Radio.csv,3,6961.998313210227,2000.2089979383682
1404,JeonJu_Radio.csv,4,6953.378924005682,1796.2382948133682
1405,JeonJu_Radio.csv,5,6942.432679332386,1779.6936442057292
1406,JeonJu_Radio.csv,6,6942.543723366477,1976.5354410807292
1407,JeonJu_Radio.csv,7,6937.10380859375,1907.4778781467014
1408,JeonJu_Radio.csv,8,6912.850355113636,2128.4868842230903
1409,JeonJu_Radio.csv,9,6925.105708451704,1917.0456000434028
1410,JeonJu_Radio.csv,10,6919.818403764205,1871.4349365234375
1411,JeonJu_Radio.csv,11,6929.363361150568,1889.5690375434028
1412,JeonJu_Radio.csv,12,6909.861026278409,2017.0904676649307
1413,JeonJu_Radio.csv,13,6911.086177201704,2117.950236002604
1414,JeonJu_Radio.csv,14,6903.278799715909,1903.4939100477432
1415,JeonJu_Radio.csv,15,6907.820845170455,1852.8331434461807
1416,JeonJu_Radio.csv,16,6905.789621803977,2021.9360894097222
1417,JeonJu_Radio.csv,17,6895.8810546875,1922.1628282335068
1418,JeonJu_Radio.csv,18,6904.292764559659,1905.1155598958333
1419,JeonJu_Radio.csv,19,6911.782555042613,1849.8159586588542
1420,JeonJu_Radio.csv,20,6893.448916903409,1947.5482584635417
1421,JeonJu_Radio.csv,21,6892.722540838068,1806.0068359375
1422,JeonJu_Radio.csv,22,6896.463805042614,1848.4089219835068
1423,JeonJu_Radio.csv,23,6890.887508877841,1983.5825330946182
1424,JeonJu_Radio.csv,24,6882.187482244318,2024.141330295139
1425,JeonJu_Radio.csv,25,6896.201988636363,1702.5744493272568
1426,JeonJu_Radio.csv,26,6880.211337002841,2031.5348442925347
1427,JeonJu_Radio.csv,27,6886.328275923295,1956.55615234375
1428,JeonJu_Radio.csv,28,6901.750026633523,1876.5387234157986
1429,JeonJu_Radio.csv,29,6864.586541193182,1753.9891357421875
1430,JeonJu_Radio.csv,30,6896.428142755682,1714.6505126953125
1431,JeonJu_Radio.csv,31,6886.629181463069,1945.2020670572917
1432,JeonJu_Radio.csv,32,6883.643350497159,1850.9305284288193
1433,JeonJu_Radio.csv,33,6883.64755859375,1768.8918999565972
1434,JeonJu_Radio.csv,34,6878.525932173296,1866.6817626953125
1435,JeonJu_Radio.csv,35,6891.692063210227,1925.5550537109375
1436,JeonJu_Radio.csv,36,6886.305415482954,1974.5511745876736
1437,JeonJu_Radio.csv,37,6886.997771661931,1858.642849392361
1438,JeonJu_Radio.csv,38,6905.919806463068,2008.0997450086807
1439,JeonJu_Radio.csv,39,6884.712278053978,1899.6057264539932
1440,JeonJu_Radio.csv,40,6880.776296164773,1800.8405083550347
1441,JeonJu_Radio.csv,41,6888.5771484375,1982.2540554470486
1442,JeonJu_Radio.csv,42,6882.783158735795,1937.4393039279514
1443,JeonJu_Radio.csv,43,6887.946990411931,1954.8863932291667
1444,JeonJu_Radio.csv,44,6866.192356178977,1865.4800889756943
1445,JeonJu_Radio.csv,45,6874.689488636363,2020.7070719401042
1446,JeonJu_Radio.csv,46,6878.589488636364,1884.3411187065972
1447,JeonJu_Radio.csv,47,6873.288680752841,1822.2120090060764
1448,JeonJu_Radio.csv,48,6869.590420809659,1984.5360514322917
1449,JeonJu_Radio.csv,49,6873.604154829545,1925.0627577039932
1450,JeonJu_Radio.csv,50,6883.479243607954,1936.407443576389
1451,JeonJu_Radio.csv,51,6886.542595880682,1858.1256103515625
1452,JeonJu_Radio.csv,52,6880.446537642046,1897.1849229600693
1453,JeonJu_Radio.csv,53,6878.94794921875,1973.4862874348958
1454,JeonJu_Radio.csv,54,6879.895126065341,1868.53076171875
1455,JeonJu_Radio.csv,55,6875.136789772727,1935.9323866102432
1456,JeonJu_Radio.csv,56,6883.313387784091,1863.9516194661458
1457,JeonJu_Radio.csv,57,6893.969149502841,1876.1954210069443
1458,JeonJu_Radio.csv,58,6868.159028764205,1936.1304931640625
1459,JeonJu_Radio.csv,59,6878.281685014204,1985.4812147352432
1460,JeonJu_Radio.csv,60,6877.975630326705,1993.9251708984375
1461,JeonJu_Radio.csv,61,6870.197966974431,1988.7339274088542
1462,JeonJu_Radio.csv,62,6886.178080610795,2038.0345052083333
1463,JeonJu_Radio.csv,63,6889.177814275568,1945.248508029514
1464,JeonJu_Radio.csv,64,6883.400763494318,1875.5543619791667
1465,JeonJu_Radio.csv,65,6883.082279829546,1943.1465657552083
1466,JeonJu_Radio.csv,66,6869.379208096591,1867.7680799696182
1467,JeonJu_Radio.csv,67,6868.268039772727,1990.4696044921875
1468,JeonJu_Radio.csv,68,6878.804572088068,1935.7251383463542
1469,JeonJu_Radio.csv,69,6875.256880326705,1883.8296440972222
1470,JeonJu_Radio.csv,70,6873.3447265625,1865.961941189236
1471,JeonJu_Radio.csv,71,6854.940145596591,1938.1348741319443
1472,JeonJu_Radio.csv,72,6857.870108309659,1873.9918077256943
1473,JeonJu_Radio.csv,73,6867.132759232954,1928.917236328125
1474,JeonJu_Radio.csv,74,6865.913734019887,1864.4018419053818
1475,JeonJu_Radio.csv,75,6882.172842684659,1894.032443576389
1476,JeonJu_Radio.csv,76,6867.558629261363,1886.228488498264
1477,JeonJu_Radio.csv,77,6873.1724609375,1880.2940266927083
1478,JeonJu_Radio.csv,78,6857.281942471591,1910.4842258029514
1479,JeonJu_Radio.csv,79,6883.28193359375,1877.7896050347222
1480,JeonJu_Radio.csv,80,6855.716202059659,1900.7530924479167
1481,JeonJu_Radio.csv,81,6875.138325639205,1923.1098768446182
1482,JeonJu_Radio.csv,82,6873.063503196023,1925.0195176866318
1483,JeonJu_Radio.csv,83,6883.763645241477,1890.2044813368057
1484,JeonJu_Radio.csv,84,6872.716867897727,1906.8750135633682
1485,JeonJu_Radio.csv,85,6863.038094815341,1902.403347439236
1486,JeonJu_Radio.csv,86,6859.334383877841,1919.1656494140625
1487,JeonJu_Radio.csv,87,6870.198455255681,1909.3951822916667
1488,JeonJu_Radio.csv,88,6859.660671164773,1902.2849663628472
1489,JeonJu_Radio.csv,89,6876.646653053977,1893.8126491970486
1490,JeonJu_Radio.csv,90,6872.656667258523,1906.0503336588542
1491,JeonJu_Radio.csv,91,6867.6546875,1902.1677110460068
1492,JeonJu_Radio.csv,92,6874.452920809659,1904.6906060112847
1493,JeonJu_Radio.csv,93,6864.40068359375,1903.4231363932292
1494,JeonJu_Radio.csv,94,6869.611780894887,1900.8682725694443
1495,JeonJu_Radio.csv,95,6855.297531960227,1905.678466796875
1496,JeonJu_Radio.csv,96,6880.724982244318,1905.2409261067708
1497,JeonJu_Radio.csv,97,6876.445134943182,1906.21337890625
1498,JeonJu_Radio.csv,98,6868.475745738637,1905.5501302083333
1499,JeonJu_Radio.csv,99,6880.294362571023,1905.4075927734375
1500,JeonJu_Radio.csv,100,6876.684810014204,1905.4827202690972
1501,KBS_JeonJu.csv,1,6800.742214133523,1900.4226888020833
1502,KBS_JeonJu.csv,2,6791.302565696023,1723.4321967230903
1503,KBS_JeonJu.csv,3,6800.915882457386,1828.4527859157986
1504,KBS_JeonJu.csv,4,6777.867338423295,1854.1573486328125
1505,KBS_JeonJu.csv,5,6780.628533380682,1877.2690565321182
1506,KBS_JeonJu.csv,6,6781.974298650568,1821.4618462456597
1507,KBS_JeonJu.csv,7,6780.727823153409,1741.2932942708333
1508,KBS_JeonJu.csv,8,6765.583602627841,1878.4063585069443
1509,KBS_JeonJu.csv,9,6764.578968394886,1660.5730387369792
1510,KBS_JeonJu.csv,10,6785.963645241477,1846.1503363715278
1511,KBS_JeonJu.csv,11,6779.058096590909,1734.9812147352432
1512,KBS_JeonJu.csv,12,6775.07470703125,1705.68359375
1513,KBS_JeonJu.csv,13,6783.531702769887,1838.4344346788193
1514,KBS_JeonJu.csv,14,6777.030051491477,1806.3474934895833
1515,KBS_JeonJu.csv,15,6771.284161931818,1900.0299207899307
1516,KBS_JeonJu.csv,16,6762.553577769886,1789.0656195746528
1517,KBS_JeonJu.csv,17,6772.563920454545,1690.7796766493057
1518,KBS_JeonJu.csv,18,6776.672212357955,1706.3315022786458
1519,KBS_JeonJu.csv,19,6771.786186079546,1846.4178738064236
1520,KBS_JeonJu.csv,20,6758.833469460227,1801.158664279514
1521,KBS_JeonJu.csv,21,6777.545569957387,1751.8566351996528
1522,KBS_JeonJu.csv,22,6750.551473721591,1933.951687282986
1523,KBS_JeonJu.csv,23,6771.938210227273,1685.5601399739583
1524,KBS_JeonJu.csv,24,6761.581498579545,1862.5852186414932
1525,KBS_JeonJu.csv,25,6762.149325284091,1775.3376329210068
1526,KBS_JeonJu.csv,26,6755.040261008523,1786.1014675564236
1527,KBS_JeonJu.csv,27,6765.317267400568,1908.2681749131943
1528,KBS_JeonJu.csv,28,6767.826997514205,1889.2335611979167
1529,KBS_JeonJu.csv,29,6779.865980113636,1833.8040635850693
1530,KBS_JeonJu.csv,30,6769.777237215909,1792.164523654514
1531,KBS_JeonJu.csv,31,6765.152769886364,1703.3274468315972
1532,KBS_JeonJu.csv,32,6751.694939630682,1931.1587320963542
1533,KBS_JeonJu.csv,33,6762.614399857955,1856.8919949001736
1534,KBS_JeonJu.csv,34,6777.216299715909,1873.9113905164932
1535,KBS_JeonJu.csv,35,6748.302175071023,1737.1969672309028
1536,KBS_JeonJu.csv,36,6756.243785511364,1787.2028130425347
1537,KBS_JeonJu.csv,37,6755.295179332386,1765.0529106987847
1538,KBS_JeonJu.csv,38,6760.228444602273,1837.5269232855903
1539,KBS_JeonJu.csv,39,6750.439479758523,1783.742702907986
1540,KBS_JeonJu.csv,40,6762.858824573864,1884.7649739583333
1541,KBS_JeonJu.csv,41,6762.492666903409,1793.2783881293403
1542,KBS_JeonJu.csv,42,6755.078595525568,1743.8880479600693
1543,KBS_JeonJu.csv,43,6754.913316761364,1728.8543565538193
1544,KBS_JeonJu.csv,44,6749.872895951705,1696.333468967014
1545,KBS_JeonJu.csv,45,6754.556622869318,1888.9490831163193
1546,KBS_JeonJu.csv,46,6764.086177201704,1790.2262776692708
1547,KBS_JeonJu.csv,47,6751.940394176137,1817.3071695963542
1548,KBS_JeonJu.csv,48,6774.333354048295,1743.904025607639
1549,KBS_JeonJu.csv,49,6763.315216619319,1916.9334581163193
1550,KBS_JeonJu.csv,50,6763.337943892046,1801.207302517361
1551,KBS_JeonJu.csv,51,6771.71572265625,1879.1794569227432
1552,KBS_JeonJu.csv,52,6753.441956676136,1757.693142361111
1553,KBS_JeonJu.csv,53,6744.774920099432,1786.9625379774307
1554,KBS_JeonJu.csv,54,6747.780770596591,1730.9842936197917
1555,KBS_JeonJu.csv,55,6756.420694247159,1719.761962890625
1556,KBS_JeonJu.csv,56,6751.727263849431,1838.2892388237847
1557,KBS_JeonJu.csv,57,6761.295756392045,1796.8340521918403
1558,KBS_JeonJu.csv,58,6739.741388494318,1789.8176676432292
1559,KBS_JeonJu.csv,59,6770.430814985795,1762.9683159722222
1560,KBS_JeonJu.csv,60,6737.457501775568,1750.8502332899307
1561,KBS_JeonJu.csv,61,6752.381756036932,1769.8838433159722
1562,KBS_JeonJu.csv,62,6741.747487571023,1722.6547309027778
1563,KBS_JeonJu.csv,63,6747.610245028409,1818.7711859809028
1564,KBS_JeonJu.csv,64,6752.525612571023,1808.2376030815972
1565,KBS_JeonJu.csv,65,6763.587340198864,1753.582248263889
1566,KBS_JeonJu.csv,66,6754.05810546875,1837.2057562934028
1567,KBS_JeonJu.csv,67,6757.078595525568,1811.9896104600693
1568,KBS_JeonJu.csv,68,6749.023845880682,1792.4236789279514
1569,KBS_JeonJu.csv,69,6747.084996448863,1829.0768364800347
1570,KBS_JeonJu.csv,70,6754.992018821023,1791.546603732639
1571,KBS_JeonJu.csv,71,6750.716956676137,1755.9004991319443
1572,KBS_JeonJu.csv,72,6746.089124644886,1799.1702338324653
1573,KBS_JeonJu.csv,73,6746.419398082387,1805.1429578993057
1574,KBS_JeonJu.csv,74,6749.169247159091,1849.7932942708333
1575,KBS_JeonJu.csv,75,6752.352485795454,1788.6658393012153
1576,KBS_JeonJu.csv,76,6738.146360085228,1784.225802951389
1577,KBS_JeonJu.csv,77,6770.250168678977,1800.3970811631943
1578,KBS_JeonJu.csv,78,6756.669318181818,1762.1715901692708
1579,KBS_JeonJu.csv,79,6745.756463068182,1811.3761528862847
1580,KBS_JeonJu.csv,80,6776.122389914773,1801.2864176432292
1581,KBS_JeonJu.csv,81,6750.344708806818,1783.7601047092014
1582,KBS_JeonJu.csv,82,6746.513707386363,1797.2773844401042
1583,KBS_JeonJu.csv,83,6749.997425426136,1775.5295003255208
1584,KBS_JeonJu.csv,84,6752.574786931818,1784.4501817491318
1585,KBS_JeonJu.csv,85,6759.913370028409,1784.4692789713542
1586,KBS_JeonJu.csv,86,6753.285466974432,1787.4653184678818
1587,KBS_JeonJu.csv,87,6745.045126065341,1799.9186876085068
1588,KBS_JeonJu.csv,88,6737.754110440341,1787.4941270616318
1589,KBS_JeonJu.csv,89,6756.593030894886,1787.7326524522568
1590,KBS_JeonJu.csv,90,6748.082421875,1788.552978515625
1591,KBS_JeonJu.csv,91,6759.015482954545,1797.3793267144097
1592,KBS_JeonJu.csv,92,6746.410555752841,1797.6038411458333
1593,KBS_JeonJu.csv,93,6746.226802201704,1796.0936957465278
1594,KBS_JeonJu.csv,94,6753.204270241477,1794.199679904514
1595,KBS_JeonJu.csv,95,6748.273410866477,1790.433132595486
1596,KBS_JeonJu.csv,96,6757.167888849432,1790.8433024088542
1597,KBS_JeonJu.csv,97,6757.730717329546,1792.2023518880208
1598,KBS_JeonJu.csv,98,6754.085227272727,1793.3261040581597
1599,KBS_JeonJu.csv,99,6748.204305752841,1792.2421196831597
1600,KBS_JeonJu.csv,100,6733.004527698864,1792.4828965928818
1601,KBS_MokPo.csv,1,6419.106214488636,1252.662326388889
1602,KBS_MokPo.csv,2,6332.654456676137,1166.1568060980903
1603,KBS_MokPo.csv,3,6343.495356889204,1177.390380859375
1604,KBS_MokPo.csv,4,6310.060227272727,1179.485622829861
1605,KBS_MokPo.csv,5,6319.155601917613,1166.5594753689236
1606,KBS_MokPo.csv,6,6301.639240056818,1194.063015407986
1607,KBS_MokPo.csv,7,6304.60615234375,1128.454833984375
1608,KBS_MokPo.csv,8,6310.776251775568,1167.377224392361
1609,KBS_MokPo.csv,9,6280.698508522727,1248.8751220703125
1610,KBS_MokPo.csv,10,6285.694025213068,1366.854220920139
1611,KBS_MokPo.csv,11,6280.057270951705,1111.2516750759548
1612,KBS_MokPo.csv,12,6276.310395951705,1136.7608439127605
1613,KBS_MokPo.csv,13,6276.595161576704,1180.3390570746528
1614,KBS_MokPo.csv,14,6273.621368963069,1331.9507378472222
1615,KBS_MokPo.csv,15,6271.759588068182,1293.1771240234375
1616,KBS_MokPo.csv,16,6275.16982421875,1292.4295654296875
1617,KBS_MokPo.csv,17,6276.85771484375,1351.8909912109375
1618,KBS_MokPo.csv,18,6273.747674005682,1222.4367133246528
1619,KBS_MokPo.csv,19,6271.159241832386,1250.2556559244792
1620,KBS_MokPo.csv,20,6263.555495383523,1104.9703301323784
1621,KBS_MokPo.csv,21,6279.47578125,1235.7537299262153
1622,KBS_MokPo.csv,22,6266.218687855114,1257.8033447265625
1623,KBS_MokPo.csv,23,6264.081578480113,1074.3259955512153
1624,KBS_MokPo.csv,24,6273.659463778409,1282.657253689236
1625,KBS_MokPo.csv,25,6263.804625355114,1245.8113606770833
1626,KBS_MokPo.csv,26,6265.815758167613,1260.3257921006943
1627,KBS_MokPo.csv,27,6257.736576704546,1191.1327175564236
1628,KBS_MokPo.csv,28,6254.689914772727,1205.2141791449653
1629,KBS_MokPo.csv,29,6248.663299005681,1185.652316623264
1630,KBS_MokPo.csv,30,6256.069353693182,1179.3730604383682
1631,KBS_MokPo.csv,31,6251.58486328125,1144.217237684462
1632,KBS_MokPo.csv,32,6260.202956321023,1164.307345920139
1633,KBS_MokPo.csv,33,6257.192498224432,1209.0149739583333
1634,KBS_MokPo.csv,34,6242.453684303977,1156.1665988498264
1635,KBS_MokPo.csv,35,6252.404998224431,1238.0287272135417
1636,KBS_MokPo.csv,36,6241.534925426136,1145.3992648654514
1637,KBS_MokPo.csv,37,6251.516193181818,1158.3326009114583
1638,KBS_MokPo.csv,38,6251.096075994318,1242.8028293185764
1639,KBS_MokPo.csv,39,6241.374138849432,1178.8507080078125
1640,KBS_MokPo.csv,40,6229.677254971591,1223.8958468967014
1641,KBS_MokPo.csv,41,6263.264985795455,1137.765597873264
1642,KBS_MokPo.csv,42,6249.242950994319,1258.167751736111
1643,KBS_MokPo.csv,43,6250.248863636363,1211.7316351996528
1644,KBS_MokPo.csv,44,6249.159738991477,1241.0166015625
1645,KBS_MokPo.csv,45,6223.195001775568,1205.7489556206597
1646,KBS_MokPo.csv,46,6231.145330255682,1237.552463107639
1647,KBS_MokPo.csv,47,6241.09677734375,1259.734130859375
1648,KBS_MokPo.csv,48,6245.846954900569,1260.1975233289932
1649,KBS_MokPo.csv,49,6246.397389914773,1158.2622477213542
1650,KBS_MokPo.csv,50,6237.863245738637,1170.8799913194443
1651,KBS_MokPo.csv,51,6239.116477272727,1171.809543185764
1652,KBS_MokPo.csv,52,6235.195285866477,1232.9044867621528
1653,KBS_MokPo.csv,53,6261.120126065341,1212.4452175564236
1654,KBS_MokPo.csv,54,6253.061345880682,1188.7138264973958
1655,KBS_MokPo.csv,55,6246.622150213068,1190.2867567274307
1656,KBS_MokPo.csv,56,6243.568181818182,1223.3645833333333
1657,KBS_MokPo.csv,57,6238.337073863637,1236.0432264539932
1658,KBS_MokPo.csv,58,6239.590305397727,1190.0900336371528
1659,KBS_MokPo.csv,59,6253.733309659091,1199.4197998046875
1660,KBS_MokPo.csv,60,6246.19384765625,1184.8318820529514
1661,KBS_MokPo.csv,61,6248.732652698864,1208.4643147786458
1662,KBS_MokPo.csv,62,6245.04189453125,1206.1864556206597
1663,KBS_MokPo.csv,63,6259.278897372159,1224.8162163628472
1664,KBS_MokPo.csv,64,6236.08359375,1173.3866780598958
1665,KBS_MokPo.csv,65,6244.1505859375,1176.5207112630208
1666,KBS_MokPo.csv,66,6239.518084161932,1229.6011827256943
1667,KBS_MokPo.csv,67,6247.253169389204,1132.9136149088542
1668,KBS_MokPo.csv,68,6236.158212002841,1207.7722710503472
1669,KBS_MokPo.csv,69,6235.701882102273,1151.4855143229167
1670,KBS_MokPo.csv,70,6229.000763494319,1194.2932942708333
1671,KBS_MokPo.csv,71,6244.216077769886,1221.5098876953125
1672,KBS_MokPo.csv,72,6233.728622159091,1218.1994493272568
1673,KBS_MokPo.csv,73,6240.464808238637,1186.6122911241318
1674,KBS_MokPo.csv,74,6235.60791015625,1172.1453993055557
1675,KBS_MokPo.csv,75,6231.760209517045,1189.5558946397568
1676,KBS_MokPo.csv,76,6232.539133522727,1173.5870632595486
1677,KBS_MokPo.csv,77,6236.577059659091,1181.3119439019097
1678,KBS_MokPo.csv,78,6226.093838778409,1163.2339545355903
1679,KBS_MokPo.csv,79,6237.412428977273,1175.3657769097222
1680,KBS_MokPo.csv,80,6241.112633167613,1186.5298529730903
1681,KBS_MokPo.csv,81,6230.774138849431,1199.5618625217014
1682,KBS_MokPo.csv,82,6236.072469815341,1168.8123101128472
1683,KBS_MokPo.csv,83,6245.04208984375,1196.8570149739583
1684,KBS_MokPo.csv,84,6226.300443892045,1175.3641357421875
1685,KBS_MokPo.csv,85,6239.079536576704,1181.8362223307292
1686,KBS_MokPo.csv,86,6235.966255326704,1176.9191351996528
1687,KBS_MokPo.csv,87,6239.269122869318,1178.2068549262153
1688,KBS_MokPo.csv,88,6237.949911221591,1182.2571207682292
1689,KBS_MokPo.csv,89,6246.293004261363,1179.7806125217014
1690,KBS_MokPo.csv,90,6230.680379971591,1184.988552517361
1691,KBS_MokPo.csv,91,6226.204660866477,1183.9233534071182
1692,KBS_MokPo.csv,92,6231.785830965909,1185.936767578125
1693,KBS_MokPo.csv,93,6236.169025213068,1188.2776828342014
1694,KBS_MokPo.csv,94,6229.376988636363,1188.6371934678818
1695,KBS_MokPo.csv,95,6233.741370738637,1187.6323920355903
1696,KBS_MokPo.csv,96,6232.41162109375,1184.641574435764
1697,KBS_MokPo.csv,97,6230.568110795454,1186.3374430338542
1698,KBS_MokPo.csv,98,6239.669975142046,1186.5067816840278
1699,KBS_MokPo.csv,99,6229.315465198863,1186.4815402560764
1700,KBS_MokPo.csv,100,6239.057865767046,1186.8267279730903
1701,KBS_SunCheon.csv,1,7494.489195667614,2584.760687934028
1702,KBS_SunCheon.csv,2,7378.822123579545,2489.14990234375
1703,KBS_SunCheon.csv,3,7325.69228515625,2509.1724989149307
1704,KBS_SunCheon.csv,4,7303.172318892045,2372.634955512153
1705,KBS_SunCheon.csv,5,7289.552015269886,2389.8307020399307
1706,KBS_SunCheon.csv,6,7270.147647372159,2460.110107421875
1707,KBS_SunCheon.csv,7,7263.201384943181,2215.2422146267363
1708,KBS_SunCheon.csv,8,7261.410715553977,2398.365668402778
1709,KBS_SunCheon.csv,9,7232.541637073864,2338.5647786458335
1710,KBS_SunCheon.csv,10,7246.045951704546,2290.287109375
1711,KBS_SunCheon.csv,11,7244.397904829545,2347.50439453125
1712,KBS_SunCheon.csv,12,7221.935866477273,2294.1167263454863
1713,KBS_SunCheon.csv,13,7242.507856889205,2186.3681369357637
1714,KBS_SunCheon.csv,14,7231.921537642045,2295.1444498697915
1715,KBS_SunCheon.csv,15,7223.07646484375,2324.633734809028
1716,KBS_SunCheon.csv,16,7209.660813210227,2361.401312934028
1717,KBS_SunCheon.csv,17,7224.871750710227,2417.8793674045137
1718,KBS_SunCheon.csv,18,7230.495232599432,2337.878607855903
1719,KBS_SunCheon.csv,19,7199.001340553978,2287.1589626736113
1720,KBS_SunCheon.csv,20,7207.791477272727,2350.5542805989585
1721,KBS_SunCheon.csv,21,7214.163032670454,2418.9891764322915
1722,KBS_SunCheon.csv,22,7208.868829900568,2403.4631076388887
1723,KBS_SunCheon.csv,23,7204.951846590909,2323.7583279079863
1724,KBS_SunCheon.csv,24,7201.641725852272,2386.4937608506943
1725,KBS_SunCheon.csv,25,7202.59296875,2234.7964680989585
1726,KBS_SunCheon.csv,26,7180.806161221591,2393.081841362847
1727,KBS_SunCheon.csv,27,7180.571173650568,2302.406792534722
1728,KBS_SunCheon.csv,28,7196.842249644887,2299.6133626302085
1729,KBS_SunCheon.csv,29,7191.0865234375,2253.6534016927085
1730,KBS_SunCheon.csv,30,7196.644762073864,2253.8809950086807
1731,KBS_SunCheon.csv,31,7189.3658203125,2282.0534939236113
1732,KBS_SunCheon.csv,32,7220.948162286932,2242.1954752604165
1733,KBS_SunCheon.csv,33,7185.099538352273,2120.4089626736113
1734,KBS_SunCheon.csv,34,7182.20166015625,2281.6305067274307
1735,KBS_SunCheon.csv,35,7181.933291903409,2301.090521918403
1736,KBS_SunCheon.csv,36,7188.171182528409,2252.2214626736113
1737,KBS_SunCheon.csv,37,7201.748544034091,2186.634521484375
1738,KBS_SunCheon.csv,38,7178.992001065341,2342.181206597222
1739,KBS_SunCheon.csv,39,7193.996706321022,2395.5782877604165
1740,KBS_SunCheon.csv,40,7170.591974431818,2272.936469184028
1741,KBS_SunCheon.csv,41,7194.307563920454,2289.0609537760415
1742,KBS_SunCheon.csv,42,7170.518616832386,2075.6121826171875
1743,KBS_SunCheon.csv,43,7175.162766335227,2259.9256184895835
1744,KBS_SunCheon.csv,44,7170.829332386364,2211.9634874131943
1745,KBS_SunCheon.csv,45,7187.055184659091,2154.608642578125
1746,KBS_SunCheon.csv,46,7183.376047585227,2322.2548828125
1747,KBS_SunCheon.csv,47,7174.516335227273,2208.4844021267363
1748,KBS_SunCheon.csv,48,7186.691672585227,2199.6328938802085
1749,KBS_SunCheon.csv,49,7163.368412642046,2278.5980360243057
1750,KBS_SunCheon.csv,50,7180.481800426136,2396.3948838975693
1751,KBS_SunCheon.csv,51,7176.806010298295,2384.2616916232637
1752,KBS_SunCheon.csv,52,7180.154501065341,2333.330023871528
1753,KBS_SunCheon.csv,53,7174.027379261363,2253.413872612847
1754,KBS_SunCheon.csv,54,7165.690047940341,2316.8689236111113
1755,KBS_SunCheon.csv,55,7173.658212002841,2349.3693033854165
1756,KBS_SunCheon.csv,56,7188.996457741478,2342.2151692708335
1757,KBS_SunCheon.csv,57,7167.72734375,2431.9120822482637
1758,KBS_SunCheon.csv,58,7176.378409090909,2323.4556749131943
1759,KBS_SunCheon.csv,59,7173.721875,2229.2517903645835
1760,KBS_SunCheon.csv,60,7175.499680397727,2190.090142144097
1761,KBS_SunCheon.csv,61,7170.272212357954,2306.472222222222
1762,KBS_SunCheon.csv,62,7173.451518110795,2229.8727756076387
1763,KBS_SunCheon.csv,63,7186.129066051137,2302.1635470920137
1764,KBS_SunCheon.csv,64,7174.751811079545,2329.855224609375
1765,KBS_SunCheon.csv,65,7182.923508522727,2267.4785427517363
1766,KBS_SunCheon.csv,66,7171.552610085228,2320.7599826388887
1767,KBS_SunCheon.csv,67,7168.769877485795,2353.2003038194443
1768,KBS_SunCheon.csv,68,7190.5662109375,2341.786566840278
1769,KBS_SunCheon.csv,69,7171.520188210227,2216.655707465278
1770,KBS_SunCheon.csv,70,7168.908229758523,2294.5663248697915
1771,KBS_SunCheon.csv,71,7176.421209161932,2304.3407931857637
1772,KBS_SunCheon.csv,72,7174.935289417614,2305.3001573350693
1773,KBS_SunCheon.csv,73,7169.099671519886,2285.2614474826387
1774,KBS_SunCheon.csv,74,7167.198703835227,2323.3352322048613
1775,KBS_SunCheon.csv,75,7171.128116122159,2273.9852159288193
1776,KBS_SunCheon.csv,76,7178.169762073863,2323.217475043403
1777,KBS_SunCheon.csv,77,7176.457146661932,2253.7286783854165
1778,KBS_SunCheon.csv,78,7167.467826704546,2258.0297037760415
1779,KBS_SunCheon.csv,79,7165.760236150568,2294.2462293836807
1780,KBS_SunCheon.csv,80,7169.058185369318,2305.4562174479165
1781,KBS_SunCheon.csv,81,7176.7568359375,2274.5555555555557
1782,KBS_SunCheon.csv,82,7170.103790838069,2274.9258626302085
1783,KBS_SunCheon.csv,83,7169.6775390625,2281.2045084635415
1784,KBS_SunCheon.csv,84,7172.73837890625,2271.2118869357637
1785,KBS_SunCheon.csv,85,7179.471040482955,2283.7789442274307
1786,KBS_SunCheon.csv,86,7170.380078125,2283.8470323350693
1787,KBS_SunCheon.csv,87,7154.60107421875,2273.561821831597
1788,KBS_SunCheon.csv,88,7166.199129971591,2280.9062771267363
1789,KBS_SunCheon.csv,89,7180.373348721591,2291.0439453125
1790,KBS_SunCheon.csv,90,7151.445614346591,2292.3394368489585
1791,KBS_SunCheon.csv,91,7175.622114701705,2289.8410915798613
1792,KBS_SunCheon.csv,92,7167.640518465909,2286.559624565972
1793,KBS_SunCheon.csv,93,7176.08125,2282.084526909722
1794,KBS_SunCheon.csv,94,7157.962313565341,2283.263129340278
1795,KBS_SunCheon.csv,95,7174.503196022727,2282.5846896701387
1796,KBS_SunCheon.csv,96,7158.075754616477,2281.830756293403
1797,KBS_SunCheon.csv,97,7181.105814985795,2281.658393012153
1798,KBS_SunCheon.csv,98,7157.477592329546,2281.9609103732637
1799,KBS_SunCheon.csv,99,7154.97294921875,2282.5064832899307
1800,KBS_SunCheon.csv,100,7177.500133167614,2282.2065700954863
1801,KBS_GwangJu.csv,1,6778.881613991477,1723.7752007378472
1802,KBS_GwangJu.csv,2,6722.306711647727,1576.2211371527778
1803,KBS_GwangJu.csv,3,6733.760830965909,1778.7235921223958
1804,KBS_GwangJu.csv,4,6719.967409446022,1838.4260796440972
1805,KBS_GwangJu.csv,5,6717.959783380682,1670.8263753255208
1806,KBS_GwangJu.csv,6,6714.517240767045,1624.4671359592014
1807,KBS_GwangJu.csv,7,6709.499529474432,1701.3822428385417
1808,KBS_GwangJu.csv,8,6715.127982954546,1656.5505506727432
1809,KBS_GwangJu.csv,9,6711.642933238636,1709.8467203776042
1810,KBS_GwangJu.csv,10,6722.701047585228,1774.2144911024307
1811,KBS_GwangJu.csv,11,6707.943918678977,1750.5871039496528
1812,KBS_GwangJu.csv,12,6706.515900213069,1645.7770317925347
1813,KBS_GwangJu.csv,13,6700.090385298296,1792.680392795139
1814,KBS_GwangJu.csv,14,6696.771937144887,1693.282443576389
1815,KBS_GwangJu.csv,15,6712.111736505682,1639.7405870225693
1816,KBS_GwangJu.csv,16,6708.240962357954,1805.2018500434028
1817,KBS_GwangJu.csv,17,6701.87822265625,1865.6624348958333
1818,KBS_GwangJu.csv,18,6704.086328125,1745.3359510633682
1819,KBS_GwangJu.csv,19,6694.210866477273,1671.764404296875
1820,KBS_GwangJu.csv,20,6681.385324928977,1737.0052897135417
1821,KBS_GwangJu.csv,21,6696.369575639204,1833.9902886284722
1822,KBS_GwangJu.csv,22,6679.758602627841,1716.4243570963542
1823,KBS_GwangJu.csv,23,6696.701571377841,1796.770751953125
1824,KBS_GwangJu.csv,24,6675.698322088068,1694.7295057508682
1825,KBS_GwangJu.csv,25,6690.409224076705,1747.2648111979167
1826,KBS_GwangJu.csv,26,6680.825372869318,1657.511447482639
1827,KBS_GwangJu.csv,27,6669.61943359375,1906.9869791666667
1828,KBS_GwangJu.csv,28,6664.754944957386,1793.1182590060764
1829,KBS_GwangJu.csv,29,6687.376340553978,1711.1876220703125
1830,KBS_GwangJu.csv,30,6677.026393821023,1710.4398464626736
1831,KBS_GwangJu.csv,31,6672.678382457387,1581.6594102647568
1832,KBS_GwangJu.csv,32,6692.482528409091,1706.9713541666667
1833,KBS_GwangJu.csv,33,6693.350266335227,1664.8267279730903
1834,KBS_GwangJu.csv,34,6690.113822798296,1615.0929361979167
1835,KBS_GwangJu.csv,35,6673.204234730114,1741.9442681206597
1836,KBS_GwangJu.csv,36,6680.271946022727,1747.4015028211807
1837,KBS_GwangJu.csv,37,6682.391015625,1727.10986328125
1838,KBS_GwangJu.csv,38,6680.072096946023,1704.5532362196182
1839,KBS_GwangJu.csv,39,6680.377618963068,1718.413113064236
1840,KBS_GwangJu.csv,40,6686.690394176137,1822.7617323133682
1841,KBS_GwangJu.csv,41,6680.143252840909,1577.1463487413193
1842,KBS_GwangJu.csv,42,6689.34052734375,1686.387179904514
1843,KBS_GwangJu.csv,43,6686.328311434659,1786.105224609375
1844,KBS_GwangJu.csv,44,6674.741131036932,1588.1800537109375
1845,KBS_GwangJu.csv,45,6669.367888849431,1705.1346978081597
1846,KBS_GwangJu.csv,46,6673.678391335227,1555.4166937934028
1847,KBS_GwangJu.csv,47,6685.168217329546,1707.4510904947917
1848,KBS_GwangJu.csv,48,6676.636638849432,1613.3147515190972
1849,KBS_GwangJu.csv,49,6670.501962002841,1667.6117485894097
1850,KBS_GwangJu.csv,50,6683.156107954545,1714.7215304904514
1851,KBS_GwangJu.csv,51,6676.168705610796,1770.8094618055557
1852,KBS_GwangJu.csv,52,6672.327867542614,1598.2020263671875
1853,KBS_GwangJu.csv,53,6665.297531960227,1566.0402289496528
1854,KBS_GwangJu.csv,54,6652.907510653409,1650.423611111111
1855,KBS_GwangJu.csv,55,6670.102556818182,1682.1038818359375
1856,KBS_GwangJu.csv,56,6644.590340909091,1693.3283827039932
1857,KBS_GwangJu.csv,57,6673.134650213068,1780.283447265625
1858,KBS_GwangJu.csv,58,6673.222105823864,1707.4971110026042
1859,KBS_GwangJu.csv,59,6679.718297230113,1718.4969618055557
1860,KBS_GwangJu.csv,60,6656.429287997159,1634.494873046875
1861,KBS_GwangJu.csv,61,6661.944673295455,1712.7715521918403
1862,KBS_GwangJu.csv,62,6662.970747514205,1741.6652967664932
1863,KBS_GwangJu.csv,63,6684.530619673295,1720.4297688802083
1864,KBS_GwangJu.csv,64,6691.18037109375,1670.3572998046875
1865,KBS_GwangJu.csv,65,6663.819522372159,1642.2847764756943
1866,KBS_GwangJu.csv,66,6663.349636008523,1691.2093641493057
1867,KBS_GwangJu.csv,67,6668.044646661931,1664.8780517578125
1868,KBS_GwangJu.csv,68,6665.471706321023,1666.6166585286458
1869,KBS_GwangJu.csv,69,6674.246608664773,1602.8503960503472
1870,KBS_GwangJu.csv,70,6668.39794921875,1695.328857421875
1871,KBS_GwangJu.csv,71,6657.017729048295,1666.7689073350693
1872,KBS_GwangJu.csv,72,6648.618625710227,1677.4291856553818
1873,KBS_GwangJu.csv,73,6658.401624644886,1653.1849229600693
1874,KBS_GwangJu.csv,74,6683.256596235796,1710.6533067491318
1875,KBS_GwangJu.csv,75,6651.765651633523,1693.1369493272568
1876,KBS_GwangJu.csv,76,6643.370419034091,1670.4446478949653
1877,KBS_GwangJu.csv,77,6668.140953480113,1670.073486328125
1878,KBS_GwangJu.csv,78,6663.83310546875,1653.8795572916667
1879,KBS_GwangJu.csv,79,6659.918217329546,1683.9845648871528
1880,KBS_GwangJu.csv,80,6667.341379616477,1656.9678683810764
1881,KBS_GwangJu.csv,81,6650.860706676136,1679.357638888889
1882,KBS_GwangJu.csv,82,6669.149449573863,1664.9356689453125
1883,KBS_GwangJu.csv,83,6666.858700284091,1673.5074734157986
1884,KBS_GwangJu.csv,84,6674.787020596591,1680.106418185764
1885,KBS_GwangJu.csv,85,6672.647230113636,1687.750244140625
1886,KBS_GwangJu.csv,86,6645.780522017046,1669.4753011067708
1887,KBS_GwangJu.csv,87,6661.305211292613,1661.416286892361
1888,KBS_GwangJu.csv,88,6656.223268821022,1678.4798719618057
1889,KBS_GwangJu.csv,89,6655.642258522727,1676.7073703342014
1890,KBS_GwangJu.csv,90,6658.854723011364,1682.8463812934028
1891,KBS_GwangJu.csv,91,6654.600008877841,1681.825710720486
1892,KBS_GwangJu.csv,92,6662.279119318182,1679.4516737196182
1893,KBS_GwangJu.csv,93,6667.867205255682,1678.0069986979167
1894,KBS_GwangJu.csv,94,6655.105104758522,1673.7121988932292
1895,KBS_GwangJu.csv,95,6669.54140625,1678.20068359375
1896,KBS_GwangJu.csv,96,6664.72890625,1673.9090304904514
1897,KBS_GwangJu.csv,97,6647.629518821022,1674.9155951605903
1898,KBS_GwangJu.csv,98,6676.752059659091,1674.3473714192708
1899,KBS_GwangJu.csv,99,6663.359286221591,1674.2628445095486
1900,KBS_GwangJu.csv,100,6648.776917613636,1673.6328125
