global_epoch,task,epoch_in_task,train_loss,val_loss
1,MBC_CheongJu.csv,1,28753.147569444445,28308.110026041668
2,MBC_CheongJu.csv,2,28109.22802734375,27378.93532986111
3,MBC_CheongJu.csv,3,26765.319173177082,25574.827690972223
4,MBC_CheongJu.csv,4,24490.18212890625,22759.674696180555
5,MBC_CheongJu.csv,5,21173.659559461805,18947.774956597223
6,MBC_CheongJu.csv,6,16968.087863498266,14393.175238715277
7,MBC_CheongJu.csv,7,12187.392062717014,9487.588650173611
8,MBC_CheongJu.csv,8,7281.184326171875,4766.90478515625
9,MBC_CheongJu.csv,9,3023.295827229818,1349.2935248480903
10,MBC_CheongJu.csv,10,684.4946441650391,443.03736707899304
11,MBC_CheongJu.csv,11,331.16390652126734,295.3552754720052
12,MBC_CheongJu.csv,12,237.91941409640842,214.41562228732639
13,MBC_CheongJu.csv,13,181.89947509765625,164.67126040988498
14,MBC_CheongJu.csv,14,147.18700408935547,136.44039069281683
15,MBC_CheongJu.csv,15,127.2128677368164,118.0530014038086
16,MBC_CheongJu.csv,16,113.21771134270563,107.93211195203993
17,MBC_CheongJu.csv,17,107.16384188334148,101.86053636338976
18,MBC_CheongJu.csv,18,103.53293906317816,97.87759738498264
19,MBC_CheongJu.csv,19,100.51837412516277,95.92953067355685
20,MBC_CheongJu.csv,20,98.50879181755914,94.53774515787761
21,MBC_CheongJu.csv,21,97.63923984103732,94.36989084879558
22,MBC_CheongJu.csv,22,97.58229700724284,93.89240095350478
23,MBC_CheongJu.csv,23,97.12035793728299,95.33297136094835
24,MBC_CheongJu.csv,24,96.61824692620172,93.97144317626953
25,MBC_CheongJu.csv,25,96.60698424445258,94.12953779432509
26,MBC_CheongJu.csv,26,97.1958442264133,93.572999742296
27,MBC_CheongJu.csv,27,96.3709061940511,94.99394141303168
28,MBC_CheongJu.csv,28,97.69474580552843,93.71046532524957
29,MBC_CheongJu.csv,29,96.79492738511827,94.3522711859809
30,MBC_CheongJu.csv,30,96.75940153333876,94.47296651204427
31,MBC_CheongJu.csv,31,96.58794509039984,95.55611928304036
32,MBC_CheongJu.csv,32,96.95579189724393,93.60253397623698
33,MBC_CheongJu.csv,33,97.36878617604573,94.2631098429362
34,MBC_CheongJu.csv,34,96.28783331976996,93.59711456298828
35,MBC_CheongJu.csv,35,96.87826516893175,93.75497945149739
36,MBC_CheongJu.csv,36,96.58976629045274,93.71914418538411
37,MBC_CheongJu.csv,37,96.7372652689616,93.77245754665799
38,MBC_CheongJu.csv,38,97.41509437561035,94.58402845594618
39,MBC_CheongJu.csv,39,96.47199334038629,93.64015282524957
40,MBC_CheongJu.csv,40,96.64942804972331,94.27170054117839
41,MBC_CheongJu.csv,41,96.29898484547932,95.41094038221571
42,MBC_CheongJu.csv,42,97.07594723171658,93.61485714382596
43,MBC_CheongJu.csv,43,96.22517013549805,93.67344665527344
44,MBC_CheongJu.csv,44,97.26872041490343,93.62660895453558
45,MBC_CheongJu.csv,45,96.70953136020236,94.09776475694444
46,MBC_CheongJu.csv,46,96.80973031785753,93.87981923421223
47,MBC_CheongJu.csv,47,96.44152153862848,94.46471489800348
48,MBC_CheongJu.csv,48,96.61424658033583,93.72176869710286
49,MBC_CheongJu.csv,49,96.85411495632596,93.64783732096355
50,MBC_CheongJu.csv,50,96.94488419426813,93.60303327772353
51,MBC_CheongJu.csv,51,96.60267236497667,93.77811262342665
52,MBC_CheongJu.csv,52,96.66675588819716,93.84141540527344
53,MBC_CheongJu.csv,53,96.55727979871962,93.98130120171442
54,MBC_CheongJu.csv,54,96.209898630778,93.73739793565538
55,MBC_CheongJu.csv,55,96.6546179453532,94.8036117553711
56,MBC_CheongJu.csv,56,96.70705223083496,93.58312733968098
57,MBC_CheongJu.csv,57,96.08543629116483,93.80221727159288
58,MBC_CheongJu.csv,58,97.0816633436415,93.62007564968533
59,MBC_CheongJu.csv,59,97.2805830637614,93.65854899088542
60,MBC_CheongJu.csv,60,96.58706876966689,93.71544138590495
61,MBC_CheongJu.csv,61,95.83910126156277,93.85539160834418
62,MBC_CheongJu.csv,62,96.39803865220811,93.60493977864583
63,MBC_CheongJu.csv,63,97.11984634399414,93.57918039957683
64,MBC_CheongJu.csv,64,96.33718236287434,93.55251057942708
65,MBC_CheongJu.csv,65,96.45577155219183,94.64176601833768
66,MBC_CheongJu.csv,66,98.12974611918132,93.99937523735895
67,MBC_CheongJu.csv,67,96.05370012919109,93.67133331298828
68,MBC_CheongJu.csv,68,97.27851083543565,93.58345031738281
69,MBC_CheongJu.csv,69,97.20445717705621,94.12901051839192
70,MBC_CheongJu.csv,70,97.31266339619954,93.75674438476562
71,MBC_CheongJu.csv,71,96.59965176052518,93.5793719821506
72,MBC_CheongJu.csv,72,96.56913216908772,93.74321407741971
73,MBC_CheongJu.csv,73,96.6922255622016,93.63972981770833
74,MBC_CheongJu.csv,74,96.81331316630046,93.64216444227431
75,MBC_CheongJu.csv,75,96.99369070265028,93.73291863335504
76,MBC_CheongJu.csv,76,96.88700506422255,93.94257015652127
77,MBC_CheongJu.csv,77,97.15702629089355,93.93701426188152
78,MBC_CheongJu.csv,78,96.4102087020874,93.97941419813368
79,MBC_CheongJu.csv,79,97.17981677585178,93.76018778483073
80,MBC_CheongJu.csv,80,95.81576580471463,93.628907945421
81,MBC_CheongJu.csv,81,96.21397103203668,93.64839002821181
82,MBC_CheongJu.csv,82,96.66873571607802,93.75940873887804
83,MBC_CheongJu.csv,83,97.38498708936903,93.6261452568902
84,MBC_CheongJu.csv,84,96.9795102013482,93.67168087429471
85,MBC_CheongJu.csv,85,97.10717858208551,93.69594404432509
86,MBC_CheongJu.csv,86,96.46969011094835,93.67027367485895
87,MBC_CheongJu.csv,87,96.95562065972223,93.74203660753038
88,MBC_CheongJu.csv,88,96.99487622578938,93.68965403238933
89,MBC_CheongJu.csv,89,97.44078742133246,93.69167582194011
90,MBC_CheongJu.csv,90,98.06857511732314,93.6802020602756
91,MBC_CheongJu.csv,91,96.40470589531793,93.70089552137587
92,MBC_CheongJu.csv,92,96.51413790384929,93.76075575086806
93,MBC_CheongJu.csv,93,95.83008331722684,93.68734825981988
94,MBC_CheongJu.csv,94,97.3724931081136,93.69379085964627
95,MBC_CheongJu.csv,95,96.41520542568631,93.71513027615018
96,MBC_CheongJu.csv,96,97.01908874511719,93.71236165364583
97,MBC_CheongJu.csv,97,96.80279286702473,93.71653917100694
98,MBC_CheongJu.csv,98,97.2514254252116,93.70814598931207
99,MBC_CheongJu.csv,99,96.36302926805284,93.70478142632379
100,MBC_CheongJu.csv,100,96.11762534247504,93.7024637858073
101,Broad_CheongJu.csv,1,599.1388988148083,118.44261169433594
102,Broad_CheongJu.csv,2,597.1056690562855,127.25308990478516
103,Broad_CheongJu.csv,3,596.3405206853694,126.09878540039062
104,Broad_CheongJu.csv,4,594.6563093705611,117.63358561197917
105,Broad_CheongJu.csv,5,596.9942887739702,133.23952060275607
106,Broad_CheongJu.csv,6,597.2804792924361,115.72691175672743
107,Broad_CheongJu.csv,7,598.2577854503285,116.69644843207465
108,Broad_CheongJu.csv,8,597.464463112571,122.51469336615668
109,Broad_CheongJu.csv,9,597.7687061656605,116.54922315809462
110,Broad_CheongJu.csv,10,595.8099325006658,125.26949225531683
111,Broad_CheongJu.csv,11,597.1156127929687,120.25878567165799
112,Broad_CheongJu.csv,12,597.6000890558416,111.51913113064236
113,Broad_CheongJu.csv,13,597.6544957941229,112.36547766791449
114,Broad_CheongJu.csv,14,599.4459969260475,113.09329817030165
115,Broad_CheongJu.csv,15,601.7632390802556,126.41442362467448
116,Broad_CheongJu.csv,16,599.5311845259233,133.88344065348306
117,Broad_CheongJu.csv,17,594.5178980047052,125.25676133897569
118,Broad_CheongJu.csv,18,597.2060141823508,124.75608486599393
119,Broad_CheongJu.csv,19,599.2029307972301,120.95444742838542
120,Broad_CheongJu.csv,20,597.1656599564985,119.29845089382596
121,Broad_CheongJu.csv,21,597.2259427157315,123.01831478542752
122,Broad_CheongJu.csv,22,597.8015414151279,121.6880349053277
123,Broad_CheongJu.csv,23,597.874819391424,118.60361819797092
124,Broad_CheongJu.csv,24,599.762255859375,118.99213239881728
125,Broad_CheongJu.csv,25,597.3086775346236,113.46664513481988
126,Broad_CheongJu.csv,26,598.7325092662464,118.04273817274306
127,Broad_CheongJu.csv,27,596.7196255770597,120.78444586859808
128,Broad_CheongJu.csv,28,597.2650371204724,131.15858459472656
129,Broad_CheongJu.csv,29,601.4172232887962,128.72129228379993
130,Broad_CheongJu.csv,30,596.2174116654829,121.2306137084961
131,Broad_CheongJu.csv,31,597.5836403586648,115.53458658854167
132,Broad_CheongJu.csv,32,595.3006824840198,110.40342458089192
133,Broad_CheongJu.csv,33,595.4965584494851,121.27523295084636
134,Broad_CheongJu.csv,34,595.9456426447088,126.39850023057726
135,Broad_CheongJu.csv,35,596.7134449351918,126.39338938395183
136,Broad_CheongJu.csv,36,597.9126015403054,121.7620612250434
137,Broad_CheongJu.csv,37,598.2939913662997,123.79088253445096
138,Broad_CheongJu.csv,38,596.46696694114,115.9816385904948
139,Broad_CheongJu.csv,39,596.6176721746272,117.18233320448134
140,Broad_CheongJu.csv,40,596.6374040083451,119.89462534586589
141,Broad_CheongJu.csv,41,597.0269070712003,116.8041263156467
142,Broad_CheongJu.csv,42,596.0911485151811,114.87242211235895
143,Broad_CheongJu.csv,43,594.4785655628551,118.54590776231554
144,Broad_CheongJu.csv,44,600.5992004394532,118.13598717583551
145,Broad_CheongJu.csv,45,597.9877125133168,129.96531677246094
146,Broad_CheongJu.csv,46,597.251786665483,127.04762522379558
147,Broad_CheongJu.csv,47,598.8556279962713,123.7995359632704
148,Broad_CheongJu.csv,48,596.9500810102983,118.40730539957683
149,Broad_CheongJu.csv,49,599.1284626353871,119.58318583170573
150,Broad_CheongJu.csv,50,597.007441295277,121.13504536946614
151,Broad_CheongJu.csv,51,600.5201155229048,113.30392456054688
152,Broad_CheongJu.csv,52,598.1003204345703,122.49946170383029
153,Broad_CheongJu.csv,53,594.8860684481534,120.99911583794488
154,Broad_CheongJu.csv,54,598.7056773792614,120.46214209662543
155,Broad_CheongJu.csv,55,597.7448414195668,114.72317759195964
156,Broad_CheongJu.csv,56,596.5454123757103,124.43249850802951
157,Broad_CheongJu.csv,57,596.2825320157137,121.55643886990018
158,Broad_CheongJu.csv,58,594.8093089710583,117.08508555094402
159,Broad_CheongJu.csv,59,592.132134732333,119.32862514919705
160,Broad_CheongJu.csv,60,597.8068656227805,120.82260979546442
161,Broad_CheongJu.csv,61,597.2911471280185,118.41641998291016
162,Broad_CheongJu.csv,62,595.9745522238992,115.05665249294705
163,Broad_CheongJu.csv,63,597.6743316650391,119.11828528510199
164,Broad_CheongJu.csv,64,597.600844227184,118.99259270562067
165,Broad_CheongJu.csv,65,598.6471180308948,119.80965677897136
166,Broad_CheongJu.csv,66,593.4155095880682,119.82286410861545
167,Broad_CheongJu.csv,67,597.2030867143111,120.44171312120226
168,Broad_CheongJu.csv,68,596.4266657049005,120.48116726345486
169,Broad_CheongJu.csv,69,598.285663951527,120.80422125922308
170,Broad_CheongJu.csv,70,594.6085765491832,118.32676272922092
171,Broad_CheongJu.csv,71,596.4140452991833,121.26340738932292
172,Broad_CheongJu.csv,72,596.1616299715909,124.45289866129558
173,Broad_CheongJu.csv,73,598.0669261585582,115.87698279486762
174,Broad_CheongJu.csv,74,599.2960033069958,119.5581317477756
175,Broad_CheongJu.csv,75,594.8907884077593,121.81644270155165
176,Broad_CheongJu.csv,76,595.6191433993253,120.18080563015408
177,Broad_CheongJu.csv,77,597.069023548473,123.46630435519748
178,Broad_CheongJu.csv,78,597.9391679243608,118.97942860921223
179,Broad_CheongJu.csv,79,596.2377144553444,119.89898173014323
180,Broad_CheongJu.csv,80,591.7303167169745,121.43067508273654
181,Broad_CheongJu.csv,81,594.7942810058594,122.73597717285156
182,Broad_CheongJu.csv,82,593.4278947310014,120.11836327446832
183,Broad_CheongJu.csv,83,596.1413729580966,119.07320573594835
184,Broad_CheongJu.csv,84,594.9368338844993,122.12849850124783
185,Broad_CheongJu.csv,85,601.2263275146485,120.95177459716797
186,Broad_CheongJu.csv,86,595.1819230513139,121.2055892944336
187,Broad_CheongJu.csv,87,593.6451182972302,120.00158945719402
188,Broad_CheongJu.csv,88,597.0638816139915,120.39483049180772
189,Broad_CheongJu.csv,89,594.4350946599787,118.85545094807942
190,Broad_CheongJu.csv,90,595.6822692871094,119.73761155870226
191,Broad_CheongJu.csv,91,596.0697765003551,120.40423414442274
192,Broad_CheongJu.csv,92,597.6770577170632,120.98961808946397
193,Broad_CheongJu.csv,93,597.6625772649592,120.835695054796
194,Broad_CheongJu.csv,94,598.7841547185725,120.75021192762587
195,Broad_CheongJu.csv,95,593.4347831032493,120.31810251871745
196,Broad_CheongJu.csv,96,594.735844560103,120.01548173692491
197,Broad_CheongJu.csv,97,594.3988897150213,120.16959974500868
198,Broad_CheongJu.csv,98,596.7260903098366,120.21925523546007
199,Broad_CheongJu.csv,99,596.4726554177024,120.19905938042535
200,Broad_CheongJu.csv,100,594.8198000821201,120.1742189195421
201,MBC_DaeJeon.csv,1,364.40061950683594,132.27682240804037
202,MBC_DaeJeon.csv,2,364.5400923295455,128.4021021525065
203,MBC_DaeJeon.csv,3,366.0680838844993,124.08944278293185
204,MBC_DaeJeon.csv,4,365.59197914817116,121.89319101969402
205,MBC_DaeJeon.csv,5,363.84477261629974,124.60898759629991
206,MBC_DaeJeon.csv,6,365.5554374001243,125.86497582329645
207,MBC_DaeJeon.csv,7,367.62994870272547,127.23101552327473
208,MBC_DaeJeon.csv,8,365.21007010719995,122.35745408799913
209,MBC_DaeJeon.csv,9,363.03279571533204,125.26600986056857
210,MBC_DaeJeon.csv,10,364.27278622713953,128.42798953586154
211,MBC_DaeJeon.csv,11,365.3272871537642,124.73440382215712
212,MBC_DaeJeon.csv,12,365.35617190274326,121.44888051350911
213,MBC_DaeJeon.csv,13,366.182773659446,130.73733605278863
214,MBC_DaeJeon.csv,14,367.109892689098,121.3621843126085
215,MBC_DaeJeon.csv,15,365.7355503429066,126.78307512071397
216,MBC_DaeJeon.csv,16,367.78620133833454,125.2369630601671
217,MBC_DaeJeon.csv,17,366.38426250110973,130.57154252794055
218,MBC_DaeJeon.csv,18,364.39547008167614,124.79269070095486
219,MBC_DaeJeon.csv,19,364.88072967529297,126.48364596896701
220,MBC_DaeJeon.csv,20,364.27154180353335,124.3370344373915
221,MBC_DaeJeon.csv,21,366.5435843727805,130.82648468017578
222,MBC_DaeJeon.csv,22,365.09714577414775,142.7296846177843
223,MBC_DaeJeon.csv,23,363.621718528054,123.10761091444228
224,MBC_DaeJeon.csv,24,365.9913171941584,129.9015138414171
225,MBC_DaeJeon.csv,25,366.0415179165927,124.94322204589844
226,MBC_DaeJeon.csv,26,365.47144234397194,123.15844641791449
227,MBC_DaeJeon.csv,27,368.75348996249113,126.02471499972873
228,MBC_DaeJeon.csv,28,366.91907820268113,125.24696180555556
229,MBC_DaeJeon.csv,29,365.4105823863636,120.84940761990018
230,MBC_DaeJeon.csv,30,364.4979507446289,132.57088555230035
231,MBC_DaeJeon.csv,31,366.3877344304865,117.22591230604384
232,MBC_DaeJeon.csv,32,364.58324376886543,117.29101901584201
233,MBC_DaeJeon.csv,33,366.31918182373045,122.91538408067491
234,MBC_DaeJeon.csv,34,367.12519891912285,119.1190202501085
235,MBC_DaeJeon.csv,35,363.58975011652166,124.57104746500652
236,MBC_DaeJeon.csv,36,366.49324479536574,124.95704481336806
237,MBC_DaeJeon.csv,37,368.4472445401278,135.28089480929904
238,MBC_DaeJeon.csv,38,363.4717222733931,122.93067084418402
239,MBC_DaeJeon.csv,39,366.7833903919567,126.80809614393446
240,MBC_DaeJeon.csv,40,362.5248715487393,131.72849782307944
241,MBC_DaeJeon.csv,41,362.9307077581232,128.83062405056424
242,MBC_DaeJeon.csv,42,368.67676821621984,117.6134262084961
243,MBC_DaeJeon.csv,43,366.84836647727275,123.22323947482639
244,MBC_DaeJeon.csv,44,364.5878154407848,130.40931786431207
245,MBC_DaeJeon.csv,45,362.7992860273881,123.20925394694011
246,MBC_DaeJeon.csv,46,365.2858485828746,126.50414276123047
247,MBC_DaeJeon.csv,47,364.36038790616124,119.91692352294922
248,MBC_DaeJeon.csv,48,368.3268818248402,124.92458258734808
249,MBC_DaeJeon.csv,49,366.47903511740947,121.65384250217014
250,MBC_DaeJeon.csv,50,366.5506293556907,125.41630469428168
251,MBC_DaeJeon.csv,51,363.0220216230913,124.19300927056207
252,MBC_DaeJeon.csv,52,365.3055970625444,127.07252248128255
253,MBC_DaeJeon.csv,53,364.3284387761896,124.800050523546
254,MBC_DaeJeon.csv,54,365.0408803766424,118.32360415988498
255,MBC_DaeJeon.csv,55,366.5558574329723,120.93653021918402
256,MBC_DaeJeon.csv,56,363.39280894886366,126.51396772596571
257,MBC_DaeJeon.csv,57,362.1387858997692,122.2704569498698
258,MBC_DaeJeon.csv,58,365.9859702370384,119.7085427178277
259,MBC_DaeJeon.csv,59,363.8251380226829,128.75116475423178
260,MBC_DaeJeon.csv,60,365.15793137983843,124.20021735297308
261,MBC_DaeJeon.csv,61,366.821733786843,129.45920054117838
262,MBC_DaeJeon.csv,62,367.9281284679066,126.76928456624348
263,MBC_DaeJeon.csv,63,362.1319760409269,121.20199754503038
264,MBC_DaeJeon.csv,64,363.9519540960138,125.00917137993707
265,MBC_DaeJeon.csv,65,359.80165613347833,122.22543334960938
266,MBC_DaeJeon.csv,66,365.26864207874644,128.35730489095053
267,MBC_DaeJeon.csv,67,363.15655600807884,123.3593995836046
268,MBC_DaeJeon.csv,68,362.65084616921166,129.76767815483942
269,MBC_DaeJeon.csv,69,362.5284102006392,123.13719601101346
270,MBC_DaeJeon.csv,70,363.75159329501065,126.85065205891927
271,MBC_DaeJeon.csv,71,368.1469985961914,128.59384155273438
272,MBC_DaeJeon.csv,72,362.9495898160067,123.06737433539496
273,MBC_DaeJeon.csv,73,362.4235200361772,124.05875735812717
274,MBC_DaeJeon.csv,74,366.65713556463066,122.82925584581163
275,MBC_DaeJeon.csv,75,364.30236566716974,125.16718631320529
276,MBC_DaeJeon.csv,76,366.83996651389384,124.54183197021484
277,MBC_DaeJeon.csv,77,363.2089025324041,122.38624233669705
278,MBC_DaeJeon.csv,78,366.8145546653054,122.11077033148871
279,MBC_DaeJeon.csv,79,363.7558628429066,131.14967176649304
280,MBC_DaeJeon.csv,80,365.0372492009943,124.23144616021051
281,MBC_DaeJeon.csv,81,364.29946649724786,124.37109375
282,MBC_DaeJeon.csv,82,364.7147194602273,125.93859100341797
283,MBC_DaeJeon.csv,83,365.8508974942294,123.99893612331815
284,MBC_DaeJeon.csv,84,364.6341773293235,123.25254906548395
285,MBC_DaeJeon.csv,85,364.87807520086113,126.24785698784723
286,MBC_DaeJeon.csv,86,365.7852673617276,123.35217963324652
287,MBC_DaeJeon.csv,87,367.5271387273615,125.61992899576823
288,MBC_DaeJeon.csv,88,365.4248135653409,125.35581546359592
289,MBC_DaeJeon.csv,89,363.2624349420721,125.0125961303711
290,MBC_DaeJeon.csv,90,362.81332244873045,123.93557400173611
291,MBC_DaeJeon.csv,91,365.874690246582,124.33753712972005
292,MBC_DaeJeon.csv,92,362.90266529430045,123.42295667860243
293,MBC_DaeJeon.csv,93,364.932660744407,124.76546054416232
294,MBC_DaeJeon.csv,94,362.72261546741834,124.84143151177301
295,MBC_DaeJeon.csv,95,365.31440304842863,124.76078542073567
296,MBC_DaeJeon.csv,96,364.43851831609555,124.76709238688152
297,MBC_DaeJeon.csv,97,366.36547879305755,125.02086893717448
298,MBC_DaeJeon.csv,98,364.2004456953569,124.7770750257704
299,MBC_DaeJeon.csv,99,362.53918748335406,124.71634758843317
300,MBC_DaeJeon.csv,100,365.9144701871005,124.56456587049696
301,KBS_DaeJeon.csv,1,272.6437952215021,104.21363576253255
302,KBS_DaeJeon.csv,2,270.8719858342951,102.31721496582031
303,KBS_DaeJeon.csv,3,270.4361545909535,101.4244613647461
304,KBS_DaeJeon.csv,4,272.67140003551134,101.95882076687283
305,KBS_DaeJeon.csv,5,273.476198647239,97.82130771213107
306,KBS_DaeJeon.csv,6,272.7229457508434,99.91692437065973
307,KBS_DaeJeon.csv,7,273.47683632590554,98.05289374457465
308,KBS_DaeJeon.csv,8,273.04193351052027,97.93790011935764
309,KBS_DaeJeon.csv,9,273.0216083873402,103.91360643174913
310,KBS_DaeJeon.csv,10,273.77636607776986,97.79807790120442
311,KBS_DaeJeon.csv,11,271.06418401544744,103.67056613498264
312,KBS_DaeJeon.csv,12,271.2036418568004,103.11114925808377
313,KBS_DaeJeon.csv,13,270.4625288529829,103.65605587429471
314,KBS_DaeJeon.csv,14,273.43986982865766,106.44571940104167
315,KBS_DaeJeon.csv,15,272.802619379217,103.02728441026476
316,KBS_DaeJeon.csv,16,272.26589105779476,103.7311019897461
317,KBS_DaeJeon.csv,17,271.5442833640359,102.48167758517795
318,KBS_DaeJeon.csv,18,273.20195867365055,99.52714114718967
319,KBS_DaeJeon.csv,19,270.4355900157582,103.75363074408637
320,KBS_DaeJeon.csv,20,269.4795111916282,99.97057342529297
321,KBS_DaeJeon.csv,21,270.2171744606712,104.07059139675565
322,KBS_DaeJeon.csv,22,269.9068130493164,106.0181867811415
323,KBS_DaeJeon.csv,23,270.6001980868253,98.76883443196614
324,KBS_DaeJeon.csv,24,271.12330308393996,103.18749237060547
325,KBS_DaeJeon.csv,25,271.0365773981268,98.44532352023654
326,KBS_DaeJeon.csv,26,269.581657964533,106.37045542399089
327,KBS_DaeJeon.csv,27,273.3027536565607,98.30739508734808
328,KBS_DaeJeon.csv,28,271.83573719371446,99.47538757324219
329,KBS_DaeJeon.csv,29,272.2920093883168,100.42400275336371
330,KBS_DaeJeon.csv,30,270.1597857388583,101.51814948187933
331,KBS_DaeJeon.csv,31,272.90596549294213,100.27040439181857
332,KBS_DaeJeon.csv,32,269.1221861405806,102.94139099121094
333,KBS_DaeJeon.csv,33,271.6562438964844,103.80631510416667
334,KBS_DaeJeon.csv,34,270.36112601540304,98.81312221950955
335,KBS_DaeJeon.csv,35,270.58931954123756,99.45340728759766
336,KBS_DaeJeon.csv,36,274.067914650657,100.10027482774522
337,KBS_DaeJeon.csv,37,272.91811079545454,102.03061845567491
338,KBS_DaeJeon.csv,38,271.93573608398435,108.37225511338976
339,KBS_DaeJeon.csv,39,270.8340544267134,98.72027842203777
340,KBS_DaeJeon.csv,40,270.5056182861328,99.48661719428168
341,KBS_DaeJeon.csv,41,270.85138508189806,101.7835456000434
342,KBS_DaeJeon.csv,42,272.52882593328303,98.42046610514323
343,KBS_DaeJeon.csv,43,271.24943792169745,98.82486470540364
344,KBS_DaeJeon.csv,44,272.8559930974787,99.86464521620009
345,KBS_DaeJeon.csv,45,272.03009463223543,96.61434004041884
346,KBS_DaeJeon.csv,46,270.2360001997514,98.68203735351562
347,KBS_DaeJeon.csv,47,273.3473924116655,99.45006137424045
348,KBS_DaeJeon.csv,48,272.53912714177915,99.9147194756402
349,KBS_DaeJeon.csv,49,270.24166148792614,100.29171074761285
350,KBS_DaeJeon.csv,50,269.7927377874201,101.00175221761067
351,KBS_DaeJeon.csv,51,271.2363012140448,104.82847086588542
352,KBS_DaeJeon.csv,52,270.45803846879437,104.38656361897786
353,KBS_DaeJeon.csv,53,268.65170537775214,104.27201419406467
354,KBS_DaeJeon.csv,54,272.1132300636985,103.47574191623264
355,KBS_DaeJeon.csv,55,271.98810965798117,101.74771626790364
356,KBS_DaeJeon.csv,56,271.25555197975854,102.3324932522244
357,KBS_DaeJeon.csv,57,271.05104453346945,102.14788394504123
358,KBS_DaeJeon.csv,58,271.5238055142489,101.70739067925348
359,KBS_DaeJeon.csv,59,272.4367997602983,99.32953643798828
360,KBS_DaeJeon.csv,60,272.741184165261,97.62282307942708
361,KBS_DaeJeon.csv,61,270.7428648515181,100.53780195448134
362,KBS_DaeJeon.csv,62,273.34593727805395,99.2928949991862
363,KBS_DaeJeon.csv,63,268.36705322265624,101.9823710123698
364,KBS_DaeJeon.csv,64,270.17931102405896,100.9132546318902
365,KBS_DaeJeon.csv,65,270.9027540727095,103.48437415228949
366,KBS_DaeJeon.csv,66,272.5362695867365,97.14065382215712
367,KBS_DaeJeon.csv,67,270.6473137595437,99.59557681613498
368,KBS_DaeJeon.csv,68,272.0020812988281,100.36622026231554
369,KBS_DaeJeon.csv,69,270.0705011541193,100.88967810736762
370,KBS_DaeJeon.csv,70,272.1318204012784,99.46827782524957
371,KBS_DaeJeon.csv,71,273.88584081476387,101.31827884250217
372,KBS_DaeJeon.csv,72,271.44232968417083,100.74776373969183
373,KBS_DaeJeon.csv,73,272.2374189897017,100.97172122531467
374,KBS_DaeJeon.csv,74,274.31791492808946,105.34520467122395
375,KBS_DaeJeon.csv,75,269.77561118386006,102.70892842610677
376,KBS_DaeJeon.csv,76,270.53991851806643,101.24724578857422
377,KBS_DaeJeon.csv,77,272.3676920110529,99.12735663519965
378,KBS_DaeJeon.csv,78,270.68943217884413,101.54120042588976
379,KBS_DaeJeon.csv,79,269.95986855246804,99.7292014227973
380,KBS_DaeJeon.csv,80,270.560283314098,101.35638342963324
381,KBS_DaeJeon.csv,81,272.3868782737038,101.96751149495442
382,KBS_DaeJeon.csv,82,272.6318936434659,100.66702185736762
383,KBS_DaeJeon.csv,83,269.3474487304687,101.01424916585286
384,KBS_DaeJeon.csv,84,268.29854112104937,101.7190653483073
385,KBS_DaeJeon.csv,85,269.89668468128554,100.12518988715277
386,KBS_DaeJeon.csv,86,272.1686445756392,101.01822747124567
387,KBS_DaeJeon.csv,87,271.1684904618697,100.69243028428819
388,KBS_DaeJeon.csv,88,273.19834025989877,101.13104587131076
389,KBS_DaeJeon.csv,89,271.0635198419744,101.07184176974826
390,KBS_DaeJeon.csv,90,270.91079725785687,101.25543806287978
391,KBS_DaeJeon.csv,91,269.9421999844638,100.76912095811632
392,KBS_DaeJeon.csv,92,270.2853766701438,100.87444814046223
393,KBS_DaeJeon.csv,93,270.0575245250355,100.46049499511719
394,KBS_DaeJeon.csv,94,270.995563992587,100.58072323269315
395,KBS_DaeJeon.csv,95,271.9687291925604,100.74802144368489
396,KBS_DaeJeon.csv,96,270.32695298628374,100.87815856933594
397,KBS_DaeJeon.csv,97,272.45226190740414,100.81314934624567
398,KBS_DaeJeon.csv,98,269.74039320512253,100.79141404893663
399,KBS_DaeJeon.csv,99,270.01691991632634,100.83379279242621
400,KBS_DaeJeon.csv,100,269.7692116477273,100.85445997450087
401,CMB_DaeJeon.csv,1,242.11299341375178,107.23304918077257
402,CMB_DaeJeon.csv,2,243.70692610307174,104.82393646240234
403,CMB_DaeJeon.csv,3,243.54526616876777,105.96743435329861
404,CMB_DaeJeon.csv,4,244.71811551180753,105.11362965901692
405,CMB_DaeJeon.csv,5,245.3070766102184,108.36753506130643
406,CMB_DaeJeon.csv,6,245.34809445467863,105.28311241997613
407,CMB_DaeJeon.csv,7,243.14580369429154,106.18141259087457
408,CMB_DaeJeon.csv,8,244.01390491832387,104.9791505601671
409,CMB_DaeJeon.csv,9,243.68104095458983,104.77538977728949
410,CMB_DaeJeon.csv,10,242.49785988547586,105.51717376708984
411,CMB_DaeJeon.csv,11,244.87493577436967,106.61543867323134
412,CMB_DaeJeon.csv,12,241.797021484375,108.74630059136285
413,CMB_DaeJeon.csv,13,242.0736382224343,105.94438849555121
414,CMB_DaeJeon.csv,14,243.49125102650035,105.34101019965277
415,CMB_DaeJeon.csv,15,243.83593209006568,107.68168046739366
416,CMB_DaeJeon.csv,16,243.49971230246803,105.7523430718316
417,CMB_DaeJeon.csv,17,245.3472602150657,106.32632446289062
418,CMB_DaeJeon.csv,18,242.97560674493963,107.75596364339192
419,CMB_DaeJeon.csv,19,242.71975375088778,105.27756754557292
420,CMB_DaeJeon.csv,20,245.06587926691228,105.6783913506402
421,CMB_DaeJeon.csv,21,245.05425220836293,105.61707390679254
422,CMB_DaeJeon.csv,22,245.3882045399059,106.54911465115018
423,CMB_DaeJeon.csv,23,244.15641673694958,109.82563866509332
424,CMB_DaeJeon.csv,24,243.0655610518022,105.84103224012587
425,CMB_DaeJeon.csv,25,245.82693828235972,105.14102681477864
426,CMB_DaeJeon.csv,26,242.7392822265625,106.49930911593967
427,CMB_DaeJeon.csv,27,244.03502460826527,105.13207329644098
428,CMB_DaeJeon.csv,28,242.9816755814986,106.63696967230902
429,CMB_DaeJeon.csv,29,242.75882304798472,104.62842051188152
430,CMB_DaeJeon.csv,30,244.37676003196023,104.76849450005426
431,CMB_DaeJeon.csv,31,245.01282390247692,107.40579647488065
432,CMB_DaeJeon.csv,32,241.62168107466263,107.48016611735027
433,CMB_DaeJeon.csv,33,243.61963695179332,104.94630177815755
434,CMB_DaeJeon.csv,34,242.87367414994674,105.86873796251085
435,CMB_DaeJeon.csv,35,243.5935834017667,105.97017245822482
436,CMB_DaeJeon.csv,36,243.16545937278053,110.68202124701605
437,CMB_DaeJeon.csv,37,243.61150665283202,106.5459476047092
438,CMB_DaeJeon.csv,38,242.72959775057706,106.41519249810113
439,CMB_DaeJeon.csv,39,243.60814181241122,107.1838133070204
440,CMB_DaeJeon.csv,40,245.49339488636363,106.3865966796875
441,CMB_DaeJeon.csv,41,245.3531455300071,106.51328447129991
442,CMB_DaeJeon.csv,42,242.63138497092507,108.69422149658203
443,CMB_DaeJeon.csv,43,244.30519312078303,105.7336179945204
444,CMB_DaeJeon.csv,44,244.6278490933505,105.52450137668185
445,CMB_DaeJeon.csv,45,242.13874733664773,107.04602898491754
446,CMB_DaeJeon.csv,46,241.67473519065163,107.26765272352431
447,CMB_DaeJeon.csv,47,242.9719440806996,106.13769446478949
448,CMB_DaeJeon.csv,48,245.49328321977094,105.18404388427734
449,CMB_DaeJeon.csv,49,244.37466930042615,105.82572937011719
450,CMB_DaeJeon.csv,50,245.73508966619318,106.16741773817274
451,CMB_DaeJeon.csv,51,242.4500418923118,105.81106228298611
452,CMB_DaeJeon.csv,52,241.8086685180664,105.90144178602431
453,CMB_DaeJeon.csv,53,241.8135754671964,106.15924750434027
454,CMB_DaeJeon.csv,54,242.14883076060903,107.09019554985895
455,CMB_DaeJeon.csv,55,246.8438698508523,106.78600396050348
456,CMB_DaeJeon.csv,56,242.3440196644176,109.41105651855469
457,CMB_DaeJeon.csv,57,244.44470825195313,105.65236579047308
458,CMB_DaeJeon.csv,58,242.13598424738103,106.97183990478516
459,CMB_DaeJeon.csv,59,242.605859375,105.98330179850261
460,CMB_DaeJeon.csv,60,242.44834317294035,106.3077858818902
461,CMB_DaeJeon.csv,61,243.00650357333097,107.91222042507596
462,CMB_DaeJeon.csv,62,243.07235606800427,107.48271348741319
463,CMB_DaeJeon.csv,63,243.96289658979936,106.62906561957465
464,CMB_DaeJeon.csv,64,244.66399869051847,107.12281968858507
465,CMB_DaeJeon.csv,65,242.49775168678977,105.50858137342665
466,CMB_DaeJeon.csv,66,241.14621082652698,108.33627065022786
467,CMB_DaeJeon.csv,67,244.00934656316585,105.65890333387587
468,CMB_DaeJeon.csv,68,244.66569075150923,106.33714803059895
469,CMB_DaeJeon.csv,69,242.95258775190874,105.5368889702691
470,CMB_DaeJeon.csv,70,241.94650476629084,107.1760991414388
471,CMB_DaeJeon.csv,71,243.46213781183417,106.41181182861328
472,CMB_DaeJeon.csv,72,243.18001819957385,107.0330056084527
473,CMB_DaeJeon.csv,73,245.44360559636897,106.48104858398438
474,CMB_DaeJeon.csv,74,241.53074174360796,107.11119588216145
475,CMB_DaeJeon.csv,75,243.85559831099076,107.76830461290147
476,CMB_DaeJeon.csv,76,244.30107505104758,106.23453436957465
477,CMB_DaeJeon.csv,77,245.7741256713867,106.7777099609375
478,CMB_DaeJeon.csv,78,242.70152407559482,106.20786963568793
479,CMB_DaeJeon.csv,79,242.79540141712536,106.0886476304796
480,CMB_DaeJeon.csv,80,242.7860103260387,108.33300696478949
481,CMB_DaeJeon.csv,81,243.7100051879883,106.28947618272569
482,CMB_DaeJeon.csv,82,242.6481197010387,105.8892110188802
483,CMB_DaeJeon.csv,83,245.41703810258346,106.67321523030598
484,CMB_DaeJeon.csv,84,244.81289964155718,106.05442725287543
485,CMB_DaeJeon.csv,85,243.2332620794123,106.94987657335069
486,CMB_DaeJeon.csv,86,244.63709910999646,106.58280266655817
487,CMB_DaeJeon.csv,87,240.8729911110618,106.38944753011067
488,CMB_DaeJeon.csv,88,243.0721997347745,106.07036760118272
489,CMB_DaeJeon.csv,89,242.91263080943713,106.2269999186198
490,CMB_DaeJeon.csv,90,241.96826726740056,106.14031219482422
491,CMB_DaeJeon.csv,91,243.49048031893645,106.31554582383897
492,CMB_DaeJeon.csv,92,241.65687782981178,106.50150553385417
493,CMB_DaeJeon.csv,93,241.454690135609,106.53981526692708
494,CMB_DaeJeon.csv,94,244.44763724587182,106.55873192681207
495,CMB_DaeJeon.csv,95,241.79397569136185,106.56588914659288
496,CMB_DaeJeon.csv,96,243.7299940629439,106.54086049397786
497,CMB_DaeJeon.csv,97,244.66572376598012,106.53998565673828
498,CMB_DaeJeon.csv,98,242.31624436811967,106.50824144151476
499,CMB_DaeJeon.csv,99,242.1250762939453,106.48706902398004
500,CMB_DaeJeon.csv,100,244.27662852894176,106.4885482788086
501,MBC_ChungJu.csv,1,257.6799330277876,173.00563218858508
502,MBC_ChungJu.csv,2,252.73340176669035,158.83875189887152
503,MBC_ChungJu.csv,3,251.20597034801136,166.84868367513022
504,MBC_ChungJu.csv,4,251.06171875,163.7325693766276
505,MBC_ChungJu.csv,5,251.45004910555753,166.03795539008246
506,MBC_ChungJu.csv,6,251.07745943936433,163.37244330512152
507,MBC_ChungJu.csv,7,251.28910023082386,159.916751437717
508,MBC_ChungJu.csv,8,251.09638408314098,155.54564921061197
509,MBC_ChungJu.csv,9,251.99526145241478,158.96447923448352
510,MBC_ChungJu.csv,10,252.4110413984819,171.50873480902777
511,MBC_ChungJu.csv,11,252.45493691184305,158.5480668809679
512,MBC_ChungJu.csv,12,249.36658117120916,162.89076232910156
513,MBC_ChungJu.csv,13,251.16595181551847,165.6625010172526
514,MBC_ChungJu.csv,14,249.1993853482333,161.621829562717
515,MBC_ChungJu.csv,15,251.71373512961648,159.27596706814236
516,MBC_ChungJu.csv,16,252.8865590875799,157.0248548719618
517,MBC_ChungJu.csv,17,251.5661997014826,156.7818128797743
518,MBC_ChungJu.csv,18,252.65483453924006,163.41398111979166
519,MBC_ChungJu.csv,19,252.2769423051314,168.50709364149304
520,MBC_ChungJu.csv,20,251.3220578280362,161.6664784749349
521,MBC_ChungJu.csv,21,251.43694485751067,160.96558464898004
522,MBC_ChungJu.csv,22,251.2658792669123,165.35221184624567
523,MBC_ChungJu.csv,23,252.25046053799716,160.0755581325955
524,MBC_ChungJu.csv,24,252.12646234685724,166.2328626844618
525,MBC_ChungJu.csv,25,251.4060403997248,173.94102308485242
526,MBC_ChungJu.csv,26,249.05956393155185,161.96863810221353
527,MBC_ChungJu.csv,27,252.55199446244674,158.78631083170572
528,MBC_ChungJu.csv,28,250.6702887795188,157.3673553466797
529,MBC_ChungJu.csv,29,251.7004757967862,169.50172085232205
530,MBC_ChungJu.csv,30,251.4705129450018,159.21705457899304
531,MBC_ChungJu.csv,31,250.8271084872159,157.4202592637804
532,MBC_ChungJu.csv,32,250.28130132501775,162.01869371202258
533,MBC_ChungJu.csv,33,251.4030118075284,162.27164035373264
534,MBC_ChungJu.csv,34,250.12939786044035,156.91796705457898
535,MBC_ChungJu.csv,35,251.14474293101918,159.47418891059027
536,MBC_ChungJu.csv,36,251.61913701837713,158.60500759548611
537,MBC_ChungJu.csv,37,252.0686694058505,158.11920335557727
538,MBC_ChungJu.csv,38,249.05505648526278,154.00028313530817
539,MBC_ChungJu.csv,39,252.0847978071733,165.09207661946616
540,MBC_ChungJu.csv,40,252.9037217573686,166.23094685872397
541,MBC_ChungJu.csv,41,252.4717982899059,170.90632968478732
542,MBC_ChungJu.csv,42,251.03108825683594,163.8461218939887
543,MBC_ChungJu.csv,43,251.79290077903053,155.96691385904947
544,MBC_ChungJu.csv,44,250.0926381891424,160.0039994981554
545,MBC_ChungJu.csv,45,253.32606006969104,168.78335232204861
546,MBC_ChungJu.csv,46,251.80604664195667,159.3009728325738
547,MBC_ChungJu.csv,47,252.1955868807706,154.83305189344617
548,MBC_ChungJu.csv,48,252.58626043146307,164.870846218533
549,MBC_ChungJu.csv,49,250.8874743374911,167.46234469943576
550,MBC_ChungJu.csv,50,251.00663687966087,158.0560099283854
551,MBC_ChungJu.csv,51,250.42618089155718,158.33949279785156
552,MBC_ChungJu.csv,52,249.3494764848189,160.4713389078776
553,MBC_ChungJu.csv,53,251.4087693647905,159.7689971923828
554,MBC_ChungJu.csv,54,251.39304962158204,161.24765014648438
555,MBC_ChungJu.csv,55,253.11743677312677,156.43174913194446
556,MBC_ChungJu.csv,56,251.13778159401633,163.63663228352866
557,MBC_ChungJu.csv,57,251.23613503196023,165.6708526611328
558,MBC_ChungJu.csv,58,251.0234943736683,157.3306918674045
559,MBC_ChungJu.csv,59,251.21298841996625,160.74269104003906
560,MBC_ChungJu.csv,60,252.35236885764382,161.96260748969183
561,MBC_ChungJu.csv,61,252.0776836048473,158.7330847846137
562,MBC_ChungJu.csv,62,249.53108825683594,160.66360812717014
563,MBC_ChungJu.csv,63,252.89967360063034,162.01481119791666
564,MBC_ChungJu.csv,64,249.26257934570313,162.50614759657117
565,MBC_ChungJu.csv,65,252.590166126598,164.78570387098523
566,MBC_ChungJu.csv,66,251.00833948308772,160.20575968424478
567,MBC_ChungJu.csv,67,249.40381691672584,161.14158799913196
568,MBC_ChungJu.csv,68,252.08870419588956,167.12503729926215
569,MBC_ChungJu.csv,69,252.1342133955522,161.6048550075955
570,MBC_ChungJu.csv,70,251.28275229714134,159.8670908610026
571,MBC_ChungJu.csv,71,250.93441425670278,159.72669643825955
572,MBC_ChungJu.csv,72,250.54727311567828,163.86443583170572
573,MBC_ChungJu.csv,73,251.34083140980113,163.5405731201172
574,MBC_ChungJu.csv,74,250.84342734596947,162.83577982584634
575,MBC_ChungJu.csv,75,253.25400557084518,161.51135932074652
576,MBC_ChungJu.csv,76,251.3705752286044,159.84191216362848
577,MBC_ChungJu.csv,77,252.79023659446023,161.50935533311633
578,MBC_ChungJu.csv,78,250.6885761607777,160.35236104329428
579,MBC_ChungJu.csv,79,252.15142045454544,162.31327650282117
580,MBC_ChungJu.csv,80,250.68081373734907,162.66763475206164
581,MBC_ChungJu.csv,81,252.44798403653232,161.6239742702908
582,MBC_ChungJu.csv,82,251.62599431818182,161.09965006510416
583,MBC_ChungJu.csv,83,250.61752763227983,161.94441901312933
584,MBC_ChungJu.csv,84,250.79195168235086,160.63996039496527
585,MBC_ChungJu.csv,85,252.75486699884587,160.51898871527777
586,MBC_ChungJu.csv,86,252.3145391290838,162.24727376302084
587,MBC_ChungJu.csv,87,252.45391609885476,163.08810763888889
588,MBC_ChungJu.csv,88,251.37422901500355,161.02596198187933
589,MBC_ChungJu.csv,89,250.02106364857067,161.85689629448785
590,MBC_ChungJu.csv,90,253.36156976873224,162.19276258680554
591,MBC_ChungJu.csv,91,251.44085748845882,160.8165571424696
592,MBC_ChungJu.csv,92,251.9284765070135,160.54521009657117
593,MBC_ChungJu.csv,93,250.75506466952237,160.98880174424914
594,MBC_ChungJu.csv,94,252.18209242387252,161.176517062717
595,MBC_ChungJu.csv,95,253.19748604514382,160.83168368869357
596,MBC_ChungJu.csv,96,250.16056268865412,161.1237996419271
597,MBC_ChungJu.csv,97,250.5121268532493,161.10926140679254
598,MBC_ChungJu.csv,98,251.22303425181997,161.40182495117188
599,MBC_ChungJu.csv,99,252.579833984375,161.28962877061633
600,MBC_ChungJu.csv,100,252.04425908868964,161.34940931532117
601,KBS_ChungJu.csv,1,215.95962149880148,167.66127692328558
602,KBS_ChungJu.csv,2,216.608589033647,158.50731150309244
603,KBS_ChungJu.csv,3,215.95597173517402,173.84676784939236
604,KBS_ChungJu.csv,4,216.45367792302912,163.21539137098523
605,KBS_ChungJu.csv,5,216.81537406227807,167.74662441677518
606,KBS_ChungJu.csv,6,217.55806343772196,166.09278361002603
607,KBS_ChungJu.csv,7,216.9317832253196,165.38248019748264
608,KBS_ChungJu.csv,8,214.9282989501953,159.84394921196832
609,KBS_ChungJu.csv,9,216.73923825350676,164.68982781304254
610,KBS_ChungJu.csv,10,217.43699299205434,156.76822577582465
611,KBS_ChungJu.csv,11,217.39068839333274,151.07705858018664
612,KBS_ChungJu.csv,12,217.222480357777,172.57003784179688
613,KBS_ChungJu.csv,13,215.4536640514027,164.50975375705295
614,KBS_ChungJu.csv,14,216.39973505193538,163.78358120388455
615,KBS_ChungJu.csv,15,215.73971405029297,157.97478230794272
616,KBS_ChungJu.csv,16,217.51631372625178,161.00152926974826
617,KBS_ChungJu.csv,17,215.4788081776012,162.87363857693143
618,KBS_ChungJu.csv,18,216.08665688254615,157.222284105089
619,KBS_ChungJu.csv,19,216.0315285422585,168.42209710015192
620,KBS_ChungJu.csv,20,216.41553192138673,156.45367940266928
621,KBS_ChungJu.csv,21,215.76445687033913,171.19301181369357
622,KBS_ChungJu.csv,22,217.5779661698775,157.36830478244357
623,KBS_ChungJu.csv,23,217.16944496848367,164.99960666232639
624,KBS_ChungJu.csv,24,215.76840764825994,163.35513305664062
625,KBS_ChungJu.csv,25,215.49544219970704,166.43607415093317
626,KBS_ChungJu.csv,26,217.8329291603782,172.00060356987848
627,KBS_ChungJu.csv,27,217.33277587890626,155.7116707695855
628,KBS_ChungJu.csv,28,216.0046417236328,169.37615797254773
629,KBS_ChungJu.csv,29,217.3750907204368,168.22630310058594
630,KBS_ChungJu.csv,30,216.86814061945134,163.9538336859809
631,KBS_ChungJu.csv,31,215.3413977883079,163.7760976155599
632,KBS_ChungJu.csv,32,214.72567443847657,164.27501085069446
633,KBS_ChungJu.csv,33,217.02210582386363,161.05357954237195
634,KBS_ChungJu.csv,34,215.92334733442826,163.5879635281033
635,KBS_ChungJu.csv,35,216.21182847456498,160.08995140923395
636,KBS_ChungJu.csv,36,216.86345048384234,162.79678344726562
637,KBS_ChungJu.csv,37,214.18982405229048,157.7905332777235
638,KBS_ChungJu.csv,38,216.4683377352628,167.11478847927518
639,KBS_ChungJu.csv,39,216.21813423850318,165.1151123046875
640,KBS_ChungJu.csv,40,217.0305772261186,160.47075822618274
641,KBS_ChungJu.csv,41,216.3085157914595,161.76827494303384
642,KBS_ChungJu.csv,42,215.11525199196555,158.83648173014322
643,KBS_ChungJu.csv,43,215.66211520108308,158.16949462890625
644,KBS_ChungJu.csv,44,216.55360024192117,164.06002807617188
645,KBS_ChungJu.csv,45,215.85605801669035,162.75417751736111
646,KBS_ChungJu.csv,46,215.65118560791015,157.4611553615994
647,KBS_ChungJu.csv,47,216.1268163507635,154.26991611056857
648,KBS_ChungJu.csv,48,216.50495660955255,163.4977094862196
649,KBS_ChungJu.csv,49,216.49065732088957,164.95318773057727
650,KBS_ChungJu.csv,50,215.67795132723722,157.89160325792102
651,KBS_ChungJu.csv,51,215.58484996448863,158.7702390882704
652,KBS_ChungJu.csv,52,215.6116912841797,163.89412604437933
653,KBS_ChungJu.csv,53,216.76795973344284,165.4242180718316
654,KBS_ChungJu.csv,54,216.05622281161223,159.36575995551215
655,KBS_ChungJu.csv,55,215.60738497647372,159.81705729166666
656,KBS_ChungJu.csv,56,216.2305806940252,162.5356903076172
657,KBS_ChungJu.csv,57,214.63233573219992,163.41257900661893
658,KBS_ChungJu.csv,58,215.88682403564454,160.19069078233508
659,KBS_ChungJu.csv,59,215.23645893443714,166.5476311577691
660,KBS_ChungJu.csv,60,215.77052848122338,158.32984924316406
661,KBS_ChungJu.csv,61,215.45639232288707,159.89305114746094
662,KBS_ChungJu.csv,62,217.83434448242187,163.3597886827257
663,KBS_ChungJu.csv,63,215.01635908647017,160.70232137044272
664,KBS_ChungJu.csv,64,215.90811767578126,160.05043199327258
665,KBS_ChungJu.csv,65,216.07653364701704,160.17486911349826
666,KBS_ChungJu.csv,66,215.40324859619142,161.7196078830295
667,KBS_ChungJu.csv,67,214.79035810990766,163.19385274251303
668,KBS_ChungJu.csv,68,216.48572581898082,161.32372368706598
669,KBS_ChungJu.csv,69,215.51854206431994,158.07588958740234
670,KBS_ChungJu.csv,70,216.87342140891334,164.31192355685764
671,KBS_ChungJu.csv,71,216.14232247092508,162.43252902560764
672,KBS_ChungJu.csv,72,214.8234219637784,165.27947489420572
673,KBS_ChungJu.csv,73,216.8029439752752,165.47994995117188
674,KBS_ChungJu.csv,74,218.39721513227983,162.70967610677084
675,KBS_ChungJu.csv,75,217.0590336192738,162.8600819905599
676,KBS_ChungJu.csv,76,217.7598477450284,164.07935757107205
677,KBS_ChungJu.csv,77,215.913054448908,161.71834479437933
678,KBS_ChungJu.csv,78,216.69181795987217,161.09329732259116
679,KBS_ChungJu.csv,79,215.59166675914418,160.82088216145834
680,KBS_ChungJu.csv,80,216.2172773881392,161.7090538872613
681,KBS_ChungJu.csv,81,215.86894434148616,161.3236117892795
682,KBS_ChungJu.csv,82,216.1398100419478,163.17794460720486
683,KBS_ChungJu.csv,83,214.51147946444425,162.9492916531033
684,KBS_ChungJu.csv,84,215.11706529097123,162.99373372395834
685,KBS_ChungJu.csv,85,215.84806227250533,163.94893561469183
686,KBS_ChungJu.csv,86,217.5704252763228,161.9813486735026
687,KBS_ChungJu.csv,87,214.52402107932352,162.30933973524304
688,KBS_ChungJu.csv,88,216.409279979359,162.90277438693576
689,KBS_ChungJu.csv,89,214.19003073952416,161.77410719129773
690,KBS_ChungJu.csv,90,216.2298153963956,161.8876749674479
691,KBS_ChungJu.csv,91,214.8783819025213,161.90699259440103
692,KBS_ChungJu.csv,92,214.96716960560192,161.24193657769098
693,KBS_ChungJu.csv,93,216.13468392112037,161.85113864474826
694,KBS_ChungJu.csv,94,215.04772366610442,161.76454840766058
695,KBS_ChungJu.csv,95,214.38304096568714,161.9330800374349
696,KBS_ChungJu.csv,96,217.26646575927734,162.11643642849393
697,KBS_ChungJu.csv,97,215.80798353715377,162.2494642469618
698,KBS_ChungJu.csv,98,216.21789190118963,162.26888529459634
699,KBS_ChungJu.csv,99,218.0846850308505,162.26339552137586
700,KBS_ChungJu.csv,100,215.243686467951,162.26345994737414
701,KBS_main.csv,1,184.7961515946822,89.73740980360243
702,KBS_main.csv,2,182.2744341763583,85.28764343261719
703,KBS_main.csv,3,180.7512761896307,89.58573235405817
704,KBS_main.csv,4,181.3533311323686,91.23784806993272
705,KBS_main.csv,5,184.12322138006036,91.7579837375217
706,KBS_main.csv,6,182.72851229580965,91.59091356065538
707,KBS_main.csv,7,180.9996342052113,84.79131825764973
708,KBS_main.csv,8,182.1512361006303,82.17701975504558
709,KBS_main.csv,9,181.6924355246804,83.00646633572049
710,KBS_main.csv,10,180.99109760631214,83.37399461534288
711,KBS_main.csv,11,181.51795654296876,81.1289528740777
712,KBS_main.csv,12,179.34791218150747,84.40723164876302
713,KBS_main.csv,13,181.65206576260653,80.57181379530165
714,KBS_main.csv,14,180.4226516723633,82.6941646999783
715,KBS_main.csv,15,179.7239316073331,84.9187969631619
716,KBS_main.csv,16,180.9217754017223,84.69258880615234
717,KBS_main.csv,17,180.91610856489703,81.38362460666232
718,KBS_main.csv,18,180.14691175981002,87.76730516221788
719,KBS_main.csv,19,180.0701873779297,84.91433970133464
720,KBS_main.csv,20,179.259086747603,84.42568037245009
721,KBS_main.csv,21,181.16407734264027,88.71480475531683
722,KBS_main.csv,22,179.91312297474255,82.44056955973308
723,KBS_main.csv,23,180.83978535045276,85.18766615125868
724,KBS_main.csv,24,179.81187591552734,81.99890899658203
725,KBS_main.csv,25,180.27185544100675,82.13863203260634
726,KBS_main.csv,26,180.9207690152255,88.91292911105685
727,KBS_main.csv,27,180.8382114757191,83.51940155029297
728,KBS_main.csv,28,180.47702803178268,90.87709469265408
729,KBS_main.csv,29,181.00338412198153,82.81880527072482
730,KBS_main.csv,30,181.44933430064808,90.53859286838107
731,KBS_main.csv,31,182.22407892400568,81.45415412055121
732,KBS_main.csv,32,180.48249359130858,86.3955807156033
733,KBS_main.csv,33,181.78296342329546,80.50297037760417
734,KBS_main.csv,34,180.41530428799715,82.93595292833116
735,KBS_main.csv,35,179.66497539173474,86.70829094780817
736,KBS_main.csv,36,181.1241316361861,79.85062238905165
737,KBS_main.csv,37,180.17242667458274,80.69109174940321
738,KBS_main.csv,38,180.50105202414773,86.16901228162978
739,KBS_main.csv,39,181.19666068337182,82.76037004258897
740,KBS_main.csv,40,181.16096205277876,81.55865308973524
741,KBS_main.csv,41,180.84589691162108,81.392823961046
742,KBS_main.csv,42,180.77699252041904,82.59669918484158
743,KBS_main.csv,43,181.52798323197797,83.770750257704
744,KBS_main.csv,44,180.320034235174,82.74881659613715
745,KBS_main.csv,45,180.804365123402,82.60980648464627
746,KBS_main.csv,46,181.69689885919743,83.42308637830946
747,KBS_main.csv,47,179.72397322221235,86.70745510525174
748,KBS_main.csv,48,180.96095289750534,82.63106536865234
749,KBS_main.csv,49,178.72726787220347,86.84751722547743
750,KBS_main.csv,50,179.90892680775036,84.56719885932074
751,KBS_main.csv,51,178.86680866588244,85.35908847384982
752,KBS_main.csv,52,179.30805497602984,83.5675515068902
753,KBS_main.csv,53,181.57286182750354,83.3747821384006
754,KBS_main.csv,54,180.43486064564098,81.30108642578125
755,KBS_main.csv,55,179.61298259388317,81.62267218695746
756,KBS_main.csv,56,182.93416165438566,81.59773593478732
757,KBS_main.csv,57,181.36590312610974,83.62011294894748
758,KBS_main.csv,58,180.6680707064542,81.85574595133464
759,KBS_main.csv,59,179.14698985706676,86.72305382622613
760,KBS_main.csv,60,179.53907970081676,83.7189695570204
761,KBS_main.csv,61,180.60099251487037,82.10709635416667
762,KBS_main.csv,62,180.487504716353,83.39238569471571
763,KBS_main.csv,63,180.1151453191584,81.63900926378038
764,KBS_main.csv,64,179.56735409823332,82.77813466389973
765,KBS_main.csv,65,178.9296979037198,84.41241115993924
766,KBS_main.csv,66,181.12770052823154,86.4184078640408
767,KBS_main.csv,67,180.9459798639471,84.54559750027127
768,KBS_main.csv,68,180.9476419622248,83.24771287706163
769,KBS_main.csv,69,178.72619504061612,85.45644632975261
770,KBS_main.csv,70,179.4203213778409,85.66255866156683
771,KBS_main.csv,71,180.71007315895775,83.24093119303386
772,KBS_main.csv,72,180.9918321089311,83.01281144883897
773,KBS_main.csv,73,179.57950203635477,83.5809555053711
774,KBS_main.csv,74,180.50426011519,83.89991336398654
775,KBS_main.csv,75,181.7886281793768,84.9843037923177
776,KBS_main.csv,76,181.26523687189277,82.70549604627821
777,KBS_main.csv,77,182.7925789572976,85.38242933485243
778,KBS_main.csv,78,179.9604531028054,83.97592078314887
779,KBS_main.csv,79,179.23768241188742,83.41867234971788
780,KBS_main.csv,80,179.4229732166637,82.72173648410373
781,KBS_main.csv,81,180.80303497314452,83.14596472846137
782,KBS_main.csv,82,180.2635718605735,83.51363203260634
783,KBS_main.csv,83,180.31350999311968,83.96380276150174
784,KBS_main.csv,84,180.9551993630149,84.72231886121962
785,KBS_main.csv,85,179.84024158824573,83.05608028835721
786,KBS_main.csv,86,181.41846549294212,83.55754937065973
787,KBS_main.csv,87,180.29391715309836,83.3432108561198
788,KBS_main.csv,88,179.66620691472835,83.47705671522353
789,KBS_main.csv,89,181.92881705544212,83.80184766981337
790,KBS_main.csv,90,179.44639462557706,83.83537462022569
791,KBS_main.csv,91,179.9658121282404,83.20685153537326
792,KBS_main.csv,92,180.40875549316405,83.0660383436415
793,KBS_main.csv,93,180.97717923251065,83.36671193440755
794,KBS_main.csv,94,179.835520102761,83.3765623304579
795,KBS_main.csv,95,180.08187103271484,83.44185553656683
796,KBS_main.csv,96,180.23855576948685,83.33393266465929
797,KBS_main.csv,97,182.70313054865056,83.11578538682726
798,KBS_main.csv,98,179.9225601196289,83.188474867079
799,KBS_main.csv,99,181.69464180686256,83.28463321261935
800,KBS_main.csv,100,180.13262037797406,83.27046288384332
801,SBS.csv,1,163.12817049893465,85.13671196831598
802,SBS.csv,2,162.65406494140626,81.96147833930121
803,SBS.csv,3,163.4048080444336,87.88104841444228
804,SBS.csv,4,164.63049566095526,81.54730902777777
805,SBS.csv,5,163.60950289639558,86.90101708306207
806,SBS.csv,6,164.7637800736861,89.60945807562933
807,SBS.csv,7,163.3186709317294,84.45989057752821
808,SBS.csv,8,162.5470637928356,83.52345530192058
809,SBS.csv,9,163.31200034401633,84.40668402777777
810,SBS.csv,10,164.27872009277343,89.84398651123047
811,SBS.csv,11,163.24144134521484,85.07284291585286
812,SBS.csv,12,164.23221643621272,92.11217837863498
813,SBS.csv,13,163.30374950062145,88.27219645182292
814,SBS.csv,14,163.02583770751954,86.85418192545573
815,SBS.csv,15,162.617687849565,83.72206539577908
816,SBS.csv,16,164.7465390292081,82.83838229709201
817,SBS.csv,17,161.9894914106889,86.28942277696397
818,SBS.csv,18,163.07240420254794,85.11910671657986
819,SBS.csv,19,163.52777085737748,84.88837263319228
820,SBS.csv,20,163.28024555553088,84.90874396430121
821,SBS.csv,21,162.4589103005149,87.73551856146918
822,SBS.csv,22,164.82164819890804,83.91272396511502
823,SBS.csv,23,162.79092934348367,84.09983656141493
824,SBS.csv,24,162.88796664151278,87.84291754828558
825,SBS.csv,25,164.48328621604225,87.32878960503473
826,SBS.csv,26,162.14986294833096,84.00884331597223
827,SBS.csv,27,162.94648451371626,82.44820234510634
828,SBS.csv,28,162.79338309548118,83.82675086127387
829,SBS.csv,29,161.58676813299004,84.70338355170355
830,SBS.csv,30,162.4989024769176,81.66345469156902
831,SBS.csv,31,163.66669325395063,86.40132649739583
832,SBS.csv,32,164.2252638383345,86.37089199490018
833,SBS.csv,33,162.9694606434215,83.56402079264323
834,SBS.csv,34,163.4106546575373,92.70877922905817
835,SBS.csv,35,162.93844812566584,85.25105116102431
836,SBS.csv,36,163.07031777121804,85.8270246717665
837,SBS.csv,37,162.60758375688033,86.52226257324219
838,SBS.csv,38,163.36150110418146,87.17379336886935
839,SBS.csv,39,164.93056723854758,82.59971703423395
840,SBS.csv,40,164.3060534390536,85.27900271945529
841,SBS.csv,41,163.88569446910512,86.9959225124783
842,SBS.csv,42,162.18176297274502,82.66671922471788
843,SBS.csv,43,162.39351681795986,86.79366387261285
844,SBS.csv,44,163.95976826060902,84.49227650960286
845,SBS.csv,45,163.52308197021483,83.00535668267145
846,SBS.csv,46,162.328703585538,84.11000739203558
847,SBS.csv,47,162.6107955932617,87.12934451633029
848,SBS.csv,48,162.29641362970526,86.56671396891277
849,SBS.csv,49,162.85350563742898,84.92819044325087
850,SBS.csv,50,162.00223735462535,86.61101955837674
851,SBS.csv,51,161.81135697798297,85.75271691216363
852,SBS.csv,52,162.08803156072443,86.03970336914062
853,SBS.csv,53,163.87848372025923,82.55946095784505
854,SBS.csv,54,162.57384296764027,84.77508036295573
855,SBS.csv,55,162.8239513050426,84.08827294243707
856,SBS.csv,56,162.96225461092862,87.04604848225911
857,SBS.csv,57,163.94125144264916,84.63838280571832
858,SBS.csv,58,162.2948776245117,87.296873304579
859,SBS.csv,59,162.97912999933416,86.68436770968967
860,SBS.csv,60,162.12599376331676,84.75149705674913
861,SBS.csv,61,162.97994856400922,81.85161844889323
862,SBS.csv,62,162.83219271573154,83.23794301350911
863,SBS.csv,63,163.4114644830877,85.06660800509982
864,SBS.csv,64,163.1615331476385,86.63964589436848
865,SBS.csv,65,163.26565745960582,84.04046461317274
866,SBS.csv,66,161.54981120716442,84.45221710205078
867,SBS.csv,67,163.24891052246093,83.95466698540582
868,SBS.csv,68,162.50322903719817,85.1338127983941
869,SBS.csv,69,162.78375230268998,85.12054104275174
870,SBS.csv,70,163.2560899214311,85.27813296847873
871,SBS.csv,71,163.5490846113725,84.00480397542317
872,SBS.csv,72,161.73686786998402,86.1708492702908
873,SBS.csv,73,164.47019209428268,84.44824896918402
874,SBS.csv,74,163.28996068781072,85.21420542399089
875,SBS.csv,75,163.21183041659268,85.28641594780817
876,SBS.csv,76,163.59718863747338,84.89031812879774
877,SBS.csv,77,162.39113866632636,85.10683102077908
878,SBS.csv,78,161.35007379705254,84.74955579969618
879,SBS.csv,79,163.3735375144265,85.28416527642145
880,SBS.csv,80,162.49061015735973,84.58438703748915
881,SBS.csv,81,163.25624056729404,84.70271301269531
882,SBS.csv,82,162.47896367853338,84.78601837158203
883,SBS.csv,83,163.8202880859375,85.21677822536893
884,SBS.csv,84,162.7198017467152,85.78624216715495
885,SBS.csv,85,164.84306002530184,85.20225355360243
886,SBS.csv,86,163.6433244185014,85.24945831298828
887,SBS.csv,87,163.33779823996804,84.79531012641058
888,SBS.csv,88,162.26759546453303,84.96333312988281
889,SBS.csv,89,162.4025025801225,85.11016252305772
890,SBS.csv,90,163.14225228049537,85.09364488389757
891,SBS.csv,91,162.99433385675604,85.08079867892795
892,SBS.csv,92,163.7533498590643,85.26587168375652
893,SBS.csv,93,163.1183112404563,85.25447506374783
894,SBS.csv,94,162.76002821488814,84.99727376302083
895,SBS.csv,95,161.03091430664062,85.19579569498698
896,SBS.csv,96,161.92369773171166,85.1753641764323
897,SBS.csv,97,161.36369836980646,85.20319451226129
898,SBS.csv,98,163.53296730735084,85.22259521484375
899,SBS.csv,99,162.51723147305574,85.17981380886502
900,SBS.csv,100,162.84673059636896,85.14907836914062
901,MBC_sa.csv,1,178.59060863148082,121.1917741563585
902,MBC_sa.csv,2,179.68554853959517,121.2154303656684
903,MBC_sa.csv,3,177.19754208651457,120.64309522840712
904,MBC_sa.csv,4,177.26462305242364,120.6724870469835
905,MBC_sa.csv,5,176.35147039240056,120.72949473063152
906,MBC_sa.csv,6,178.05154793479227,123.74390920003255
907,MBC_sa.csv,7,177.21175134832208,120.7575217352973
908,MBC_sa.csv,8,176.57720212069424,122.24058108859592
909,MBC_sa.csv,9,178.6030075073242,122.07099490695529
910,MBC_sa.csv,10,176.7945548317649,121.86927964952257
911,MBC_sa.csv,11,176.8815254905007,121.35044606526692
912,MBC_sa.csv,12,177.18331562389028,121.79892222086589
913,MBC_sa.csv,13,176.7613998413086,121.32715352376302
914,MBC_sa.csv,14,178.79898057417435,122.47012668185764
915,MBC_sa.csv,15,176.72826302268288,122.15699259440105
916,MBC_sa.csv,16,177.75460177334872,121.22779930962457
917,MBC_sa.csv,17,177.5953667380593,121.09210544162326
918,MBC_sa.csv,18,177.71377272172407,121.03052944607205
919,MBC_sa.csv,19,176.63427332097834,121.24739668104384
920,MBC_sa.csv,20,176.8120260065252,120.95405409071181
921,MBC_sa.csv,21,177.0332020152699,121.02747175428603
922,MBC_sa.csv,22,177.02724082253195,120.98875596788194
923,MBC_sa.csv,23,178.98701060901988,120.8907699584961
924,MBC_sa.csv,24,177.73654577081854,120.89868842230902
925,MBC_sa.csv,25,176.8725186434659,120.96286943223741
926,MBC_sa.csv,26,176.08223724365234,121.22805616590712
927,MBC_sa.csv,27,176.12597115256568,120.98202260335286
928,MBC_sa.csv,28,178.217209555886,120.92013295491536
929,MBC_sa.csv,29,177.56863902698865,121.13926272922092
930,MBC_sa.csv,30,178.37648010253906,121.1539043850369
931,MBC_sa.csv,31,176.52724359685723,120.91129726833768
932,MBC_sa.csv,32,178.33125707452947,121.031739976671
933,MBC_sa.csv,33,177.00386921275745,121.15828111436632
934,MBC_sa.csv,34,177.25223971280184,121.12226952446832
935,MBC_sa.csv,35,177.05589044744318,121.79028659396701
936,MBC_sa.csv,36,178.81787872314453,121.38278113471137
937,MBC_sa.csv,37,175.5448633367365,121.55821990966797
938,MBC_sa.csv,38,177.43130354447797,121.11263953314887
939,MBC_sa.csv,39,177.8707348910245,121.32799530029297
940,MBC_sa.csv,40,177.07355846058238,121.12024773491754
941,MBC_sa.csv,41,175.76574027321556,121.1201926337348
942,MBC_sa.csv,42,176.83895541104403,121.14409298366971
943,MBC_sa.csv,43,177.14668773304334,121.84216562906902
944,MBC_sa.csv,44,177.9919568148526,121.8140114678277
945,MBC_sa.csv,45,179.2697390469638,120.96202172173395
946,MBC_sa.csv,46,175.6117412220348,121.6350580851237
947,MBC_sa.csv,47,178.04147768887606,120.9836196899414
948,MBC_sa.csv,48,178.07473782626064,121.745607164171
949,MBC_sa.csv,49,176.99789761629972,121.27171495225694
950,MBC_sa.csv,50,176.6827613136985,121.08657752143012
951,MBC_sa.csv,51,177.19082364169034,121.11205206976996
952,MBC_sa.csv,52,177.40085698908027,121.04686991373698
953,MBC_sa.csv,53,176.7135025024414,121.14688958062067
954,MBC_sa.csv,54,177.13832314231178,120.78932444254558
955,MBC_sa.csv,55,175.29206751043145,120.8072492811415
956,MBC_sa.csv,56,177.36269170587713,120.83677842881944
957,MBC_sa.csv,57,176.297287680886,121.13049909803603
958,MBC_sa.csv,58,177.04715381969106,121.0033467610677
959,MBC_sa.csv,59,176.97948663884944,120.97181701660156
960,MBC_sa.csv,60,176.20910464200105,120.97649214002821
961,MBC_sa.csv,61,176.1383611505682,120.99398295084636
962,MBC_sa.csv,62,174.42394187233666,121.05389912923177
963,MBC_sa.csv,63,178.22031721635298,121.0210198296441
964,MBC_sa.csv,64,175.88817402232777,121.1198976304796
965,MBC_sa.csv,65,177.09172349409624,120.92662726508246
966,MBC_sa.csv,66,177.76553455699573,121.28984069824219
967,MBC_sa.csv,67,177.59736591685902,120.84355078803168
968,MBC_sa.csv,68,176.56188507080077,121.2660886976454
969,MBC_sa.csv,69,176.3800940773704,120.86023542616103
970,MBC_sa.csv,70,176.83684248490766,120.76819864908855
971,MBC_sa.csv,71,177.15913335626774,120.76393212212457
972,MBC_sa.csv,72,177.09689594615588,120.97781795925565
973,MBC_sa.csv,73,176.21128415194426,120.91526794433594
974,MBC_sa.csv,74,176.75234707919034,120.83104027642145
975,MBC_sa.csv,75,175.3963951804421,120.84964836968317
976,MBC_sa.csv,76,176.38809745094994,120.93560367160373
977,MBC_sa.csv,77,176.55486561168323,121.01530626085069
978,MBC_sa.csv,78,177.04085041392932,121.01439666748047
979,MBC_sa.csv,79,179.13644367564808,121.07235124376085
980,MBC_sa.csv,80,176.8509920987216,120.89342244466145
981,MBC_sa.csv,81,176.25009710138494,120.94816165500217
982,MBC_sa.csv,82,178.32670260342684,120.90467749701605
983,MBC_sa.csv,83,176.1361540360884,120.96090698242188
984,MBC_sa.csv,84,175.83569197221235,120.9036848280165
985,MBC_sa.csv,85,176.21030453768643,120.95711263020833
986,MBC_sa.csv,86,176.26133658669212,120.96357896592882
987,MBC_sa.csv,87,177.21241233132102,120.95714399549696
988,MBC_sa.csv,88,176.72481259432706,120.95030381944444
989,MBC_sa.csv,89,177.04528004039418,120.94380696614583
990,MBC_sa.csv,90,177.9142861106179,120.95270199245877
991,MBC_sa.csv,91,176.82186931263317,120.98455810546875
992,MBC_sa.csv,92,176.5484065662731,121.05752733018663
993,MBC_sa.csv,93,177.6644922429865,121.01799180772569
994,MBC_sa.csv,94,175.40004397305574,121.00585513644748
995,MBC_sa.csv,95,176.8865269054066,120.9629135131836
996,MBC_sa.csv,96,177.07024993896485,120.94954427083333
997,MBC_sa.csv,97,177.4460526899858,120.95351833767361
998,MBC_sa.csv,98,176.03709272904828,120.95826636420355
999,MBC_sa.csv,99,176.7070882623846,120.95781622992621
1000,MBC_sa.csv,100,176.33545532226563,120.9600847032335
1001,KBS_KangNeung.csv,1,237.294384765625,235.54459126790366
1002,KBS_KangNeung.csv,2,217.19310691139916,204.04337226019965
1003,KBS_KangNeung.csv,3,208.92431612881748,188.99063110351562
1004,KBS_KangNeung.csv,4,205.04454609264027,187.9093475341797
1005,KBS_KangNeung.csv,5,205.54432594992898,183.90162319607205
1006,KBS_KangNeung.csv,6,204.1274874600497,185.41695149739584
1007,KBS_KangNeung.csv,7,202.98754133744674,182.33811781141492
1008,KBS_KangNeung.csv,8,204.38060926957564,182.09530978732639
1009,KBS_KangNeung.csv,9,203.43630593039774,180.14860026041666
1010,KBS_KangNeung.csv,10,204.93444949063388,183.6762237548828
1011,KBS_KangNeung.csv,11,204.98964705033737,181.3468746609158
1012,KBS_KangNeung.csv,12,203.36276050914418,176.08173116048178
1013,KBS_KangNeung.csv,13,204.2102074363015,175.15430704752603
1014,KBS_KangNeung.csv,14,204.12846610329368,180.79189215766058
1015,KBS_KangNeung.csv,15,203.01138333407314,177.6751912434896
1016,KBS_KangNeung.csv,16,203.03785982998934,181.98340521918402
1017,KBS_KangNeung.csv,17,202.47917965975674,183.06109958224826
1018,KBS_KangNeung.csv,18,203.5211092862216,177.50026109483508
1019,KBS_KangNeung.csv,19,203.45085615678266,177.61984083387586
1020,KBS_KangNeung.csv,20,202.16552789861507,179.76500278049045
1021,KBS_KangNeung.csv,21,202.95101623535157,175.98924933539496
1022,KBS_KangNeung.csv,22,202.94720237038354,178.5213623046875
1023,KBS_KangNeung.csv,23,202.29201521439987,176.52273729112414
1024,KBS_KangNeung.csv,24,203.392878445712,177.94477335611978
1025,KBS_KangNeung.csv,25,203.1933280251243,176.48004659016928
1026,KBS_KangNeung.csv,26,203.58308660333807,178.44896952311197
1027,KBS_KangNeung.csv,27,203.94108969948508,175.06551445855035
1028,KBS_KangNeung.csv,28,203.80509449351916,177.87305365668402
1029,KBS_KangNeung.csv,29,203.74069962935013,175.13841925726996
1030,KBS_KangNeung.csv,30,203.18567185835406,176.11823187934027
1031,KBS_KangNeung.csv,31,203.48684567538174,179.09757656521268
1032,KBS_KangNeung.csv,32,202.9395058371804,179.2493150499132
1033,KBS_KangNeung.csv,33,202.3193220658736,179.68634372287326
1034,KBS_KangNeung.csv,34,202.2752607865767,176.06875610351562
1035,KBS_KangNeung.csv,35,205.25087321888316,174.90596347384982
1036,KBS_KangNeung.csv,36,203.37735290527343,175.49939473470053
1037,KBS_KangNeung.csv,37,203.0286016290838,178.10500250922308
1038,KBS_KangNeung.csv,38,202.87390733198686,179.57396952311197
1039,KBS_KangNeung.csv,39,203.23798689408736,182.42259046766492
1040,KBS_KangNeung.csv,40,202.15623696067115,174.3695543077257
1041,KBS_KangNeung.csv,41,202.2339510830966,176.14424641927084
1042,KBS_KangNeung.csv,42,201.5237460049716,176.17476230197482
1043,KBS_KangNeung.csv,43,202.60368555242366,183.44576348198785
1044,KBS_KangNeung.csv,44,203.53364243940874,177.45782640245227
1045,KBS_KangNeung.csv,45,203.05371038263493,178.04637145996094
1046,KBS_KangNeung.csv,46,203.07425273548472,181.9767862955729
1047,KBS_KangNeung.csv,47,200.88468600186434,176.23102315266928
1048,KBS_KangNeung.csv,48,202.84762767444957,176.53541564941406
1049,KBS_KangNeung.csv,49,202.4874260642312,178.88034396701389
1050,KBS_KangNeung.csv,50,202.01328735351564,177.4723883734809
1051,KBS_KangNeung.csv,51,203.1999031760476,176.1424102783203
1052,KBS_KangNeung.csv,52,203.0966200395064,179.65750461154514
1053,KBS_KangNeung.csv,53,203.73173273259943,183.41902330186633
1054,KBS_KangNeung.csv,54,203.14333329634232,178.54392327202692
1055,KBS_KangNeung.csv,55,204.83526333895597,174.38003709581164
1056,KBS_KangNeung.csv,56,202.434716796875,177.51834784613715
1057,KBS_KangNeung.csv,57,203.0074199329723,177.964107937283
1058,KBS_KangNeung.csv,58,202.52849065607245,173.94244384765625
1059,KBS_KangNeung.csv,59,201.43897510875354,180.78351338704428
1060,KBS_KangNeung.csv,60,201.75280262340198,178.65401882595486
1061,KBS_KangNeung.csv,61,202.43477699973366,177.84422302246094
1062,KBS_KangNeung.csv,62,200.97389623468572,176.18761698404947
1063,KBS_KangNeung.csv,63,203.07212663130326,177.1343536376953
1064,KBS_KangNeung.csv,64,201.32691997181286,177.02706739637586
1065,KBS_KangNeung.csv,65,204.21556812633168,176.16331821017795
1066,KBS_KangNeung.csv,66,203.27802665016867,176.48345608181424
1067,KBS_KangNeung.csv,67,202.2800057151101,178.26466030544705
1068,KBS_KangNeung.csv,68,204.14601218483665,182.61324395073785
1069,KBS_KangNeung.csv,69,202.28600436123935,176.84932454427084
1070,KBS_KangNeung.csv,70,203.41386788108133,175.4303724500868
1071,KBS_KangNeung.csv,71,203.0757417158647,177.01143052842883
1072,KBS_KangNeung.csv,72,202.92158216996626,177.75978766547308
1073,KBS_KangNeung.csv,73,201.6665069580078,177.5857679578993
1074,KBS_KangNeung.csv,74,203.20352394797584,178.4865247938368
1075,KBS_KangNeung.csv,75,203.57550104314632,177.49384223090277
1076,KBS_KangNeung.csv,76,201.586093971946,178.30635748969183
1077,KBS_KangNeung.csv,77,203.9657760620117,177.14307827419705
1078,KBS_KangNeung.csv,78,201.28946893865412,177.48905605740018
1079,KBS_KangNeung.csv,79,200.58437097722833,177.44825744628906
1080,KBS_KangNeung.csv,80,203.75321447199042,176.987552218967
1081,KBS_KangNeung.csv,81,202.90355862704192,175.83325025770398
1082,KBS_KangNeung.csv,82,202.31519303755326,177.78379821777344
1083,KBS_KangNeung.csv,83,201.9487858165394,177.8811492919922
1084,KBS_KangNeung.csv,84,202.77558579878374,177.65943060980902
1085,KBS_KangNeung.csv,85,202.86000685258344,176.6498548719618
1086,KBS_KangNeung.csv,86,202.2799266468395,177.36940680609808
1087,KBS_KangNeung.csv,87,203.78946339000356,176.33458116319446
1088,KBS_KangNeung.csv,88,203.1641276966442,176.87926737467447
1089,KBS_KangNeung.csv,89,202.48940401944247,177.05160183376736
1090,KBS_KangNeung.csv,90,202.53110032515093,177.40935940212674
1091,KBS_KangNeung.csv,91,202.99710415926847,177.11287265353732
1092,KBS_KangNeung.csv,92,203.1142051003196,176.7064497205946
1093,KBS_KangNeung.csv,93,202.04473863081498,176.67559305826822
1094,KBS_KangNeung.csv,94,202.84235479181464,176.69043477376303
1095,KBS_KangNeung.csv,95,201.69899611039594,176.8044721815321
1096,KBS_KangNeung.csv,96,203.36772252863105,176.78048027886285
1097,KBS_KangNeung.csv,97,202.63666978315874,176.81154547797308
1098,KBS_KangNeung.csv,98,203.34104322953658,176.74808078342014
1099,KBS_KangNeung.csv,99,202.1752674449574,176.8208482530382
1100,KBS_KangNeung.csv,100,201.99995963356713,176.8372277153863
1101,MBC_KangNeung.csv,1,192.71496457186612,148.96861606174045
1102,MBC_KangNeung.csv,2,192.48597564697266,146.5414021809896
1103,MBC_KangNeung.csv,3,191.47835277210584,147.84353807237414
1104,MBC_KangNeung.csv,4,193.49584947065873,146.99969312879773
1105,MBC_KangNeung.csv,5,194.06452844793145,146.38761138916016
1106,MBC_KangNeung.csv,6,192.7093274203214,149.15396287706164
1107,MBC_KangNeung.csv,7,193.04700261896306,147.71220058865018
1108,MBC_KangNeung.csv,8,194.4439030040394,147.15865749782986
1109,MBC_KangNeung.csv,9,192.8893608786843,146.39888932969836
1110,MBC_KangNeung.csv,10,192.59638838334516,147.58647918701172
1111,MBC_KangNeung.csv,11,193.55184118097478,145.57106187608508
1112,MBC_KangNeung.csv,12,193.23370347456498,147.5363243950738
1113,MBC_KangNeung.csv,13,193.08630398837002,147.9292000664605
1114,MBC_KangNeung.csv,14,193.13466935591265,146.61837599012586
1115,MBC_KangNeung.csv,15,193.82513344504616,147.10358174641928
1116,MBC_KangNeung.csv,16,193.8989346590909,147.0532480875651
1117,MBC_KangNeung.csv,17,193.38198505748403,147.79738532172308
1118,MBC_KangNeung.csv,18,193.70511973987925,147.1997833251953
1119,MBC_KangNeung.csv,19,193.29334286776455,147.95625474717883
1120,MBC_KangNeung.csv,20,192.42873798717153,147.45560540093317
1121,MBC_KangNeung.csv,21,193.23378587202592,148.9090050591363
1122,MBC_KangNeung.csv,22,193.89999680952593,147.4576127794054
1123,MBC_KangNeung.csv,23,191.5975194757635,147.87708536783853
1124,MBC_KangNeung.csv,24,192.63086686567826,146.59413146972656
1125,MBC_KangNeung.csv,25,192.6032369440252,147.29073503282336
1126,MBC_KangNeung.csv,26,193.33330841064452,146.80176883273654
1127,MBC_KangNeung.csv,27,193.6232022372159,146.96299319797092
1128,MBC_KangNeung.csv,28,193.37280953147194,147.41473897298178
1129,MBC_KangNeung.csv,29,191.9701815518466,147.46925354003906
1130,MBC_KangNeung.csv,30,192.24733567671342,147.35951571994357
1131,MBC_KangNeung.csv,31,192.2973602294922,146.26572502983942
1132,MBC_KangNeung.csv,32,193.66061373623936,146.94021945529514
1133,MBC_KangNeung.csv,33,192.5243492820046,146.7250222100152
1134,MBC_KangNeung.csv,34,192.47118585759944,148.79336208767361
1135,MBC_KangNeung.csv,35,192.5132347800515,147.3004625108507
1136,MBC_KangNeung.csv,36,193.2363071788441,147.01383802625867
1137,MBC_KangNeung.csv,37,192.2951040094549,147.5332505967882
1138,MBC_KangNeung.csv,38,193.2226229580966,146.8218739827474
1139,MBC_KangNeung.csv,39,192.38023750998758,146.59177992078992
1140,MBC_KangNeung.csv,40,192.66896833939987,146.79984283447266
1141,MBC_KangNeung.csv,41,191.8852093783292,146.56034088134766
1142,MBC_KangNeung.csv,42,193.34495419588956,147.2205607096354
1143,MBC_KangNeung.csv,43,192.87722487016157,146.82445780436197
1144,MBC_KangNeung.csv,44,192.52486988414418,146.18797471788196
1145,MBC_KangNeung.csv,45,192.7175281871449,147.11492326524524
1146,MBC_KangNeung.csv,46,191.9366364912553,147.93726772732205
1147,MBC_KangNeung.csv,47,193.30337441184304,147.85614691840277
1148,MBC_KangNeung.csv,48,192.4275336525657,147.0561769273546
1149,MBC_KangNeung.csv,49,193.50420948375356,146.42045254177518
1150,MBC_KangNeung.csv,50,193.31089186234908,148.83221435546875
1151,MBC_KangNeung.csv,51,194.0992753462358,146.8756866455078
1152,MBC_KangNeung.csv,52,193.8007583618164,146.705810546875
1153,MBC_KangNeung.csv,53,192.80543670654296,146.87857394748264
1154,MBC_KangNeung.csv,54,193.52439172918147,146.64979214138455
1155,MBC_KangNeung.csv,55,192.82489124644886,146.9181433783637
1156,MBC_KangNeung.csv,56,191.73053519509057,145.7187559339735
1157,MBC_KangNeung.csv,57,193.3625278819691,145.9009484185113
1158,MBC_KangNeung.csv,58,191.66365009654652,146.1796900431315
1159,MBC_KangNeung.csv,59,192.70448330965908,146.48096211751303
1160,MBC_KangNeung.csv,60,193.12538382790305,146.9928724500868
1161,MBC_KangNeung.csv,61,193.51243230646307,146.76177724202475
1162,MBC_KangNeung.csv,62,193.2509005459872,146.7676518758138
1163,MBC_KangNeung.csv,63,193.07746304598723,147.54495917426215
1164,MBC_KangNeung.csv,64,193.858308133212,147.06592729356555
1165,MBC_KangNeung.csv,65,193.2048223322088,148.5869615342882
1166,MBC_KangNeung.csv,66,192.84296278520063,146.7398935953776
1167,MBC_KangNeung.csv,67,192.33537528298118,147.98277452256946
1168,MBC_KangNeung.csv,68,192.26217013272372,147.05279032389322
1169,MBC_KangNeung.csv,69,192.74197415438564,147.10137769911023
1170,MBC_KangNeung.csv,70,192.16736935702238,147.0725597805447
1171,MBC_KangNeung.csv,71,193.08824129971592,147.24848429361978
1172,MBC_KangNeung.csv,72,193.6176312533292,147.08045705159506
1173,MBC_KangNeung.csv,73,192.12925761829723,147.13258107503256
1174,MBC_KangNeung.csv,74,192.30724598277698,146.87008412679037
1175,MBC_KangNeung.csv,75,193.66862196488813,146.87672593858508
1176,MBC_KangNeung.csv,76,193.13077933571554,147.02006022135416
1177,MBC_KangNeung.csv,77,192.81450611461293,146.68495517306857
1178,MBC_KangNeung.csv,78,193.2215649691495,146.85301208496094
1179,MBC_KangNeung.csv,79,193.50276544744318,146.681888156467
1180,MBC_KangNeung.csv,80,192.13093747225676,146.9227583143446
1181,MBC_KangNeung.csv,81,192.42891138250178,146.8107477823893
1182,MBC_KangNeung.csv,82,193.1558837890625,146.82073550754123
1183,MBC_KangNeung.csv,83,192.72408377907493,146.59646775987414
1184,MBC_KangNeung.csv,84,192.1457975907759,146.63925255669488
1185,MBC_KangNeung.csv,85,192.83086090087892,146.60501437717014
1186,MBC_KangNeung.csv,86,191.16578688188034,146.68943956163196
1187,MBC_KangNeung.csv,87,192.88447973077947,146.58925204806857
1188,MBC_KangNeung.csv,88,192.97485531893645,146.65576002332898
1189,MBC_KangNeung.csv,89,193.0288736516779,146.79553900824652
1190,MBC_KangNeung.csv,90,192.7596296830611,146.7736350165473
1191,MBC_KangNeung.csv,91,192.7157222401012,146.8113725450304
1192,MBC_KangNeung.csv,92,192.0787694757635,146.86505720350476
1193,MBC_KangNeung.csv,93,192.19447104714135,146.8872536553277
1194,MBC_KangNeung.csv,94,193.82506797096946,146.8803244696723
1195,MBC_KangNeung.csv,95,192.21902507435192,146.91957092285156
1196,MBC_KangNeung.csv,96,192.94372808283026,146.88668145073785
1197,MBC_KangNeung.csv,97,193.1973671653054,146.90698750813803
1198,MBC_KangNeung.csv,98,193.94225089333275,146.88816833496094
1199,MBC_KangNeung.csv,99,193.05185491388494,146.8857650756836
1200,MBC_KangNeung.csv,100,192.83840318159625,146.8826378716363
1201,TBN_DaeGu.csv,1,209.62548079057174,148.6653069390191
1202,TBN_DaeGu.csv,2,191.6866252552379,147.30342271592883
1203,TBN_DaeGu.csv,3,189.8653115012429,143.76402113172742
1204,TBN_DaeGu.csv,4,189.6228818026456,142.82539706759982
1205,TBN_DaeGu.csv,5,191.23371512673117,146.91546291775174
1206,TBN_DaeGu.csv,6,190.4674724232067,141.04671732584634
1207,TBN_DaeGu.csv,7,188.81787081631748,141.22611236572266
1208,TBN_DaeGu.csv,8,188.11291864568537,144.8318125406901
1209,TBN_DaeGu.csv,9,189.07663671320134,142.50670454237195
1210,TBN_DaeGu.csv,10,189.43617803400213,143.55060323079428
1211,TBN_DaeGu.csv,11,188.05854200883346,143.43399386935764
1212,TBN_DaeGu.csv,12,188.55160841508345,141.1495607164171
1213,TBN_DaeGu.csv,13,188.05987534956498,143.42905002170139
1214,TBN_DaeGu.csv,14,187.53110642866656,140.5827178955078
1215,TBN_DaeGu.csv,15,188.99497666792436,141.42925855848523
1216,TBN_DaeGu.csv,16,188.14075331254438,141.29054853651257
1217,TBN_DaeGu.csv,17,189.51598288796166,141.78854285346137
1218,TBN_DaeGu.csv,18,188.9502616188743,140.0353978474935
1219,TBN_DaeGu.csv,19,189.00819313742898,141.57650078667535
1220,TBN_DaeGu.csv,20,187.7236096468839,140.07301754421658
1221,TBN_DaeGu.csv,21,187.69999791925605,142.63885498046875
1222,TBN_DaeGu.csv,22,188.6720543601296,140.62076314290366
1223,TBN_DaeGu.csv,23,187.93987412886187,145.68785434299045
1224,TBN_DaeGu.csv,24,188.73817790638316,140.44140455457898
1225,TBN_DaeGu.csv,25,187.37435538552023,140.60638597276477
1226,TBN_DaeGu.csv,26,188.87835526899858,141.30928463406033
1227,TBN_DaeGu.csv,27,186.76111977317117,140.00721401638455
1228,TBN_DaeGu.csv,28,188.4174932306463,142.92579396565756
1229,TBN_DaeGu.csv,29,189.68162758567115,141.7854970296224
1230,TBN_DaeGu.csv,30,188.25299141623756,142.7900102403429
1231,TBN_DaeGu.csv,31,186.98180014870383,141.56987847222223
1232,TBN_DaeGu.csv,32,188.60325567072087,142.7354532877604
1233,TBN_DaeGu.csv,33,189.13929623690518,142.3166495429145
1234,TBN_DaeGu.csv,34,189.34579176469282,139.90618557400174
1235,TBN_DaeGu.csv,35,187.50027535178444,141.31419372558594
1236,TBN_DaeGu.csv,36,186.1580270940607,142.53477054172092
1237,TBN_DaeGu.csv,37,186.61141371293502,141.17954847547742
1238,TBN_DaeGu.csv,38,188.15412930575283,141.4535607231988
1239,TBN_DaeGu.csv,39,186.7590440229936,142.5568559434679
1240,TBN_DaeGu.csv,40,187.5304439197887,142.85799662272134
1241,TBN_DaeGu.csv,41,188.34969454678622,141.0699946085612
1242,TBN_DaeGu.csv,42,187.95436054576527,142.1672626071506
1243,TBN_DaeGu.csv,43,187.04037128795278,143.18646240234375
1244,TBN_DaeGu.csv,44,189.31139859286222,141.5884780883789
1245,TBN_DaeGu.csv,45,186.18700422807174,141.63434855143228
1246,TBN_DaeGu.csv,46,188.42444985129617,144.6646440294054
1247,TBN_DaeGu.csv,47,188.11756675026635,139.9726325141059
1248,TBN_DaeGu.csv,48,188.20693137428978,141.69998084174262
1249,TBN_DaeGu.csv,49,188.81428624933417,142.81876966688367
1250,TBN_DaeGu.csv,50,187.367082491788,144.76237318250867
1251,TBN_DaeGu.csv,51,188.7343840165572,139.98707665337457
1252,TBN_DaeGu.csv,52,188.76019675514914,140.3292761908637
1253,TBN_DaeGu.csv,53,187.8576671253551,141.21710035536023
1254,TBN_DaeGu.csv,54,188.49775113192473,144.39590199788412
1255,TBN_DaeGu.csv,55,188.71244520707563,144.50314331054688
1256,TBN_DaeGu.csv,56,189.43096812855114,142.8302459716797
1257,TBN_DaeGu.csv,57,187.61734577525746,142.59014553493924
1258,TBN_DaeGu.csv,58,189.19178050648082,140.14540354410806
1259,TBN_DaeGu.csv,59,188.10885925292968,141.55645582411023
1260,TBN_DaeGu.csv,60,188.07513705166903,142.56621636284723
1261,TBN_DaeGu.csv,61,187.90957932905718,140.86579047309027
1262,TBN_DaeGu.csv,62,188.6276196566495,142.34104919433594
1263,TBN_DaeGu.csv,63,187.55930092551492,141.17496744791666
1264,TBN_DaeGu.csv,64,187.7152410333807,141.26608276367188
1265,TBN_DaeGu.csv,65,186.91034060391513,140.81923166910806
1266,TBN_DaeGu.csv,66,186.47865142822266,140.96323988172742
1267,TBN_DaeGu.csv,67,188.66732899058948,141.8389689127604
1268,TBN_DaeGu.csv,68,187.98872874866834,141.25872124565973
1269,TBN_DaeGu.csv,69,188.35839718905362,140.93458218044705
1270,TBN_DaeGu.csv,70,187.79912567138672,140.83317481146918
1271,TBN_DaeGu.csv,71,188.37960815429688,141.24959733751086
1272,TBN_DaeGu.csv,72,187.7297786365856,140.9096247355143
1273,TBN_DaeGu.csv,73,188.91113336736507,141.60358259412976
1274,TBN_DaeGu.csv,74,187.55506591796876,140.73869238959418
1275,TBN_DaeGu.csv,75,188.5249689275568,141.9437052408854
1276,TBN_DaeGu.csv,76,186.95220489501952,141.80077701144748
1277,TBN_DaeGu.csv,77,188.02910225608133,142.22218153211804
1278,TBN_DaeGu.csv,78,187.8011505126953,142.3043679131402
1279,TBN_DaeGu.csv,79,187.7812848177823,141.03814019097223
1280,TBN_DaeGu.csv,80,188.11459364457565,141.4089643690321
1281,TBN_DaeGu.csv,81,186.68813254616478,140.7178463406033
1282,TBN_DaeGu.csv,82,188.2475237759677,141.24046495225696
1283,TBN_DaeGu.csv,83,188.6367958762429,140.87856207953558
1284,TBN_DaeGu.csv,84,188.65634085915306,141.4030524359809
1285,TBN_DaeGu.csv,85,187.50914736661045,141.46468438042535
1286,TBN_DaeGu.csv,86,189.22677972966974,140.9775627983941
1287,TBN_DaeGu.csv,87,188.54527019153943,141.81375206841363
1288,TBN_DaeGu.csv,88,188.15070634321734,140.93668111165366
1289,TBN_DaeGu.csv,89,187.7445576060902,141.7108900282118
1290,TBN_DaeGu.csv,90,187.7415224942294,141.44480811225043
1291,TBN_DaeGu.csv,91,187.7351469560103,141.1088629828559
1292,TBN_DaeGu.csv,92,187.10190124511718,141.3967293633355
1293,TBN_DaeGu.csv,93,187.16971088756213,141.5736338297526
1294,TBN_DaeGu.csv,94,187.0733681418679,141.36244625515408
1295,TBN_DaeGu.csv,95,187.6930927623402,141.28471289740668
1296,TBN_DaeGu.csv,96,188.7926928433505,141.3733139038086
1297,TBN_DaeGu.csv,97,188.6869322343306,141.28173149956598
1298,TBN_DaeGu.csv,98,188.87574449019,141.29246181911893
1299,TBN_DaeGu.csv,99,187.1839956110174,141.3062710232205
1300,TBN_DaeGu.csv,100,187.78310227827592,141.3304155137804
1301,TBC_DaeGu.csv,1,190.22941866787997,149.71207004123264
1302,TBC_DaeGu.csv,2,187.2562936956232,153.5202891031901
1303,TBC_DaeGu.csv,3,187.7236579201438,147.65109337700738
1304,TBC_DaeGu.csv,4,187.59051971435548,152.90446133083768
1305,TBC_DaeGu.csv,5,189.72554224187678,148.3210016886393
1306,TBC_DaeGu.csv,6,188.98960585160688,147.87849934895834
1307,TBC_DaeGu.csv,7,188.56650099320845,159.2964833577474
1308,TBC_DaeGu.csv,8,188.8976938421076,149.44934251573352
1309,TBC_DaeGu.csv,9,187.60504039417614,147.26519775390625
1310,TBC_DaeGu.csv,10,188.14524244828658,150.35469563802084
1311,TBC_DaeGu.csv,11,187.4416399869052,148.14899020724826
1312,TBC_DaeGu.csv,12,189.31140317049895,146.89582909478082
1313,TBC_DaeGu.csv,13,187.72376209605824,149.58623504638672
1314,TBC_DaeGu.csv,14,188.80962482799183,145.24342600504556
1315,TBC_DaeGu.csv,15,186.82059326171876,149.64793480767145
1316,TBC_DaeGu.csv,16,189.0869276566939,146.58937327067056
1317,TBC_DaeGu.csv,17,187.53670543323864,152.0273378160265
1318,TBC_DaeGu.csv,18,185.92007044011896,148.5122358534071
1319,TBC_DaeGu.csv,19,188.89773198908026,144.04368930392795
1320,TBC_DaeGu.csv,20,187.70100805109197,148.74080997043185
1321,TBC_DaeGu.csv,21,189.16333063299007,147.5680363972982
1322,TBC_DaeGu.csv,22,187.83913393887607,149.93127950032553
1323,TBC_DaeGu.csv,23,187.13081609552557,147.82110002305774
1324,TBC_DaeGu.csv,24,188.86117955988104,150.3001912434896
1325,TBC_DaeGu.csv,25,188.06022130792792,148.88466135660806
1326,TBC_DaeGu.csv,26,187.97008653120562,150.6064970228407
1327,TBC_DaeGu.csv,27,188.3793165727095,146.0832290649414
1328,TBC_DaeGu.csv,28,188.14789997447622,145.60367160373264
1329,TBC_DaeGu.csv,29,187.89294031316584,148.25987752278647
1330,TBC_DaeGu.csv,30,187.78334295099432,149.61411454942493
1331,TBC_DaeGu.csv,31,186.7741470336914,154.49240112304688
1332,TBC_DaeGu.csv,32,188.1729643388228,149.5556165907118
1333,TBC_DaeGu.csv,33,188.48892059326172,151.83882225884332
1334,TBC_DaeGu.csv,34,186.6750957142223,144.44329155815973
1335,TBC_DaeGu.csv,35,188.90626609108665,145.61624230278863
1336,TBC_DaeGu.csv,36,187.0530463478782,146.59231567382812
1337,TBC_DaeGu.csv,37,187.22289414839312,148.12871890597873
1338,TBC_DaeGu.csv,38,187.81541331898083,148.5869428846571
1339,TBC_DaeGu.csv,39,188.39725189208986,152.30722300211588
1340,TBC_DaeGu.csv,40,187.42753351384943,144.34699249267578
1341,TBC_DaeGu.csv,41,187.71183679754083,145.56660546196832
1342,TBC_DaeGu.csv,42,188.41753054532137,148.97879876030817
1343,TBC_DaeGu.csv,43,187.31713340065696,146.1653798421224
1344,TBC_DaeGu.csv,44,187.07001772793856,153.8113513522678
1345,TBC_DaeGu.csv,45,187.53276533647016,147.9436043633355
1346,TBC_DaeGu.csv,46,187.60767031582918,149.48926798502603
1347,TBC_DaeGu.csv,47,187.4206918889826,146.41826799180774
1348,TBC_DaeGu.csv,48,188.57237202037464,148.77926550971137
1349,TBC_DaeGu.csv,49,187.6170580777255,147.373658074273
1350,TBC_DaeGu.csv,50,186.9205989490856,149.7721472846137
1351,TBC_DaeGu.csv,51,188.12870344682173,149.80870225694446
1352,TBC_DaeGu.csv,52,187.69900471080433,146.7875722249349
1353,TBC_DaeGu.csv,53,187.68663593639027,150.1470184326172
1354,TBC_DaeGu.csv,54,187.43681848699396,146.74980926513672
1355,TBC_DaeGu.csv,55,187.58391792990943,150.54376220703125
1356,TBC_DaeGu.csv,56,186.67909684614702,148.72341071234808
1357,TBC_DaeGu.csv,57,187.26448461359197,146.72618357340494
1358,TBC_DaeGu.csv,58,186.4392059326172,146.2436998155382
1359,TBC_DaeGu.csv,59,187.5218626542525,146.55458153618707
1360,TBC_DaeGu.csv,60,188.1793554132635,146.77616034613715
1361,TBC_DaeGu.csv,61,188.33583193692294,147.60995144314236
1362,TBC_DaeGu.csv,62,187.64557189941405,149.81450653076172
1363,TBC_DaeGu.csv,63,187.7910493330522,147.410892062717
1364,TBC_DaeGu.csv,64,188.1637416492809,148.08203633626303
1365,TBC_DaeGu.csv,65,186.8552160089666,149.99483235677084
1366,TBC_DaeGu.csv,66,189.18391682017932,147.25123172336154
1367,TBC_DaeGu.csv,67,188.40990073464133,148.6144502427843
1368,TBC_DaeGu.csv,68,187.12522305575285,146.16976081000433
1369,TBC_DaeGu.csv,69,187.72829617587004,146.90197584364148
1370,TBC_DaeGu.csv,70,186.38570362437855,147.641968621148
1371,TBC_DaeGu.csv,71,187.29012839577416,150.75465562608508
1372,TBC_DaeGu.csv,72,188.14064469770952,146.34850565592447
1373,TBC_DaeGu.csv,73,188.6884884920987,147.7566392686632
1374,TBC_DaeGu.csv,74,188.12937039462003,149.78059980604382
1375,TBC_DaeGu.csv,75,187.51785916415128,148.48913404676648
1376,TBC_DaeGu.csv,76,188.20337316339666,149.2796427408854
1377,TBC_DaeGu.csv,77,186.78572928688743,148.2803988986545
1378,TBC_DaeGu.csv,78,186.38074215975675,146.62377760145398
1379,TBC_DaeGu.csv,79,188.99302701083096,148.13575914171008
1380,TBC_DaeGu.csv,80,187.6656036376953,147.62020280626086
1381,TBC_DaeGu.csv,81,186.35714458118787,147.70229763454861
1382,TBC_DaeGu.csv,82,187.3219304865057,148.97420332166882
1383,TBC_DaeGu.csv,83,186.96308496648615,149.6704305013021
1384,TBC_DaeGu.csv,84,186.55235970237038,149.00181410047742
1385,TBC_DaeGu.csv,85,189.2221316250888,148.81204647488065
1386,TBC_DaeGu.csv,86,187.42640949596057,148.1806386311849
1387,TBC_DaeGu.csv,87,188.1230010986328,149.11310492621527
1388,TBC_DaeGu.csv,88,187.37972370494495,148.28490447998047
1389,TBC_DaeGu.csv,89,187.35478612726385,148.45766872829861
1390,TBC_DaeGu.csv,90,188.78588187477806,147.8803456624349
1391,TBC_DaeGu.csv,91,187.27157107266513,148.7479680379232
1392,TBC_DaeGu.csv,92,189.7020898992365,147.94277106391058
1393,TBC_DaeGu.csv,93,186.5902990167791,148.28822241889105
1394,TBC_DaeGu.csv,94,188.0363102306019,148.40539381239148
1395,TBC_DaeGu.csv,95,187.6262200095437,148.4767100016276
1396,TBC_DaeGu.csv,96,187.83781294389203,148.25785149468317
1397,TBC_DaeGu.csv,97,187.16924355246803,148.33834075927734
1398,TBC_DaeGu.csv,98,188.78690352006393,148.28021070692273
1399,TBC_DaeGu.csv,99,187.01070473410866,148.2774132622613
1400,TBC_DaeGu.csv,100,187.6435306895863,148.23563045925565
1401,JeonJu_Radio.csv,1,177.59746842817827,140.04403177897134
1402,JeonJu_Radio.csv,2,177.25957239324396,139.68365732828775
1403,JeonJu_Radio.csv,3,177.54819349809125,140.13173590766058
1404,JeonJu_Radio.csv,4,177.04365955699575,139.04766591389975
1405,JeonJu_Radio.csv,5,177.2302978515625,142.09569295247397
1406,JeonJu_Radio.csv,6,176.84244662198154,140.3111860487196
1407,JeonJu_Radio.csv,7,178.90800559303977,138.6865175035265
1408,JeonJu_Radio.csv,8,178.31500271883877,142.58192443847656
1409,JeonJu_Radio.csv,9,177.25957599986683,139.36963992648654
1410,JeonJu_Radio.csv,10,175.99576402143998,139.13584476047092
1411,JeonJu_Radio.csv,11,177.8538697676225,139.9078165690104
1412,JeonJu_Radio.csv,12,177.17400027188387,143.9076156616211
1413,JeonJu_Radio.csv,13,177.97255887118254,139.17069074842664
1414,JeonJu_Radio.csv,14,177.15613167502664,138.88496822781033
1415,JeonJu_Radio.csv,15,177.6383048317649,140.46096547444662
1416,JeonJu_Radio.csv,16,177.3204605102539,138.98435889350043
1417,JeonJu_Radio.csv,17,177.57392467151988,139.28662278917102
1418,JeonJu_Radio.csv,18,178.10169206099076,138.87294684516058
1419,JeonJu_Radio.csv,19,177.63605832186613,139.04470740424262
1420,JeonJu_Radio.csv,20,178.6407846624201,144.86759609646268
1421,JeonJu_Radio.csv,21,178.5860483342951,140.58315955268012
1422,JeonJu_Radio.csv,22,177.1774344704368,138.55431111653647
1423,JeonJu_Radio.csv,23,177.2942112315785,141.33144887288412
1424,JeonJu_Radio.csv,24,178.28389892578124,143.6019719441732
1425,JeonJu_Radio.csv,25,177.2999848799272,138.79976823594836
1426,JeonJu_Radio.csv,26,177.2274709528143,139.180792066786
1427,JeonJu_Radio.csv,27,177.47382507324218,139.25811937120227
1428,JeonJu_Radio.csv,28,177.87915677157315,140.88308715820312
1429,JeonJu_Radio.csv,29,177.8239447853782,140.92202758789062
1430,JeonJu_Radio.csv,30,177.79799860174006,142.33118438720703
1431,JeonJu_Radio.csv,31,177.44607016823508,138.32008785671658
1432,JeonJu_Radio.csv,32,178.05661329789595,142.32835303412543
1433,JeonJu_Radio.csv,33,177.7818400989879,138.52721659342447
1434,JeonJu_Radio.csv,34,176.26289353804154,140.52596367730035
1435,JeonJu_Radio.csv,35,177.76653816916726,139.0833045111762
1436,JeonJu_Radio.csv,36,176.95397768887605,140.09589216444226
1437,JeonJu_Radio.csv,37,177.18260054154828,140.17781745062933
1438,JeonJu_Radio.csv,38,177.53675301291725,142.45712280273438
1439,JeonJu_Radio.csv,39,177.93721147017047,139.09718661838107
1440,JeonJu_Radio.csv,40,177.14459311745384,138.52988772922092
1441,JeonJu_Radio.csv,41,178.03279654762963,140.16440158420139
1442,JeonJu_Radio.csv,42,175.23271151455967,139.38939073350696
1443,JeonJu_Radio.csv,43,178.2052339033647,141.3576160007053
1444,JeonJu_Radio.csv,44,176.19814314408737,139.22188483344183
1445,JeonJu_Radio.csv,45,177.4885839288885,139.22598859998914
1446,JeonJu_Radio.csv,46,177.98329190340908,142.32463836669922
1447,JeonJu_Radio.csv,47,176.8271596735174,138.8126720852322
1448,JeonJu_Radio.csv,48,179.12030570290307,139.054559495714
1449,JeonJu_Radio.csv,49,176.66638904918324,141.4309565226237
1450,JeonJu_Radio.csv,50,177.71598274924537,139.34007687038846
1451,JeonJu_Radio.csv,51,177.3462339921431,138.71470218234592
1452,JeonJu_Radio.csv,52,176.32549577192827,139.97429741753473
1453,JeonJu_Radio.csv,53,176.45753798051314,139.792603386773
1454,JeonJu_Radio.csv,54,176.80466336337003,140.24186367458768
1455,JeonJu_Radio.csv,55,177.4856957175515,139.49012247721353
1456,JeonJu_Radio.csv,56,177.09242026589135,138.99924553765192
1457,JeonJu_Radio.csv,57,177.19070878462358,139.2781007554796
1458,JeonJu_Radio.csv,58,177.25310433127663,139.26254526774088
1459,JeonJu_Radio.csv,59,177.13615472966976,138.60164557562933
1460,JeonJu_Radio.csv,60,177.26503101695667,139.5153291490343
1461,JeonJu_Radio.csv,61,176.93662802956322,139.4709269205729
1462,JeonJu_Radio.csv,62,177.3186445756392,140.3694839477539
1463,JeonJu_Radio.csv,63,176.34109067049894,140.25099860297308
1464,JeonJu_Radio.csv,64,176.0875771262429,139.68341318766275
1465,JeonJu_Radio.csv,65,176.32411970658737,139.49041748046875
1466,JeonJu_Radio.csv,66,177.50985814874824,139.40530310736762
1467,JeonJu_Radio.csv,67,177.56836117831145,139.18310546875
1468,JeonJu_Radio.csv,68,177.4417301524769,139.19822099473743
1469,JeonJu_Radio.csv,69,176.30464976917614,140.02672576904297
1470,JeonJu_Radio.csv,70,177.49407015713777,138.90179104275174
1471,JeonJu_Radio.csv,71,177.31572903719817,139.4803729587131
1472,JeonJu_Radio.csv,72,176.15795135498047,139.71939002143012
1473,JeonJu_Radio.csv,73,177.1373818137429,139.01978217230902
1474,JeonJu_Radio.csv,74,176.72684312300248,139.11617448594836
1475,JeonJu_Radio.csv,75,177.1560596812855,140.3502671983507
1476,JeonJu_Radio.csv,76,178.05195007324218,139.78330908881293
1477,JeonJu_Radio.csv,77,177.4661783391779,139.8367199367947
1478,JeonJu_Radio.csv,78,175.98658377907492,140.149050394694
1479,JeonJu_Radio.csv,79,176.6303745616566,140.34880574544272
1480,JeonJu_Radio.csv,80,176.9245175448331,139.0664808485243
1481,JeonJu_Radio.csv,81,177.05235567959872,139.19108242458768
1482,JeonJu_Radio.csv,82,177.48823464133523,139.937503390842
1483,JeonJu_Radio.csv,83,175.9774724786932,139.9482430352105
1484,JeonJu_Radio.csv,84,177.39038696289063,140.4159418741862
1485,JeonJu_Radio.csv,85,176.24347506436433,140.54845513237848
1486,JeonJu_Radio.csv,86,176.79493949196555,139.43846554226346
1487,JeonJu_Radio.csv,87,177.62689195112748,139.66553582085504
1488,JeonJu_Radio.csv,88,176.56047141335227,139.6477483113607
1489,JeonJu_Radio.csv,89,176.38051785555754,140.05592515733508
1490,JeonJu_Radio.csv,90,178.26511285955254,139.77703857421875
1491,JeonJu_Radio.csv,91,177.49840850830077,139.70790354410806
1492,JeonJu_Radio.csv,92,177.1526239568537,139.66581217447916
1493,JeonJu_Radio.csv,93,176.18212294145064,139.62130313449435
1494,JeonJu_Radio.csv,94,176.80033139315518,139.61977047390408
1495,JeonJu_Radio.csv,95,176.98494443026456,139.60821702745227
1496,JeonJu_Radio.csv,96,176.3389802412553,139.5641615125868
1497,JeonJu_Radio.csv,97,176.6426993630149,139.6038097805447
1498,JeonJu_Radio.csv,98,176.37814469770953,139.6012937757704
1499,JeonJu_Radio.csv,99,177.4625116521662,139.58029090033637
1500,JeonJu_Radio.csv,100,176.99520083340732,139.58787536621094
1501,KBS_JeonJu.csv,1,168.7904409235174,131.05716620551215
1502,KBS_JeonJu.csv,2,170.58134793368254,130.87584601508246
1503,KBS_JeonJu.csv,3,170.4877596768466,131.7533433702257
1504,KBS_JeonJu.csv,4,169.21554024436256,131.54511515299478
1505,KBS_JeonJu.csv,5,170.2842672174627,129.95757463243274
1506,KBS_JeonJu.csv,6,168.04601995294743,132.03902689615884
1507,KBS_JeonJu.csv,7,169.65574507279828,130.76018269856772
1508,KBS_JeonJu.csv,8,168.81778925115412,130.4103775024414
1509,KBS_JeonJu.csv,9,170.49671062122692,129.8481241861979
1510,KBS_JeonJu.csv,10,169.26948797052557,130.6988779703776
1511,KBS_JeonJu.csv,11,169.86235448663885,130.170654296875
1512,KBS_JeonJu.csv,12,169.8568692294034,131.33617994520398
1513,KBS_JeonJu.csv,13,169.08533852317117,130.6615719265408
1514,KBS_JeonJu.csv,14,169.93261621648614,130.274777730306
1515,KBS_JeonJu.csv,15,168.56988400545987,130.8296152750651
1516,KBS_JeonJu.csv,16,169.58663746226918,131.2157745361328
1517,KBS_JeonJu.csv,17,169.8400859485973,130.3324991861979
1518,KBS_JeonJu.csv,18,170.2658222545277,131.1024373372396
1519,KBS_JeonJu.csv,19,170.53004344593396,131.78698560926648
1520,KBS_JeonJu.csv,20,170.25669125643643,130.55914984809027
1521,KBS_JeonJu.csv,21,169.40783316872336,130.60446082221137
1522,KBS_JeonJu.csv,22,169.9085248080167,130.14536454942493
1523,KBS_JeonJu.csv,23,169.1092106212269,129.85059526231555
1524,KBS_JeonJu.csv,24,168.4052536010742,130.3240220811632
1525,KBS_JeonJu.csv,25,169.49806338223544,131.56986575656467
1526,KBS_JeonJu.csv,26,168.62318156849256,131.1172120836046
1527,KBS_JeonJu.csv,27,169.0294387817383,130.68218655056424
1528,KBS_JeonJu.csv,28,170.10655933726918,129.95285881890192
1529,KBS_JeonJu.csv,29,169.3316980535334,130.24762641059027
1530,KBS_JeonJu.csv,30,169.12365320379084,130.93863593207465
1531,KBS_JeonJu.csv,31,168.8182943170721,130.59367031521268
1532,KBS_JeonJu.csv,32,170.1186519276012,130.32911173502603
1533,KBS_JeonJu.csv,33,169.49382546164773,130.1227010091146
1534,KBS_JeonJu.csv,34,167.86077020818536,131.78726281060113
1535,KBS_JeonJu.csv,35,170.2676863236861,131.02244822184244
1536,KBS_JeonJu.csv,36,170.14952129017223,130.4708743625217
1537,KBS_JeonJu.csv,37,169.01134463223545,130.75149197048611
1538,KBS_JeonJu.csv,38,168.78884360573508,130.89693620469836
1539,KBS_JeonJu.csv,39,169.70993707830254,130.8188951280382
1540,KBS_JeonJu.csv,40,169.48201529762963,131.40825992160373
1541,KBS_JeonJu.csv,41,169.93743702281606,131.08322482638889
1542,KBS_JeonJu.csv,42,170.8256154840643,130.35304429796008
1543,KBS_JeonJu.csv,43,169.98524405739525,130.52016109890408
1544,KBS_JeonJu.csv,44,169.77433554909447,131.24223158094617
1545,KBS_JeonJu.csv,45,168.98715529008345,131.1662835015191
1546,KBS_JeonJu.csv,46,169.52560091885653,130.28033786349826
1547,KBS_JeonJu.csv,47,170.21422576904297,130.5513458251953
1548,KBS_JeonJu.csv,48,169.1098040494052,130.72401428222656
1549,KBS_JeonJu.csv,49,169.3350724653764,131.36654917399088
1550,KBS_JeonJu.csv,50,169.4590712113814,130.7772708468967
1551,KBS_JeonJu.csv,51,169.04542943781072,130.54864332411023
1552,KBS_JeonJu.csv,52,168.57082963423295,130.1942884657118
1553,KBS_JeonJu.csv,53,169.6885622891513,130.70457882351346
1554,KBS_JeonJu.csv,54,168.83910619562323,130.72923363579645
1555,KBS_JeonJu.csv,55,169.52794258811258,130.5067596435547
1556,KBS_JeonJu.csv,56,167.70606536865233,130.20655059814453
1557,KBS_JeonJu.csv,57,169.54075039950285,130.46905093722873
1558,KBS_JeonJu.csv,58,169.45830341685902,129.93248748779297
1559,KBS_JeonJu.csv,59,169.06047668457032,130.4108895195855
1560,KBS_JeonJu.csv,60,168.1651492032138,130.50808631049262
1561,KBS_JeonJu.csv,61,169.20286712646484,130.79326883951822
1562,KBS_JeonJu.csv,62,169.6018171830611,131.2654062906901
1563,KBS_JeonJu.csv,63,168.36887581565162,130.44844818115234
1564,KBS_JeonJu.csv,64,169.54240653298118,130.55804697672525
1565,KBS_JeonJu.csv,65,169.4418054754084,130.1435258653429
1566,KBS_JeonJu.csv,66,170.16101601340554,130.80504099527994
1567,KBS_JeonJu.csv,67,169.95951357754794,130.40626271565756
1568,KBS_JeonJu.csv,68,169.897185308283,130.23317379421658
1569,KBS_JeonJu.csv,69,168.87167941006746,130.2532458835178
1570,KBS_JeonJu.csv,70,169.41581628972833,130.38081953260632
1571,KBS_JeonJu.csv,71,169.09985795454546,130.36771053738065
1572,KBS_JeonJu.csv,72,167.9600477738814,130.4387724134657
1573,KBS_JeonJu.csv,73,169.53441286954012,130.64343431260852
1574,KBS_JeonJu.csv,74,168.50288613059303,130.46797858344183
1575,KBS_JeonJu.csv,75,168.96667050448332,130.49657440185547
1576,KBS_JeonJu.csv,76,168.48089530251244,130.26302422417535
1577,KBS_JeonJu.csv,77,168.47800459428268,130.2511461046007
1578,KBS_JeonJu.csv,78,169.8345804387873,130.23951805962457
1579,KBS_JeonJu.csv,79,169.6124065052379,130.55230034722223
1580,KBS_JeonJu.csv,80,169.54860049161044,130.42498609754773
1581,KBS_JeonJu.csv,81,169.76933066628197,130.30804104275174
1582,KBS_JeonJu.csv,82,167.89585945822975,130.2913326687283
1583,KBS_JeonJu.csv,83,169.3227763782848,130.3487294514974
1584,KBS_JeonJu.csv,84,167.75671872225675,130.45128207736545
1585,KBS_JeonJu.csv,85,169.0048959905451,130.4547814263238
1586,KBS_JeonJu.csv,86,168.624763211337,130.4517339070638
1587,KBS_JeonJu.csv,87,169.2176827170632,130.46826850043402
1588,KBS_JeonJu.csv,88,168.8053873235529,130.47347344292535
1589,KBS_JeonJu.csv,89,169.21988886052912,130.47819434271918
1590,KBS_JeonJu.csv,90,169.90202414772727,130.4513922797309
1591,KBS_JeonJu.csv,91,170.02431474165482,130.45614878336588
1592,KBS_JeonJu.csv,92,168.05440909645773,130.47566562228732
1593,KBS_JeonJu.csv,93,168.35294619473544,130.46451992458768
1594,KBS_JeonJu.csv,94,168.6548592307351,130.4729266696506
1595,KBS_JeonJu.csv,95,168.15234375,130.47814517550998
1596,KBS_JeonJu.csv,96,168.58853981711647,130.46639590793185
1597,KBS_JeonJu.csv,97,168.67015450217508,130.46458858913846
1598,KBS_JeonJu.csv,98,168.5194444136186,130.46200646294488
1599,KBS_JeonJu.csv,99,168.78761208274148,130.460080464681
1600,KBS_JeonJu.csv,100,168.96668465354225,130.46129184299045
1601,KBS_MokPo.csv,1,157.6563169999556,94.55535125732422
1602,KBS_MokPo.csv,2,157.65938068736682,96.44083234998915
1603,KBS_MokPo.csv,3,156.96242009943182,94.31451500786676
1604,KBS_MokPo.csv,4,157.18600727428088,91.78040483262804
1605,KBS_MokPo.csv,5,158.364809625799,89.30318705240886
1606,KBS_MokPo.csv,6,157.15130504261364,99.74267323811848
1607,KBS_MokPo.csv,7,157.03599423495206,100.44209120008681
1608,KBS_MokPo.csv,8,157.33639026988635,97.00002034505208
1609,KBS_MokPo.csv,9,156.70918870405717,96.2497295803494
1610,KBS_MokPo.csv,10,157.44717296253552,96.13677893744574
1611,KBS_MokPo.csv,11,157.0732104214755,97.46668667263455
1612,KBS_MokPo.csv,12,156.9344962380149,106.38652208116319
1613,KBS_MokPo.csv,13,157.04081087979404,91.15382724338107
1614,KBS_MokPo.csv,14,157.48640428022904,95.92402988009982
1615,KBS_MokPo.csv,15,156.96281141801313,96.95011308458116
1616,KBS_MokPo.csv,16,157.68516804088244,95.16142442491319
1617,KBS_MokPo.csv,17,156.52596435546874,108.39250013563368
1618,KBS_MokPo.csv,18,158.39626020951704,94.60381486680772
1619,KBS_MokPo.csv,19,156.1007161920721,96.16346655951605
1620,KBS_MokPo.csv,20,156.96227749911222,92.15613725450304
1621,KBS_MokPo.csv,21,156.86492919921875,96.77962578667535
1622,KBS_MokPo.csv,22,157.64733165394176,101.10259501139323
1623,KBS_MokPo.csv,23,156.6502564863725,98.14613596598308
1624,KBS_MokPo.csv,24,157.36024794145064,87.0710211859809
1625,KBS_MokPo.csv,25,157.49999445134944,97.00559488932292
1626,KBS_MokPo.csv,26,156.6628413807262,107.74170939127605
1627,KBS_MokPo.csv,27,156.85840204412287,93.36294979519315
1628,KBS_MokPo.csv,28,156.78146681352095,97.52014414469402
1629,KBS_MokPo.csv,29,156.2574568314986,87.06090715196397
1630,KBS_MokPo.csv,30,156.634311467951,97.36279551188152
1631,KBS_MokPo.csv,31,156.6373039939187,97.0706787109375
1632,KBS_MokPo.csv,32,156.28289864280006,104.71161312527127
1633,KBS_MokPo.csv,33,157.19603160511363,102.55870395236545
1634,KBS_MokPo.csv,34,157.98755590265446,96.32511732313368
1635,KBS_MokPo.csv,35,156.98396009965376,91.5837868584527
1636,KBS_MokPo.csv,36,157.48573525168678,93.13399590386285
1637,KBS_MokPo.csv,37,157.0408365423029,97.52562544080946
1638,KBS_MokPo.csv,38,157.5004556829279,95.59155782063802
1639,KBS_MokPo.csv,39,155.65735043612395,91.70499844021268
1640,KBS_MokPo.csv,40,157.20626498135653,95.84979502360027
1641,KBS_MokPo.csv,41,157.32402288263495,98.26203494601779
1642,KBS_MokPo.csv,42,156.67924596613105,104.93904707166884
1643,KBS_MokPo.csv,43,156.6009180242365,95.8581280178494
1644,KBS_MokPo.csv,44,157.596767356179,92.30590057373047
1645,KBS_MokPo.csv,45,156.93887828480115,93.25180138481988
1646,KBS_MokPo.csv,46,157.31226210160688,95.85705820719402
1647,KBS_MokPo.csv,47,156.45288779518822,93.71898990207248
1648,KBS_MokPo.csv,48,157.37479913884943,97.03246561686198
1649,KBS_MokPo.csv,49,157.30539370450106,96.90289137098524
1650,KBS_MokPo.csv,50,156.1249701760032,97.08335452609592
1651,KBS_MokPo.csv,51,155.8026486483487,92.86605919731988
1652,KBS_MokPo.csv,52,157.35049660422584,94.88695949978299
1653,KBS_MokPo.csv,53,156.07638008811256,100.97198655870226
1654,KBS_MokPo.csv,54,156.3091606833718,94.73219384087457
1655,KBS_MokPo.csv,55,156.31539653431287,99.2086418999566
1656,KBS_MokPo.csv,56,156.5670487837358,97.88399759928386
1657,KBS_MokPo.csv,57,156.93519994562322,93.06117926703558
1658,KBS_MokPo.csv,58,157.24668856534092,96.80923631456163
1659,KBS_MokPo.csv,59,156.56999109441583,98.61272515190973
1660,KBS_MokPo.csv,60,155.74630862149326,99.6737077501085
1661,KBS_MokPo.csv,61,155.83037830699573,100.57891337076823
1662,KBS_MokPo.csv,62,157.00623030229048,99.32344394259982
1663,KBS_MokPo.csv,63,157.1316936146129,97.21666124131944
1664,KBS_MokPo.csv,64,155.73864149613814,93.6795883178711
1665,KBS_MokPo.csv,65,156.19751295609908,95.03339725070529
1666,KBS_MokPo.csv,66,156.32858803488992,96.94781578911676
1667,KBS_MokPo.csv,67,157.53815155029298,95.4060321384006
1668,KBS_MokPo.csv,68,155.51472806063566,95.61410692003038
1669,KBS_MokPo.csv,69,156.2654231678356,92.5588862101237
1670,KBS_MokPo.csv,70,156.99802911931818,97.65665774875217
1671,KBS_MokPo.csv,71,157.29345189874823,96.09382714165582
1672,KBS_MokPo.csv,72,156.8964603770863,94.53866322835286
1673,KBS_MokPo.csv,73,156.39818351052025,100.19543965657552
1674,KBS_MokPo.csv,74,156.26134102561258,100.77803548177083
1675,KBS_MokPo.csv,75,156.4728608564897,93.26003689236111
1676,KBS_MokPo.csv,76,157.4868861805309,95.20063018798828
1677,KBS_MokPo.csv,77,157.20041365189985,95.91053348117404
1678,KBS_MokPo.csv,78,156.18585857044567,96.37063683403863
1679,KBS_MokPo.csv,79,156.6419336492365,94.71068064371745
1680,KBS_MokPo.csv,80,156.74810749400746,98.01569535997179
1681,KBS_MokPo.csv,81,156.3973366477273,98.55627950032552
1682,KBS_MokPo.csv,82,157.2810317993164,95.8791266547309
1683,KBS_MokPo.csv,83,156.91052370938388,98.51120503743489
1684,KBS_MokPo.csv,84,155.6268228704279,95.49795956081815
1685,KBS_MokPo.csv,85,155.55516163219104,97.23872799343533
1686,KBS_MokPo.csv,86,155.6959655761719,96.46266004774306
1687,KBS_MokPo.csv,87,156.69665083451704,96.87116071912978
1688,KBS_MokPo.csv,88,155.74330153031784,97.40071445041232
1689,KBS_MokPo.csv,89,156.1657915982333,96.0462417602539
1690,KBS_MokPo.csv,90,155.75459109219636,97.16136593288846
1691,KBS_MokPo.csv,91,157.18874997225674,97.08514912923177
1692,KBS_MokPo.csv,92,156.07962923916904,96.13362799750433
1693,KBS_MokPo.csv,93,156.8718374078924,96.98121473524306
1694,KBS_MokPo.csv,94,156.51038277365944,96.55289289686415
1695,KBS_MokPo.csv,95,157.72640533447264,96.60529327392578
1696,KBS_MokPo.csv,96,156.3361168601296,96.20584869384766
1697,KBS_MokPo.csv,97,155.80457333651455,96.12919108072917
1698,KBS_MokPo.csv,98,156.7295859596946,96.12704467773438
1699,KBS_MokPo.csv,99,156.78177074085582,96.14121585422092
1700,KBS_MokPo.csv,100,156.91971310702237,96.20596737331815
1701,KBS_SunCheon.csv,1,245.41803894042968,269.85310533311633
1702,KBS_SunCheon.csv,2,242.74452459161932,266.31165568033856
1703,KBS_SunCheon.csv,3,241.70929926091975,267.667975531684
1704,KBS_SunCheon.csv,4,242.01015153364702,271.8541514078776
1705,KBS_SunCheon.csv,5,243.14654541015625,259.7542978922526
1706,KBS_SunCheon.csv,6,241.6906552401456,280.3138665093316
1707,KBS_SunCheon.csv,7,241.45539800470524,284.72058953179254
1708,KBS_SunCheon.csv,8,242.11211964000356,260.0351036919488
1709,KBS_SunCheon.csv,9,241.28047735040838,277.69659423828125
1710,KBS_SunCheon.csv,10,241.386308704723,281.9552001953125
1711,KBS_SunCheon.csv,11,241.32820684259588,268.5683305528429
1712,KBS_SunCheon.csv,12,241.6374714244496,256.07818603515625
1713,KBS_SunCheon.csv,13,241.7550378972834,268.95098198784723
1714,KBS_SunCheon.csv,14,241.25002413662997,270.7728763156467
1715,KBS_SunCheon.csv,15,241.38334100896662,267.510265774197
1716,KBS_SunCheon.csv,16,240.65694191672586,276.8683268229167
1717,KBS_SunCheon.csv,17,242.4301974209872,260.91902499728735
1718,KBS_SunCheon.csv,18,241.28353021795098,269.83421834309894
1719,KBS_SunCheon.csv,19,241.5737862326882,272.0350748697917
1720,KBS_SunCheon.csv,20,241.23699895685368,269.41680399576825
1721,KBS_SunCheon.csv,21,243.174751143022,245.67772081163196
1722,KBS_SunCheon.csv,22,242.16153092817828,282.8419460720486
1723,KBS_SunCheon.csv,23,242.5643973610618,276.7245347764757
1724,KBS_SunCheon.csv,24,241.54179548783736,271.95208570692273
1725,KBS_SunCheon.csv,25,241.06454856178976,270.0721147325304
1726,KBS_SunCheon.csv,26,242.38529163707386,269.90567694769965
1727,KBS_SunCheon.csv,27,242.09525812322443,255.57789611816406
1728,KBS_SunCheon.csv,28,241.38933327414773,280.5678354899089
1729,KBS_SunCheon.csv,29,241.90176086425782,257.3360137939453
1730,KBS_SunCheon.csv,30,242.52111011851918,279.6458231608073
1731,KBS_SunCheon.csv,31,241.01723716042258,271.56715223524304
1732,KBS_SunCheon.csv,32,240.42362171519886,274.0834011501736
1733,KBS_SunCheon.csv,33,241.21296830610797,270.83260430230035
1734,KBS_SunCheon.csv,34,240.6949665416371,268.07557000054254
1735,KBS_SunCheon.csv,35,241.35125621448864,265.0138108995226
1736,KBS_SunCheon.csv,36,240.2509338378906,267.6354217529297
1737,KBS_SunCheon.csv,37,240.85194646661932,265.881108601888
1738,KBS_SunCheon.csv,38,242.31230829412286,271.91451687282984
1739,KBS_SunCheon.csv,39,241.1443234530362,276.0011935763889
1740,KBS_SunCheon.csv,40,241.73440163352274,275.8586697048611
1741,KBS_SunCheon.csv,41,240.8735673384233,279.6590643988715
1742,KBS_SunCheon.csv,42,240.30276322798295,269.3871070014106
1743,KBS_SunCheon.csv,43,240.4799782492898,269.4987267388238
1744,KBS_SunCheon.csv,44,241.04974587180396,269.705559624566
1745,KBS_SunCheon.csv,45,241.9337929465554,266.3961198594835
1746,KBS_SunCheon.csv,46,241.3927129572088,264.71126471625433
1747,KBS_SunCheon.csv,47,241.4153858531605,265.5873277452257
1748,KBS_SunCheon.csv,48,239.78859086470172,264.4409823947483
1749,KBS_SunCheon.csv,49,242.2608867298473,274.23966132269965
1750,KBS_SunCheon.csv,50,240.9615517356179,276.52374267578125
1751,KBS_SunCheon.csv,51,242.1459600275213,267.9860314263238
1752,KBS_SunCheon.csv,52,241.2961054021662,266.69697909884985
1753,KBS_SunCheon.csv,53,241.09413202459163,269.1759745279948
1754,KBS_SunCheon.csv,54,241.51812910600142,270.00291951497394
1755,KBS_SunCheon.csv,55,241.28383761319247,271.7176869710286
1756,KBS_SunCheon.csv,56,241.63062272505326,270.0351155598958
1757,KBS_SunCheon.csv,57,240.51420260342684,271.4259948730469
1758,KBS_SunCheon.csv,58,240.39313631924716,273.614018758138
1759,KBS_SunCheon.csv,59,240.98575578169388,266.1639522976345
1760,KBS_SunCheon.csv,60,240.1632265957919,270.2826961941189
1761,KBS_SunCheon.csv,61,241.15270663174715,264.703864203559
1762,KBS_SunCheon.csv,62,241.52979098233308,268.51924981011285
1763,KBS_SunCheon.csv,63,241.43642744584517,271.32457478841144
1764,KBS_SunCheon.csv,64,240.234819169478,258.0018327501085
1765,KBS_SunCheon.csv,65,241.15840287642047,260.2618476019965
1766,KBS_SunCheon.csv,66,241.10968295010653,272.938713921441
1767,KBS_SunCheon.csv,67,241.65304121537642,261.2274102105035
1768,KBS_SunCheon.csv,68,242.33278253728693,268.07185533311633
1769,KBS_SunCheon.csv,69,240.39098677201704,275.83682929144965
1770,KBS_SunCheon.csv,70,240.70048966841264,270.3521440294054
1771,KBS_SunCheon.csv,71,240.29589233398437,270.3421986897786
1772,KBS_SunCheon.csv,72,240.43651788884944,265.383795844184
1773,KBS_SunCheon.csv,73,242.24281782670454,269.3062167697483
1774,KBS_SunCheon.csv,74,240.24835593483664,265.89859856499567
1775,KBS_SunCheon.csv,75,241.07255526455967,266.80298699273004
1776,KBS_SunCheon.csv,76,240.35219199440695,268.1169128417969
1777,KBS_SunCheon.csv,77,240.76393682306463,271.08243984646265
1778,KBS_SunCheon.csv,78,240.651767800071,270.00483873155383
1779,KBS_SunCheon.csv,79,241.02950411709872,271.3037855360243
1780,KBS_SunCheon.csv,80,241.0950261896307,271.74296400282117
1781,KBS_SunCheon.csv,81,240.38259110884232,271.80966016981336
1782,KBS_SunCheon.csv,82,241.62259743430397,268.5307888454861
1783,KBS_SunCheon.csv,83,239.3122589111328,268.84098476833765
1784,KBS_SunCheon.csv,84,241.92510986328125,270.22425672743054
1785,KBS_SunCheon.csv,85,241.37985562411222,270.10658094618054
1786,KBS_SunCheon.csv,86,241.05203080610795,269.85294935438367
1787,KBS_SunCheon.csv,87,239.43322420987215,266.4934556749132
1788,KBS_SunCheon.csv,88,240.57893787730825,269.06797790527344
1789,KBS_SunCheon.csv,89,241.0706298828125,269.57034979926215
1790,KBS_SunCheon.csv,90,241.21129122647372,268.7319047715929
1791,KBS_SunCheon.csv,91,240.89148615056817,269.11712816026477
1792,KBS_SunCheon.csv,92,240.1140563964844,267.70953369140625
1793,KBS_SunCheon.csv,93,241.28673095703124,268.94701809353296
1794,KBS_SunCheon.csv,94,239.585395674272,268.11359320746527
1795,KBS_SunCheon.csv,95,240.4592423872514,268.9964650472005
1796,KBS_SunCheon.csv,96,240.712978293679,268.92897542317706
1797,KBS_SunCheon.csv,97,240.06917558149857,268.8653971354167
1798,KBS_SunCheon.csv,98,240.33776605779474,268.6785532633464
1799,KBS_SunCheon.csv,99,241.13733908913352,268.660398695204
1800,KBS_SunCheon.csv,100,241.90206992409446,268.78746032714844
1801,KBS_GwangJu.csv,1,166.8214664806019,119.0845209757487
1802,KBS_GwangJu.csv,2,163.97410860928622,116.99312676323785
1803,KBS_GwangJu.csv,3,163.1317475752397,116.04881795247395
1804,KBS_GwangJu.csv,4,162.45036413019355,114.78145599365234
1805,KBS_GwangJu.csv,5,161.99657578901812,118.0522723727756
1806,KBS_GwangJu.csv,6,161.07922932017934,116.40062798394098
1807,KBS_GwangJu.csv,7,160.54911138361152,113.1210708618164
1808,KBS_GwangJu.csv,8,160.04755637428977,113.96823374430339
1809,KBS_GwangJu.csv,9,160.78251467618074,114.97096845838759
1810,KBS_GwangJu.csv,10,160.25718453147195,114.23435550265842
1811,KBS_GwangJu.csv,11,161.06611036820846,116.92839898003473
1812,KBS_GwangJu.csv,12,160.71193376020952,112.91529761420355
1813,KBS_GwangJu.csv,13,161.66824063387784,112.17172071668837
1814,KBS_GwangJu.csv,14,159.5004960493608,113.13241577148438
1815,KBS_GwangJu.csv,15,160.82182866876775,112.10011291503906
1816,KBS_GwangJu.csv,16,161.03688950972125,116.4866960313585
1817,KBS_GwangJu.csv,17,160.8594571200284,117.25588819715712
1818,KBS_GwangJu.csv,18,160.8116928100586,120.02423943413629
1819,KBS_GwangJu.csv,19,160.67737607088955,120.98992580837674
1820,KBS_GwangJu.csv,20,160.34758231423118,113.03550550672743
1821,KBS_GwangJu.csv,21,160.59641085537996,116.8845698038737
1822,KBS_GwangJu.csv,22,160.6524057561701,112.82712809244792
1823,KBS_GwangJu.csv,23,160.69204739657314,121.3113547431098
1824,KBS_GwangJu.csv,24,162.6651360251687,115.99015045166016
1825,KBS_GwangJu.csv,25,160.3828985040838,114.97442118326823
1826,KBS_GwangJu.csv,26,160.89554554332386,115.16701083713107
1827,KBS_GwangJu.csv,27,161.33552648370917,113.71360778808594
1828,KBS_GwangJu.csv,28,159.96356894753197,117.10476345486111
1829,KBS_GwangJu.csv,29,161.47456692782316,114.74292755126953
1830,KBS_GwangJu.csv,30,160.75571358420632,115.06193372938368
1831,KBS_GwangJu.csv,31,161.59178009033204,116.37254333496094
1832,KBS_GwangJu.csv,32,160.85053586092863,112.97154151068793
1833,KBS_GwangJu.csv,33,160.32106323242186,114.6023703681098
1834,KBS_GwangJu.csv,34,160.0677494395863,114.9105453491211
1835,KBS_GwangJu.csv,35,160.55462258078836,115.05605740017361
1836,KBS_GwangJu.csv,36,160.9612397627397,114.51290130615234
1837,KBS_GwangJu.csv,37,160.57368843772196,118.86163584391277
1838,KBS_GwangJu.csv,38,160.0261962890625,114.51932101779514
1839,KBS_GwangJu.csv,39,160.41694932417437,114.10209147135417
1840,KBS_GwangJu.csv,40,161.23743785511363,115.34798007541232
1841,KBS_GwangJu.csv,41,161.22632127241656,114.1534669664171
1842,KBS_GwangJu.csv,42,160.42437896728515,113.8093507554796
1843,KBS_GwangJu.csv,43,161.54789081920276,116.62366316053603
1844,KBS_GwangJu.csv,44,160.2661275690252,113.81680382622613
1845,KBS_GwangJu.csv,45,159.6879033868963,117.55392032199435
1846,KBS_GwangJu.csv,46,160.23518732244318,114.2738545735677
1847,KBS_GwangJu.csv,47,160.63345323042435,114.2343521118164
1848,KBS_GwangJu.csv,48,159.36474082253196,114.89041137695312
1849,KBS_GwangJu.csv,49,159.43673969615588,117.08091057671442
1850,KBS_GwangJu.csv,50,159.22105268998578,117.17156982421875
1851,KBS_GwangJu.csv,51,160.42648648348722,115.18248918321397
1852,KBS_GwangJu.csv,52,160.78571097634057,112.37537299262152
1853,KBS_GwangJu.csv,53,160.04948702725497,114.79114447699652
1854,KBS_GwangJu.csv,54,161.83974207097833,114.04627482096355
1855,KBS_GwangJu.csv,55,161.50443503639914,113.35491349962022
1856,KBS_GwangJu.csv,56,160.13750485506924,113.3920661078559
1857,KBS_GwangJu.csv,57,159.56180295077237,113.46636030409071
1858,KBS_GwangJu.csv,58,160.0295159079812,114.7187008327908
1859,KBS_GwangJu.csv,59,159.53188407204368,115.44314320882161
1860,KBS_GwangJu.csv,60,161.0316200949929,113.53081173366971
1861,KBS_GwangJu.csv,61,160.3144565929066,115.72272406684027
1862,KBS_GwangJu.csv,62,159.20481289950285,113.64270104302301
1863,KBS_GwangJu.csv,63,160.64448464133523,115.38240983751085
1864,KBS_GwangJu.csv,64,160.80056138472125,114.83834754096137
1865,KBS_GwangJu.csv,65,160.41799260919746,113.8047366672092
1866,KBS_GwangJu.csv,66,160.70168748335405,114.78237830268012
1867,KBS_GwangJu.csv,67,159.65300029407848,115.05660247802734
1868,KBS_GwangJu.csv,68,160.48405803333628,115.79175821940105
1869,KBS_GwangJu.csv,69,160.1526103626598,114.90766143798828
1870,KBS_GwangJu.csv,70,161.08592501553622,114.72071160210504
1871,KBS_GwangJu.csv,71,161.0906989357688,113.71242947048611
1872,KBS_GwangJu.csv,72,160.23942926580256,113.41701761881511
1873,KBS_GwangJu.csv,73,161.5345227328214,116.87977176242404
1874,KBS_GwangJu.csv,74,159.9316991632635,114.5491926405165
1875,KBS_GwangJu.csv,75,160.75172701748934,115.71350182427301
1876,KBS_GwangJu.csv,76,159.1081143465909,114.9620853000217
1877,KBS_GwangJu.csv,77,159.5725214177912,114.50196414523654
1878,KBS_GwangJu.csv,78,160.09789345481178,115.30733150906033
1879,KBS_GwangJu.csv,79,160.1829702203924,115.69633907741971
1880,KBS_GwangJu.csv,80,160.2994036587802,115.90369754367404
1881,KBS_GwangJu.csv,81,160.31506916392934,114.61446804470486
1882,KBS_GwangJu.csv,82,160.74547674005683,115.29575686984592
1883,KBS_GwangJu.csv,83,160.55891682017932,114.87673780653212
1884,KBS_GwangJu.csv,84,160.35059301202946,114.61734008789062
1885,KBS_GwangJu.csv,85,160.62676266756924,114.1754616631402
1886,KBS_GwangJu.csv,86,159.27845070578834,114.86213853624132
1887,KBS_GwangJu.csv,87,160.1964021162553,114.0580571492513
1888,KBS_GwangJu.csv,88,159.2181628140536,114.45722791883681
1889,KBS_GwangJu.csv,89,159.63503626043146,114.29061041937933
1890,KBS_GwangJu.csv,90,159.37049643776635,115.05219607883029
1891,KBS_GwangJu.csv,91,160.63027121803978,114.59587012396918
1892,KBS_GwangJu.csv,92,160.19254067160867,114.72792222764757
1893,KBS_GwangJu.csv,93,160.92978196577593,114.80530124240451
1894,KBS_GwangJu.csv,94,160.97075306285512,114.88764360215929
1895,KBS_GwangJu.csv,95,160.26795432350852,114.90740288628473
1896,KBS_GwangJu.csv,96,159.3203678477894,115.01072777642145
1897,KBS_GwangJu.csv,97,160.0397042014382,115.02713182237413
1898,KBS_GwangJu.csv,98,161.39774905118074,114.96695200602214
1899,KBS_GwangJu.csv,99,160.36778120561078,114.90724605984158
1900,KBS_GwangJu.csv,100,160.54345883456145,114.88896772596571
