global_epoch,task,epoch_in_task,train_loss,val_loss
1,MBC_CheongJu.csv,1,200.0,200.0
2,MBC_CheongJu.csv,2,200.0,200.0
3,MBC_CheongJu.csv,3,200.0,200.0
4,MBC_CheongJu.csv,4,200.0,200.0
5,MBC_CheongJu.csv,5,200.0,200.0
6,MBC_CheongJu.csv,6,200.0,200.0
7,MBC_CheongJu.csv,7,200.0,200.0
8,MBC_CheongJu.csv,8,200.0,200.0
9,MBC_CheongJu.csv,9,200.0,200.0
10,MBC_CheongJu.csv,10,200.0,200.0
11,MBC_CheongJu.csv,11,200.0,200.0
12,MBC_CheongJu.csv,12,200.0,200.0
13,MBC_CheongJu.csv,13,189.48623106214734,170.55170186360678
14,MBC_CheongJu.csv,14,148.2170935736762,136.72054290771484
15,MBC_CheongJu.csv,15,128.02973153856067,117.74538167317708
16,MBC_CheongJu.csv,16,112.64392746819391,105.4896977742513
17,MBC_CheongJu.csv,17,104.58409542507596,99.81345113118489
18,MBC_CheongJu.csv,18,102.44195323520236,96.68709479437933
19,MBC_CheongJu.csv,19,99.19552527533637,96.07816992865668
20,MBC_CheongJu.csv,20,97.62843068440755,94.31489902072482
21,MBC_CheongJu.csv,21,97.66811879475911,95.26150258382161
22,MBC_CheongJu.csv,22,96.64270655314128,93.78836992051866
23,MBC_CheongJu.csv,23,96.84831428527832,93.73131985134549
24,MBC_CheongJu.csv,24,97.84497006734212,93.77725897894965
25,MBC_CheongJu.csv,25,97.08881653679742,93.77634599473741
26,MBC_CheongJu.csv,26,96.6936272515191,98.13584899902344
27,MBC_CheongJu.csv,27,97.81285222371419,94.64775254991319
28,MBC_CheongJu.csv,28,97.04358821445041,94.63439263237848
29,MBC_CheongJu.csv,29,96.74091042412653,94.75065188937717
30,MBC_CheongJu.csv,30,97.25272560119629,93.58760070800781
31,MBC_CheongJu.csv,31,96.55324872334798,93.74942101372613
32,MBC_CheongJu.csv,32,96.58387607998318,93.68345048692491
33,MBC_CheongJu.csv,33,96.83367686801486,93.71080186631944
34,MBC_CheongJu.csv,34,96.18090057373047,93.66717444525824
35,MBC_CheongJu.csv,35,96.93740484449599,93.61179436577692
36,MBC_CheongJu.csv,36,96.69888983832465,93.65667300754123
37,MBC_CheongJu.csv,37,96.0551856358846,93.94249047173395
38,MBC_CheongJu.csv,38,96.1342437532213,93.71252102322049
39,MBC_CheongJu.csv,39,96.9262866973877,95.47367180718317
40,MBC_CheongJu.csv,40,96.83941268920898,93.62894439697266
41,MBC_CheongJu.csv,41,96.53594038221571,93.7806879679362
42,MBC_CheongJu.csv,42,97.12167633904352,93.6480975680881
43,MBC_CheongJu.csv,43,97.03027386135525,93.59157138400607
44,MBC_CheongJu.csv,44,96.68381288316515,94.19767252604167
45,MBC_CheongJu.csv,45,97.17919709947374,93.57593027750652
46,MBC_CheongJu.csv,46,97.22629102071126,93.6102049085829
47,MBC_CheongJu.csv,47,97.73974100748698,94.20865292019315
48,MBC_CheongJu.csv,48,97.10347896152072,93.53324211968317
49,MBC_CheongJu.csv,49,96.64536921183269,93.59895324707031
50,MBC_CheongJu.csv,50,98.1085917154948,93.75367228190105
51,MBC_CheongJu.csv,51,96.69916682773166,93.67386796739366
52,MBC_CheongJu.csv,52,96.3250035179986,93.69227684868707
53,MBC_CheongJu.csv,53,96.39373673333063,93.95109134250217
54,MBC_CheongJu.csv,54,96.92681630452473,93.9016825358073
55,MBC_CheongJu.csv,55,96.95517900254991,93.68721093071832
56,MBC_CheongJu.csv,56,97.36454306708441,93.64965057373047
57,MBC_CheongJu.csv,57,97.06384425693088,94.52402581108942
58,MBC_CheongJu.csv,58,97.78348943922255,93.53975338406033
59,MBC_CheongJu.csv,59,96.24497943454318,93.98546006944444
60,MBC_CheongJu.csv,60,96.72086482577853,93.66522894965277
61,MBC_CheongJu.csv,61,96.56866306728787,93.58132086859808
62,MBC_CheongJu.csv,62,96.70601971944173,93.52041371663411
63,MBC_CheongJu.csv,63,97.22743055555556,93.54052819146051
64,MBC_CheongJu.csv,64,96.40928035312228,93.5633061726888
65,MBC_CheongJu.csv,65,96.35771475897894,93.52872551812067
66,MBC_CheongJu.csv,66,97.10146162245009,94.72951253255208
67,MBC_CheongJu.csv,67,98.48702663845486,94.00307125515408
68,MBC_CheongJu.csv,68,96.33232710096571,93.5395745171441
69,MBC_CheongJu.csv,69,96.50913619995117,93.79325103759766
70,MBC_CheongJu.csv,70,96.69419373406305,93.59293450249567
71,MBC_CheongJu.csv,71,96.71223407321506,93.78116607666016
72,MBC_CheongJu.csv,72,97.11955388387044,93.93417527940538
73,MBC_CheongJu.csv,73,97.0710146162245,93.73084937201605
74,MBC_CheongJu.csv,74,96.45254686143663,93.63013882107205
75,MBC_CheongJu.csv,75,96.50363477071126,94.00503285725911
76,MBC_CheongJu.csv,76,97.00605816311307,93.6783218383789
77,MBC_CheongJu.csv,77,96.37022272745769,93.81171756320529
78,MBC_CheongJu.csv,78,96.12376997205946,93.62249586317274
79,MBC_CheongJu.csv,79,96.42170821295844,93.56089697943793
80,MBC_CheongJu.csv,80,96.55522918701172,93.96719445122613
81,MBC_CheongJu.csv,81,96.12849680582683,93.85203382703993
82,MBC_CheongJu.csv,82,96.52626270718045,93.75812700059679
83,MBC_CheongJu.csv,83,96.68088997734918,93.7970479329427
84,MBC_CheongJu.csv,84,97.44131681654189,93.79920535617404
85,MBC_CheongJu.csv,85,96.48839145236545,93.64349026150174
86,MBC_CheongJu.csv,86,96.72770182291667,93.73321278889973
87,MBC_CheongJu.csv,87,96.36051644219293,93.68171776665582
88,MBC_CheongJu.csv,88,96.15116797553168,93.74693298339844
89,MBC_CheongJu.csv,89,97.37036577860515,93.6718512641059
90,MBC_CheongJu.csv,90,96.79272821214464,93.66604529486762
91,MBC_CheongJu.csv,91,96.42033301459418,93.72976769341363
92,MBC_CheongJu.csv,92,96.54168298509386,93.712646484375
93,MBC_CheongJu.csv,93,96.6116271548801,93.70822991265192
94,MBC_CheongJu.csv,94,96.5208273993598,93.75252448187933
95,MBC_CheongJu.csv,95,96.40822092692058,93.70256212022569
96,MBC_CheongJu.csv,96,96.72577709621854,93.66920386420355
97,MBC_CheongJu.csv,97,96.42310545179579,93.69122144911024
98,MBC_CheongJu.csv,98,96.73723136054144,93.68529764811198
99,MBC_CheongJu.csv,99,96.12456639607747,93.67904493543837
100,MBC_CheongJu.csv,100,96.24924553765192,93.68362087673611
101,Broad_CheongJu.csv,1,200.0,200.0
102,Broad_CheongJu.csv,2,200.0,200.0
103,Broad_CheongJu.csv,3,200.0,200.0
104,Broad_CheongJu.csv,4,200.0,200.0
105,Broad_CheongJu.csv,5,200.0,200.0
106,Broad_CheongJu.csv,6,200.0,200.0
107,Broad_CheongJu.csv,7,200.0,200.0
108,Broad_CheongJu.csv,8,200.0,200.0
109,Broad_CheongJu.csv,9,200.0,200.0
110,Broad_CheongJu.csv,10,200.0,200.0
111,Broad_CheongJu.csv,11,200.0,200.0
112,Broad_CheongJu.csv,12,200.0,200.0
113,Broad_CheongJu.csv,13,200.0,200.0
114,Broad_CheongJu.csv,14,200.0,200.0
115,Broad_CheongJu.csv,15,200.0,200.0
116,Broad_CheongJu.csv,16,200.0,200.0
117,Broad_CheongJu.csv,17,200.0,200.0
118,Broad_CheongJu.csv,18,200.0,200.0
119,Broad_CheongJu.csv,19,200.0,200.0
120,Broad_CheongJu.csv,20,200.0,200.0
121,Broad_CheongJu.csv,21,200.0,200.0
122,Broad_CheongJu.csv,22,200.0,200.0
123,Broad_CheongJu.csv,23,200.0,200.0
124,Broad_CheongJu.csv,24,200.0,200.0
125,Broad_CheongJu.csv,25,200.0,200.0
126,Broad_CheongJu.csv,26,200.0,200.0
127,Broad_CheongJu.csv,27,200.0,200.0
128,Broad_CheongJu.csv,28,200.0,200.0
129,Broad_CheongJu.csv,29,200.0,200.0
130,Broad_CheongJu.csv,30,200.0,200.0
131,Broad_CheongJu.csv,31,200.0,200.0
132,Broad_CheongJu.csv,32,200.0,200.0
133,Broad_CheongJu.csv,33,200.0,200.0
134,Broad_CheongJu.csv,34,200.0,200.0
135,Broad_CheongJu.csv,35,200.0,200.0
136,Broad_CheongJu.csv,36,200.0,200.0
137,Broad_CheongJu.csv,37,200.0,200.0
138,Broad_CheongJu.csv,38,200.0,200.0
139,Broad_CheongJu.csv,39,200.0,200.0
140,Broad_CheongJu.csv,40,200.0,200.0
141,Broad_CheongJu.csv,41,200.0,200.0
142,Broad_CheongJu.csv,42,200.0,200.0
143,Broad_CheongJu.csv,43,200.0,200.0
144,Broad_CheongJu.csv,44,200.0,200.0
145,Broad_CheongJu.csv,45,200.0,200.0
146,Broad_CheongJu.csv,46,200.0,200.0
147,Broad_CheongJu.csv,47,200.0,200.0
148,Broad_CheongJu.csv,48,200.0,200.0
149,Broad_CheongJu.csv,49,200.0,200.0
150,Broad_CheongJu.csv,50,200.0,200.0
151,Broad_CheongJu.csv,51,200.0,200.0
152,Broad_CheongJu.csv,52,200.0,200.0
153,Broad_CheongJu.csv,53,200.0,200.0
154,Broad_CheongJu.csv,54,200.0,200.0
155,Broad_CheongJu.csv,55,200.0,200.0
156,Broad_CheongJu.csv,56,200.0,200.0
157,Broad_CheongJu.csv,57,200.0,200.0
158,Broad_CheongJu.csv,58,200.0,200.0
159,Broad_CheongJu.csv,59,200.0,200.0
160,Broad_CheongJu.csv,60,200.0,200.0
161,Broad_CheongJu.csv,61,200.0,200.0
162,Broad_CheongJu.csv,62,200.0,200.0
163,Broad_CheongJu.csv,63,200.0,200.0
164,Broad_CheongJu.csv,64,200.0,200.0
165,Broad_CheongJu.csv,65,200.0,200.0
166,Broad_CheongJu.csv,66,200.0,200.0
167,Broad_CheongJu.csv,67,200.0,200.0
168,Broad_CheongJu.csv,68,200.0,200.0
169,Broad_CheongJu.csv,69,200.0,200.0
170,Broad_CheongJu.csv,70,200.0,200.0
171,Broad_CheongJu.csv,71,200.0,200.0
172,Broad_CheongJu.csv,72,200.0,200.0
173,Broad_CheongJu.csv,73,200.0,200.0
174,Broad_CheongJu.csv,74,200.0,200.0
175,Broad_CheongJu.csv,75,200.0,200.0
176,Broad_CheongJu.csv,76,200.0,200.0
177,Broad_CheongJu.csv,77,200.0,200.0
178,Broad_CheongJu.csv,78,200.0,200.0
179,Broad_CheongJu.csv,79,200.0,200.0
180,Broad_CheongJu.csv,80,200.0,200.0
181,Broad_CheongJu.csv,81,200.0,200.0
182,Broad_CheongJu.csv,82,200.0,200.0
183,Broad_CheongJu.csv,83,200.0,200.0
184,Broad_CheongJu.csv,84,200.0,200.0
185,Broad_CheongJu.csv,85,200.0,200.0
186,Broad_CheongJu.csv,86,200.0,200.0
187,Broad_CheongJu.csv,87,200.0,200.0
188,Broad_CheongJu.csv,88,200.0,200.0
189,Broad_CheongJu.csv,89,200.0,200.0
190,Broad_CheongJu.csv,90,200.0,200.0
191,Broad_CheongJu.csv,91,200.0,200.0
192,Broad_CheongJu.csv,92,200.0,200.0
193,Broad_CheongJu.csv,93,200.0,200.0
194,Broad_CheongJu.csv,94,200.0,200.0
195,Broad_CheongJu.csv,95,200.0,200.0
196,Broad_CheongJu.csv,96,200.0,200.0
197,Broad_CheongJu.csv,97,200.0,200.0
198,Broad_CheongJu.csv,98,200.0,200.0
199,Broad_CheongJu.csv,99,200.0,200.0
200,Broad_CheongJu.csv,100,200.0,200.0
201,MBC_DaeJeon.csv,1,200.0,200.0
202,MBC_DaeJeon.csv,2,200.0,200.0
203,MBC_DaeJeon.csv,3,200.0,200.0
204,MBC_DaeJeon.csv,4,200.0,200.0
205,MBC_DaeJeon.csv,5,199.2216459794478,113.50216420491536
206,MBC_DaeJeon.csv,6,200.27405464865944,116.01363457573785
207,MBC_DaeJeon.csv,7,200.25352436412464,115.27981736924913
208,MBC_DaeJeon.csv,8,201.24383378462358,113.79589080810547
209,MBC_DaeJeon.csv,9,200.09833651455966,113.68439568413629
210,MBC_DaeJeon.csv,10,200.04706587357956,118.02734968397353
211,MBC_DaeJeon.csv,11,199.743918540261,111.49106174045139
212,MBC_DaeJeon.csv,12,200.16588897705077,112.76180267333984
213,MBC_DaeJeon.csv,13,199.90698269930752,116.16440836588542
214,MBC_DaeJeon.csv,14,199.87675517689098,113.10443793402777
215,MBC_DaeJeon.csv,15,200.19207403009588,117.88973744710286
216,MBC_DaeJeon.csv,16,200.78184342817826,128.8747617933485
217,MBC_DaeJeon.csv,17,200.15354919433594,114.93721262613933
218,MBC_DaeJeon.csv,18,199.8764179576527,116.12239668104384
219,MBC_DaeJeon.csv,19,199.5140017422763,116.31034427218967
220,MBC_DaeJeon.csv,20,200.35236289284447,117.50410291883681
221,MBC_DaeJeon.csv,21,200.0560341574929,113.46132320827908
222,MBC_DaeJeon.csv,22,200.615549399636,124.34998914930556
223,MBC_DaeJeon.csv,23,199.36516168767756,121.94053649902344
224,MBC_DaeJeon.csv,24,199.96194416392933,109.78612942165799
225,MBC_DaeJeon.csv,25,200.62342917702415,117.12603420681424
226,MBC_DaeJeon.csv,26,199.57510251131924,119.78027852376302
227,MBC_DaeJeon.csv,27,200.83837835138493,120.41862233479817
228,MBC_DaeJeon.csv,28,201.3861781727184,116.06201934814453
229,MBC_DaeJeon.csv,29,200.1610561024059,114.5534913804796
230,MBC_DaeJeon.csv,30,199.2209479592063,116.07507578531902
231,MBC_DaeJeon.csv,31,199.37318864302202,117.19335344102647
232,MBC_DaeJeon.csv,32,199.8539779663086,110.9104266696506
233,MBC_DaeJeon.csv,33,200.78461650501598,117.81698777940538
234,MBC_DaeJeon.csv,34,200.90106395374644,116.55971103244357
235,MBC_DaeJeon.csv,35,200.68972389914774,115.43233405219183
236,MBC_DaeJeon.csv,36,199.0322548606179,114.64928351508246
237,MBC_DaeJeon.csv,37,200.25862523859197,119.91038174099393
238,MBC_DaeJeon.csv,38,200.38239801580255,112.14951494004991
239,MBC_DaeJeon.csv,39,200.44782811945134,110.64683702256944
240,MBC_DaeJeon.csv,40,199.9726151899858,113.57947540283203
241,MBC_DaeJeon.csv,41,200.69014975807883,111.41942342122395
242,MBC_DaeJeon.csv,42,199.64601454301314,112.1547097100152
243,MBC_DaeJeon.csv,43,199.22762520530006,111.20232645670573
244,MBC_DaeJeon.csv,44,199.76506014737217,115.83892313639323
245,MBC_DaeJeon.csv,45,200.68736877441407,115.22640397813585
246,MBC_DaeJeon.csv,46,199.4185093272816,118.48096211751302
247,MBC_DaeJeon.csv,47,199.4079032204368,110.91727362738715
248,MBC_DaeJeon.csv,48,199.0237909490412,115.99821387396918
249,MBC_DaeJeon.csv,49,199.80510198419745,116.49093627929688
250,MBC_DaeJeon.csv,50,200.2847152709961,110.55343712700738
251,MBC_DaeJeon.csv,51,198.97489818226208,114.51792483859592
252,MBC_DaeJeon.csv,52,200.03830136385832,117.71723514133029
253,MBC_DaeJeon.csv,53,199.41481794877487,117.3549541897244
254,MBC_DaeJeon.csv,54,200.40643698952414,116.23407491048177
255,MBC_DaeJeon.csv,55,199.38208618164063,114.5859637790256
256,MBC_DaeJeon.csv,56,198.90949332497337,116.81658681233723
257,MBC_DaeJeon.csv,57,199.05909035422584,116.67537180582683
258,MBC_DaeJeon.csv,58,199.70185671719636,120.62852393256293
259,MBC_DaeJeon.csv,59,199.48773124001244,115.93594614664714
260,MBC_DaeJeon.csv,60,199.65255973122336,115.44768439398871
261,MBC_DaeJeon.csv,61,199.93922202370385,114.59484185112848
262,MBC_DaeJeon.csv,62,199.69334938742898,115.88720024956598
263,MBC_DaeJeon.csv,63,199.38503237637607,112.61709849039714
264,MBC_DaeJeon.csv,64,199.7747496171431,116.48829650878906
265,MBC_DaeJeon.csv,65,200.40835279984907,115.08178626166449
266,MBC_DaeJeon.csv,66,200.33531618985262,116.1222152709961
267,MBC_DaeJeon.csv,67,200.2574858231978,113.9461932712131
268,MBC_DaeJeon.csv,68,199.92931546297942,113.35520680745442
269,MBC_DaeJeon.csv,69,199.29111189408735,113.52447001139323
270,MBC_DaeJeon.csv,70,200.0486619429155,115.29381391737196
271,MBC_DaeJeon.csv,71,199.0970560247248,113.05283864339192
272,MBC_DaeJeon.csv,72,199.1103539206765,112.66123369004991
273,MBC_DaeJeon.csv,73,200.72343958074396,113.30687289767795
274,MBC_DaeJeon.csv,74,199.34493824351918,113.61449178059895
275,MBC_DaeJeon.csv,75,199.33632840243254,113.92253875732422
276,MBC_DaeJeon.csv,76,198.89801302823153,115.14750501844618
277,MBC_DaeJeon.csv,77,199.23908469460227,115.25089772542317
278,MBC_DaeJeon.csv,78,199.10093577991833,116.86555904812283
279,MBC_DaeJeon.csv,79,198.6135923905806,114.39444817437067
280,MBC_DaeJeon.csv,80,199.60407576127486,116.31581115722656
281,MBC_DaeJeon.csv,81,197.6650638927113,113.62215847439236
282,MBC_DaeJeon.csv,82,198.20577323219993,115.43497127956815
283,MBC_DaeJeon.csv,83,198.8337054165927,113.84344228108723
284,MBC_DaeJeon.csv,84,199.23854411732066,115.05152214898004
285,MBC_DaeJeon.csv,85,199.39647730047054,113.84623040093317
286,MBC_DaeJeon.csv,86,198.21701299493964,113.96773020426433
287,MBC_DaeJeon.csv,87,198.19946427778765,114.68831634521484
288,MBC_DaeJeon.csv,88,198.81491407914595,114.87843237982855
289,MBC_DaeJeon.csv,89,199.29532512318005,114.46530659993489
290,MBC_DaeJeon.csv,90,198.5391365744851,114.42297024197049
291,MBC_DaeJeon.csv,91,199.02967834472656,114.63348049587674
292,MBC_DaeJeon.csv,92,199.5326346657493,114.78885226779514
293,MBC_DaeJeon.csv,93,198.20377849232068,114.56463538275824
294,MBC_DaeJeon.csv,94,199.44090076793324,114.89115651448567
295,MBC_DaeJeon.csv,95,199.3646201393821,114.79752010769315
296,MBC_DaeJeon.csv,96,199.53855008212003,114.90633646647136
297,MBC_DaeJeon.csv,97,199.97296267422763,114.99205186631944
298,MBC_DaeJeon.csv,98,198.8373228593306,114.90499369303386
299,MBC_DaeJeon.csv,99,198.4387451171875,114.91328514946832
300,MBC_DaeJeon.csv,100,198.77422291148793,114.84296417236328
301,KBS_DaeJeon.csv,1,164.83997733376242,97.0127190483941
302,KBS_DaeJeon.csv,2,164.08673789284447,96.7413084242079
303,KBS_DaeJeon.csv,3,163.88636738170277,96.57537417941623
304,KBS_DaeJeon.csv,4,163.8741796320135,96.62082417805989
305,KBS_DaeJeon.csv,5,163.64784254594284,96.44351281060113
306,KBS_DaeJeon.csv,6,163.94468633478337,96.00990210639105
307,KBS_DaeJeon.csv,7,162.7080395785245,97.70595296223958
308,KBS_DaeJeon.csv,8,163.65356972434304,97.57102881537543
309,KBS_DaeJeon.csv,9,163.8370383522727,96.15527598063152
310,KBS_DaeJeon.csv,10,164.2872880415483,99.43899197048611
311,KBS_DaeJeon.csv,11,163.26020105535335,97.23712412516277
312,KBS_DaeJeon.csv,12,162.7157427701083,95.5831544664171
313,KBS_DaeJeon.csv,13,163.4669328169389,96.35253991021051
314,KBS_DaeJeon.csv,14,163.81603476784446,96.41948530409071
315,KBS_DaeJeon.csv,15,164.05928303111682,95.40877702501085
316,KBS_DaeJeon.csv,16,162.0567367553711,95.76532575819228
317,KBS_DaeJeon.csv,17,163.06766315806996,96.47610643174913
318,KBS_DaeJeon.csv,18,163.772292397239,95.65266587999132
319,KBS_DaeJeon.csv,19,163.57508461692117,97.06136661105685
320,KBS_DaeJeon.csv,20,162.97586808638138,95.9436518351237
321,KBS_DaeJeon.csv,21,163.43527693314985,95.3712649875217
322,KBS_DaeJeon.csv,22,163.72162378484552,95.92082977294922
323,KBS_DaeJeon.csv,23,162.6426807750355,96.59514872233073
324,KBS_DaeJeon.csv,24,163.0075420032848,99.09368048773871
325,KBS_DaeJeon.csv,25,163.00572093616833,97.15942721896701
326,KBS_DaeJeon.csv,26,163.86962391246448,96.61333296034071
327,KBS_DaeJeon.csv,27,162.88717803955078,95.23755137125652
328,KBS_DaeJeon.csv,28,163.1399176857688,96.64764149983723
329,KBS_DaeJeon.csv,29,163.8828772804954,95.19371965196397
330,KBS_DaeJeon.csv,30,162.35577780983664,96.3947041829427
331,KBS_DaeJeon.csv,31,163.431562389027,96.53018018934462
332,KBS_DaeJeon.csv,32,164.22027643377132,96.97688547770183
333,KBS_DaeJeon.csv,33,163.48136222145774,96.03811560736762
334,KBS_DaeJeon.csv,34,163.9361366965554,96.64863416883681
335,KBS_DaeJeon.csv,35,162.48537070534445,94.61404588487413
336,KBS_DaeJeon.csv,36,162.55688490434127,98.5219489203559
337,KBS_DaeJeon.csv,37,161.94317737926136,96.8525153266059
338,KBS_DaeJeon.csv,38,162.37169980135832,95.05217912462022
339,KBS_DaeJeon.csv,39,162.36308801824396,96.45864020453558
340,KBS_DaeJeon.csv,40,161.95363394997338,94.34354061550565
341,KBS_DaeJeon.csv,41,162.729987820712,95.05694919162326
342,KBS_DaeJeon.csv,42,163.9841092196378,94.92368994818793
343,KBS_DaeJeon.csv,43,162.02222387140446,96.11125946044922
344,KBS_DaeJeon.csv,44,162.0620447332209,94.34274122450087
345,KBS_DaeJeon.csv,45,162.22843877618962,94.75482516818576
346,KBS_DaeJeon.csv,46,161.81972961425782,94.79729715983073
347,KBS_DaeJeon.csv,47,161.46821400035512,96.35504743787978
348,KBS_DaeJeon.csv,48,161.68296148126777,96.56328837076823
349,KBS_DaeJeon.csv,49,161.32525759610263,95.0955564710829
350,KBS_DaeJeon.csv,50,161.9978965065696,95.79995557996962
351,KBS_DaeJeon.csv,51,162.01348100142044,97.59616597493489
352,KBS_DaeJeon.csv,52,162.02709003795277,96.06643337673611
353,KBS_DaeJeon.csv,53,161.14504713578657,94.04127417670355
354,KBS_DaeJeon.csv,54,161.8252084905451,95.34688483344183
355,KBS_DaeJeon.csv,55,161.04516920609908,96.72130839029948
356,KBS_DaeJeon.csv,56,161.85169691606,97.8595954047309
357,KBS_DaeJeon.csv,57,161.55825805664062,94.01294877794054
358,KBS_DaeJeon.csv,58,161.45053156072444,96.04598999023438
359,KBS_DaeJeon.csv,59,161.92301136363636,96.74979994032118
360,KBS_DaeJeon.csv,60,162.14299455122514,94.146238538954
361,KBS_DaeJeon.csv,61,160.89947426535866,97.20977189805772
362,KBS_DaeJeon.csv,62,162.1640032681552,95.63040839301215
363,KBS_DaeJeon.csv,63,161.37292008833452,95.97570037841797
364,KBS_DaeJeon.csv,64,160.5623705777255,94.17245822482639
365,KBS_DaeJeon.csv,65,160.90238148082386,95.75277370876736
366,KBS_DaeJeon.csv,66,161.331686817516,95.16326141357422
367,KBS_DaeJeon.csv,67,161.60793748335405,93.87246365017361
368,KBS_DaeJeon.csv,68,160.8843428178267,94.08409966362848
369,KBS_DaeJeon.csv,69,160.70375504927202,95.58064100477431
370,KBS_DaeJeon.csv,70,161.39082752574575,94.19635094536676
371,KBS_DaeJeon.csv,71,161.48830275102094,94.96745469835069
372,KBS_DaeJeon.csv,72,160.61560932506214,95.02443949381511
373,KBS_DaeJeon.csv,73,160.80747098055753,94.44504123263889
374,KBS_DaeJeon.csv,74,161.3898794000799,94.53340657552083
375,KBS_DaeJeon.csv,75,161.34581534645775,94.69850158691406
376,KBS_DaeJeon.csv,76,161.39220386851918,94.42280578613281
377,KBS_DaeJeon.csv,77,161.20034498734907,93.99960581461589
378,KBS_DaeJeon.csv,78,161.18194635564632,94.09679073757596
379,KBS_DaeJeon.csv,79,160.2818270596591,94.66484747992621
380,KBS_DaeJeon.csv,80,160.9510195645419,94.39739990234375
381,KBS_DaeJeon.csv,81,160.50776339444246,94.62437015109592
382,KBS_DaeJeon.csv,82,160.54795601584695,95.43941752115886
383,KBS_DaeJeon.csv,83,160.3866618763317,94.61534796820746
384,KBS_DaeJeon.csv,84,160.6794980135831,93.87533738878038
385,KBS_DaeJeon.csv,85,161.63482971191405,95.17451477050781
386,KBS_DaeJeon.csv,86,161.31243785511364,94.26716698540582
387,KBS_DaeJeon.csv,87,160.67659912109374,94.23694610595703
388,KBS_DaeJeon.csv,88,160.4106564608487,94.27097066243489
389,KBS_DaeJeon.csv,89,160.26335338245738,94.82628377278645
390,KBS_DaeJeon.csv,90,160.98613600297406,94.28438313802083
391,KBS_DaeJeon.csv,91,160.3695940884677,94.84462229410808
392,KBS_DaeJeon.csv,92,161.2678432117809,94.75591617160373
393,KBS_DaeJeon.csv,93,160.852099609375,94.55404917399089
394,KBS_DaeJeon.csv,94,161.37259826660156,94.65133921305339
395,KBS_DaeJeon.csv,95,161.45549177689986,94.53651173909505
396,KBS_DaeJeon.csv,96,160.38667782870206,94.62083943684895
397,KBS_DaeJeon.csv,97,160.4325141213157,94.61264377170139
398,KBS_DaeJeon.csv,98,160.9269896073775,94.5486568874783
399,KBS_DaeJeon.csv,99,160.56866677024146,94.51849450005426
400,KBS_DaeJeon.csv,100,160.47971066561612,94.5235104031033
401,CMB_DaeJeon.csv,1,148.9548998746005,102.40660603841145
402,CMB_DaeJeon.csv,2,150.13752219460227,102.01937527126736
403,CMB_DaeJeon.csv,3,149.11862709738992,105.58861372205946
404,CMB_DaeJeon.csv,4,149.4938158902255,102.59429677327473
405,CMB_DaeJeon.csv,5,149.55336747602982,102.24979400634766
406,CMB_DaeJeon.csv,6,149.68075741854582,102.05030907524957
407,CMB_DaeJeon.csv,7,148.21989080255682,101.5625974867079
408,CMB_DaeJeon.csv,8,149.2408695567738,101.54919179280598
409,CMB_DaeJeon.csv,9,147.9859398581765,101.54512108696832
410,CMB_DaeJeon.csv,10,149.32551103071734,101.12762705485027
411,CMB_DaeJeon.csv,11,148.13132296475496,100.97586059570312
412,CMB_DaeJeon.csv,12,147.83224972811612,100.84162055121527
413,CMB_DaeJeon.csv,13,148.1161345048384,100.8567623562283
414,CMB_DaeJeon.csv,14,148.50491333007812,101.47472127278645
415,CMB_DaeJeon.csv,15,146.92485420920633,102.16906060112848
416,CMB_DaeJeon.csv,16,148.192172796076,100.6118401421441
417,CMB_DaeJeon.csv,17,147.65887465043502,100.32812415228949
418,CMB_DaeJeon.csv,18,147.98670432350852,100.16655646430121
419,CMB_DaeJeon.csv,19,147.69700081565162,99.95772722032335
420,CMB_DaeJeon.csv,20,147.9583632035689,101.91288418240018
421,CMB_DaeJeon.csv,21,147.46154382879084,99.7964579264323
422,CMB_DaeJeon.csv,22,146.8413980657404,100.22273678249783
423,CMB_DaeJeon.csv,23,146.87740298184482,100.58247884114583
424,CMB_DaeJeon.csv,24,146.58399117209694,99.5669937133789
425,CMB_DaeJeon.csv,25,147.07378234863282,100.47056410047743
426,CMB_DaeJeon.csv,26,146.98921619762075,100.38225470648871
427,CMB_DaeJeon.csv,27,146.05482954545454,99.173828125
428,CMB_DaeJeon.csv,28,146.6874427101829,98.61754692925348
429,CMB_DaeJeon.csv,29,146.46098452481357,98.42470126681857
430,CMB_DaeJeon.csv,30,148.2923385620117,98.56442599826389
431,CMB_DaeJeon.csv,31,146.48363189697267,98.25566524929471
432,CMB_DaeJeon.csv,32,146.12893815474078,99.25569491916232
433,CMB_DaeJeon.csv,33,145.21313851096414,98.0814454820421
434,CMB_DaeJeon.csv,34,145.9833433671431,98.15338728162978
435,CMB_DaeJeon.csv,35,145.91145116632634,98.17388153076172
436,CMB_DaeJeon.csv,36,145.5797544999556,97.66690656873915
437,CMB_DaeJeon.csv,37,146.4293569391424,97.95514000786676
438,CMB_DaeJeon.csv,38,145.61492753462358,97.85792626274957
439,CMB_DaeJeon.csv,39,144.98803253173827,97.20947774251302
440,CMB_DaeJeon.csv,40,144.92999808571557,97.30703481038411
441,CMB_DaeJeon.csv,41,145.20483856201173,97.39437442355685
442,CMB_DaeJeon.csv,42,145.14696835604582,97.88311937120226
443,CMB_DaeJeon.csv,43,144.904577775435,99.37482113308377
444,CMB_DaeJeon.csv,44,144.89697237881748,97.14971076117621
445,CMB_DaeJeon.csv,45,145.041328014027,97.04427761501736
446,CMB_DaeJeon.csv,46,145.08410145152698,96.87945895724826
447,CMB_DaeJeon.csv,47,144.6602243596857,96.43178982204861
448,CMB_DaeJeon.csv,48,144.89637187610973,97.85841454399957
449,CMB_DaeJeon.csv,49,143.7563113125888,96.32334730360243
450,CMB_DaeJeon.csv,50,144.6046708540483,96.42160966661241
451,CMB_DaeJeon.csv,51,145.05290541215376,97.20688205295139
452,CMB_DaeJeon.csv,52,144.13192873868076,96.26680840386285
453,CMB_DaeJeon.csv,53,144.0521728515625,97.2942403157552
454,CMB_DaeJeon.csv,54,143.99082100608132,96.22980838351779
455,CMB_DaeJeon.csv,55,143.83228981711648,96.14640638563368
456,CMB_DaeJeon.csv,56,143.85041198730468,95.96577453613281
457,CMB_DaeJeon.csv,57,143.61319538463246,95.66456858317058
458,CMB_DaeJeon.csv,58,144.25388516512785,95.84237416585286
459,CMB_DaeJeon.csv,59,143.6934039029208,95.73024325900607
460,CMB_DaeJeon.csv,60,143.41409745649858,95.61175537109375
461,CMB_DaeJeon.csv,61,144.212766196511,95.56145816379123
462,CMB_DaeJeon.csv,62,143.48777854225852,95.3816180759006
463,CMB_DaeJeon.csv,63,143.26656799316407,95.46868133544922
464,CMB_DaeJeon.csv,64,143.76845300847833,95.38175879584418
465,CMB_DaeJeon.csv,65,143.44567593661222,95.30028194851346
466,CMB_DaeJeon.csv,66,143.6130910700018,95.27672915988498
467,CMB_DaeJeon.csv,67,143.59612135453656,95.19866858588324
468,CMB_DaeJeon.csv,68,143.79828033447265,96.40155537923177
469,CMB_DaeJeon.csv,69,143.678361788663,95.05757649739583
470,CMB_DaeJeon.csv,70,143.40512320778586,95.42073737250433
471,CMB_DaeJeon.csv,71,143.6722632668235,95.6019270155165
472,CMB_DaeJeon.csv,72,143.72136258212004,94.95860968695746
473,CMB_DaeJeon.csv,73,142.9572242043235,95.69869401719835
474,CMB_DaeJeon.csv,74,144.03519439697266,95.01181284586589
475,CMB_DaeJeon.csv,75,142.4649185180664,94.91483391655817
476,CMB_DaeJeon.csv,76,143.2365808660334,94.89057498508029
477,CMB_DaeJeon.csv,77,142.8327381480824,94.91606140136719
478,CMB_DaeJeon.csv,78,143.36021645285865,95.03080325656467
479,CMB_DaeJeon.csv,79,143.17286682128906,94.83830430772569
480,CMB_DaeJeon.csv,80,143.12867195822975,94.81535085042317
481,CMB_DaeJeon.csv,81,143.3087890625,94.91179487440321
482,CMB_DaeJeon.csv,82,142.5247271451083,94.85148451063368
483,CMB_DaeJeon.csv,83,142.0073002208363,95.02872551812067
484,CMB_DaeJeon.csv,84,142.54075386740945,94.74622005886502
485,CMB_DaeJeon.csv,85,142.90784065940164,94.75604587131076
486,CMB_DaeJeon.csv,86,142.76244701038706,94.90253194173177
487,CMB_DaeJeon.csv,87,142.05975105979226,94.78970252143012
488,CMB_DaeJeon.csv,88,142.58113555908204,94.83992597791884
489,CMB_DaeJeon.csv,89,142.73418384898793,94.75917646620009
490,CMB_DaeJeon.csv,90,142.90008766867896,94.83423614501953
491,CMB_DaeJeon.csv,91,142.4487188165838,94.81443701850043
492,CMB_DaeJeon.csv,92,143.03906582919035,94.7673102484809
493,CMB_DaeJeon.csv,93,142.73349387428976,94.81759219699435
494,CMB_DaeJeon.csv,94,142.07950425581498,94.79486677381728
495,CMB_DaeJeon.csv,95,143.22245344682173,94.74549950493707
496,CMB_DaeJeon.csv,96,142.9791379061612,94.75803968641493
497,CMB_DaeJeon.csv,97,143.26292405561966,94.78202395968967
498,CMB_DaeJeon.csv,98,143.06593419855292,94.77685885959201
499,CMB_DaeJeon.csv,99,142.9046961004084,94.7826156616211
500,CMB_DaeJeon.csv,100,142.23591017289596,94.78238084581163
501,MBC_ChungJu.csv,1,172.93634296764026,147.05828433566623
502,MBC_ChungJu.csv,2,169.50478765314276,146.22279018825955
503,MBC_ChungJu.csv,3,169.04926646839488,146.6720691257053
504,MBC_ChungJu.csv,4,168.6979844526811,145.89950391981336
505,MBC_ChungJu.csv,5,167.77835832075638,145.9905259874132
506,MBC_ChungJu.csv,6,168.11703616055576,146.95610894097223
507,MBC_ChungJu.csv,7,168.01384804465553,148.91279093424478
508,MBC_ChungJu.csv,8,168.64958620938387,143.0726352267795
509,MBC_ChungJu.csv,9,167.88961223255504,151.6966349283854
510,MBC_ChungJu.csv,10,168.6887466430664,143.77937486436633
511,MBC_ChungJu.csv,11,168.4173785122958,144.6788567437066
512,MBC_ChungJu.csv,12,168.37776794433594,149.69842698838977
513,MBC_ChungJu.csv,13,167.31266035600143,144.38743930392795
514,MBC_ChungJu.csv,14,167.0444867220792,145.76832411024304
515,MBC_ChungJu.csv,15,166.6622822154652,143.9311786227756
516,MBC_ChungJu.csv,16,167.6289516102184,141.15793779161243
517,MBC_ChungJu.csv,17,166.6268442327326,143.00962999131946
518,MBC_ChungJu.csv,18,166.812741505016,145.24722544352213
519,MBC_ChungJu.csv,19,166.6168848211115,143.40215894911023
520,MBC_ChungJu.csv,20,166.7912005337802,149.85135057237414
521,MBC_ChungJu.csv,21,166.94900387850674,144.304439968533
522,MBC_ChungJu.csv,22,166.55987396240235,147.9539557562934
523,MBC_ChungJu.csv,23,165.61248737681996,147.20792473687067
524,MBC_ChungJu.csv,24,165.90987174294213,150.0414310031467
525,MBC_ChungJu.csv,25,166.6470908425071,143.14247300889758
526,MBC_ChungJu.csv,26,165.40602375377307,143.72146352132162
527,MBC_ChungJu.csv,27,165.3797741976651,146.97420247395834
528,MBC_ChungJu.csv,28,166.24796267422764,142.832767062717
529,MBC_ChungJu.csv,29,164.87665113969283,143.8530502319336
530,MBC_ChungJu.csv,30,165.17979223077947,146.01085408528647
531,MBC_ChungJu.csv,31,165.8707523692738,139.1790568033854
532,MBC_ChungJu.csv,32,164.94690524014558,144.46358574761285
533,MBC_ChungJu.csv,33,165.04324063387784,144.55722384982639
534,MBC_ChungJu.csv,34,164.9424158269709,139.55069647894965
535,MBC_ChungJu.csv,35,164.8860855102539,146.38318379720053
536,MBC_ChungJu.csv,36,165.21042189164595,147.28638543023004
537,MBC_ChungJu.csv,37,164.73757462935015,143.72723727756076
538,MBC_ChungJu.csv,38,164.71600646972655,147.11294555664062
539,MBC_ChungJu.csv,39,165.07875088778408,139.9386969672309
540,MBC_ChungJu.csv,40,164.50022180730647,143.060055202908
541,MBC_ChungJu.csv,41,164.2951377175071,141.68075900607639
542,MBC_ChungJu.csv,42,163.98602170077237,141.30731709798178
543,MBC_ChungJu.csv,43,164.5207268454812,144.73722161187067
544,MBC_ChungJu.csv,44,164.0524042302912,142.87303670247397
545,MBC_ChungJu.csv,45,163.51019481312144,147.10301547580295
546,MBC_ChungJu.csv,46,163.41962627064098,141.16175927056207
547,MBC_ChungJu.csv,47,163.351418651234,141.30413903130426
548,MBC_ChungJu.csv,48,163.2640973177823,141.4587656656901
549,MBC_ChungJu.csv,49,163.99987085515804,139.71605258517795
550,MBC_ChungJu.csv,50,163.81511216597124,141.30913628472223
551,MBC_ChungJu.csv,51,162.74098635586824,140.1541052924262
552,MBC_ChungJu.csv,52,163.5957795576616,142.10064188639322
553,MBC_ChungJu.csv,53,162.70705191872338,144.21674601236978
554,MBC_ChungJu.csv,54,164.01250138716264,140.4253887600369
555,MBC_ChungJu.csv,55,162.96925492720172,140.48895433213977
556,MBC_ChungJu.csv,56,163.2592350352894,137.58184221055774
557,MBC_ChungJu.csv,57,162.55957572243432,141.10855441623264
558,MBC_ChungJu.csv,58,162.87113453258166,143.4327680799696
559,MBC_ChungJu.csv,59,162.5594268798828,141.2876731024848
560,MBC_ChungJu.csv,60,162.1416326349432,140.3125203450521
561,MBC_ChungJu.csv,61,162.02505132501776,139.76700676812067
562,MBC_ChungJu.csv,62,162.76716183749113,142.12298329671225
563,MBC_ChungJu.csv,63,162.5280413540927,141.23462083604602
564,MBC_ChungJu.csv,64,162.88036901300603,140.93379804823132
565,MBC_ChungJu.csv,65,162.5455315329812,140.54214562310113
566,MBC_ChungJu.csv,66,162.51699648770418,144.39545186360678
567,MBC_ChungJu.csv,67,162.80995774702592,140.96409606933594
568,MBC_ChungJu.csv,68,162.49883422851562,140.6004180908203
569,MBC_ChungJu.csv,69,162.7297607421875,142.34532419840494
570,MBC_ChungJu.csv,70,161.87199776389383,140.333615620931
571,MBC_ChungJu.csv,71,161.96649641557173,143.5731167263455
572,MBC_ChungJu.csv,72,162.0658289129084,142.38172319200305
573,MBC_ChungJu.csv,73,162.38613641912286,142.3576202392578
574,MBC_ChungJu.csv,74,161.42067177512428,140.34923892550998
575,MBC_ChungJu.csv,75,162.1181230024858,142.77244398328992
576,MBC_ChungJu.csv,76,161.48729761297054,140.23509724934897
577,MBC_ChungJu.csv,77,161.91258517178622,142.6391398111979
578,MBC_ChungJu.csv,78,161.8667658025568,140.15443420410156
579,MBC_ChungJu.csv,79,162.0689584905451,141.31441752115884
580,MBC_ChungJu.csv,80,161.93464050292968,141.50584665934244
581,MBC_ChungJu.csv,81,161.73454076593572,141.99583604600696
582,MBC_ChungJu.csv,82,161.8519860007546,142.77089606391058
583,MBC_ChungJu.csv,83,161.61987998268822,142.220580206977
584,MBC_ChungJu.csv,84,161.8725462480025,140.83414713541666
585,MBC_ChungJu.csv,85,162.00188987038354,142.36863369411893
586,MBC_ChungJu.csv,86,162.55963065407494,141.87002733018664
587,MBC_ChungJu.csv,87,161.82411748712713,140.50750901963977
588,MBC_ChungJu.csv,88,161.23127372048117,141.79083421495227
589,MBC_ChungJu.csv,89,161.54448297674006,141.84871249728732
590,MBC_ChungJu.csv,90,162.29012104381215,141.8137681749132
591,MBC_ChungJu.csv,91,161.14033993807706,141.0912119547526
592,MBC_ChungJu.csv,92,161.08150745738635,141.08912319607205
593,MBC_ChungJu.csv,93,161.91601049249823,141.3465287950304
594,MBC_ChungJu.csv,94,161.8140043778853,141.4414850870768
595,MBC_ChungJu.csv,95,162.33015192205255,141.28421020507812
596,MBC_ChungJu.csv,96,162.32854600386187,141.19933912489148
597,MBC_ChungJu.csv,97,161.40811226584694,141.32321082221137
598,MBC_ChungJu.csv,98,161.40334680730646,141.38594648573132
599,MBC_ChungJu.csv,99,161.79767788973723,141.38665262858072
600,MBC_ChungJu.csv,100,161.72968042547052,141.3277299669054
601,KBS_ChungJu.csv,1,148.05653603293678,140.8895026312934
602,KBS_ChungJu.csv,2,147.0826850197532,139.5133319430881
603,KBS_ChungJu.csv,3,147.85398157293147,139.78219350179037
604,KBS_ChungJu.csv,4,146.97035799893465,140.64280870225696
605,KBS_ChungJu.csv,5,147.4434840809215,145.2427215576172
606,KBS_ChungJu.csv,6,147.36005748401988,145.28520711263022
607,KBS_ChungJu.csv,7,147.26562777432528,142.22389390733508
608,KBS_ChungJu.csv,8,147.4101423783736,136.31397586398654
609,KBS_ChungJu.csv,9,147.07718908136542,133.87972768147787
610,KBS_ChungJu.csv,10,147.28843813809482,145.90609741210938
611,KBS_ChungJu.csv,11,147.0317255193537,139.88263024224176
612,KBS_ChungJu.csv,12,147.232522166859,143.61495463053384
613,KBS_ChungJu.csv,13,146.5355429909446,136.82515547010632
614,KBS_ChungJu.csv,14,146.376919000799,140.3337198893229
615,KBS_ChungJu.csv,15,147.04776958118785,140.0144797431098
616,KBS_ChungJu.csv,16,146.02901417125355,137.60031467013889
617,KBS_ChungJu.csv,17,146.45676741166548,140.69686211480035
618,KBS_ChungJu.csv,18,146.38963928222657,135.40941704644098
619,KBS_ChungJu.csv,19,145.70168429287997,141.02443186442056
620,KBS_ChungJu.csv,20,146.2440855546431,138.67157745361328
621,KBS_ChungJu.csv,21,146.22621390602805,132.524045308431
622,KBS_ChungJu.csv,22,146.0810395674272,141.09814029269748
623,KBS_ChungJu.csv,23,147.20576296719636,146.6387702094184
624,KBS_ChungJu.csv,24,145.63383664217864,136.25371975368924
625,KBS_ChungJu.csv,25,145.67637578790837,137.75768873426648
626,KBS_ChungJu.csv,26,144.5879150390625,140.06116146511502
627,KBS_ChungJu.csv,27,145.13301419344816,136.42317538791232
628,KBS_ChungJu.csv,28,145.29620791348543,141.9558080037435
629,KBS_ChungJu.csv,29,145.35139534690163,133.6840532090929
630,KBS_ChungJu.csv,30,145.52423789284447,140.32709248860678
631,KBS_ChungJu.csv,31,145.49281186190518,138.76451873779297
632,KBS_ChungJu.csv,32,145.03964829878373,135.09769863552518
633,KBS_ChungJu.csv,33,145.4528576937589,133.53876495361328
634,KBS_ChungJu.csv,34,144.51336794766513,137.98797437879773
635,KBS_ChungJu.csv,35,144.87845625443893,142.8672832912869
636,KBS_ChungJu.csv,36,144.879289523038,134.4665323893229
637,KBS_ChungJu.csv,37,144.728361788663,137.10986497667102
638,KBS_ChungJu.csv,38,145.26363247958096,137.23253462049695
639,KBS_ChungJu.csv,39,143.7983259721236,139.58502112494574
640,KBS_ChungJu.csv,40,144.364138100364,136.03645833333334
641,KBS_ChungJu.csv,41,144.7996000810103,135.88353305392795
642,KBS_ChungJu.csv,42,144.41979772394353,135.1897472805447
643,KBS_ChungJu.csv,43,144.41069391424006,138.42349412706164
644,KBS_ChungJu.csv,44,143.78033183704724,136.30836825900607
645,KBS_ChungJu.csv,45,143.98752039129084,137.9603975084093
646,KBS_ChungJu.csv,46,144.55471801757812,136.10334862603082
647,KBS_ChungJu.csv,47,144.30356764359908,140.87054782443576
648,KBS_ChungJu.csv,48,143.66236419677733,131.58316463894315
649,KBS_ChungJu.csv,49,144.10146983753552,134.26430087619357
650,KBS_ChungJu.csv,50,144.17443944757636,136.0017149183485
651,KBS_ChungJu.csv,51,143.13534864945845,133.39101070827908
652,KBS_ChungJu.csv,52,143.84231178977274,138.1428697374132
653,KBS_ChungJu.csv,53,143.80612557151102,136.66321309407553
654,KBS_ChungJu.csv,54,144.11641706986862,135.96734364827475
655,KBS_ChungJu.csv,55,144.11759920987217,136.46822272406683
656,KBS_ChungJu.csv,56,143.24302409778943,135.86071946885852
657,KBS_ChungJu.csv,57,143.39914301091974,137.3676232231988
658,KBS_ChungJu.csv,58,143.267802845348,137.31808217366537
659,KBS_ChungJu.csv,59,143.45752674449574,133.2307612101237
660,KBS_ChungJu.csv,60,142.83381458629262,139.71619500054254
661,KBS_ChungJu.csv,61,143.10365212180398,141.10223558213977
662,KBS_ChungJu.csv,62,143.51869825883344,135.31961313883463
663,KBS_ChungJu.csv,63,143.6387818769975,134.54144626193576
664,KBS_ChungJu.csv,64,142.88270846280184,134.64986843532986
665,KBS_ChungJu.csv,65,143.49292949329723,134.3716752794054
666,KBS_ChungJu.csv,66,143.19324257590554,134.53761969672308
667,KBS_ChungJu.csv,67,143.5663872458718,134.5112533569336
668,KBS_ChungJu.csv,68,143.4539016723633,136.32159762912326
669,KBS_ChungJu.csv,69,143.87473699396307,135.6217244466146
670,KBS_ChungJu.csv,70,143.4891725019975,131.31598324245877
671,KBS_ChungJu.csv,71,143.5430059259588,135.46876271565756
672,KBS_ChungJu.csv,72,143.2545196533203,136.8754450480143
673,KBS_ChungJu.csv,73,143.05636998956854,135.7934112548828
674,KBS_ChungJu.csv,74,143.48050190318713,134.72116004096137
675,KBS_ChungJu.csv,75,142.87139462557707,134.16517300075955
676,KBS_ChungJu.csv,76,143.39278828014028,135.83766767713757
677,KBS_ChungJu.csv,77,143.10662800181996,136.08255259195963
678,KBS_ChungJu.csv,78,143.2676129427823,136.15851169162326
679,KBS_ChungJu.csv,79,143.04222148548473,134.68889617919922
680,KBS_ChungJu.csv,80,142.46853235418146,135.9376466539171
681,KBS_ChungJu.csv,81,143.4715904929421,133.93312666151257
682,KBS_ChungJu.csv,82,143.30310599587182,134.0379842122396
683,KBS_ChungJu.csv,83,142.32853934548118,133.99053955078125
684,KBS_ChungJu.csv,84,143.1300191705877,135.83037990993924
685,KBS_ChungJu.csv,85,143.06106511896306,134.80377790662976
686,KBS_ChungJu.csv,86,143.3268245350231,134.9433568318685
687,KBS_ChungJu.csv,87,143.4543212890625,134.51980760362414
688,KBS_ChungJu.csv,88,142.65447387695312,134.68195258246527
689,KBS_ChungJu.csv,89,142.7985046386719,134.79889000786676
690,KBS_ChungJu.csv,90,143.32379732998933,135.11112213134766
691,KBS_ChungJu.csv,91,142.37317102605647,134.88476392957898
692,KBS_ChungJu.csv,92,143.04525257457385,134.95961337619357
693,KBS_ChungJu.csv,93,143.21573056307707,134.85326978895398
694,KBS_ChungJu.csv,94,143.400356500799,134.86574978298611
695,KBS_ChungJu.csv,95,142.68977688876066,134.52777523464627
696,KBS_ChungJu.csv,96,143.1575733531605,134.70377604166666
697,KBS_ChungJu.csv,97,142.28347181840377,134.83216942681207
698,KBS_ChungJu.csv,98,142.9153611616655,134.80965169270834
699,KBS_ChungJu.csv,99,143.09290022416548,134.7838829888238
700,KBS_ChungJu.csv,100,141.73845977783202,134.78221638997397
701,KBS_main.csv,1,120.21988109241832,71.41360558403863
702,KBS_main.csv,2,118.59773684414951,73.01772054036458
703,KBS_main.csv,3,117.80295326926492,67.44311396280925
704,KBS_main.csv,4,117.09693478670987,63.717399173312714
705,KBS_main.csv,5,117.14772200150924,68.92604149712457
706,KBS_main.csv,6,116.35803319757635,70.31148698594835
707,KBS_main.csv,7,115.81317957097833,69.87134382459853
708,KBS_main.csv,8,117.09017264626243,65.2256088256836
709,KBS_main.csv,9,115.8894930752841,67.9390140109592
710,KBS_main.csv,10,116.6294608376243,63.449107276068794
711,KBS_main.csv,11,115.75986577814275,68.19250149197049
712,KBS_main.csv,12,115.14610137939454,67.33485582139757
713,KBS_main.csv,13,115.36029455011541,70.29297298855252
714,KBS_main.csv,14,115.08201280073686,64.48229853312175
715,KBS_main.csv,15,115.47433527166193,65.58386951022678
716,KBS_main.csv,16,115.06001573042435,63.833992428249786
717,KBS_main.csv,17,115.46188520951705,61.99102995130751
718,KBS_main.csv,18,114.76020729758523,64.32114028930664
719,KBS_main.csv,19,114.81100130948154,61.63700188530816
720,KBS_main.csv,20,114.36957258744674,60.24835120307075
721,KBS_main.csv,21,114.42783612337979,62.664044274224175
722,KBS_main.csv,22,115.24492409446023,61.10691240098741
723,KBS_main.csv,23,114.81952639493075,61.387764824761284
724,KBS_main.csv,24,114.35941495028409,60.290687561035156
725,KBS_main.csv,25,114.59136685458097,63.53500111897787
726,KBS_main.csv,26,114.66086148348721,62.40716001722548
727,KBS_main.csv,27,114.29830793900923,61.03120210435655
728,KBS_main.csv,28,114.03481708873402,58.629127502441406
729,KBS_main.csv,29,115.04928991144354,60.4617428249783
730,KBS_main.csv,30,114.82390580610796,60.332912021213104
731,KBS_main.csv,31,114.64417918812146,60.838848961724175
732,KBS_main.csv,32,114.65341630415483,59.24586317274306
733,KBS_main.csv,33,114.32690415815874,61.87881596883138
734,KBS_main.csv,34,114.18448916348544,57.555979834662544
735,KBS_main.csv,35,114.35240256569602,63.90816073947482
736,KBS_main.csv,36,113.61785430908203,60.11199739244249
737,KBS_main.csv,37,114.22555486505682,60.77388170030382
738,KBS_main.csv,38,114.19441993019798,57.674259185791016
739,KBS_main.csv,39,114.33481611772017,61.62010828653971
740,KBS_main.csv,40,114.48537888960405,59.8180046081543
741,KBS_main.csv,41,114.58717318448153,60.31517664591471
742,KBS_main.csv,42,113.9965928511186,59.96735551622179
743,KBS_main.csv,43,114.21939725008878,58.29107793172201
744,KBS_main.csv,44,113.64760423140092,59.23952145046658
745,KBS_main.csv,45,114.53829526034268,59.257954915364586
746,KBS_main.csv,46,113.97601151899858,60.35612572564019
747,KBS_main.csv,47,114.07802137895064,59.751959482828774
748,KBS_main.csv,48,113.72778542258523,61.02609337700738
749,KBS_main.csv,49,113.54268382679332,59.88098398844401
750,KBS_main.csv,50,113.77613608620383,64.46972741021051
751,KBS_main.csv,51,113.95868738347833,63.69534767998589
752,KBS_main.csv,52,113.43223530162464,58.7013308207194
753,KBS_main.csv,53,113.26958229758523,62.96004401312934
754,KBS_main.csv,54,114.0039360739968,57.90419472588433
755,KBS_main.csv,55,113.71308496648615,59.539672427707245
756,KBS_main.csv,56,113.43555089777166,59.44848929511176
757,KBS_main.csv,57,114.10535222833806,60.74089346991645
758,KBS_main.csv,58,113.16182667125355,58.70729658338759
759,KBS_main.csv,59,113.43841705322265,59.181127336290146
760,KBS_main.csv,60,114.4052075472745,61.14492967393663
761,KBS_main.csv,61,113.76804962158204,64.12404123942058
762,KBS_main.csv,62,113.25354988791726,61.1845334370931
763,KBS_main.csv,63,113.75143488103693,59.798251681857636
764,KBS_main.csv,64,113.74014115767045,64.0929463704427
765,KBS_main.csv,65,113.25681901411576,57.8484853108724
766,KBS_main.csv,66,113.09235631769354,61.16909408569336
767,KBS_main.csv,67,113.32032886851917,59.61677890353732
768,KBS_main.csv,68,113.25768037275834,60.00279574924045
769,KBS_main.csv,69,113.11912883411755,60.689158545600044
770,KBS_main.csv,70,113.35197781649502,60.3450681898329
771,KBS_main.csv,71,113.15398517955433,58.99920399983724
772,KBS_main.csv,72,113.5467885797674,59.018561045328774
773,KBS_main.csv,73,113.66713381680576,59.43824979994032
774,KBS_main.csv,74,113.32100954922763,60.63214577568902
775,KBS_main.csv,75,113.57867972634055,60.97011523776584
776,KBS_main.csv,76,114.19042608087713,59.86934831407335
777,KBS_main.csv,77,113.34013449928977,59.69465425279405
778,KBS_main.csv,78,113.18687563809482,60.781768798828125
779,KBS_main.csv,79,113.97232194380327,61.16574266221788
780,KBS_main.csv,80,112.94876875443892,60.03779390123155
781,KBS_main.csv,81,113.68236555619673,61.84838443332248
782,KBS_main.csv,82,113.09624203768644,60.4569943745931
783,KBS_main.csv,83,113.16479658647017,60.0834829542372
784,KBS_main.csv,84,113.54701635187322,60.24898189968533
785,KBS_main.csv,85,113.31566425670277,59.70602120293511
786,KBS_main.csv,86,113.15061992298473,59.3376087612576
787,KBS_main.csv,87,113.82041542746803,60.50090874565972
788,KBS_main.csv,88,113.23196314031428,60.007088131374786
789,KBS_main.csv,89,113.7453457919034,59.81603664822049
790,KBS_main.csv,90,112.9509540904652,60.54827372233073
791,KBS_main.csv,91,112.91818597966974,60.16878467135959
792,KBS_main.csv,92,113.09903009588068,60.240535736083984
793,KBS_main.csv,93,113.51857702081854,60.31759050157335
794,KBS_main.csv,94,113.83027759898792,60.65951241387261
795,KBS_main.csv,95,113.68700408935547,60.60749604966905
796,KBS_main.csv,96,113.28550095991655,60.48115327623155
797,KBS_main.csv,97,113.07655376087536,60.419256422254776
798,KBS_main.csv,98,113.07006239457564,60.40318934122721
799,KBS_main.csv,99,113.36465467973188,60.434576670328774
800,KBS_main.csv,100,113.76828599409623,60.368582831488716
801,SBS.csv,1,107.82463143088601,61.425280253092446
802,SBS.csv,2,107.80181648947976,64.90794287787543
803,SBS.csv,3,107.31959228515625,63.559694078233505
804,SBS.csv,4,107.9139198996804,61.995939042833115
805,SBS.csv,5,108.15433529940519,62.238069746229385
806,SBS.csv,6,107.48253437389027,65.51978556315105
807,SBS.csv,7,106.92176506736062,62.998844146728516
808,SBS.csv,8,107.51092640269886,60.52230538262261
809,SBS.csv,9,107.57669941295276,64.02606667412653
810,SBS.csv,10,107.4177753795277,61.84109327528212
811,SBS.csv,11,107.77439658425071,62.94927554660373
812,SBS.csv,12,107.19918296120383,59.93079037136502
813,SBS.csv,13,107.41084899902344,59.59735997517904
814,SBS.csv,14,107.10939150723544,64.20891655815973
815,SBS.csv,15,107.1891415682706,62.86898422241211
816,SBS.csv,16,106.91810483065518,62.4917360941569
817,SBS.csv,17,106.45747278386897,62.8043458726671
818,SBS.csv,18,107.24748819524592,60.836393144395615
819,SBS.csv,19,107.03025429465553,65.6263427734375
820,SBS.csv,20,106.62380648526279,61.515409257676865
821,SBS.csv,21,107.48304998224432,60.577947828504776
822,SBS.csv,22,107.3687476418235,63.29111989339193
823,SBS.csv,23,107.60858431729403,66.17535061306424
824,SBS.csv,24,107.04718558571555,63.53331629435221
825,SBS.csv,25,106.52104700261896,61.74436611599393
826,SBS.csv,26,106.7415326205167,70.09529495239258
827,SBS.csv,27,107.60401167436079,62.85310914781358
828,SBS.csv,28,107.40796064897017,61.57474899291992
829,SBS.csv,29,106.94248338179155,60.576802571614586
830,SBS.csv,30,106.83637598211115,60.59395302666558
831,SBS.csv,31,107.15719909667969,65.42464235093858
832,SBS.csv,32,106.83212821266868,60.529335021972656
833,SBS.csv,33,106.73972306685015,63.971349504258896
834,SBS.csv,34,106.37704231955789,59.703350914849175
835,SBS.csv,35,106.66164190118963,61.36777114868164
836,SBS.csv,36,106.50787270285866,59.90519290500217
837,SBS.csv,37,106.61489008123225,60.18889829847548
838,SBS.csv,38,107.38833909468217,60.1389151679145
839,SBS.csv,39,107.11339846524325,58.976562076144745
840,SBS.csv,40,106.48310699462891,60.89761098225912
841,SBS.csv,41,106.18047464544122,60.41764110989041
842,SBS.csv,42,106.69128792502663,62.27393468221029
843,SBS.csv,43,106.45205723155628,60.81724548339844
844,SBS.csv,44,106.12459141124378,60.72558890448676
845,SBS.csv,45,106.06428555575285,59.74590301513672
846,SBS.csv,46,106.72380301735618,62.870011223687065
847,SBS.csv,47,106.61456187855114,61.67754872639974
848,SBS.csv,48,106.87804218639027,61.72631412082248
849,SBS.csv,49,106.20328258167613,62.2613410949707
850,SBS.csv,50,106.75604372891513,63.219732920328774
851,SBS.csv,51,106.93389629017223,60.25695504082574
852,SBS.csv,52,106.56342870538884,64.11347579956055
853,SBS.csv,53,106.67502233331854,60.18315717909071
854,SBS.csv,54,106.63058041659268,60.28959613376193
855,SBS.csv,55,106.48322393243963,60.19517940945096
856,SBS.csv,56,106.4200420032848,61.674431271023224
857,SBS.csv,57,106.7103457364169,60.39395056830512
858,SBS.csv,58,106.67764351584695,63.380712297227646
859,SBS.csv,59,106.08619467995383,62.66172366672092
860,SBS.csv,60,106.83801935369318,59.69289101494683
861,SBS.csv,61,106.77208335182884,63.00595559014214
862,SBS.csv,62,106.5577654058283,60.24836561414931
863,SBS.csv,63,106.28768948641691,60.64442994859483
864,SBS.csv,64,106.32864907004617,60.137902153862846
865,SBS.csv,65,106.88168640136719,62.558738708496094
866,SBS.csv,66,106.51760545210405,60.98903316921658
867,SBS.csv,67,106.47739868164062,61.974099477132164
868,SBS.csv,68,106.60909423828124,61.048631032307945
869,SBS.csv,69,106.4070424860174,61.21833928426107
870,SBS.csv,70,106.96856481378728,60.91192118326823
871,SBS.csv,71,106.51589619029652,60.57658386230469
872,SBS.csv,72,106.40685202858664,60.420267740885414
873,SBS.csv,73,106.01168712269177,63.3702646891276
874,SBS.csv,74,106.37072199041194,60.6673461066352
875,SBS.csv,75,105.92076180197976,62.85541915893555
876,SBS.csv,76,106.21184359463778,61.17459911770291
877,SBS.csv,77,107.14787653142756,61.91151894463433
878,SBS.csv,78,106.23109519264915,61.238116370307075
879,SBS.csv,79,106.02444166703658,61.21706899007162
880,SBS.csv,80,106.18833479447798,61.29279496934679
881,SBS.csv,81,106.23647391579368,61.46391254001193
882,SBS.csv,82,106.34157187721947,61.848248375786675
883,SBS.csv,83,106.40102594549006,62.04551272922092
884,SBS.csv,84,106.37297446511009,61.47490310668945
885,SBS.csv,85,106.0169941295277,62.145977867974175
886,SBS.csv,86,106.2026084206321,61.67704179551866
887,SBS.csv,87,106.81834148060192,61.34443791707357
888,SBS.csv,88,106.05656460848722,60.560967763264976
889,SBS.csv,89,105.76324795809658,61.383877224392364
890,SBS.csv,90,106.0414706143466,61.06280305650499
891,SBS.csv,91,106.48100454157048,61.202114529079864
892,SBS.csv,92,106.07300650856712,61.325873904758026
893,SBS.csv,93,106.25631817904386,61.54000769721137
894,SBS.csv,94,106.27191730846059,61.42869991726346
895,SBS.csv,95,106.36456298828125,61.575890435112846
896,SBS.csv,96,106.04321920221503,61.32122717963325
897,SBS.csv,97,105.95546611439099,61.28897009955512
898,SBS.csv,98,106.46389812122692,61.36000061035156
899,SBS.csv,99,105.92757769497958,61.38544040256076
900,SBS.csv,100,106.2308442549272,61.40402857462565
901,MBC_sa.csv,1,122.28669808127664,103.78787061903212
902,MBC_sa.csv,2,121.47055345015092,103.37442609998915
903,MBC_sa.csv,3,121.70298018022017,102.7345945570204
904,MBC_sa.csv,4,121.65683149857955,102.73838467068143
905,MBC_sa.csv,5,121.68247833251954,103.49370998806424
906,MBC_sa.csv,6,121.67194102894176,103.03122795952692
907,MBC_sa.csv,7,121.66502061323686,102.88671281602647
908,MBC_sa.csv,8,121.83636432994496,103.20164320203993
909,MBC_sa.csv,9,121.16933122114702,102.87830861409505
910,MBC_sa.csv,10,122.03273079612039,102.64950731065538
911,MBC_sa.csv,11,121.85082674893467,103.16808997260199
912,MBC_sa.csv,12,121.49448880282316,103.32647450764973
913,MBC_sa.csv,13,121.01553608287465,103.0430425008138
914,MBC_sa.csv,14,120.98760195645418,103.46238962809245
915,MBC_sa.csv,15,121.32641684792259,103.64558919270833
916,MBC_sa.csv,16,121.31149749755859,104.7003190782335
917,MBC_sa.csv,17,120.88901811079545,105.20015716552734
918,MBC_sa.csv,18,121.31716211492365,102.56173536512587
919,MBC_sa.csv,19,121.06477328213778,107.7574971516927
920,MBC_sa.csv,20,121.87543085271662,103.29117329915364
921,MBC_sa.csv,21,120.95729328502308,102.61681789822049
922,MBC_sa.csv,22,120.92574740323154,104.11223687065973
923,MBC_sa.csv,23,120.85152005282315,103.01009029812283
924,MBC_sa.csv,24,120.86468616832386,103.09071943495009
925,MBC_sa.csv,25,120.92640158913352,102.41104888916016
926,MBC_sa.csv,26,120.6483603737571,102.86784108479817
927,MBC_sa.csv,27,121.09394323175604,103.11276245117188
928,MBC_sa.csv,28,120.4177377874201,103.67106119791667
929,MBC_sa.csv,29,120.50463298450816,103.38901604546442
930,MBC_sa.csv,30,121.57952478582209,102.82246907552083
931,MBC_sa.csv,31,120.95573106245561,102.52204216851129
932,MBC_sa.csv,32,120.74958093816583,102.36031426323785
933,MBC_sa.csv,33,121.1700625332919,103.72598181830512
934,MBC_sa.csv,34,121.55118172385475,102.42833285861545
935,MBC_sa.csv,35,121.36240289861506,102.37548319498698
936,MBC_sa.csv,36,121.16229220303622,102.46728515625
937,MBC_sa.csv,37,121.02139573530717,102.45549011230469
938,MBC_sa.csv,38,121.12988517067649,102.34864044189453
939,MBC_sa.csv,39,121.36330816095526,103.02526177300348
940,MBC_sa.csv,40,120.74618516401812,102.32435523139105
941,MBC_sa.csv,41,120.68273121226918,102.17257012261285
942,MBC_sa.csv,42,120.68794208873402,102.13423665364583
943,MBC_sa.csv,43,120.38943398215554,102.41810946994357
944,MBC_sa.csv,44,120.67565460205078,102.30008358425565
945,MBC_sa.csv,45,120.51867218017578,102.33801354302301
946,MBC_sa.csv,46,120.33347098610618,102.14746432834201
947,MBC_sa.csv,47,120.54144786487926,102.16390736897786
948,MBC_sa.csv,48,120.64065010764382,102.56089274088542
949,MBC_sa.csv,49,120.75588323419744,103.1778318617079
950,MBC_sa.csv,50,120.71927809281783,102.19536844889323
951,MBC_sa.csv,51,120.4410625110973,102.12403361002605
952,MBC_sa.csv,52,120.67763685746627,102.04300096299913
953,MBC_sa.csv,53,120.61250721324573,102.03555297851562
954,MBC_sa.csv,54,120.45921894420277,102.21460300021701
955,MBC_sa.csv,55,120.17062433416193,102.13213517930772
956,MBC_sa.csv,56,120.50834905450995,102.20813412136502
957,MBC_sa.csv,57,120.44505837180398,102.18260362413194
958,MBC_sa.csv,58,120.44606531316583,102.7470465766059
959,MBC_sa.csv,59,120.5820029518821,102.0326393975152
960,MBC_sa.csv,60,120.67089191783558,102.03286404079861
961,MBC_sa.csv,61,120.19135284423828,102.04669443766277
962,MBC_sa.csv,62,120.01168365478516,102.06654357910156
963,MBC_sa.csv,63,120.34059059836648,101.96572960747613
964,MBC_sa.csv,64,120.11723077947443,101.99745856391058
965,MBC_sa.csv,65,120.29083390669389,102.42046017116971
966,MBC_sa.csv,66,120.28297507546165,102.06847381591797
967,MBC_sa.csv,67,120.37026270086115,103.67882198757596
968,MBC_sa.csv,68,120.8222299749201,101.98974948459201
969,MBC_sa.csv,69,120.85598200017756,102.22131686740451
970,MBC_sa.csv,70,120.7013121171431,102.0775612725152
971,MBC_sa.csv,71,120.24178674871271,102.2412863837348
972,MBC_sa.csv,72,120.28964871493253,102.03606584337022
973,MBC_sa.csv,73,120.28754397305575,102.28201633029514
974,MBC_sa.csv,74,120.24025199196555,102.19552273220486
975,MBC_sa.csv,75,120.62176291725852,102.473146226671
976,MBC_sa.csv,76,120.57491829612039,102.31626807318793
977,MBC_sa.csv,77,120.12300123734907,102.00660196940105
978,MBC_sa.csv,78,119.96939489191229,102.06661393907335
979,MBC_sa.csv,79,120.36259585293857,102.20395829942491
980,MBC_sa.csv,80,119.98988078724254,102.03797319200304
981,MBC_sa.csv,81,120.13985567959872,101.97401258680556
982,MBC_sa.csv,82,120.3402367331765,102.22247992621527
983,MBC_sa.csv,83,120.25502943559127,102.11632792154948
984,MBC_sa.csv,84,119.84723649458452,102.05281999376085
985,MBC_sa.csv,85,119.65283813476563,102.0032730102539
986,MBC_sa.csv,86,119.95294411399148,102.00821940104167
987,MBC_sa.csv,87,120.27207558371803,102.09912702772353
988,MBC_sa.csv,88,120.13519911332564,102.08636983235677
989,MBC_sa.csv,89,120.52216519442472,102.0045920477973
990,MBC_sa.csv,90,120.3099473433061,102.01467556423611
991,MBC_sa.csv,91,119.74695587158203,102.08055199517145
992,MBC_sa.csv,92,120.17004616477273,102.1178716023763
993,MBC_sa.csv,93,120.68179626464844,102.09363301595052
994,MBC_sa.csv,94,119.850886258212,102.09440273708768
995,MBC_sa.csv,95,120.39154177579013,102.09427049424913
996,MBC_sa.csv,96,120.54080144708807,102.09000566270616
997,MBC_sa.csv,97,120.29094765403055,102.07647789849176
998,MBC_sa.csv,98,120.49000063809481,102.08456505669488
999,MBC_sa.csv,99,120.58561734286222,102.07245635986328
1000,MBC_sa.csv,100,120.27772244540128,102.06713019476996
1001,KBS_KangNeung.csv,1,170.86160500266334,175.61267598470053
1002,KBS_KangNeung.csv,2,153.72229170365767,164.24967278374567
1003,KBS_KangNeung.csv,3,151.8649491743608,160.20754157172308
1004,KBS_KangNeung.csv,4,150.41780492609197,160.05918714735242
1005,KBS_KangNeung.csv,5,149.17615176114168,161.3307868109809
1006,KBS_KangNeung.csv,6,148.40697604092685,156.3699713812934
1007,KBS_KangNeung.csv,7,147.84518515846946,155.92181226942273
1008,KBS_KangNeung.csv,8,147.20634515935726,155.51617092556424
1009,KBS_KangNeung.csv,9,146.73279127641158,151.19010586208768
1010,KBS_KangNeung.csv,10,146.91564802689985,153.02954949273004
1011,KBS_KangNeung.csv,11,146.66764956387607,156.22680155436197
1012,KBS_KangNeung.csv,12,146.2748139814897,154.0077650282118
1013,KBS_KangNeung.csv,13,146.2219834761186,152.07944064670139
1014,KBS_KangNeung.csv,14,145.55533918900923,151.55353800455728
1015,KBS_KangNeung.csv,15,145.35894650545987,152.0030483669705
1016,KBS_KangNeung.csv,16,145.1829594005238,147.880367702908
1017,KBS_KangNeung.csv,17,145.25255723433062,153.08853318956164
1018,KBS_KangNeung.csv,18,144.63278600519354,151.27964613172742
1019,KBS_KangNeung.csv,19,143.62591275301847,149.13953484429254
1020,KBS_KangNeung.csv,20,144.0286582253196,147.16216871473523
1021,KBS_KangNeung.csv,21,143.3204323508523,145.5940899319119
1022,KBS_KangNeung.csv,22,142.69018887606535,145.8597174750434
1023,KBS_KangNeung.csv,23,142.05057220458986,144.21725802951389
1024,KBS_KangNeung.csv,24,140.79056119051847,144.70255109998914
1025,KBS_KangNeung.csv,25,140.3304982965643,150.60357835557727
1026,KBS_KangNeung.csv,26,139.3887734153054,137.74201117621527
1027,KBS_KangNeung.csv,27,139.61631677800958,142.72842661539713
1028,KBS_KangNeung.csv,28,138.63349012895063,142.27783626980252
1029,KBS_KangNeung.csv,29,138.0752484408292,136.9263390435113
1030,KBS_KangNeung.csv,30,137.88361552845348,132.12899271647134
1031,KBS_KangNeung.csv,31,137.4337360728871,136.71604665120444
1032,KBS_KangNeung.csv,32,137.68522311123934,135.42356872558594
1033,KBS_KangNeung.csv,33,137.6021867231889,133.2560568915473
1034,KBS_KangNeung.csv,34,137.11142522638494,135.4460474650065
1035,KBS_KangNeung.csv,35,136.7947892622514,130.9187732272678
1036,KBS_KangNeung.csv,36,136.17601928710937,134.5110126071506
1037,KBS_KangNeung.csv,37,135.78156655051492,131.05696699354382
1038,KBS_KangNeung.csv,38,135.8557950106534,132.54210917154947
1039,KBS_KangNeung.csv,39,135.63534726229582,131.2869110107422
1040,KBS_KangNeung.csv,40,135.53577201149682,135.44593302408853
1041,KBS_KangNeung.csv,41,135.3645109696822,133.52224392361111
1042,KBS_KangNeung.csv,42,134.50222459272905,130.24267154269748
1043,KBS_KangNeung.csv,43,134.7386496803977,131.62722778320312
1044,KBS_KangNeung.csv,44,134.29694213867188,130.6647686428494
1045,KBS_KangNeung.csv,45,134.42635928067293,128.85803900824652
1046,KBS_KangNeung.csv,46,134.1038825295188,129.4174084133572
1047,KBS_KangNeung.csv,47,133.86219635009766,128.66878763834634
1048,KBS_KangNeung.csv,48,133.7701102516868,128.2031241522895
1049,KBS_KangNeung.csv,49,133.6401142467152,130.3015128241645
1050,KBS_KangNeung.csv,50,134.028007923473,129.99840545654297
1051,KBS_KangNeung.csv,51,133.53792682994495,128.6210479736328
1052,KBS_KangNeung.csv,52,134.5054516878995,129.94784376356336
1053,KBS_KangNeung.csv,53,133.39691619873048,129.97941504584418
1054,KBS_KangNeung.csv,54,133.5886223532937,130.6901389227973
1055,KBS_KangNeung.csv,55,132.45699962269177,129.51754082573785
1056,KBS_KangNeung.csv,56,133.54502743807706,131.05003950330945
1057,KBS_KangNeung.csv,57,132.51850599809126,128.78223758273654
1058,KBS_KangNeung.csv,58,132.772626842152,129.04870435926648
1059,KBS_KangNeung.csv,59,133.08903975053266,126.59509362114801
1060,KBS_KangNeung.csv,60,132.74540377530184,125.062257554796
1061,KBS_KangNeung.csv,61,132.17486405806108,125.58628167046442
1062,KBS_KangNeung.csv,62,131.8696723244407,128.98114183213977
1063,KBS_KangNeung.csv,63,132.39735953591088,128.850952996148
1064,KBS_KangNeung.csv,64,132.38410464200106,125.81772952609592
1065,KBS_KangNeung.csv,65,132.42396420565518,125.65123579237196
1066,KBS_KangNeung.csv,66,132.4637974132191,127.04485490587022
1067,KBS_KangNeung.csv,67,131.99044258811256,127.37427775065105
1068,KBS_KangNeung.csv,68,132.08083593195136,126.1873050265842
1069,KBS_KangNeung.csv,69,132.16555897105823,126.23777177598741
1070,KBS_KangNeung.csv,70,131.91432148326527,127.99732462565105
1071,KBS_KangNeung.csv,71,131.9324590509588,125.09384324815538
1072,KBS_KangNeung.csv,72,131.928601212935,125.13836924235027
1073,KBS_KangNeung.csv,73,131.5260610407049,126.68989986843533
1074,KBS_KangNeung.csv,74,131.71009882146663,125.78483242458768
1075,KBS_KangNeung.csv,75,131.95928927334873,125.81312476264105
1076,KBS_KangNeung.csv,76,131.69346577037464,125.41265953911676
1077,KBS_KangNeung.csv,77,131.5819320678711,126.11937374538846
1078,KBS_KangNeung.csv,78,131.41807459050958,124.50553554958768
1079,KBS_KangNeung.csv,79,131.0941538030451,125.36531745062933
1080,KBS_KangNeung.csv,80,131.2369365345348,125.24887932671442
1081,KBS_KangNeung.csv,81,131.60026883212004,124.45715840657552
1082,KBS_KangNeung.csv,82,131.33973832563922,123.91297912597656
1083,KBS_KangNeung.csv,83,131.25933074951172,125.20442199707031
1084,KBS_KangNeung.csv,84,131.2744400024414,125.05475192599826
1085,KBS_KangNeung.csv,85,131.13721771240233,125.18614959716797
1086,KBS_KangNeung.csv,86,131.55431879216974,125.4804221259223
1087,KBS_KangNeung.csv,87,131.1128293124112,125.47280036078558
1088,KBS_KangNeung.csv,88,131.47217296253552,125.80885908338759
1089,KBS_KangNeung.csv,89,131.1505649913441,125.47134908040364
1090,KBS_KangNeung.csv,90,130.91894198330965,125.17214118109808
1091,KBS_KangNeung.csv,91,131.10334292325106,125.39003160264757
1092,KBS_KangNeung.csv,92,131.02033330743964,124.96155887179904
1093,KBS_KangNeung.csv,93,131.53164867054332,125.08299509684245
1094,KBS_KangNeung.csv,94,130.97452586780895,125.20413716634114
1095,KBS_KangNeung.csv,95,131.1309507890181,125.23145378960504
1096,KBS_KangNeung.csv,96,131.29160128506746,125.2453104654948
1097,KBS_KangNeung.csv,97,130.86787511652167,125.31850348578558
1098,KBS_KangNeung.csv,98,131.24271933815697,125.34685685899522
1099,KBS_KangNeung.csv,99,131.17458593195136,125.30838351779514
1100,KBS_KangNeung.csv,100,131.0747279774059,125.31130472819011
1101,MBC_KangNeung.csv,1,122.88367039073597,95.51252746582031
1102,MBC_KangNeung.csv,2,121.75815790349787,93.35662248399522
1103,MBC_KangNeung.csv,3,121.89934747869319,91.16630469428168
1104,MBC_KangNeung.csv,4,122.75143141313033,91.92149098714192
1105,MBC_KangNeung.csv,5,121.70637220902877,90.50548638237848
1106,MBC_KangNeung.csv,6,121.13755645751954,91.0351799858941
1107,MBC_KangNeung.csv,7,120.61597706187855,90.07669999864366
1108,MBC_KangNeung.csv,8,121.73629427823154,91.22393374972873
1109,MBC_KangNeung.csv,9,120.09462016712536,91.66445922851562
1110,MBC_KangNeung.csv,10,120.17450284090908,89.36218346489801
1111,MBC_KangNeung.csv,11,120.02227408669212,90.90609910753038
1112,MBC_KangNeung.csv,12,120.09237213134766,88.86017778184679
1113,MBC_KangNeung.csv,13,119.6993051702326,87.94364929199219
1114,MBC_KangNeung.csv,14,119.34482158314098,88.6264165242513
1115,MBC_KangNeung.csv,15,119.4830194646662,88.70727878146701
1116,MBC_KangNeung.csv,16,119.97544056285511,87.76289367675781
1117,MBC_KangNeung.csv,17,119.28106689453125,89.40314653184679
1118,MBC_KangNeung.csv,18,119.57414190118963,86.70883093939887
1119,MBC_KangNeung.csv,19,119.10072132457387,87.89200083414714
1120,MBC_KangNeung.csv,20,118.83392042680221,87.33187950981988
1121,MBC_KangNeung.csv,21,118.4132568359375,89.65523359510634
1122,MBC_KangNeung.csv,22,118.05512362393466,87.68864864773221
1123,MBC_KangNeung.csv,23,118.53944050181995,88.1904034084744
1124,MBC_KangNeung.csv,24,117.59423120672052,85.97317928738065
1125,MBC_KangNeung.csv,25,118.21235864812678,88.2169172498915
1126,MBC_KangNeung.csv,26,117.82903317538175,85.64125315348308
1127,MBC_KangNeung.csv,27,117.43430716774681,86.95411215888129
1128,MBC_KangNeung.csv,28,117.5832279552113,87.08140987820096
1129,MBC_KangNeung.csv,29,117.60559997558593,86.31070624457465
1130,MBC_KangNeung.csv,30,117.35466280850497,86.99597973293729
1131,MBC_KangNeung.csv,31,117.39331762140448,86.32879214816623
1132,MBC_KangNeung.csv,32,117.50375699129971,86.69349839952257
1133,MBC_KangNeung.csv,33,116.9929311578924,85.23581186930339
1134,MBC_KangNeung.csv,34,117.51050526012074,84.84866078694661
1135,MBC_KangNeung.csv,35,117.69940393621272,86.49367947048611
1136,MBC_KangNeung.csv,36,117.84529710249467,85.78740776909723
1137,MBC_KangNeung.csv,37,117.3234409679066,84.63598717583551
1138,MBC_KangNeung.csv,38,116.78834894353693,85.06158065795898
1139,MBC_KangNeung.csv,39,117.1096133145419,86.8272836473253
1140,MBC_KangNeung.csv,40,117.09039972478693,84.66209072536893
1141,MBC_KangNeung.csv,41,116.12423317649147,83.83728620741103
1142,MBC_KangNeung.csv,42,116.69617476029829,84.99886915418837
1143,MBC_KangNeung.csv,43,116.0121279629794,84.25500827365451
1144,MBC_KangNeung.csv,44,116.49931585138495,84.13219155205621
1145,MBC_KangNeung.csv,45,116.3509638006037,83.64458380805121
1146,MBC_KangNeung.csv,46,116.09514285000888,85.94352128770616
1147,MBC_KangNeung.csv,47,116.142341336337,83.4474105834961
1148,MBC_KangNeung.csv,48,116.08673303777522,83.7038968404134
1149,MBC_KangNeung.csv,49,115.67959414395419,83.00582673814561
1150,MBC_KangNeung.csv,50,115.89533275257457,83.77090538872613
1151,MBC_KangNeung.csv,51,115.63349831321023,84.78030225965712
1152,MBC_KangNeung.csv,52,115.49825023304332,83.47036616007487
1153,MBC_KangNeung.csv,53,115.6971420288086,83.19033474392361
1154,MBC_KangNeung.csv,54,115.23716028386896,83.7067493862576
1155,MBC_KangNeung.csv,55,115.83849695379084,83.82203420003255
1156,MBC_KangNeung.csv,56,115.49390050714666,83.39102851019965
1157,MBC_KangNeung.csv,57,115.82346787886186,84.19287787543402
1158,MBC_KangNeung.csv,58,115.31809720126066,83.17338477240668
1159,MBC_KangNeung.csv,59,115.34426921497692,83.26280678643121
1160,MBC_KangNeung.csv,60,115.48925767378374,82.46047125922308
1161,MBC_KangNeung.csv,61,115.4147817438299,82.63116624620226
1162,MBC_KangNeung.csv,62,115.29053372469815,83.0863037109375
1163,MBC_KangNeung.csv,63,115.07777626731179,83.43943701850043
1164,MBC_KangNeung.csv,64,115.10730576948686,83.26349767049153
1165,MBC_KangNeung.csv,65,115.64535106312145,83.10524071587457
1166,MBC_KangNeung.csv,66,115.03068112460049,83.71421517266168
1167,MBC_KangNeung.csv,67,115.49576235684482,83.1000264485677
1168,MBC_KangNeung.csv,68,115.0111239346591,83.07754007975261
1169,MBC_KangNeung.csv,69,115.95534016002308,83.2633768717448
1170,MBC_KangNeung.csv,70,115.48857241543857,82.3567886352539
1171,MBC_KangNeung.csv,71,114.66480685147373,82.4487173292372
1172,MBC_KangNeung.csv,72,115.41150901100852,82.75278811984592
1173,MBC_KangNeung.csv,73,114.63455255681818,82.79737938774957
1174,MBC_KangNeung.csv,74,114.77185696688565,83.01308017306857
1175,MBC_KangNeung.csv,75,115.06554662531073,82.56086052788629
1176,MBC_KangNeung.csv,76,114.76347281716086,82.46169153849284
1177,MBC_KangNeung.csv,77,114.47685643976385,81.95731565687392
1178,MBC_KangNeung.csv,78,115.23047374378551,82.44925181070964
1179,MBC_KangNeung.csv,79,115.37914720015092,82.35429170396593
1180,MBC_KangNeung.csv,80,114.6350194757635,82.61838107638889
1181,MBC_KangNeung.csv,81,115.47931130149148,82.1531227959527
1182,MBC_KangNeung.csv,82,115.24764237837358,82.14856804741754
1183,MBC_KangNeung.csv,83,114.84214116876775,82.27263429429796
1184,MBC_KangNeung.csv,84,115.04921181418679,82.35202534993489
1185,MBC_KangNeung.csv,85,114.6866528597745,82.42013676961263
1186,MBC_KangNeung.csv,86,115.02093131325462,82.40329530504015
1187,MBC_KangNeung.csv,87,115.01382057883522,82.30681737263997
1188,MBC_KangNeung.csv,88,115.2521802035245,82.14454735649957
1189,MBC_KangNeung.csv,89,115.1068247014826,82.33795420328777
1190,MBC_KangNeung.csv,90,115.06301019841975,82.35962465074327
1191,MBC_KangNeung.csv,91,114.40084866610441,82.29153569539388
1192,MBC_KangNeung.csv,92,114.85846890536222,82.30992296006944
1193,MBC_KangNeung.csv,93,114.9435821533203,82.29987080891927
1194,MBC_KangNeung.csv,94,114.81930722323331,82.25360361735027
1195,MBC_KangNeung.csv,95,115.09847204034979,82.23726823594835
1196,MBC_KangNeung.csv,96,114.56303086714311,82.29583485921223
1197,MBC_KangNeung.csv,97,114.68521562056108,82.3281495836046
1198,MBC_KangNeung.csv,98,114.83423947420987,82.30259492662218
1199,MBC_KangNeung.csv,99,114.71488633589311,82.30298614501953
1200,MBC_KangNeung.csv,100,114.50347622958097,82.30583869086371
1201,TBN_DaeGu.csv,1,137.17640103426848,123.63080427381728
1202,TBN_DaeGu.csv,2,132.78597204034978,122.68579440646701
1203,TBN_DaeGu.csv,3,132.28207050670278,124.3265609741211
1204,TBN_DaeGu.csv,4,132.31656494140626,124.90487925211589
1205,TBN_DaeGu.csv,5,132.56407026811078,123.13733503553603
1206,TBN_DaeGu.csv,6,133.15255321155894,122.2162848578559
1207,TBN_DaeGu.csv,7,131.93339580189098,123.20615471733942
1208,TBN_DaeGu.csv,8,132.1966433438388,122.5038799709744
1209,TBN_DaeGu.csv,9,132.07568609064276,123.3287616305881
1210,TBN_DaeGu.csv,10,132.44380728981713,122.31196933322482
1211,TBN_DaeGu.csv,11,131.8415767322887,122.87708706325955
1212,TBN_DaeGu.csv,12,131.51554177024147,123.56670888264973
1213,TBN_DaeGu.csv,13,132.16808665882456,123.00860680474176
1214,TBN_DaeGu.csv,14,132.50253143310547,123.96758185492621
1215,TBN_DaeGu.csv,15,132.37138852206144,126.01142459445529
1216,TBN_DaeGu.csv,16,132.0093920621005,121.82834794786241
1217,TBN_DaeGu.csv,17,131.94873227206145,121.96532270643446
1218,TBN_DaeGu.csv,18,131.2495780251243,122.41398111979167
1219,TBN_DaeGu.csv,19,131.1803741455078,122.75354682074652
1220,TBN_DaeGu.csv,20,132.09340251575816,123.58572557237413
1221,TBN_DaeGu.csv,21,131.76052689985795,122.38010152180989
1222,TBN_DaeGu.csv,22,131.70918079723012,122.72857157389323
1223,TBN_DaeGu.csv,23,132.3826137195934,123.11734856499567
1224,TBN_DaeGu.csv,24,131.39640891335227,123.02135891384549
1225,TBN_DaeGu.csv,25,132.1060981056907,122.20056237114801
1226,TBN_DaeGu.csv,26,131.47569302645596,122.81508551703558
1227,TBN_DaeGu.csv,27,131.41624492298473,122.96193186442058
1228,TBN_DaeGu.csv,28,131.42590859153054,121.61556667751736
1229,TBN_DaeGu.csv,29,131.1265385020863,122.96484375
1230,TBN_DaeGu.csv,30,130.8520263671875,122.90035925971137
1231,TBN_DaeGu.csv,31,131.37106364857067,122.66112518310547
1232,TBN_DaeGu.csv,32,131.30442532626066,123.63302697075738
1233,TBN_DaeGu.csv,33,131.40403719815342,122.97838677300348
1234,TBN_DaeGu.csv,34,130.6957917646928,122.24353112114801
1235,TBN_DaeGu.csv,35,131.06249972256748,123.00600687662761
1236,TBN_DaeGu.csv,36,130.69235562411222,123.12489827473958
1237,TBN_DaeGu.csv,37,132.00450134277344,122.11821831597223
1238,TBN_DaeGu.csv,38,131.30448705499822,121.47963375515408
1239,TBN_DaeGu.csv,39,131.0619717684659,121.87461174858942
1240,TBN_DaeGu.csv,40,131.0316983309659,121.86385345458984
1241,TBN_DaeGu.csv,41,130.5354123202237,122.1955100165473
1242,TBN_DaeGu.csv,42,130.59976973100143,121.68635813395183
1243,TBN_DaeGu.csv,43,130.9210658680309,122.25938669840495
1244,TBN_DaeGu.csv,44,130.9604574030096,124.42353142632379
1245,TBN_DaeGu.csv,45,130.83867312344637,123.08366139729817
1246,TBN_DaeGu.csv,46,130.82516063343394,122.20460255940755
1247,TBN_DaeGu.csv,47,130.90397089177912,122.71668836805556
1248,TBN_DaeGu.csv,48,130.48187796852807,121.96253289116754
1249,TBN_DaeGu.csv,49,130.66207691539418,122.37912919786241
1250,TBN_DaeGu.csv,50,130.4313945423473,122.33834245469835
1251,TBN_DaeGu.csv,51,131.1192821155895,122.0697284274631
1252,TBN_DaeGu.csv,52,130.63073106245562,122.68779415554471
1253,TBN_DaeGu.csv,53,130.89097553599964,122.52969190809462
1254,TBN_DaeGu.csv,54,130.8008886163885,123.34258524576823
1255,TBN_DaeGu.csv,55,130.4951052579013,121.58066304524739
1256,TBN_DaeGu.csv,56,130.03295371315696,121.74859110514323
1257,TBN_DaeGu.csv,57,130.62153389670632,122.86272599962022
1258,TBN_DaeGu.csv,58,130.17122178511187,121.78811815049913
1259,TBN_DaeGu.csv,59,130.50204786820845,122.09933132595486
1260,TBN_DaeGu.csv,60,130.38412031693892,121.77796596950955
1261,TBN_DaeGu.csv,61,130.39463209672408,121.77065700954861
1262,TBN_DaeGu.csv,62,130.21686304265802,122.51728990342882
1263,TBN_DaeGu.csv,63,130.07740561745385,121.98412068684895
1264,TBN_DaeGu.csv,64,130.42160006436436,121.99022165934245
1265,TBN_DaeGu.csv,65,129.79414506392047,122.60852389865451
1266,TBN_DaeGu.csv,66,130.12548703280362,121.97874704996745
1267,TBN_DaeGu.csv,67,130.52771176424895,121.69818623860677
1268,TBN_DaeGu.csv,68,130.1142941561612,121.79127587212457
1269,TBN_DaeGu.csv,69,130.3522309736772,121.73540412055121
1270,TBN_DaeGu.csv,70,130.1636295665394,121.79520670572917
1271,TBN_DaeGu.csv,71,130.12400595925072,122.02899000379774
1272,TBN_DaeGu.csv,72,129.76667882745917,122.13983578152127
1273,TBN_DaeGu.csv,73,130.61541664817116,121.80135091145833
1274,TBN_DaeGu.csv,74,129.9827461936257,122.41076236300998
1275,TBN_DaeGu.csv,75,130.3516845703125,121.90958065456815
1276,TBN_DaeGu.csv,76,129.7516609885476,121.95664384629991
1277,TBN_DaeGu.csv,77,129.76669686057352,122.06989881727431
1278,TBN_DaeGu.csv,78,130.4403726751154,122.4613282945421
1279,TBN_DaeGu.csv,79,129.95853965065697,122.46004231770833
1280,TBN_DaeGu.csv,80,130.21320495605468,122.38353814019098
1281,TBN_DaeGu.csv,81,129.63475757945668,122.0181638929579
1282,TBN_DaeGu.csv,82,129.49049682617186,121.74178483751085
1283,TBN_DaeGu.csv,83,130.04175345680932,121.87850273980035
1284,TBN_DaeGu.csv,84,129.57467165860263,122.41753387451172
1285,TBN_DaeGu.csv,85,129.64231276078658,122.05633290608723
1286,TBN_DaeGu.csv,86,129.7421077381481,121.95592414008246
1287,TBN_DaeGu.csv,87,130.1170061978427,122.49156273735895
1288,TBN_DaeGu.csv,88,130.21503490101207,122.00895436604817
1289,TBN_DaeGu.csv,89,130.22253362482243,121.9396489461263
1290,TBN_DaeGu.csv,90,129.63437943892046,121.97836812337239
1291,TBN_DaeGu.csv,91,129.76852583451705,121.85685899522569
1292,TBN_DaeGu.csv,92,129.69840934059837,122.00822363959418
1293,TBN_DaeGu.csv,93,129.56953222101384,122.02230241563585
1294,TBN_DaeGu.csv,94,130.07404923872514,121.9778586493598
1295,TBN_DaeGu.csv,95,130.16132257634942,121.9774152967665
1296,TBN_DaeGu.csv,96,130.14240778142755,121.94545237223308
1297,TBN_DaeGu.csv,97,129.95078499533912,121.9189190334744
1298,TBN_DaeGu.csv,98,130.02921489368785,121.93217637803819
1299,TBN_DaeGu.csv,99,129.63724046186968,121.94328053792317
1300,TBN_DaeGu.csv,100,129.45421988747336,121.93543921576605
1301,TBC_DaeGu.csv,1,135.21897416548296,131.15564812554254
1302,TBC_DaeGu.csv,2,134.04542236328126,125.97996944851346
1303,TBC_DaeGu.csv,3,134.4161121715199,126.35041893853082
1304,TBC_DaeGu.csv,4,134.60964785489168,128.62377081976996
1305,TBC_DaeGu.csv,5,134.1429862282493,127.04587724473741
1306,TBC_DaeGu.csv,6,133.61636352539062,128.14454820421008
1307,TBC_DaeGu.csv,7,133.9580946488814,126.41401672363281
1308,TBC_DaeGu.csv,8,134.29544261585582,125.8180686102973
1309,TBC_DaeGu.csv,9,133.97103271484374,127.16172536214192
1310,TBC_DaeGu.csv,10,133.47971011075106,134.72205013699002
1311,TBC_DaeGu.csv,11,134.63865744850852,129.43801032172308
1312,TBC_DaeGu.csv,12,134.10969071821734,129.63252597384982
1313,TBC_DaeGu.csv,13,133.85508644797585,126.92022450764973
1314,TBC_DaeGu.csv,14,133.37356400923295,128.02704535590277
1315,TBC_DaeGu.csv,15,133.64199010675603,130.73291693793402
1316,TBC_DaeGu.csv,16,133.3351063121449,129.8060794406467
1317,TBC_DaeGu.csv,17,133.79692133123226,128.77149454752603
1318,TBC_DaeGu.csv,18,133.09772533069957,127.12662845187717
1319,TBC_DaeGu.csv,19,133.05422640713778,126.89663696289062
1320,TBC_DaeGu.csv,20,134.26240595037288,129.81041463216147
1321,TBC_DaeGu.csv,21,134.1927481911399,126.79271189371745
1322,TBC_DaeGu.csv,22,133.98943869850854,127.66901991102431
1323,TBC_DaeGu.csv,23,134.07708546031606,127.2221433851454
1324,TBC_DaeGu.csv,24,133.3758564342152,128.6358676486545
1325,TBC_DaeGu.csv,25,133.14909418279476,125.69776238335504
1326,TBC_DaeGu.csv,26,133.7255081176758,126.19937472873264
1327,TBC_DaeGu.csv,27,133.6238603071733,126.36543273925781
1328,TBC_DaeGu.csv,28,132.56996668035333,128.6283688015408
1329,TBC_DaeGu.csv,29,133.59623343727804,132.96714782714844
1330,TBC_DaeGu.csv,30,133.592319280451,130.43497297498914
1331,TBC_DaeGu.csv,31,132.96062289151277,128.30325571695963
1332,TBC_DaeGu.csv,32,132.94024713689632,128.2985110812717
1333,TBC_DaeGu.csv,33,132.84529821222478,126.93363444010417
1334,TBC_DaeGu.csv,34,133.2430285367099,126.49690077039931
1335,TBC_DaeGu.csv,35,132.87597794966265,127.09883371988933
1336,TBC_DaeGu.csv,36,133.288661887429,127.22252400716145
1337,TBC_DaeGu.csv,37,133.21842179731888,126.90609317355685
1338,TBC_DaeGu.csv,38,132.99401439319956,128.24617767333984
1339,TBC_DaeGu.csv,39,133.0004871715199,125.68729739718967
1340,TBC_DaeGu.csv,40,132.66682808615946,128.30825551350912
1341,TBC_DaeGu.csv,41,132.312287347967,127.24344635009766
1342,TBC_DaeGu.csv,42,132.5802823153409,128.30021074083118
1343,TBC_DaeGu.csv,43,132.71738073175604,130.1868659125434
1344,TBC_DaeGu.csv,44,132.81672501997514,130.4680150349935
1345,TBC_DaeGu.csv,45,132.98722062544388,127.18286641438802
1346,TBC_DaeGu.csv,46,132.48870807994496,126.22780015733507
1347,TBC_DaeGu.csv,47,132.72086264870384,128.7500729031033
1348,TBC_DaeGu.csv,48,132.50096518776633,127.42281426323785
1349,TBC_DaeGu.csv,49,132.38423517400568,127.66514841715495
1350,TBC_DaeGu.csv,50,132.14404393976386,128.20609198676215
1351,TBC_DaeGu.csv,51,131.9961685180664,126.70101420084636
1352,TBC_DaeGu.csv,52,132.11187272505327,128.644771999783
1353,TBC_DaeGu.csv,53,132.10045401833275,127.11192067464192
1354,TBC_DaeGu.csv,54,132.5872906771573,127.67393069797092
1355,TBC_DaeGu.csv,55,132.3104829268022,126.57899305555556
1356,TBC_DaeGu.csv,56,132.40871262983842,125.82473500569661
1357,TBC_DaeGu.csv,57,132.09331581809303,127.32616255018446
1358,TBC_DaeGu.csv,58,132.12231847589666,127.40868208143446
1359,TBC_DaeGu.csv,59,132.19301091974432,128.47816721598306
1360,TBC_DaeGu.csv,60,132.1883665605025,126.50187683105469
1361,TBC_DaeGu.csv,61,132.415959444913,127.60728454589844
1362,TBC_DaeGu.csv,62,131.88242992054333,126.67697652180989
1363,TBC_DaeGu.csv,63,132.25714194557884,126.93081495496962
1364,TBC_DaeGu.csv,64,131.71166340221058,126.77252960205078
1365,TBC_DaeGu.csv,65,132.22212871204724,127.28173743353949
1366,TBC_DaeGu.csv,66,132.42096446644177,127.32404327392578
1367,TBC_DaeGu.csv,67,132.36372430974788,128.01331837972006
1368,TBC_DaeGu.csv,68,131.61403101140803,127.90809377034505
1369,TBC_DaeGu.csv,69,131.59901442094284,127.38124084472656
1370,TBC_DaeGu.csv,70,132.27592648592864,127.94950697157118
1371,TBC_DaeGu.csv,71,131.67457081187854,126.77211252848308
1372,TBC_DaeGu.csv,72,131.9707376653498,127.99019283718533
1373,TBC_DaeGu.csv,73,131.6982560591264,126.9259991115994
1374,TBC_DaeGu.csv,74,131.82250685258344,127.00070020887587
1375,TBC_DaeGu.csv,75,132.0732685435902,127.05636935763889
1376,TBC_DaeGu.csv,76,132.08745880126952,126.63676876491971
1377,TBC_DaeGu.csv,77,132.28980047052556,128.3013949924045
1378,TBC_DaeGu.csv,78,131.9836631081321,127.4832746717665
1379,TBC_DaeGu.csv,79,131.5033075506037,126.90685356987848
1380,TBC_DaeGu.csv,80,131.77732266512785,127.36501905653212
1381,TBC_DaeGu.csv,81,131.81143673983487,127.18756273057726
1382,TBC_DaeGu.csv,82,132.2668666492809,128.0294918484158
1383,TBC_DaeGu.csv,83,132.4050688310103,127.49349721272786
1384,TBC_DaeGu.csv,84,131.46799996115945,127.47545962863498
1385,TBC_DaeGu.csv,85,131.89781605113637,127.48184119330512
1386,TBC_DaeGu.csv,86,131.5687724720348,127.40721638997395
1387,TBC_DaeGu.csv,87,131.95435818758878,127.04377746582031
1388,TBC_DaeGu.csv,88,132.0011319247159,127.32620154486762
1389,TBC_DaeGu.csv,89,131.7510897549716,127.51584031846788
1390,TBC_DaeGu.csv,90,131.7188906582919,127.10013665093317
1391,TBC_DaeGu.csv,91,131.9701962557706,126.80831570095486
1392,TBC_DaeGu.csv,92,132.34365484064276,127.07234615749783
1393,TBC_DaeGu.csv,93,131.77529199773616,127.29799313015408
1394,TBC_DaeGu.csv,94,131.6595564408736,127.24843512641058
1395,TBC_DaeGu.csv,95,131.5904622858221,127.19735717773438
1396,TBC_DaeGu.csv,96,131.2380169955167,127.30574459499783
1397,TBC_DaeGu.csv,97,131.40894650545988,127.23603905571832
1398,TBC_DaeGu.csv,98,131.54971160888672,127.21137830946181
1399,TBC_DaeGu.csv,99,131.8695630160245,127.2032453748915
1400,TBC_DaeGu.csv,100,131.53510437011718,127.20793830023871
1401,JeonJu_Radio.csv,1,129.58441148237748,119.25633239746094
1402,JeonJu_Radio.csv,2,129.71646908846768,117.13734944661458
1403,JeonJu_Radio.csv,3,129.04422829367897,117.42281934950087
1404,JeonJu_Radio.csv,4,128.5758925004439,116.45083787706163
1405,JeonJu_Radio.csv,5,129.06805419921875,117.82010989718967
1406,JeonJu_Radio.csv,6,128.6962546608665,117.00069766574435
1407,JeonJu_Radio.csv,7,128.4513051813299,118.48694356282552
1408,JeonJu_Radio.csv,8,128.49398984042082,114.81100124782986
1409,JeonJu_Radio.csv,9,128.37812832919033,115.84227074517145
1410,JeonJu_Radio.csv,10,128.34588567560368,116.54961480034723
1411,JeonJu_Radio.csv,11,128.0280656294389,116.03893025716145
1412,JeonJu_Radio.csv,12,127.99916784113104,115.61584133572049
1413,JeonJu_Radio.csv,13,127.72886102849787,118.17673746744792
1414,JeonJu_Radio.csv,14,128.17674005681818,115.65210639105902
1415,JeonJu_Radio.csv,15,128.3440304842862,114.88805219862196
1416,JeonJu_Radio.csv,16,128.07858539928088,113.66989474826389
1417,JeonJu_Radio.csv,17,127.78573844216086,114.53414916992188
1418,JeonJu_Radio.csv,18,127.78301585804333,113.15455796983507
1419,JeonJu_Radio.csv,19,127.24571449973367,113.00143686930339
1420,JeonJu_Radio.csv,20,126.95676560835405,113.51614718967014
1421,JeonJu_Radio.csv,21,126.74015114524148,114.10702090793185
1422,JeonJu_Radio.csv,22,127.52887198708274,113.76051500108507
1423,JeonJu_Radio.csv,23,127.1701757257635,112.36712137858073
1424,JeonJu_Radio.csv,24,127.20159301757812,113.3418197631836
1425,JeonJu_Radio.csv,25,127.00458679199218,114.06425645616319
1426,JeonJu_Radio.csv,26,127.38968048095703,111.9981206258138
1427,JeonJu_Radio.csv,27,127.32816744717685,112.91038597954645
1428,JeonJu_Radio.csv,28,127.10753881281073,114.81594679090712
1429,JeonJu_Radio.csv,29,126.57026852694425,113.44199795193143
1430,JeonJu_Radio.csv,30,126.53427692760121,111.7844950358073
1431,JeonJu_Radio.csv,31,126.70670637650923,112.61766052246094
1432,JeonJu_Radio.csv,32,126.85028825239702,114.5219963921441
1433,JeonJu_Radio.csv,33,126.71890050714666,112.28381686740451
1434,JeonJu_Radio.csv,34,126.69704062721947,114.91717529296875
1435,JeonJu_Radio.csv,35,127.03791490034624,116.2628190782335
1436,JeonJu_Radio.csv,36,126.53222600763495,113.00172678629558
1437,JeonJu_Radio.csv,37,126.52327034690164,112.16800944010417
1438,JeonJu_Radio.csv,38,126.19848119562323,112.19831085205078
1439,JeonJu_Radio.csv,39,126.39807905717329,112.48738352457683
1440,JeonJu_Radio.csv,40,126.62248174493963,112.54822116427951
1441,JeonJu_Radio.csv,41,127.01665399724787,113.10145399305556
1442,JeonJu_Radio.csv,42,126.29491091641513,112.08329772949219
1443,JeonJu_Radio.csv,43,126.54054607044567,111.39498901367188
1444,JeonJu_Radio.csv,44,126.04713065407493,112.28909810384114
1445,JeonJu_Radio.csv,45,126.42475891113281,113.10553656684027
1446,JeonJu_Radio.csv,46,126.42727841463956,112.45898776584201
1447,JeonJu_Radio.csv,47,126.29041165438565,114.16319105360243
1448,JeonJu_Radio.csv,48,126.73085687810725,113.53501807318793
1449,JeonJu_Radio.csv,49,126.28703349720348,112.11476389567058
1450,JeonJu_Radio.csv,50,126.14415116743608,112.49754333496094
1451,JeonJu_Radio.csv,51,126.34226518110795,112.40599483913846
1452,JeonJu_Radio.csv,52,126.10468139648438,112.27929941813152
1453,JeonJu_Radio.csv,53,126.06068794944069,112.23825581868489
1454,JeonJu_Radio.csv,54,126.47911793101918,111.9776611328125
1455,JeonJu_Radio.csv,55,126.41418831565163,112.41079372829861
1456,JeonJu_Radio.csv,56,126.69599082253195,111.55547417534723
1457,JeonJu_Radio.csv,57,126.09139071377841,112.61632537841797
1458,JeonJu_Radio.csv,58,126.1369516546076,111.8631354437934
1459,JeonJu_Radio.csv,59,126.14376428777521,111.45975579155817
1460,JeonJu_Radio.csv,60,126.08333088267933,112.73848724365234
1461,JeonJu_Radio.csv,61,125.53259638006037,111.81490241156683
1462,JeonJu_Radio.csv,62,126.10791390158913,112.55537499321832
1463,JeonJu_Radio.csv,63,126.04376567493786,112.36878712972005
1464,JeonJu_Radio.csv,64,126.04342803955078,112.31741587320964
1465,JeonJu_Radio.csv,65,125.92473241632635,112.07215457492404
1466,JeonJu_Radio.csv,66,125.69885919744318,111.79883575439453
1467,JeonJu_Radio.csv,67,126.11450264670633,112.22531127929688
1468,JeonJu_Radio.csv,68,125.95564880371094,113.05739084879558
1469,JeonJu_Radio.csv,69,125.80325844504617,112.32147640652127
1470,JeonJu_Radio.csv,70,125.68179765181108,112.25951215955946
1471,JeonJu_Radio.csv,71,125.85099196000533,111.94841851128473
1472,JeonJu_Radio.csv,72,125.98531910289418,112.32677205403645
1473,JeonJu_Radio.csv,73,125.32734277898615,111.97030724419488
1474,JeonJu_Radio.csv,74,125.6992090398615,112.02623070610895
1475,JeonJu_Radio.csv,75,125.75656571821733,112.38885328504774
1476,JeonJu_Radio.csv,76,125.73439039750532,111.90742916531033
1477,JeonJu_Radio.csv,77,125.0545665394176,112.09889645046658
1478,JeonJu_Radio.csv,78,125.75860748291015,112.84008110894098
1479,JeonJu_Radio.csv,79,125.76601160222833,111.95499674479167
1480,JeonJu_Radio.csv,80,125.40443240079013,112.25575510660808
1481,JeonJu_Radio.csv,81,125.91974612149325,111.94575839572482
1482,JeonJu_Radio.csv,82,125.8509510387074,111.76231638590495
1483,JeonJu_Radio.csv,83,125.70155265114524,112.12091403537326
1484,JeonJu_Radio.csv,84,125.9899351640181,111.72621493869357
1485,JeonJu_Radio.csv,85,125.05402415882457,112.24977535671658
1486,JeonJu_Radio.csv,86,125.39930988658558,112.17463005913629
1487,JeonJu_Radio.csv,87,125.54297485351563,112.28497823079427
1488,JeonJu_Radio.csv,88,126.2384160822088,112.0159649319119
1489,JeonJu_Radio.csv,89,125.94911776455966,111.99591403537326
1490,JeonJu_Radio.csv,90,125.55300084894354,111.8228293524848
1491,JeonJu_Radio.csv,91,125.27749508944424,112.08965555826823
1492,JeonJu_Radio.csv,92,125.61468824906783,111.91930389404297
1493,JeonJu_Radio.csv,93,126.05845003995029,112.04215325249567
1494,JeonJu_Radio.csv,94,125.59763863303445,111.97091335720486
1495,JeonJu_Radio.csv,95,125.8469555941495,111.97751786973741
1496,JeonJu_Radio.csv,96,125.41437780206854,111.962890625
1497,JeonJu_Radio.csv,97,125.50074740323153,111.98027038574219
1498,JeonJu_Radio.csv,98,125.90374963933772,112.02208285861545
1499,JeonJu_Radio.csv,99,125.39640697132458,112.02421485053168
1500,JeonJu_Radio.csv,100,125.71897804953835,112.02957407633464
1501,KBS_JeonJu.csv,1,120.65302817604758,101.92013041178386
1502,KBS_JeonJu.csv,2,119.61186232133345,101.85195075141058
1503,KBS_JeonJu.csv,3,119.75487518310547,102.29559665256076
1504,KBS_JeonJu.csv,4,119.5947870427912,100.65603807237413
1505,KBS_JeonJu.csv,5,119.91131439208985,100.74991861979167
1506,KBS_JeonJu.csv,6,120.04793049205433,101.52057139078777
1507,KBS_JeonJu.csv,7,120.03970475630327,100.36657375759549
1508,KBS_JeonJu.csv,8,119.8031928322532,100.69686465793185
1509,KBS_JeonJu.csv,9,120.5860610961914,100.3002446492513
1510,KBS_JeonJu.csv,10,119.33823311545632,100.12113867865668
1511,KBS_JeonJu.csv,11,118.84248171719638,100.76952022976346
1512,KBS_JeonJu.csv,12,119.39671700217507,101.04652828640408
1513,KBS_JeonJu.csv,13,119.37797920920632,106.17045254177518
1514,KBS_JeonJu.csv,14,119.78084564208984,101.12157355414496
1515,KBS_JeonJu.csv,15,119.42542641379616,100.29970041910808
1516,KBS_JeonJu.csv,16,119.06306096857244,100.85350375705295
1517,KBS_JeonJu.csv,17,118.97186057350852,100.84590572781033
1518,KBS_JeonJu.csv,18,119.56235878684303,101.23790910508897
1519,KBS_JeonJu.csv,19,119.56918293346058,102.55357699924045
1520,KBS_JeonJu.csv,20,119.46598663330079,100.52301449245877
1521,KBS_JeonJu.csv,21,119.70317244096236,102.17076449924045
1522,KBS_JeonJu.csv,22,119.33522283380682,100.09591166178386
1523,KBS_JeonJu.csv,23,119.15611391934482,99.81484900580512
1524,KBS_JeonJu.csv,24,119.32929895574397,100.48883650037978
1525,KBS_JeonJu.csv,25,119.14277746027166,100.07570563422308
1526,KBS_JeonJu.csv,26,119.32808810147372,99.69721221923828
1527,KBS_JeonJu.csv,27,119.45049507834695,100.05191124810113
1528,KBS_JeonJu.csv,28,118.97617881081321,99.85635375976562
1529,KBS_JeonJu.csv,29,118.97507865212181,100.27412838406033
1530,KBS_JeonJu.csv,30,118.83158666437322,101.03059726291232
1531,KBS_JeonJu.csv,31,119.6006812355735,101.49157375759549
1532,KBS_JeonJu.csv,32,119.2870767766779,99.22443474663629
1533,KBS_JeonJu.csv,33,119.70301902077415,99.84732733832465
1534,KBS_JeonJu.csv,34,119.11344770951705,100.56131235758464
1535,KBS_JeonJu.csv,35,118.97533763538708,99.69940439860027
1536,KBS_JeonJu.csv,36,119.1150468306108,100.63942209879558
1537,KBS_JeonJu.csv,37,119.02426258433948,100.48342725965712
1538,KBS_JeonJu.csv,38,118.92491843483664,100.39805772569444
1539,KBS_JeonJu.csv,39,119.48989146839489,100.81828901502821
1540,KBS_JeonJu.csv,40,119.20608895041725,101.14573584662543
1541,KBS_JeonJu.csv,41,119.52426632967862,100.47676934136285
1542,KBS_JeonJu.csv,42,118.60749053955078,99.5457763671875
1543,KBS_JeonJu.csv,43,119.45647277832032,99.84671952989366
1544,KBS_JeonJu.csv,44,118.85661634965376,99.78771294487848
1545,KBS_JeonJu.csv,45,118.19441791881215,100.50889248318143
1546,KBS_JeonJu.csv,46,118.6030230435458,101.40703243679471
1547,KBS_JeonJu.csv,47,119.18538790616122,100.47574106852214
1548,KBS_JeonJu.csv,48,118.66815352006392,99.96932220458984
1549,KBS_JeonJu.csv,49,118.35133445046165,100.37803649902344
1550,KBS_JeonJu.csv,50,118.65263449928977,100.0111592610677
1551,KBS_JeonJu.csv,51,118.62302606756037,100.35451422797308
1552,KBS_JeonJu.csv,52,118.64556704434482,100.44994439019098
1553,KBS_JeonJu.csv,53,118.18415166681463,101.02058749728732
1554,KBS_JeonJu.csv,54,118.81936700994318,100.10476938883464
1555,KBS_JeonJu.csv,55,118.62322748357599,100.5292739868164
1556,KBS_JeonJu.csv,56,118.92251129150391,99.64276038275824
1557,KBS_JeonJu.csv,57,118.77450949928978,100.28158399793837
1558,KBS_JeonJu.csv,58,118.79790177778764,100.20432790120442
1559,KBS_JeonJu.csv,59,118.42697296142578,100.10274251302083
1560,KBS_JeonJu.csv,60,118.16313462690873,99.850587632921
1561,KBS_JeonJu.csv,61,118.00847154097123,99.69136640760634
1562,KBS_JeonJu.csv,62,118.30976576371627,100.13200208875868
1563,KBS_JeonJu.csv,63,118.64746343439276,100.10485755072699
1564,KBS_JeonJu.csv,64,118.144125921076,99.93152109781902
1565,KBS_JeonJu.csv,65,118.23935408158736,99.8859151204427
1566,KBS_JeonJu.csv,66,118.22543237859553,100.06386311848958
1567,KBS_JeonJu.csv,67,119.01483154296875,99.99547153049045
1568,KBS_JeonJu.csv,68,118.44574737548828,99.7799335055881
1569,KBS_JeonJu.csv,69,118.25290263782848,99.65092892116971
1570,KBS_JeonJu.csv,70,118.34272169633346,99.9206788804796
1571,KBS_JeonJu.csv,71,118.20390000776811,99.95433892144098
1572,KBS_JeonJu.csv,72,118.75874009565874,100.4794184366862
1573,KBS_JeonJu.csv,73,118.54487124356356,99.78568776448567
1574,KBS_JeonJu.csv,74,118.03420077237216,99.68191274007161
1575,KBS_JeonJu.csv,75,118.30104897238992,99.94208272298177
1576,KBS_JeonJu.csv,76,118.28877813165838,99.7189678615994
1577,KBS_JeonJu.csv,77,118.20326288396662,99.82113901774089
1578,KBS_JeonJu.csv,78,118.25757668235086,100.25168016221788
1579,KBS_JeonJu.csv,79,118.32570134943182,99.88109419080946
1580,KBS_JeonJu.csv,80,118.3658319646662,99.65815056694879
1581,KBS_JeonJu.csv,81,118.43270929509943,99.6920920477973
1582,KBS_JeonJu.csv,82,117.69378828568892,99.77133263481988
1583,KBS_JeonJu.csv,83,118.28764967484908,99.67538960774739
1584,KBS_JeonJu.csv,84,118.09266010631214,99.6566874186198
1585,KBS_JeonJu.csv,85,118.90054584849965,99.69327545166016
1586,KBS_JeonJu.csv,86,118.0009207985618,99.79636891682942
1587,KBS_JeonJu.csv,87,118.16962321888317,99.8637457953559
1588,KBS_JeonJu.csv,88,117.71698691628195,99.83862389458551
1589,KBS_JeonJu.csv,89,118.03960196755149,99.76378377278645
1590,KBS_JeonJu.csv,90,117.82365195534446,99.78322177463107
1591,KBS_JeonJu.csv,91,118.20622780539773,99.67410617404514
1592,KBS_JeonJu.csv,92,117.75367098721591,99.70636071099176
1593,KBS_JeonJu.csv,93,118.18113125887784,99.74770185682509
1594,KBS_JeonJu.csv,94,117.817236328125,99.74763912624783
1595,KBS_JeonJu.csv,95,117.85016257546165,99.73980712890625
1596,KBS_JeonJu.csv,96,118.06792089288885,99.73926544189453
1597,KBS_JeonJu.csv,97,118.3453593860973,99.73279825846355
1598,KBS_JeonJu.csv,98,118.03397424871271,99.73279656304254
1599,KBS_JeonJu.csv,99,118.11126695112749,99.7359356350369
1600,KBS_JeonJu.csv,100,118.3174072265625,99.73643154568143
1601,KBS_MokPo.csv,1,109.53606525767933,77.68683200412326
1602,KBS_MokPo.csv,2,107.5202485518022,69.85534413655598
1603,KBS_MokPo.csv,3,107.82170687588778,75.09335327148438
1604,KBS_MokPo.csv,4,107.41316944469105,68.65064069959853
1605,KBS_MokPo.csv,5,106.37995730313388,67.54504140218098
1606,KBS_MokPo.csv,6,105.55742603648793,68.09287855360243
1607,KBS_MokPo.csv,7,105.2563608342951,67.98890855577257
1608,KBS_MokPo.csv,8,105.48731467507102,65.48049757215712
1609,KBS_MokPo.csv,9,105.76816142689098,64.43274010552301
1610,KBS_MokPo.csv,10,105.07147868763317,64.62321429782443
1611,KBS_MokPo.csv,11,104.81554509943182,64.67433590359158
1612,KBS_MokPo.csv,12,104.48974637118253,68.96202002631293
1613,KBS_MokPo.csv,13,104.69307472922586,65.06639650132921
1614,KBS_MokPo.csv,14,104.67550062699752,72.71565500895183
1615,KBS_MokPo.csv,15,104.9685043334961,62.37138875325521
1616,KBS_MokPo.csv,16,104.54352208917791,64.84222920735677
1617,KBS_MokPo.csv,17,104.49759896018288,68.66555828518338
1618,KBS_MokPo.csv,18,103.9008603182706,64.6938353644477
1619,KBS_MokPo.csv,19,104.1151905406605,69.16746520996094
1620,KBS_MokPo.csv,20,104.04695822975852,66.94441604614258
1621,KBS_MokPo.csv,21,104.55076710094104,69.23794513278537
1622,KBS_MokPo.csv,22,104.54080436012961,70.3193605211046
1623,KBS_MokPo.csv,23,104.15826402143999,63.43751017252604
1624,KBS_MokPo.csv,24,104.2873779296875,69.42760297987196
1625,KBS_MokPo.csv,25,104.16819513494318,64.64927164713542
1626,KBS_MokPo.csv,26,104.06228179931641,66.96119435628255
1627,KBS_MokPo.csv,27,103.84194641113281,64.45289993286133
1628,KBS_MokPo.csv,28,104.16046392267401,67.00967449612088
1629,KBS_MokPo.csv,29,103.2759683782404,65.69232813517253
1630,KBS_MokPo.csv,30,103.71752041903409,63.93554390801324
1631,KBS_MokPo.csv,31,103.84287858442826,64.31023746066623
1632,KBS_MokPo.csv,32,103.61043936989525,74.76776546902127
1633,KBS_MokPo.csv,33,104.40257582231001,65.70855500962999
1634,KBS_MokPo.csv,34,103.45580652410334,67.20785437689887
1635,KBS_MokPo.csv,35,103.62398737127131,65.18251207139757
1636,KBS_MokPo.csv,36,104.22750327370383,63.465730879041885
1637,KBS_MokPo.csv,37,103.74685211181641,61.86942630343967
1638,KBS_MokPo.csv,38,103.49321358420632,62.58935334947374
1639,KBS_MokPo.csv,39,103.33219590620561,65.09117084079318
1640,KBS_MokPo.csv,40,103.68967742919922,64.28432930840387
1641,KBS_MokPo.csv,41,103.20037605979226,65.59644444783528
1642,KBS_MokPo.csv,42,103.22468178488991,69.48891703287761
1643,KBS_MokPo.csv,43,103.15388308438388,63.644739362928604
1644,KBS_MokPo.csv,44,103.33235029740767,67.29586283365886
1645,KBS_MokPo.csv,45,103.60692832253196,68.34843275282118
1646,KBS_MokPo.csv,46,103.26361070112749,68.51226001315646
1647,KBS_MokPo.csv,47,103.3691646229137,68.00233840942383
1648,KBS_MokPo.csv,48,103.60068761652167,64.96913486056857
1649,KBS_MokPo.csv,49,103.77788973721592,65.99973254733615
1650,KBS_MokPo.csv,50,103.31149652654474,63.15379206339518
1651,KBS_MokPo.csv,51,103.75446555397727,63.52988645765517
1652,KBS_MokPo.csv,52,103.21840251575817,68.38721381293402
1653,KBS_MokPo.csv,53,103.8874120538885,64.27120590209961
1654,KBS_MokPo.csv,54,103.56492739590732,70.35271792941623
1655,KBS_MokPo.csv,55,102.95558138760653,70.43977779812283
1656,KBS_MokPo.csv,56,103.80467113148083,64.90852864583333
1657,KBS_MokPo.csv,57,103.42117392800071,68.43418545193143
1658,KBS_MokPo.csv,58,103.2511191628196,66.03548261854384
1659,KBS_MokPo.csv,59,103.11919222745028,65.98019324408637
1660,KBS_MokPo.csv,60,103.30359663529829,63.575563218858505
1661,KBS_MokPo.csv,61,103.02552531849254,63.486780378553604
1662,KBS_MokPo.csv,62,103.67772674560547,64.68795013427734
1663,KBS_MokPo.csv,63,103.36855787797408,66.5394401550293
1664,KBS_MokPo.csv,64,103.58582416881214,63.86309136284722
1665,KBS_MokPo.csv,65,103.4159423828125,63.96905305650499
1666,KBS_MokPo.csv,66,103.63716042258523,65.2753512064616
1667,KBS_MokPo.csv,67,102.79419687444513,63.536956787109375
1668,KBS_MokPo.csv,68,102.9745888449929,64.71316146850586
1669,KBS_MokPo.csv,69,102.97678583318537,66.26426866319444
1670,KBS_MokPo.csv,70,102.98657906272194,65.02441024780273
1671,KBS_MokPo.csv,71,102.31026555841619,65.59835645887587
1672,KBS_MokPo.csv,72,102.9713580044833,64.56986490885417
1673,KBS_MokPo.csv,73,103.2819390036843,62.62855656941732
1674,KBS_MokPo.csv,74,102.88659459894353,66.64347415500217
1675,KBS_MokPo.csv,75,103.27921017733487,65.63318549262152
1676,KBS_MokPo.csv,76,103.21411146684126,64.00342814127605
1677,KBS_MokPo.csv,77,102.86364759965376,66.00798628065321
1678,KBS_MokPo.csv,78,103.28806263316761,66.20619667900934
1679,KBS_MokPo.csv,79,102.92052903608842,65.45303259955512
1680,KBS_MokPo.csv,80,102.85760456431996,64.37672636244032
1681,KBS_MokPo.csv,81,102.71698844216087,64.48623614841037
1682,KBS_MokPo.csv,82,102.95065557306464,63.86174392700195
1683,KBS_MokPo.csv,83,102.80730854381214,64.45372094048395
1684,KBS_MokPo.csv,84,103.22155248468573,64.55981063842773
1685,KBS_MokPo.csv,85,102.88934312300249,65.69206110636394
1686,KBS_MokPo.csv,86,102.97773132324218,65.85016250610352
1687,KBS_MokPo.csv,87,102.76379311301491,66.02351888020833
1688,KBS_MokPo.csv,88,102.61307636607776,65.39077589246962
1689,KBS_MokPo.csv,89,103.14363444935192,63.983313666449654
1690,KBS_MokPo.csv,90,103.06733856201171,66.20046827528212
1691,KBS_MokPo.csv,91,102.56954012784091,65.15119043986003
1692,KBS_MokPo.csv,92,103.11527626731178,65.1687626308865
1693,KBS_MokPo.csv,93,103.10794261585582,65.28056250678168
1694,KBS_MokPo.csv,94,102.80919605601918,65.45766279432509
1695,KBS_MokPo.csv,95,103.12365375865589,65.47213490804036
1696,KBS_MokPo.csv,96,102.95392719615589,65.59348085191515
1697,KBS_MokPo.csv,97,102.36955885453658,65.39610799153645
1698,KBS_MokPo.csv,98,103.29313937100497,65.27901458740234
1699,KBS_MokPo.csv,99,103.0673719926314,65.29688051011827
1700,KBS_MokPo.csv,100,102.56609372225675,65.29096815321181
1701,KBS_SunCheon.csv,1,200.0,200.0
1702,KBS_SunCheon.csv,2,200.0,200.0
1703,KBS_SunCheon.csv,3,200.0,200.0
1704,KBS_SunCheon.csv,4,200.0,200.0
1705,KBS_SunCheon.csv,5,200.0,200.0
1706,KBS_SunCheon.csv,6,200.0,200.0
1707,KBS_SunCheon.csv,7,200.0,200.0
1708,KBS_SunCheon.csv,8,200.0,200.0
1709,KBS_SunCheon.csv,9,200.0,200.0
1710,KBS_SunCheon.csv,10,200.0,200.0
1711,KBS_SunCheon.csv,11,200.0,200.0
1712,KBS_SunCheon.csv,12,200.0,200.0
1713,KBS_SunCheon.csv,13,200.0,200.0
1714,KBS_SunCheon.csv,14,200.0,200.0
1715,KBS_SunCheon.csv,15,200.0,200.0
1716,KBS_SunCheon.csv,16,200.0,200.0
1717,KBS_SunCheon.csv,17,200.0,200.0
1718,KBS_SunCheon.csv,18,200.0,200.0
1719,KBS_SunCheon.csv,19,200.0,200.0
1720,KBS_SunCheon.csv,20,200.0,200.0
1721,KBS_SunCheon.csv,21,200.0,200.0
1722,KBS_SunCheon.csv,22,200.0,200.0
1723,KBS_SunCheon.csv,23,200.0,200.0
1724,KBS_SunCheon.csv,24,200.0,200.0
1725,KBS_SunCheon.csv,25,200.0,200.0
1726,KBS_SunCheon.csv,26,200.0,200.0
1727,KBS_SunCheon.csv,27,200.0,200.0
1728,KBS_SunCheon.csv,28,200.0,200.0
1729,KBS_SunCheon.csv,29,200.0,200.0
1730,KBS_SunCheon.csv,30,200.0,200.0
1731,KBS_SunCheon.csv,31,200.0,200.0
1732,KBS_SunCheon.csv,32,200.0,200.0
1733,KBS_SunCheon.csv,33,200.0,200.0
1734,KBS_SunCheon.csv,34,200.0,200.0
1735,KBS_SunCheon.csv,35,200.0,200.0
1736,KBS_SunCheon.csv,36,200.0,200.0
1737,KBS_SunCheon.csv,37,200.0,200.0
1738,KBS_SunCheon.csv,38,200.0,200.0
1739,KBS_SunCheon.csv,39,200.0,200.0
1740,KBS_SunCheon.csv,40,200.0,200.0
1741,KBS_SunCheon.csv,41,200.0,200.0
1742,KBS_SunCheon.csv,42,200.0,200.0
1743,KBS_SunCheon.csv,43,200.0,200.0
1744,KBS_SunCheon.csv,44,200.0,200.0
1745,KBS_SunCheon.csv,45,200.0,200.0
1746,KBS_SunCheon.csv,46,200.0,200.0
1747,KBS_SunCheon.csv,47,200.0,200.0
1748,KBS_SunCheon.csv,48,200.0,200.0
1749,KBS_SunCheon.csv,49,200.0,200.0
1750,KBS_SunCheon.csv,50,200.0,200.0
1751,KBS_SunCheon.csv,51,200.0,200.0
1752,KBS_SunCheon.csv,52,200.0,200.0
1753,KBS_SunCheon.csv,53,200.0,200.0
1754,KBS_SunCheon.csv,54,200.0,200.0
1755,KBS_SunCheon.csv,55,200.0,200.0
1756,KBS_SunCheon.csv,56,200.0,200.0
1757,KBS_SunCheon.csv,57,200.0,200.0
1758,KBS_SunCheon.csv,58,200.0,200.0
1759,KBS_SunCheon.csv,59,200.0,200.0
1760,KBS_SunCheon.csv,60,200.0,200.0
1761,KBS_SunCheon.csv,61,200.0,200.0
1762,KBS_SunCheon.csv,62,200.0,200.0
1763,KBS_SunCheon.csv,63,200.0,200.0
1764,KBS_SunCheon.csv,64,200.0,200.0
1765,KBS_SunCheon.csv,65,200.0,200.0
1766,KBS_SunCheon.csv,66,200.0,200.0
1767,KBS_SunCheon.csv,67,200.0,200.0
1768,KBS_SunCheon.csv,68,200.0,200.0
1769,KBS_SunCheon.csv,69,200.0,200.0
1770,KBS_SunCheon.csv,70,200.0,200.0
1771,KBS_SunCheon.csv,71,200.0,200.0
1772,KBS_SunCheon.csv,72,200.0,200.0
1773,KBS_SunCheon.csv,73,200.0,200.0
1774,KBS_SunCheon.csv,74,200.0,200.0
1775,KBS_SunCheon.csv,75,200.0,200.0
1776,KBS_SunCheon.csv,76,200.0,200.0
1777,KBS_SunCheon.csv,77,200.0,200.0
1778,KBS_SunCheon.csv,78,200.0,200.0
1779,KBS_SunCheon.csv,79,200.0,200.0
1780,KBS_SunCheon.csv,80,200.0,200.0
1781,KBS_SunCheon.csv,81,200.0,200.0
1782,KBS_SunCheon.csv,82,200.0,200.0
1783,KBS_SunCheon.csv,83,200.0,200.0
1784,KBS_SunCheon.csv,84,200.0,200.0
1785,KBS_SunCheon.csv,85,200.0,200.0
1786,KBS_SunCheon.csv,86,200.0,200.0
1787,KBS_SunCheon.csv,87,200.0,200.0
1788,KBS_SunCheon.csv,88,200.0,200.0
1789,KBS_SunCheon.csv,89,200.0,200.0
1790,KBS_SunCheon.csv,90,200.0,200.0
1791,KBS_SunCheon.csv,91,200.0,200.0
1792,KBS_SunCheon.csv,92,200.0,200.0
1793,KBS_SunCheon.csv,93,200.0,200.0
1794,KBS_SunCheon.csv,94,200.0,200.0
1795,KBS_SunCheon.csv,95,200.0,200.0
1796,KBS_SunCheon.csv,96,200.0,200.0
1797,KBS_SunCheon.csv,97,200.0,200.0
1798,KBS_SunCheon.csv,98,200.0,200.0
1799,KBS_SunCheon.csv,99,200.0,200.0
1800,KBS_SunCheon.csv,100,200.0,200.0
1801,KBS_GwangJu.csv,1,118.99220705899326,80.58869255913629
1802,KBS_GwangJu.csv,2,113.00413027676669,81.58069441053603
1803,KBS_GwangJu.csv,3,113.0646821455522,82.81256103515625
1804,KBS_GwangJu.csv,4,112.09523204456676,79.3898171318902
1805,KBS_GwangJu.csv,5,111.6917592828924,81.98838297526042
1806,KBS_GwangJu.csv,6,112.13829498291015,82.06831614176433
1807,KBS_GwangJu.csv,7,111.56626503684303,80.60909864637587
1808,KBS_GwangJu.csv,8,111.82427160089667,84.08007303873698
1809,KBS_GwangJu.csv,9,112.09649228182705,79.02415381537543
1810,KBS_GwangJu.csv,10,111.67453821355646,79.3744010925293
1811,KBS_GwangJu.csv,11,111.89434772838246,80.53719965616862
1812,KBS_GwangJu.csv,12,111.95187280828303,83.65498352050781
1813,KBS_GwangJu.csv,13,111.90231073552911,81.50593905978732
1814,KBS_GwangJu.csv,14,111.79642861106178,78.27813466389973
1815,KBS_GwangJu.csv,15,112.04685738303445,79.53065787421332
1816,KBS_GwangJu.csv,16,111.8250077681108,78.26375749376085
1817,KBS_GwangJu.csv,17,112.39713745117187,80.21393161349826
1818,KBS_GwangJu.csv,18,111.98616235906428,78.283627404107
1819,KBS_GwangJu.csv,19,111.78296730735086,78.52942827012804
1820,KBS_GwangJu.csv,20,112.09107069535689,81.03769259982639
1821,KBS_GwangJu.csv,21,112.20395327481357,80.70528581407335
1822,KBS_GwangJu.csv,22,112.01796153675426,78.98269271850586
1823,KBS_GwangJu.csv,23,112.6660063310103,79.65211359659831
1824,KBS_GwangJu.csv,24,112.07579539905895,80.75467681884766
1825,KBS_GwangJu.csv,25,111.7137997713956,81.97147284613715
1826,KBS_GwangJu.csv,26,112.23005315607244,80.79773457845052
1827,KBS_GwangJu.csv,27,111.15953979492187,80.60774993896484
1828,KBS_GwangJu.csv,28,111.20926485928622,79.2013562520345
1829,KBS_GwangJu.csv,29,111.39324285333807,81.43955654568143
1830,KBS_GwangJu.csv,30,111.94841405695135,81.11831156412761
1831,KBS_GwangJu.csv,31,111.8251573042436,81.345704820421
1832,KBS_GwangJu.csv,32,111.40420435125178,79.08781094021268
1833,KBS_GwangJu.csv,33,111.14642694646662,79.82256274753146
1834,KBS_GwangJu.csv,34,111.45064655650745,80.72091929117839
1835,KBS_GwangJu.csv,35,111.17553544477983,84.58194054497613
1836,KBS_GwangJu.csv,36,111.6270918412642,80.39793862236871
1837,KBS_GwangJu.csv,37,111.6051792491566,80.12432691786024
1838,KBS_GwangJu.csv,38,111.15413610284979,83.19557444254558
1839,KBS_GwangJu.csv,39,111.50571039373224,80.86874559190538
1840,KBS_GwangJu.csv,40,111.39581812078302,80.46826510959201
1841,KBS_GwangJu.csv,41,111.6942801735618,80.214842054579
1842,KBS_GwangJu.csv,42,111.93768019242721,78.5706804063585
1843,KBS_GwangJu.csv,43,111.33877452503552,79.13193596733942
1844,KBS_GwangJu.csv,44,111.19792563698509,80.62830098470052
1845,KBS_GwangJu.csv,45,111.24220858487216,79.69701300726996
1846,KBS_GwangJu.csv,46,111.37599279230291,80.40454186333551
1847,KBS_GwangJu.csv,47,111.30324277010831,79.85004255506728
1848,KBS_GwangJu.csv,48,111.30639592950995,81.49456363254123
1849,KBS_GwangJu.csv,49,111.03048941872336,79.49880811903212
1850,KBS_GwangJu.csv,50,111.7776591907848,82.2799563937717
1851,KBS_GwangJu.csv,51,111.47569469105113,78.61551920572917
1852,KBS_GwangJu.csv,52,111.39437422318892,79.28798082139757
1853,KBS_GwangJu.csv,53,111.45581137917259,78.08617655436198
1854,KBS_GwangJu.csv,54,111.32021664706143,80.4052488538954
1855,KBS_GwangJu.csv,55,111.41973488547585,77.40924623277452
1856,KBS_GwangJu.csv,56,111.4140326760032,79.72848892211914
1857,KBS_GwangJu.csv,57,110.93840221058238,79.64980697631836
1858,KBS_GwangJu.csv,58,110.96187563809481,78.06744130452473
1859,KBS_GwangJu.csv,59,111.28709397749468,80.16316562228732
1860,KBS_GwangJu.csv,60,111.77936137806286,79.50183698866103
1861,KBS_GwangJu.csv,61,111.3509067882191,79.00714747111003
1862,KBS_GwangJu.csv,62,111.46624145507812,79.81092919243707
1863,KBS_GwangJu.csv,63,111.45654948841442,78.61861165364583
1864,KBS_GwangJu.csv,64,111.34581257213246,78.42081917656793
1865,KBS_GwangJu.csv,65,111.41223935213957,78.22974904378255
1866,KBS_GwangJu.csv,66,111.42972287264737,79.73721906873915
1867,KBS_GwangJu.csv,67,111.27976684570312,78.85733116997613
1868,KBS_GwangJu.csv,68,111.14531957452948,78.55409325493707
1869,KBS_GwangJu.csv,69,110.86678397438743,79.21715121799045
1870,KBS_GwangJu.csv,70,110.95190956809304,79.33823140462239
1871,KBS_GwangJu.csv,71,111.38506178422408,79.46226459079318
1872,KBS_GwangJu.csv,72,111.08693389892578,79.50163735283746
1873,KBS_GwangJu.csv,73,111.18532992276279,79.22158474392361
1874,KBS_GwangJu.csv,74,111.05628897927024,81.33875359429254
1875,KBS_GwangJu.csv,75,110.92100427800959,79.73518668280707
1876,KBS_GwangJu.csv,76,110.99190049604935,79.03270636664496
1877,KBS_GwangJu.csv,77,110.74765181107955,80.19325341118707
1878,KBS_GwangJu.csv,78,111.4576919555664,79.52807701958551
1879,KBS_GwangJu.csv,79,111.33378823020242,79.11100429958768
1880,KBS_GwangJu.csv,80,111.02311970103871,79.45574230617947
1881,KBS_GwangJu.csv,81,110.61833801269532,79.32927703857422
1882,KBS_GwangJu.csv,82,110.44081809303977,79.12068769666884
1883,KBS_GwangJu.csv,83,111.2490664395419,79.95750003390842
1884,KBS_GwangJu.csv,84,111.08960737748579,79.66124937269423
1885,KBS_GwangJu.csv,85,110.77691858465022,79.51891072591145
1886,KBS_GwangJu.csv,86,110.88226595791903,79.93211407131619
1887,KBS_GwangJu.csv,87,110.98687619295987,78.80747519599066
1888,KBS_GwangJu.csv,88,111.10940690474077,79.798585679796
1889,KBS_GwangJu.csv,89,111.22049629905007,79.41407182481554
1890,KBS_GwangJu.csv,90,110.96332189386541,79.6600112915039
1891,KBS_GwangJu.csv,91,110.82583909468217,79.31198967827692
1892,KBS_GwangJu.csv,92,110.68647100275213,79.40400526258681
1893,KBS_GwangJu.csv,93,110.965497935902,79.56477864583333
1894,KBS_GwangJu.csv,94,110.73629192005504,79.29890272352431
1895,KBS_GwangJu.csv,95,110.76874944513494,79.52728864881728
1896,KBS_GwangJu.csv,96,111.10843297784979,79.48571353488498
1897,KBS_GwangJu.csv,97,111.03266573819248,79.5896347893609
1898,KBS_GwangJu.csv,98,111.10808341286399,79.60426754421658
1899,KBS_GwangJu.csv,99,110.54718780517578,79.54935116238065
1900,KBS_GwangJu.csv,100,111.03982543945312,79.53327221340604
