global_epoch,task,epoch_in_task,train_loss,val_loss
1,MBC_CheongJu.csv,1,28727.395616319445,28249.446180555555
2,MBC_CheongJu.csv,2,27943.950792100695,27050.151692708332
3,MBC_CheongJu.csv,3,26253.386121961805,24751.29470486111
4,MBC_CheongJu.csv,4,23290.538031684027,21107.58572048611
5,MBC_CheongJu.csv,5,18994.480143229168,16209.902235243055
6,MBC_CheongJu.csv,6,13635.046088324652,10492.746853298611
7,MBC_CheongJu.csv,7,7872.380520290799,4980.454752604167
8,MBC_CheongJu.csv,8,2985.0977884928384,1166.092800564236
9,MBC_CheongJu.csv,9,602.8482513427734,416.04745144314234
10,MBC_CheongJu.csv,10,310.8771565755208,265.6436699761285
11,MBC_CheongJu.csv,11,211.48447757297092,183.77318488226996
12,MBC_CheongJu.csv,12,152.91891437106662,137.3048341539171
13,MBC_CheongJu.csv,13,121.29794502258301,110.48588222927518
14,MBC_CheongJu.csv,14,106.58626344468858,99.61904398600261
15,MBC_CheongJu.csv,15,99.7949612935384,95.71751488579645
16,MBC_CheongJu.csv,16,99.52459992302789,95.64674462212457
17,MBC_CheongJu.csv,17,96.94781896803114,95.43107096354167
18,MBC_CheongJu.csv,18,97.07010883755154,94.68193478054471
19,MBC_CheongJu.csv,19,96.69080755445692,93.26217312282986
20,MBC_CheongJu.csv,20,96.7033511267768,94.4810545179579
21,MBC_CheongJu.csv,21,97.25032212999132,95.23328653971355
22,MBC_CheongJu.csv,22,95.96732902526855,93.12766435411241
23,MBC_CheongJu.csv,23,96.50210973951552,92.83083852132161
24,MBC_CheongJu.csv,24,96.29630258348253,92.92400444878473
25,MBC_CheongJu.csv,25,96.63021151224773,93.30309465196397
26,MBC_CheongJu.csv,26,95.6799259185791,92.7320539686415
27,MBC_CheongJu.csv,27,95.99419784545898,92.77410210503473
28,MBC_CheongJu.csv,28,96.08296775817871,93.22437286376953
29,MBC_CheongJu.csv,29,95.38628959655762,92.76860470241971
30,MBC_CheongJu.csv,30,95.88292121887207,92.68726518419054
31,MBC_CheongJu.csv,31,95.5358772277832,92.3998311360677
32,MBC_CheongJu.csv,32,95.31819534301758,94.17815738254123
33,MBC_CheongJu.csv,33,95.38851971096463,92.46903991699219
34,MBC_CheongJu.csv,34,96.59134123060439,92.2985127766927
35,MBC_CheongJu.csv,35,95.48555458916559,92.21169959174262
36,MBC_CheongJu.csv,36,96.42843839857314,92.50078837076823
37,MBC_CheongJu.csv,37,95.5003473493788,92.12815856933594
38,MBC_CheongJu.csv,38,96.21447859870062,92.05154079861111
39,MBC_CheongJu.csv,39,96.15468470255534,92.96819305419922
40,MBC_CheongJu.csv,40,95.84560034010146,92.15968407524957
41,MBC_CheongJu.csv,41,94.68113422393799,91.79593743218317
42,MBC_CheongJu.csv,42,94.43116749657526,91.7206793891059
43,MBC_CheongJu.csv,43,94.8507325914171,92.93823750813802
44,MBC_CheongJu.csv,44,94.8649493323432,92.2627944946289
45,MBC_CheongJu.csv,45,95.28977139790852,91.64202287462022
46,MBC_CheongJu.csv,46,94.52988518608942,92.66090816921658
47,MBC_CheongJu.csv,47,94.80740441216363,92.28545803493924
48,MBC_CheongJu.csv,48,95.25582758585612,91.48025173611111
49,MBC_CheongJu.csv,49,95.60944260491266,91.33987341986762
50,MBC_CheongJu.csv,50,94.47676637437608,91.59062872992621
51,MBC_CheongJu.csv,51,94.86907704671223,91.22119225396051
52,MBC_CheongJu.csv,52,94.97334416707356,91.09244622124567
53,MBC_CheongJu.csv,53,93.58318879869249,91.11311170789931
54,MBC_CheongJu.csv,54,94.68331061469183,91.73718770345052
55,MBC_CheongJu.csv,55,93.70050801171197,90.84886932373047
56,MBC_CheongJu.csv,56,94.06220372517903,90.73705122205946
57,MBC_CheongJu.csv,57,94.39019118414984,91.79395887586806
58,MBC_CheongJu.csv,58,94.39322916666667,90.86200035942926
59,MBC_CheongJu.csv,59,94.37592506408691,90.60064527723524
60,MBC_CheongJu.csv,60,94.13250668843587,90.60252295600043
61,MBC_CheongJu.csv,61,93.84761004977756,90.75117068820529
62,MBC_CheongJu.csv,62,94.81158828735352,90.6117172241211
63,MBC_CheongJu.csv,63,94.12487030029297,90.45128885904948
64,MBC_CheongJu.csv,64,93.7067290412055,91.0971908569336
65,MBC_CheongJu.csv,65,93.45062849256728,91.83707512749567
66,MBC_CheongJu.csv,66,93.30997276306152,90.78841061062283
67,MBC_CheongJu.csv,67,93.32560369703505,90.84024726019965
68,MBC_CheongJu.csv,68,92.88347000545926,90.22085062662761
69,MBC_CheongJu.csv,69,92.8748403125339,90.23348405626085
70,MBC_CheongJu.csv,70,93.50741831461589,90.19041697184245
71,MBC_CheongJu.csv,71,93.33598942226834,90.09314558241103
72,MBC_CheongJu.csv,72,93.22895389133029,90.38636271158855
73,MBC_CheongJu.csv,73,92.43035538991292,90.2295405069987
74,MBC_CheongJu.csv,74,92.37745274437799,90.32169426812067
75,MBC_CheongJu.csv,75,93.10661866929796,90.47997114393446
76,MBC_CheongJu.csv,76,93.6266860961914,89.97561815049913
77,MBC_CheongJu.csv,77,93.80844349331326,89.95579359266493
78,MBC_CheongJu.csv,78,92.95456504821777,90.68140580919054
79,MBC_CheongJu.csv,79,92.69760682847765,89.93198564317491
80,MBC_CheongJu.csv,80,92.85290951199002,89.95850541856554
81,MBC_CheongJu.csv,81,93.41906780666775,90.06820339626736
82,MBC_CheongJu.csv,82,93.21098772684734,89.98469119601779
83,MBC_CheongJu.csv,83,93.14558113945856,89.87157864040799
84,MBC_CheongJu.csv,84,93.36557409498427,89.85758124457465
85,MBC_CheongJu.csv,85,93.69615109761556,90.17715115017361
86,MBC_CheongJu.csv,86,93.93301031324599,89.9115744696723
87,MBC_CheongJu.csv,87,93.83846452501085,89.90087466769748
88,MBC_CheongJu.csv,88,92.68801561991374,89.93860117594402
89,MBC_CheongJu.csv,89,92.7292743259006,90.04198031955295
90,MBC_CheongJu.csv,90,92.86092058817546,89.9043706258138
91,MBC_CheongJu.csv,91,94.0741146935357,89.97655910915799
92,MBC_CheongJu.csv,92,92.87064340379503,89.92365095350478
93,MBC_CheongJu.csv,93,92.68245018853082,89.93292744954427
94,MBC_CheongJu.csv,94,92.98549694485135,89.9078606499566
95,MBC_CheongJu.csv,95,93.5988695356581,89.90011511908637
96,MBC_CheongJu.csv,96,93.0501668718126,89.90876176622179
97,MBC_CheongJu.csv,97,92.77967982821994,89.90636359320746
98,MBC_CheongJu.csv,98,93.926937950982,89.91315375434027
99,MBC_CheongJu.csv,99,93.73781288994684,89.90099504258897
100,MBC_CheongJu.csv,100,93.21236822340224,89.90199788411458
101,Broad_CheongJu.csv,1,13028.264098011363,4292.082845052083
102,Broad_CheongJu.csv,2,11216.743572443182,3724.053466796875
103,Broad_CheongJu.csv,3,11186.282848011364,3944.349310980903
104,Broad_CheongJu.csv,4,11192.720170454546,3419.3079969618057
105,Broad_CheongJu.csv,5,11172.312926136363,3618.3142361111113
106,Broad_CheongJu.csv,6,11173.656676136363,3990.9982096354165
107,Broad_CheongJu.csv,7,11169.093785511364,3828.1505533854165
108,Broad_CheongJu.csv,8,11162.559073153408,3552.80126953125
109,Broad_CheongJu.csv,9,11152.911150568181,3570.0849338107637
110,Broad_CheongJu.csv,10,11160.951935369318,3525.0455457899307
111,Broad_CheongJu.csv,11,11162.223650568181,3790.881293402778
112,Broad_CheongJu.csv,12,11165.176438210226,3875.8388400607637
113,Broad_CheongJu.csv,13,11166.4107421875,3637.389350043403
114,Broad_CheongJu.csv,14,11162.353551136364,3848.3836805555557
115,Broad_CheongJu.csv,15,11154.256480823864,3477.9710286458335
116,Broad_CheongJu.csv,16,11155.669868607954,3817.5322265625
117,Broad_CheongJu.csv,17,11159.43524502841,3728.3003743489585
118,Broad_CheongJu.csv,18,11155.226970880682,3629.2499728732637
119,Broad_CheongJu.csv,19,11159.234428267046,3998.9161241319443
120,Broad_CheongJu.csv,20,11167.82254971591,3720.2525770399307
121,Broad_CheongJu.csv,21,11163.152290482954,3848.1443142361113
122,Broad_CheongJu.csv,22,11163.221306818183,3798.9664713541665
123,Broad_CheongJu.csv,23,11149.102787642045,3742.4234483506943
124,Broad_CheongJu.csv,24,11163.461257102274,3746.3868815104165
125,Broad_CheongJu.csv,25,11161.909499289774,3571.1108127170137
126,Broad_CheongJu.csv,26,11165.395720880682,3712.188042534722
127,Broad_CheongJu.csv,27,11150.777290482954,3481.2679578993057
128,Broad_CheongJu.csv,28,11163.035120738636,3671.852973090278
129,Broad_CheongJu.csv,29,11152.183220880683,3563.203070746528
130,Broad_CheongJu.csv,30,11164.145028409092,3759.9813368055557
131,Broad_CheongJu.csv,31,11156.601811079545,3654.1671278211807
132,Broad_CheongJu.csv,32,11153.443625710228,3898.5959201388887
133,Broad_CheongJu.csv,33,11169.1962890625,3623.8898111979165
134,Broad_CheongJu.csv,34,11152.390784801137,3996.8862575954863
135,Broad_CheongJu.csv,35,11154.836434659092,3530.371771918403
136,Broad_CheongJu.csv,36,11150.844584517046,3616.404975043403
137,Broad_CheongJu.csv,37,11157.173455255683,3854.9823133680557
138,Broad_CheongJu.csv,38,11157.92373934659,3785.0936414930557
139,Broad_CheongJu.csv,39,11160.325337357954,3686.0119900173613
140,Broad_CheongJu.csv,40,11164.968519176136,3748.185845269097
141,Broad_CheongJu.csv,41,11152.779936079545,3622.105414496528
142,Broad_CheongJu.csv,42,11153.941264204546,3846.3482259114585
143,Broad_CheongJu.csv,43,11151.564435369319,3616.962103949653
144,Broad_CheongJu.csv,44,11155.382262073863,3843.438720703125
145,Broad_CheongJu.csv,45,11154.065376420454,3706.9182400173613
146,Broad_CheongJu.csv,46,11155.683203125,3558.3720703125
147,Broad_CheongJu.csv,47,11155.107688210228,3443.0747341579863
148,Broad_CheongJu.csv,48,11160.679456676136,3910.4768880208335
149,Broad_CheongJu.csv,49,11159.954119318181,3668.6747233072915
150,Broad_CheongJu.csv,50,11153.100710227272,3460.7005750868057
151,Broad_CheongJu.csv,51,11157.707546164773,3587.9916720920137
152,Broad_CheongJu.csv,52,11162.754154829545,3668.4467502170137
153,Broad_CheongJu.csv,53,11151.066086647726,3655.1326497395835
154,Broad_CheongJu.csv,54,11145.034126420454,3692.4032118055557
155,Broad_CheongJu.csv,55,11161.98671875,3791.833441840278
156,Broad_CheongJu.csv,56,11158.18828125,3685.1404079861113
157,Broad_CheongJu.csv,57,11156.326509232955,3631.116265190972
158,Broad_CheongJu.csv,58,11151.591246448863,3738.2180447048613
159,Broad_CheongJu.csv,59,11151.70633877841,3691.0676540798613
160,Broad_CheongJu.csv,60,11145.391352982955,3665.9946560329863
161,Broad_CheongJu.csv,61,11156.386381392045,3936.1620822482637
162,Broad_CheongJu.csv,62,11150.824875710226,3650.769585503472
163,Broad_CheongJu.csv,63,11153.67959872159,3595.5302734375
164,Broad_CheongJu.csv,64,11140.815962357954,3729.044731987847
165,Broad_CheongJu.csv,65,11149.23016690341,3724.046630859375
166,Broad_CheongJu.csv,66,11157.364754971592,3583.7621799045137
167,Broad_CheongJu.csv,67,11159.129296875,3657.5687120225693
168,Broad_CheongJu.csv,68,11152.238352272727,3726.5038791232637
169,Broad_CheongJu.csv,69,11165.571857244318,3711.773491753472
170,Broad_CheongJu.csv,70,11156.290909090909,3613.3943956163193
171,Broad_CheongJu.csv,71,11159.86786221591,3744.1357421875
172,Broad_CheongJu.csv,72,11159.772585227272,3703.3433973524307
173,Broad_CheongJu.csv,73,11156.836505681818,3748.8640950520835
174,Broad_CheongJu.csv,74,11148.721502130682,3708.7400987413193
175,Broad_CheongJu.csv,75,11159.035582386363,3664.7972005208335
176,Broad_CheongJu.csv,76,11156.69375,3706.9883083767363
177,Broad_CheongJu.csv,77,11149.557013494317,3772.0283203125
178,Broad_CheongJu.csv,78,11155.182954545455,3688.573432074653
179,Broad_CheongJu.csv,79,11146.7603515625,3715.1715494791665
180,Broad_CheongJu.csv,80,11155.116779119318,3694.847113715278
181,Broad_CheongJu.csv,81,11151.266228693183,3703.023980034722
182,Broad_CheongJu.csv,82,11158.767844460228,3686.1703016493057
183,Broad_CheongJu.csv,83,11155.855575284091,3688.9681260850693
184,Broad_CheongJu.csv,84,11147.060298295455,3724.6083984375
185,Broad_CheongJu.csv,85,11154.741281960227,3693.5721571180557
186,Broad_CheongJu.csv,86,11152.50458096591,3720.2231174045137
187,Broad_CheongJu.csv,87,11162.650550426137,3714.755425347222
188,Broad_CheongJu.csv,88,11155.169122869318,3692.539496527778
189,Broad_CheongJu.csv,89,11150.486558948864,3690.6031358506943
190,Broad_CheongJu.csv,90,11148.1357421875,3689.5536295572915
191,Broad_CheongJu.csv,91,11153.955486505682,3704.7136501736113
192,Broad_CheongJu.csv,92,11159.890376420455,3701.3177897135415
193,Broad_CheongJu.csv,93,11154.947443181818,3701.475396050347
194,Broad_CheongJu.csv,94,11147.793838778409,3687.74267578125
195,Broad_CheongJu.csv,95,11161.198828125,3678.7159288194443
196,Broad_CheongJu.csv,96,11150.248455255682,3682.521430121528
197,Broad_CheongJu.csv,97,11160.7158203125,3682.403130425347
198,Broad_CheongJu.csv,98,11152.860475852272,3683.5233289930557
199,Broad_CheongJu.csv,99,11153.550213068182,3685.181450737847
200,Broad_CheongJu.csv,100,11153.520188210226,3685.5775010850693
201,MBC_DaeJeon.csv,1,9361.291370738636,3483.9468587239585
202,MBC_DaeJeon.csv,2,9355.04228515625,3643.7516276041665
203,MBC_DaeJeon.csv,3,9338.851029829546,3608.4216037326387
204,MBC_DaeJeon.csv,4,9345.779936079545,3555.732611762153
205,MBC_DaeJeon.csv,5,9342.725799005682,3284.5536295572915
206,MBC_DaeJeon.csv,6,9346.148064630683,3547.994683159722
207,MBC_DaeJeon.csv,7,9338.130930397727,3714.910400390625
208,MBC_DaeJeon.csv,8,9339.47724609375,3249.2361924913193
209,MBC_DaeJeon.csv,9,9318.459037642046,3356.5798611111113
210,MBC_DaeJeon.csv,10,9334.068128551136,3715.2520887586807
211,MBC_DaeJeon.csv,11,9334.351189630683,3265.524712456597
212,MBC_DaeJeon.csv,12,9327.833283025568,3413.566650390625
213,MBC_DaeJeon.csv,13,9334.512588778409,3583.4179958767363
214,MBC_DaeJeon.csv,14,9329.883069957386,3634.2579752604165
215,MBC_DaeJeon.csv,15,9332.295348011363,3391.6045193142363
216,MBC_DaeJeon.csv,16,9337.542249644886,3538.9295518663193
217,MBC_DaeJeon.csv,17,9320.533087713067,3720.9139811197915
218,MBC_DaeJeon.csv,18,9327.08671875,3453.717475043403
219,MBC_DaeJeon.csv,19,9323.303187144886,3420.3863932291665
220,MBC_DaeJeon.csv,20,9321.66463955966,3445.8901638454863
221,MBC_DaeJeon.csv,21,9339.90341796875,3475.4654405381943
222,MBC_DaeJeon.csv,22,9338.590687144886,3611.87939453125
223,MBC_DaeJeon.csv,23,9315.855255681818,3572.635498046875
224,MBC_DaeJeon.csv,24,9332.903329190342,3514.5456271701387
225,MBC_DaeJeon.csv,25,9326.208425071023,3468.601860894097
226,MBC_DaeJeon.csv,26,9335.927610085228,3329.0228135850693
227,MBC_DaeJeon.csv,27,9324.850248579545,3382.9755045572915
228,MBC_DaeJeon.csv,28,9317.178098366478,3493.0795627170137
229,MBC_DaeJeon.csv,29,9323.96854580966,3574.372802734375
230,MBC_DaeJeon.csv,30,9318.083567116477,3284.7417263454863
231,MBC_DaeJeon.csv,31,9325.18817471591,3370.9762369791665
232,MBC_DaeJeon.csv,32,9321.338316761363,3305.5619845920137
233,MBC_DaeJeon.csv,33,9319.928657670454,3478.5437282986113
234,MBC_DaeJeon.csv,34,9319.457741477272,3503.497368706597
235,MBC_DaeJeon.csv,35,9323.25712002841,3377.4843478732637
236,MBC_DaeJeon.csv,36,9325.768661221591,3392.063178168403
237,MBC_DaeJeon.csv,37,9314.0486328125,3518.1552463107637
238,MBC_DaeJeon.csv,38,9321.551837713068,3256.19091796875
239,MBC_DaeJeon.csv,39,9312.434410511363,3449.6331922743057
240,MBC_DaeJeon.csv,40,9320.166823508524,3584.3310818142363
241,MBC_DaeJeon.csv,41,9327.431862571022,3385.464789496528
242,MBC_DaeJeon.csv,42,9321.40301846591,3516.8722873263887
243,MBC_DaeJeon.csv,43,9318.13448153409,3643.1003146701387
244,MBC_DaeJeon.csv,44,9315.423748224432,3510.470947265625
245,MBC_DaeJeon.csv,45,9313.551819957387,3440.3318956163193
246,MBC_DaeJeon.csv,46,9309.325656960227,3362.562744140625
247,MBC_DaeJeon.csv,47,9319.103018465908,3460.359185112847
248,MBC_DaeJeon.csv,48,9308.701731178977,3576.7060546875
249,MBC_DaeJeon.csv,49,9308.250328480113,3435.4777018229165
250,MBC_DaeJeon.csv,50,9312.617737926137,3347.871039496528
251,MBC_DaeJeon.csv,51,9305.50712002841,3467.308837890625
252,MBC_DaeJeon.csv,52,9307.80087002841,3516.0451931423613
253,MBC_DaeJeon.csv,53,9305.71796875,3367.9205729166665
254,MBC_DaeJeon.csv,54,9308.088698508524,3357.784369574653
255,MBC_DaeJeon.csv,55,9312.25946377841,3661.8554416232637
256,MBC_DaeJeon.csv,56,9319.04794034091,3329.9661729600693
257,MBC_DaeJeon.csv,57,9301.916335227274,3360.0679796006943
258,MBC_DaeJeon.csv,58,9292.76875887784,3430.597900390625
259,MBC_DaeJeon.csv,59,9305.058327414772,3446.2317165798613
260,MBC_DaeJeon.csv,60,9290.593980823864,3480.283203125
261,MBC_DaeJeon.csv,61,9305.650177556818,3419.865288628472
262,MBC_DaeJeon.csv,62,9312.951731178977,3415.510009765625
263,MBC_DaeJeon.csv,63,9297.779838423296,3451.2073567708335
264,MBC_DaeJeon.csv,64,9314.727121803977,3390.11962890625
265,MBC_DaeJeon.csv,65,9301.903888494318,3476.0468478732637
266,MBC_DaeJeon.csv,66,9301.956276633522,3489.1289876302085
267,MBC_DaeJeon.csv,67,9294.593403764204,3418.5005696614585
268,MBC_DaeJeon.csv,68,9315.659055397728,3433.3901638454863
269,MBC_DaeJeon.csv,69,9312.189950284092,3395.5464680989585
270,MBC_DaeJeon.csv,70,9298.625363991478,3512.5177137586807
271,MBC_DaeJeon.csv,71,9294.819495738637,3444.710150824653
272,MBC_DaeJeon.csv,72,9315.643199573864,3406.0281575520835
273,MBC_DaeJeon.csv,73,9293.77266512784,3460.4285753038193
274,MBC_DaeJeon.csv,74,9299.082856889205,3464.503607855903
275,MBC_DaeJeon.csv,75,9303.776029829545,3360.3287760416665
276,MBC_DaeJeon.csv,76,9306.0025390625,3446.5214572482637
277,MBC_DaeJeon.csv,77,9303.569815340908,3442.1604275173613
278,MBC_DaeJeon.csv,78,9303.756702769886,3358.9944118923613
279,MBC_DaeJeon.csv,79,9300.020152698864,3424.9591471354165
280,MBC_DaeJeon.csv,80,9298.221910511364,3444.6895345052085
281,MBC_DaeJeon.csv,81,9297.16299715909,3443.986382378472
282,MBC_DaeJeon.csv,82,9304.348082386363,3489.1534016927085
283,MBC_DaeJeon.csv,83,9289.651012073864,3494.5941297743057
284,MBC_DaeJeon.csv,84,9297.097105823863,3435.9797634548613
285,MBC_DaeJeon.csv,85,9311.091654829546,3473.3170301649307
286,MBC_DaeJeon.csv,86,9300.556232244318,3482.498236762153
287,MBC_DaeJeon.csv,87,9296.284738991477,3482.7559407552085
288,MBC_DaeJeon.csv,88,9308.201740056818,3452.7245008680557
289,MBC_DaeJeon.csv,89,9301.095472301136,3468.1334364149307
290,MBC_DaeJeon.csv,90,9303.288734019887,3468.5787489149307
291,MBC_DaeJeon.csv,91,9298.323490767045,3455.8987087673613
292,MBC_DaeJeon.csv,92,9300.046803977273,3435.5780436197915
293,MBC_DaeJeon.csv,93,9306.003684303978,3444.3293185763887
294,MBC_DaeJeon.csv,94,9288.92938565341,3448.3726671006943
295,MBC_DaeJeon.csv,95,9304.244620028408,3447.783148871528
296,MBC_DaeJeon.csv,96,9291.515314275568,3447.77197265625
297,MBC_DaeJeon.csv,97,9297.870330255682,3447.5315212673613
298,MBC_DaeJeon.csv,98,9303.912047230113,3448.5239529079863
299,MBC_DaeJeon.csv,99,9287.681232244318,3448.0933430989585
300,MBC_DaeJeon.csv,100,9293.65458096591,3447.9502224392363
301,KBS_DaeJeon.csv,1,8602.325337357954,3027.7654622395835
302,KBS_DaeJeon.csv,2,8593.628089488637,2662.907660590278
303,KBS_DaeJeon.csv,3,8596.245170454546,2815.252495659722
304,KBS_DaeJeon.csv,4,8604.545276988636,2950.50732421875
305,KBS_DaeJeon.csv,5,8596.039169034091,2903.8073459201387
306,KBS_DaeJeon.csv,6,8594.365189985796,3085.6842447916665
307,KBS_DaeJeon.csv,7,8588.458718039772,2897.38037109375
308,KBS_DaeJeon.csv,8,8593.440154474432,3122.9028591579863
309,KBS_DaeJeon.csv,9,8591.341974431818,2674.851508246528
310,KBS_DaeJeon.csv,10,8597.249991122158,2719.948540581597
311,KBS_DaeJeon.csv,11,8588.830424360796,3022.894721137153
312,KBS_DaeJeon.csv,12,8592.979731889205,2912.192192925347
313,KBS_DaeJeon.csv,13,8601.798073508522,2907.8629557291665
314,KBS_DaeJeon.csv,14,8592.23759765625,3052.6277126736113
315,KBS_DaeJeon.csv,15,8595.790465198863,3038.699896918403
316,KBS_DaeJeon.csv,16,8595.566166548295,2756.0762532552085
317,KBS_DaeJeon.csv,17,8594.549831321023,2859.6902940538193
318,KBS_DaeJeon.csv,18,8601.239248934658,2746.3454861111113
319,KBS_DaeJeon.csv,19,8587.10604580966,3007.479437934028
320,KBS_DaeJeon.csv,20,8586.719646661932,2979.9067111545137
321,KBS_DaeJeon.csv,21,8602.581578480114,2903.1475965711807
322,KBS_DaeJeon.csv,22,8571.576882102272,2979.1595865885415
323,KBS_DaeJeon.csv,23,8590.1236328125,2955.2393391927085
324,KBS_DaeJeon.csv,24,8587.779456676137,2878.4649522569443
325,KBS_DaeJeon.csv,25,8589.698162286932,2915.5457628038193
326,KBS_DaeJeon.csv,26,8589.616477272728,2800.0862630208335
327,KBS_DaeJeon.csv,27,8565.234650213068,3131.301947699653
328,KBS_DaeJeon.csv,28,8585.418208451705,3049.3084581163193
329,KBS_DaeJeon.csv,29,8584.920330255682,2823.1771375868057
330,KBS_DaeJeon.csv,30,8583.212286931817,2747.9163953993057
331,KBS_DaeJeon.csv,31,8576.162464488636,2872.6431477864585
332,KBS_DaeJeon.csv,32,8582.645578835227,2818.4898546006943
333,KBS_DaeJeon.csv,33,8578.310014204546,3054.7513020833335
334,KBS_DaeJeon.csv,34,8573.0861328125,3150.5282389322915
335,KBS_DaeJeon.csv,35,8575.47793856534,2870.517876519097
336,KBS_DaeJeon.csv,36,8572.682439630682,3173.3958604600693
337,KBS_DaeJeon.csv,37,8578.789284446022,2843.6493326822915
338,KBS_DaeJeon.csv,38,8566.076402698864,2861.8722059461807
339,KBS_DaeJeon.csv,39,8571.424005681818,3139.3143717447915
340,KBS_DaeJeon.csv,40,8573.798872514204,2922.9513888888887
341,KBS_DaeJeon.csv,41,8579.449174360796,2810.0583224826387
342,KBS_DaeJeon.csv,42,8566.74052734375,2839.9254286024307
343,KBS_DaeJeon.csv,43,8563.290518465908,2870.8692491319443
344,KBS_DaeJeon.csv,44,8564.56259765625,2992.6148274739585
345,KBS_DaeJeon.csv,45,8556.42401455966,2753.075005425347
346,KBS_DaeJeon.csv,46,8564.406685014204,3023.2536349826387
347,KBS_DaeJeon.csv,47,8575.949431818182,2762.0010579427085
348,KBS_DaeJeon.csv,48,8557.917223011364,2680.5473904079863
349,KBS_DaeJeon.csv,49,8565.759454900568,2954.5533311631943
350,KBS_DaeJeon.csv,50,8554.04903231534,2709.8254123263887
351,KBS_DaeJeon.csv,51,8563.868093039773,2826.4484049479165
352,KBS_DaeJeon.csv,52,8559.546040482954,2815.8170572916665
353,KBS_DaeJeon.csv,53,8563.661665482954,2942.8696560329863
354,KBS_DaeJeon.csv,54,8551.957404119317,2804.9527994791665
355,KBS_DaeJeon.csv,55,8569.114328835227,2985.3815646701387
356,KBS_DaeJeon.csv,56,8551.012553267046,2871.0145128038193
357,KBS_DaeJeon.csv,57,8560.355424360796,2908.6336805555557
358,KBS_DaeJeon.csv,58,8558.045046164772,3029.002685546875
359,KBS_DaeJeon.csv,59,8556.495090553977,2918.4436848958335
360,KBS_DaeJeon.csv,60,8552.812029474431,2984.1359049479165
361,KBS_DaeJeon.csv,61,8550.485395951704,2913.072564019097
362,KBS_DaeJeon.csv,62,8558.277192826705,2868.7032877604165
363,KBS_DaeJeon.csv,63,8561.571315696023,2872.9640028211807
364,KBS_DaeJeon.csv,64,8549.945685369317,2896.6279025607637
365,KBS_DaeJeon.csv,65,8562.563982599431,2903.1170518663193
366,KBS_DaeJeon.csv,66,8555.22021484375,2966.8095431857637
367,KBS_DaeJeon.csv,67,8558.644646661933,2928.714789496528
368,KBS_DaeJeon.csv,68,8558.291060014204,2877.1844075520835
369,KBS_DaeJeon.csv,69,8572.36083984375,2965.6935221354165
370,KBS_DaeJeon.csv,70,8562.106889204546,2866.8398166232637
371,KBS_DaeJeon.csv,71,8544.183824573864,2962.4375813802085
372,KBS_DaeJeon.csv,72,8549.17977627841,2784.4432779947915
373,KBS_DaeJeon.csv,73,8566.8400390625,2954.802978515625
374,KBS_DaeJeon.csv,74,8551.496244673295,2909.8167588975693
375,KBS_DaeJeon.csv,75,8560.903258167613,2939.2255045572915
376,KBS_DaeJeon.csv,76,8549.674485085226,2905.569769965278
377,KBS_DaeJeon.csv,77,8542.212748579546,2838.1410861545137
378,KBS_DaeJeon.csv,78,8549.758753551136,2886.9493001302085
379,KBS_DaeJeon.csv,79,8556.205184659091,2902.3870713975693
380,KBS_DaeJeon.csv,80,8559.642897727274,2862.945990668403
381,KBS_DaeJeon.csv,81,8564.620747514204,2883.099907769097
382,KBS_DaeJeon.csv,82,8542.05118075284,2872.123725043403
383,KBS_DaeJeon.csv,83,8550.870241477272,2871.205756293403
384,KBS_DaeJeon.csv,84,8553.013343394887,2910.805962456597
385,KBS_DaeJeon.csv,85,8557.697221235796,2909.6528049045137
386,KBS_DaeJeon.csv,86,8555.534987571024,2908.205864800347
387,KBS_DaeJeon.csv,87,8547.315252130682,2883.6858723958335
388,KBS_DaeJeon.csv,88,8558.653213778409,2895.1011013454863
389,KBS_DaeJeon.csv,89,8546.696280184658,2912.1560329861113
390,KBS_DaeJeon.csv,90,8543.204376775568,2881.312689887153
391,KBS_DaeJeon.csv,91,8558.900843394886,2880.2284342447915
392,KBS_DaeJeon.csv,92,8557.082626065341,2882.2361924913193
393,KBS_DaeJeon.csv,93,8558.835777698863,2890.255615234375
394,KBS_DaeJeon.csv,94,8548.897966974431,2879.8473849826387
395,KBS_DaeJeon.csv,95,8554.1501953125,2882.101264105903
396,KBS_DaeJeon.csv,96,8562.364754971592,2876.6468370225693
397,KBS_DaeJeon.csv,97,8559.926899857954,2877.6321614583335
398,KBS_DaeJeon.csv,98,8551.849715909091,2879.7696397569443
399,KBS_DaeJeon.csv,99,8554.321058238636,2880.4159071180557
400,KBS_DaeJeon.csv,100,8556.150914417614,2880.158257378472
401,CMB_DaeJeon.csv,1,8174.506977982955,2629.1133897569443
402,CMB_DaeJeon.csv,2,8174.231258877841,2763.930230034722
403,CMB_DaeJeon.csv,3,8187.927716619318,2626.8634440104165
404,CMB_DaeJeon.csv,4,8188.576899857954,2528.1207682291665
405,CMB_DaeJeon.csv,5,8177.15205078125,2823.648139105903
406,CMB_DaeJeon.csv,6,8194.167418323863,2494.7757975260415
407,CMB_DaeJeon.csv,7,8181.349147727273,2741.2613118489585
408,CMB_DaeJeon.csv,8,8186.914106889205,2851.5727810329863
409,CMB_DaeJeon.csv,9,8180.982732599432,2661.1713595920137
410,CMB_DaeJeon.csv,10,8172.144762073864,2664.1306966145835
411,CMB_DaeJeon.csv,11,8185.830699573864,2725.5003797743057
412,CMB_DaeJeon.csv,12,8195.56758700284,2795.778510199653
413,CMB_DaeJeon.csv,13,8172.389577414773,2565.3185221354165
414,CMB_DaeJeon.csv,14,8191.694256036932,2635.451904296875
415,CMB_DaeJeon.csv,15,8163.711807528409,2613.316596137153
416,CMB_DaeJeon.csv,16,8174.356534090909,2716.2348361545137
417,CMB_DaeJeon.csv,17,8165.05458984375,2739.628662109375
418,CMB_DaeJeon.csv,18,8181.034801136364,2616.833550347222
419,CMB_DaeJeon.csv,19,8168.054820667614,2571.7735731336807
420,CMB_DaeJeon.csv,20,8179.617524857955,2799.5583767361113
421,CMB_DaeJeon.csv,21,8184.310360440341,2812.7674696180557
422,CMB_DaeJeon.csv,22,8175.836860795454,2601.025634765625
423,CMB_DaeJeon.csv,23,8156.975079900568,2597.3016493055557
424,CMB_DaeJeon.csv,24,8163.546946022727,2794.5263400607637
425,CMB_DaeJeon.csv,25,8166.59794921875,2956.8792860243057
426,CMB_DaeJeon.csv,26,8162.63662109375,2666.086615668403
427,CMB_DaeJeon.csv,27,8165.63798828125,2648.9417588975693
428,CMB_DaeJeon.csv,28,8173.829598721591,2652.9087185329863
429,CMB_DaeJeon.csv,29,8168.548597301136,2582.8326009114585
430,CMB_DaeJeon.csv,30,8166.856436434659,2510.4900716145835
431,CMB_DaeJeon.csv,31,8179.2041015625,2843.710394965278
432,CMB_DaeJeon.csv,32,8181.790491832387,2830.9735514322915
433,CMB_DaeJeon.csv,33,8161.637943892046,2660.9150661892363
434,CMB_DaeJeon.csv,34,8165.299200994318,2634.4999186197915
435,CMB_DaeJeon.csv,35,8153.472318892045,2683.840521918403
436,CMB_DaeJeon.csv,36,8145.542027698863,2649.9659016927085
437,CMB_DaeJeon.csv,37,8158.060493607954,2909.6451009114585
438,CMB_DaeJeon.csv,38,8180.888023792613,2651.6112467447915
439,CMB_DaeJeon.csv,39,8160.475612571023,2722.8519422743057
440,CMB_DaeJeon.csv,40,8168.772274502841,2445.2921549479165
441,CMB_DaeJeon.csv,41,8163.412224786932,2720.1309407552085
442,CMB_DaeJeon.csv,42,8162.013796164772,2416.357666015625
443,CMB_DaeJeon.csv,43,8165.700994318182,2700.872368706597
444,CMB_DaeJeon.csv,44,8158.31162109375,2702.2847493489585
445,CMB_DaeJeon.csv,45,8148.9732421875,2790.023003472222
446,CMB_DaeJeon.csv,46,8166.186177201705,2685.7828504774307
447,CMB_DaeJeon.csv,47,8150.032137784091,2535.7022840711807
448,CMB_DaeJeon.csv,48,8153.87392578125,2740.0219455295137
449,CMB_DaeJeon.csv,49,8162.954714133522,2629.462348090278
450,CMB_DaeJeon.csv,50,8179.126225142046,2574.2985026041665
451,CMB_DaeJeon.csv,51,8149.569300426137,2643.6211751302085
452,CMB_DaeJeon.csv,52,8155.816388494318,2736.2781032986113
453,CMB_DaeJeon.csv,53,8149.703471235795,2719.349365234375
454,CMB_DaeJeon.csv,54,8152.823641690341,2790.8171657986113
455,CMB_DaeJeon.csv,55,8168.952903053977,2698.2588161892363
456,CMB_DaeJeon.csv,56,8168.163174715909,2739.500434027778
457,CMB_DaeJeon.csv,57,8160.132040127841,2695.603705512153
458,CMB_DaeJeon.csv,58,8147.618510298295,2701.5232204861113
459,CMB_DaeJeon.csv,59,8164.931116832387,2670.928168402778
460,CMB_DaeJeon.csv,60,8155.746368963069,2649.643120659722
461,CMB_DaeJeon.csv,61,8150.620374644886,2672.767876519097
462,CMB_DaeJeon.csv,62,8157.75234375,2725.6578776041665
463,CMB_DaeJeon.csv,63,8150.318599076704,2633.0166015625
464,CMB_DaeJeon.csv,64,8161.110591264204,2601.6657986111113
465,CMB_DaeJeon.csv,65,8161.031977982954,2728.495659722222
466,CMB_DaeJeon.csv,66,8159.785245028409,2668.47900390625
467,CMB_DaeJeon.csv,67,8163.946724076704,2645.808648003472
468,CMB_DaeJeon.csv,68,8143.0955078125,2677.448296440972
469,CMB_DaeJeon.csv,69,8147.018732244318,2662.0224609375
470,CMB_DaeJeon.csv,70,8155.487357954546,2680.5185818142363
471,CMB_DaeJeon.csv,71,8157.510671164773,2678.9080403645835
472,CMB_DaeJeon.csv,72,8148.71533203125,2692.5980360243057
473,CMB_DaeJeon.csv,73,8151.725035511364,2717.1317545572915
474,CMB_DaeJeon.csv,74,8167.570738636364,2581.387451171875
475,CMB_DaeJeon.csv,75,8164.770285866477,2642.125054253472
476,CMB_DaeJeon.csv,76,8156.166237571023,2660.127007378472
477,CMB_DaeJeon.csv,77,8148.272301136363,2634.7296006944443
478,CMB_DaeJeon.csv,78,8155.741273082386,2674.0655924479165
479,CMB_DaeJeon.csv,79,8162.441486150568,2695.3682996961807
480,CMB_DaeJeon.csv,80,8141.114950284091,2683.927788628472
481,CMB_DaeJeon.csv,81,8156.258611505682,2701.3246256510415
482,CMB_DaeJeon.csv,82,8150.402254971591,2650.081732855903
483,CMB_DaeJeon.csv,83,8168.983425071023,2685.0913899739585
484,CMB_DaeJeon.csv,84,8148.334366122159,2661.708550347222
485,CMB_DaeJeon.csv,85,8140.432146661932,2678.1695692274307
486,CMB_DaeJeon.csv,86,8151.265749289772,2649.2985568576387
487,CMB_DaeJeon.csv,87,8149.762349076705,2677.0060221354165
488,CMB_DaeJeon.csv,88,8152.162784090909,2673.8942057291665
489,CMB_DaeJeon.csv,89,8140.9125,2675.9858669704863
490,CMB_DaeJeon.csv,90,8147.053089488636,2663.2084147135415
491,CMB_DaeJeon.csv,91,8146.244753196022,2659.3301595052085
492,CMB_DaeJeon.csv,92,8154.953941761363,2676.788330078125
493,CMB_DaeJeon.csv,93,8146.211612215909,2677.5611165364585
494,CMB_DaeJeon.csv,94,8147.971848366477,2671.6140407986113
495,CMB_DaeJeon.csv,95,8149.015278764205,2669.868353949653
496,CMB_DaeJeon.csv,96,8141.52294921875,2667.1314561631943
497,CMB_DaeJeon.csv,97,8141.456480823864,2665.0074327256943
498,CMB_DaeJeon.csv,98,8157.33095703125,2666.129638671875
499,CMB_DaeJeon.csv,99,8150.116086647728,2666.3056640625
500,CMB_DaeJeon.csv,100,8159.935369318182,2665.7245279947915
501,MBC_ChungJu.csv,1,8383.690775923296,2836.441650390625
502,MBC_ChungJu.csv,2,8343.856454190342,2884.6673719618057
503,MBC_ChungJu.csv,3,8349.464426491477,2898.5281575520835
504,MBC_ChungJu.csv,4,8343.574600497159,2891.7487521701387
505,MBC_ChungJu.csv,5,8331.091131036932,2749.668402777778
506,MBC_ChungJu.csv,6,8310.847318892045,2917.8262532552085
507,MBC_ChungJu.csv,7,8316.30411044034,2936.4646267361113
508,MBC_ChungJu.csv,8,8305.613441051137,2960.522271050347
509,MBC_ChungJu.csv,9,8314.764390980114,2655.0500217013887
510,MBC_ChungJu.csv,10,8302.370640980114,2798.3489040798613
511,MBC_ChungJu.csv,11,8297.590758167613,2769.8605685763887
512,MBC_ChungJu.csv,12,8289.08016690341,2967.4425998263887
513,MBC_ChungJu.csv,13,8293.403560014205,2924.8223741319443
514,MBC_ChungJu.csv,14,8298.745090553977,2831.9915364583335
515,MBC_ChungJu.csv,15,8291.1310546875,3080.0184733072915
516,MBC_ChungJu.csv,16,8292.200168678977,3009.7699381510415
517,MBC_ChungJu.csv,17,8289.997088068181,2833.8304850260415
518,MBC_ChungJu.csv,18,8292.683975497159,2975.4278700086807
519,MBC_ChungJu.csv,19,8285.022700639205,2796.5680881076387
520,MBC_ChungJu.csv,20,8274.907848011364,2625.281684027778
521,MBC_ChungJu.csv,21,8302.114319957387,2899.7364095052085
522,MBC_ChungJu.csv,22,8260.118607954546,2784.2713487413193
523,MBC_ChungJu.csv,23,8272.292578125,3133.1170247395835
524,MBC_ChungJu.csv,24,8289.992418323864,2904.4870334201387
525,MBC_ChungJu.csv,25,8287.717329545454,2762.6567111545137
526,MBC_ChungJu.csv,26,8284.224955610796,2919.4151746961807
527,MBC_ChungJu.csv,27,8282.510795454546,2935.7509494357637
528,MBC_ChungJu.csv,28,8266.82440518466,3067.4539930555557
529,MBC_ChungJu.csv,29,8273.046155894886,2912.7994791666665
530,MBC_ChungJu.csv,30,8279.825177556819,2671.7034776475693
531,MBC_ChungJu.csv,31,8264.380610795455,2820.0300564236113
532,MBC_ChungJu.csv,32,8278.750612571022,2756.476128472222
533,MBC_ChungJu.csv,33,8262.990278764204,2798.928168402778
534,MBC_ChungJu.csv,34,8262.522496448864,2506.5406358506943
535,MBC_ChungJu.csv,35,8270.491139914773,2852.7964952256943
536,MBC_ChungJu.csv,36,8277.590971235795,2831.313720703125
537,MBC_ChungJu.csv,37,8257.751828835228,2863.9452311197915
538,MBC_ChungJu.csv,38,8258.120490056817,2633.419867621528
539,MBC_ChungJu.csv,39,8270.872132457387,2671.203667534722
540,MBC_ChungJu.csv,40,8266.053293678977,2681.183051215278
541,MBC_ChungJu.csv,41,8257.350541548296,2835.295111762153
542,MBC_ChungJu.csv,42,8252.207776988636,2982.5600857204863
543,MBC_ChungJu.csv,43,8264.793732244318,2748.3060709635415
544,MBC_ChungJu.csv,44,8253.08154296875,2969.028618706597
545,MBC_ChungJu.csv,45,8257.534046519886,2808.4462890625
546,MBC_ChungJu.csv,46,8272.466486150568,2944.8811848958335
547,MBC_ChungJu.csv,47,8273.167143110795,2883.960259331597
548,MBC_ChungJu.csv,48,8254.13749112216,2804.158745659722
549,MBC_ChungJu.csv,49,8276.769193892045,3007.03759765625
550,MBC_ChungJu.csv,50,8256.884978693182,2739.854790581597
551,MBC_ChungJu.csv,51,8253.068829900569,2973.87646484375
552,MBC_ChungJu.csv,52,8250.984019886364,2763.2371690538193
553,MBC_ChungJu.csv,53,8249.102716619318,2749.8193359375
554,MBC_ChungJu.csv,54,8260.41103515625,2692.889105902778
555,MBC_ChungJu.csv,55,8262.704252485795,2924.2036946614585
556,MBC_ChungJu.csv,56,8247.310662286933,2908.9162868923613
557,MBC_ChungJu.csv,57,8240.430823863637,2921.257622612847
558,MBC_ChungJu.csv,58,8258.998970170454,2858.5506456163193
559,MBC_ChungJu.csv,59,8255.092036576705,2764.7772081163193
560,MBC_ChungJu.csv,60,8259.207484019886,2850.528021918403
561,MBC_ChungJu.csv,61,8256.566139914772,2762.3960774739585
562,MBC_ChungJu.csv,62,8256.469016335228,2745.310791015625
563,MBC_ChungJu.csv,63,8247.855495383523,2841.214057074653
564,MBC_ChungJu.csv,64,8258.447887073864,2879.5093044704863
565,MBC_ChungJu.csv,65,8265.267054332386,2887.0478244357637
566,MBC_ChungJu.csv,66,8256.398908025569,2728.9377712673613
567,MBC_ChungJu.csv,67,8255.226677911933,2848.2628580729165
568,MBC_ChungJu.csv,68,8252.128053977272,2844.23486328125
569,MBC_ChungJu.csv,69,8253.888156960227,2856.4877658420137
570,MBC_ChungJu.csv,70,8271.845152698863,2863.8737521701387
571,MBC_ChungJu.csv,71,8251.682848011364,2836.2707790798613
572,MBC_ChungJu.csv,72,8260.701979758524,2852.1174587673613
573,MBC_ChungJu.csv,73,8256.24493075284,2820.5681423611113
574,MBC_ChungJu.csv,74,8256.693359375,2825.7668185763887
575,MBC_ChungJu.csv,75,8262.021812855113,2787.1412217881943
576,MBC_ChungJu.csv,76,8254.474272017045,2871.0768771701387
577,MBC_ChungJu.csv,77,8258.006365411931,2789.948187934028
578,MBC_ChungJu.csv,78,8255.984650213068,2800.2662489149307
579,MBC_ChungJu.csv,79,8265.177192826704,2816.386773003472
580,MBC_ChungJu.csv,80,8252.21651278409,2797.9491373697915
581,MBC_ChungJu.csv,81,8248.584632457387,2801.5086534288193
582,MBC_ChungJu.csv,82,8251.929341264204,2799.163275824653
583,MBC_ChungJu.csv,83,8251.904909446022,2815.592475043403
584,MBC_ChungJu.csv,84,8256.215198863636,2813.1737467447915
585,MBC_ChungJu.csv,85,8250.02237215909,2840.0587293836807
586,MBC_ChungJu.csv,86,8269.511594460228,2804.9389377170137
587,MBC_ChungJu.csv,87,8251.372594105114,2837.1663682725693
588,MBC_ChungJu.csv,88,8264.630211292613,2801.129937065972
589,MBC_ChungJu.csv,89,8239.78427734375,2797.7413194444443
590,MBC_ChungJu.csv,90,8256.55977450284,2799.935791015625
591,MBC_ChungJu.csv,91,8252.832972301136,2807.4120008680557
592,MBC_ChungJu.csv,92,8259.987730823863,2815.366400824653
593,MBC_ChungJu.csv,93,8263.629438920454,2809.1104871961807
594,MBC_ChungJu.csv,94,8267.966477272726,2808.106689453125
595,MBC_ChungJu.csv,95,8252.26934481534,2810.7276475694443
596,MBC_ChungJu.csv,96,8250.921280184659,2811.3171657986113
597,MBC_ChungJu.csv,97,8234.492453835228,2809.5450032552085
598,MBC_ChungJu.csv,98,8267.265021306817,2808.9889051649307
599,MBC_ChungJu.csv,99,8262.480095880683,2810.5020345052085
600,MBC_ChungJu.csv,100,8247.366619318182,2810.2066243489585
601,KBS_ChungJu.csv,1,8114.248499644887,2665.3419053819443
602,KBS_ChungJu.csv,2,8112.735014204545,2818.255805121528
603,KBS_ChungJu.csv,3,8119.205806107954,2929.556206597222
604,KBS_ChungJu.csv,4,8106.257386363636,2849.3021375868057
605,KBS_ChungJu.csv,5,8115.53564453125,2686.7280544704863
606,KBS_ChungJu.csv,6,8101.875648082387,2909.768310546875
607,KBS_ChungJu.csv,7,8111.865625,2639.7809787326387
608,KBS_ChungJu.csv,8,8095.799378551136,2682.6336263020835
609,KBS_ChungJu.csv,9,8115.319513494318,2977.078857421875
610,KBS_ChungJu.csv,10,8097.257404119318,2658.988959418403
611,KBS_ChungJu.csv,11,8091.998126775568,2706.3890245225693
612,KBS_ChungJu.csv,12,8104.658016690341,2781.422661675347
613,KBS_ChungJu.csv,13,8094.055015980113,2968.921576605903
614,KBS_ChungJu.csv,14,8106.815225497159,2654.860649956597
615,KBS_ChungJu.csv,15,8092.702015269886,2877.303168402778
616,KBS_ChungJu.csv,16,8102.804252485796,3053.2177463107637
617,KBS_ChungJu.csv,17,8075.521377840909,2931.8502332899307
618,KBS_ChungJu.csv,18,8077.301305042613,2917.595757378472
619,KBS_ChungJu.csv,19,8091.463742897728,2929.0301106770835
620,KBS_ChungJu.csv,20,8097.883868963068,3163.701470269097
621,KBS_ChungJu.csv,21,8082.436834161932,2907.060112847222
622,KBS_ChungJu.csv,22,8074.369868607954,2813.310492621528
623,KBS_ChungJu.csv,23,8077.392569247159,2760.606011284722
624,KBS_ChungJu.csv,24,8089.6150390625,3123.8752170138887
625,KBS_ChungJu.csv,25,8085.762739701705,2832.5425618489585
626,KBS_ChungJu.csv,26,8084.674760298295,2804.72998046875
627,KBS_ChungJu.csv,27,8095.687295809659,2917.945068359375
628,KBS_ChungJu.csv,28,8087.935715553977,2906.712456597222
629,KBS_ChungJu.csv,29,8080.526171875,2615.5391710069443
630,KBS_ChungJu.csv,30,8079.777654474432,2789.6292860243057
631,KBS_ChungJu.csv,31,8081.977707741477,2621.5976833767363
632,KBS_ChungJu.csv,32,8089.425310724432,2761.5095486111113
633,KBS_ChungJu.csv,33,8078.81953125,2831.5015733506943
634,KBS_ChungJu.csv,34,8082.560973011364,2879.6497938368057
635,KBS_ChungJu.csv,35,8076.884712357954,2824.203559027778
636,KBS_ChungJu.csv,36,8063.964115767046,2947.178276909722
637,KBS_ChungJu.csv,37,8077.897017045455,2835.7844509548613
638,KBS_ChungJu.csv,38,8087.074653764204,2856.1491427951387
639,KBS_ChungJu.csv,39,8083.022150213068,2855.398193359375
640,KBS_ChungJu.csv,40,8093.152778764204,2728.1330295138887
641,KBS_ChungJu.csv,41,8085.710324928978,2774.3752712673613
642,KBS_ChungJu.csv,42,8071.533709161932,2671.2994520399307
643,KBS_ChungJu.csv,43,8076.520729758523,2694.081298828125
644,KBS_ChungJu.csv,44,8081.616637073864,2857.1795518663193
645,KBS_ChungJu.csv,45,8091.885857599432,2848.002143012153
646,KBS_ChungJu.csv,46,8080.214959161932,2806.6826985677085
647,KBS_ChungJu.csv,47,8072.008256392045,2861.6180013020835
648,KBS_ChungJu.csv,48,8063.377787642045,2675.806830512153
649,KBS_ChungJu.csv,49,8078.577716619318,2707.947265625
650,KBS_ChungJu.csv,50,8075.004483309659,2791.9832628038193
651,KBS_ChungJu.csv,51,8062.137278053977,2775.031792534722
652,KBS_ChungJu.csv,52,8068.381161221591,2745.7479112413193
653,KBS_ChungJu.csv,53,8068.524138849431,2738.0781521267363
654,KBS_ChungJu.csv,54,8073.218989701704,2871.5967610677085
655,KBS_ChungJu.csv,55,8073.663858309659,2857.842230902778
656,KBS_ChungJu.csv,56,8062.689621803977,2786.036431206597
657,KBS_ChungJu.csv,57,8089.092791193182,2857.7309299045137
658,KBS_ChungJu.csv,58,8078.903897372159,2785.1690266927085
659,KBS_ChungJu.csv,59,8068.709561434659,2744.558837890625
660,KBS_ChungJu.csv,60,8067.220640980114,2757.2130533854165
661,KBS_ChungJu.csv,61,8056.084197443181,2706.8662109375
662,KBS_ChungJu.csv,62,8064.464825994318,2765.3358289930557
663,KBS_ChungJu.csv,63,8066.201695667613,2824.609320746528
664,KBS_ChungJu.csv,64,8069.651908735796,2732.0490993923613
665,KBS_ChungJu.csv,65,8064.797345525568,2883.824951171875
666,KBS_ChungJu.csv,66,8074.746759588068,2853.676703559028
667,KBS_ChungJu.csv,67,8058.880344460227,2758.2071668836807
668,KBS_ChungJu.csv,68,8078.521333451705,2716.8270670572915
669,KBS_ChungJu.csv,69,8052.600168678977,2774.4214138454863
670,KBS_ChungJu.csv,70,8066.35439453125,2807.4114040798613
671,KBS_ChungJu.csv,71,8071.383442826705,2760.2814127604165
672,KBS_ChungJu.csv,72,8057.771013849432,2763.0496690538193
673,KBS_ChungJu.csv,73,8075.187127130682,2793.0657823350693
674,KBS_ChungJu.csv,74,8059.385520241477,2795.6192762586807
675,KBS_ChungJu.csv,75,8081.809650213068,2782.7833658854165
676,KBS_ChungJu.csv,76,8060.378071732955,2708.641411675347
677,KBS_ChungJu.csv,77,8064.204820667614,2796.890435112847
678,KBS_ChungJu.csv,78,8065.781116832386,2766.09423828125
679,KBS_ChungJu.csv,79,8062.864568536932,2793.8902180989585
680,KBS_ChungJu.csv,80,8066.793252840909,2815.4493815104165
681,KBS_ChungJu.csv,81,8065.706267755681,2733.2104220920137
682,KBS_ChungJu.csv,82,8063.578702059659,2774.2367078993057
683,KBS_ChungJu.csv,83,8064.821661931818,2791.852728949653
684,KBS_ChungJu.csv,84,8063.837180397727,2780.6923828125
685,KBS_ChungJu.csv,85,8060.792800071023,2783.7928331163193
686,KBS_ChungJu.csv,86,8061.080948153409,2756.5992296006943
687,KBS_ChungJu.csv,87,8078.708753551136,2763.682373046875
688,KBS_ChungJu.csv,88,8065.146058238636,2789.2661946614585
689,KBS_ChungJu.csv,89,8063.611505681818,2803.5606825086807
690,KBS_ChungJu.csv,90,8061.301775568182,2776.0564236111113
691,KBS_ChungJu.csv,91,8076.477388139205,2772.8960232204863
692,KBS_ChungJu.csv,92,8044.826154119318,2782.6532389322915
693,KBS_ChungJu.csv,93,8050.909881036931,2783.1712782118057
694,KBS_ChungJu.csv,94,8061.336461292613,2781.332329644097
695,KBS_ChungJu.csv,95,8074.572452059659,2777.840630425347
696,KBS_ChungJu.csv,96,8061.933149857955,2785.7142469618057
697,KBS_ChungJu.csv,97,8058.514444247159,2784.087890625
698,KBS_ChungJu.csv,98,8075.401873224432,2783.285101996528
699,KBS_ChungJu.csv,99,8064.341166548295,2783.536566840278
700,KBS_ChungJu.csv,100,8055.914515269887,2783.6526150173613
701,KBS_main.csv,1,7441.566086647727,2003.1204562717014
702,KBS_main.csv,2,7414.268732244318,1815.2573784722222
703,KBS_main.csv,3,7394.905877130682,1858.0177137586807
704,KBS_main.csv,4,7386.228151633522,1931.7829454210068
705,KBS_main.csv,5,7371.723410866477,2030.2151828342014
706,KBS_main.csv,6,7354.976189630682,2054.614461263021
707,KBS_main.csv,7,7360.533833451705,1860.0505506727432
708,KBS_main.csv,8,7359.170640980114,2044.8804117838542
709,KBS_main.csv,9,7332.586603338068,2046.9782579210068
710,KBS_main.csv,10,7333.7529296875,2017.674099392361
711,KBS_main.csv,11,7346.890669389205,1826.1360948350693
712,KBS_main.csv,12,7339.138822798295,1919.6673583984375
713,KBS_main.csv,13,7328.326029829545,1920.6425103081597
714,KBS_main.csv,14,7311.227281605114,1824.1958821614583
715,KBS_main.csv,15,7303.278391335227,2068.2811279296875
716,KBS_main.csv,16,7306.582341974432,1843.5209011501736
717,KBS_main.csv,17,7323.53759765625,1953.1467827690972
718,KBS_main.csv,18,7303.466876775568,1911.5479465060764
719,KBS_main.csv,19,7329.710369318182,1669.5896674262153
720,KBS_main.csv,20,7294.73447265625,1959.308322482639
721,KBS_main.csv,21,7303.978133877841,1907.5725775824653
722,KBS_main.csv,22,7299.676109730113,1797.2765977647568
723,KBS_main.csv,23,7302.211363636364,1858.9486490885417
724,KBS_main.csv,24,7299.860910866477,1873.7185872395833
725,KBS_main.csv,25,7299.470818536932,2059.364447699653
726,KBS_main.csv,26,7312.174289772727,1836.2748209635417
727,KBS_main.csv,27,7290.378036221591,1710.8984239366318
728,KBS_main.csv,28,7295.78740234375,1917.6445719401042
729,KBS_main.csv,29,7305.938884943182,1837.4399278428818
730,KBS_main.csv,30,7280.586594460227,1820.1461046006943
731,KBS_main.csv,31,7298.748064630682,1798.612331814236
732,KBS_main.csv,32,7283.826624644887,1770.7201199001736
733,KBS_main.csv,33,7293.957359730113,1956.0514322916667
734,KBS_main.csv,34,7283.591734730114,2026.0393880208333
735,KBS_main.csv,35,7304.886798650568,1867.8432752821182
736,KBS_main.csv,36,7286.390704900568,1841.0484754774307
737,KBS_main.csv,37,7293.067613636364,1799.0483805338542
738,KBS_main.csv,38,7288.943954190341,1750.4658881293403
739,KBS_main.csv,39,7272.228169389205,1743.5286187065972
740,KBS_main.csv,40,7272.616610440341,1704.644015842014
741,KBS_main.csv,41,7290.684019886364,1749.6985541449653
742,KBS_main.csv,42,7287.817294034091,1713.0997178819443
743,KBS_main.csv,43,7279.465953480114,1922.645263671875
744,KBS_main.csv,44,7281.129829545454,1830.5625678168403
745,KBS_main.csv,45,7295.708735795454,1806.8583034939236
746,KBS_main.csv,46,7272.649449573863,1873.2793375651042
747,KBS_main.csv,47,7277.99755859375,1850.975857204861
748,KBS_main.csv,48,7271.974156605113,1755.7839762369792
749,KBS_main.csv,49,7279.126864346591,1923.0997450086807
750,KBS_main.csv,50,7261.498668323864,1835.7194146050347
751,KBS_main.csv,51,7281.022452059659,1854.3077935112847
752,KBS_main.csv,52,7280.880939275568,1851.6974419487847
753,KBS_main.csv,53,7263.435537997159,1728.6943359375
754,KBS_main.csv,54,7283.514186789773,1921.3634440104167
755,KBS_main.csv,55,7263.790944602273,1938.1277804904514
756,KBS_main.csv,56,7268.211310369318,1851.9517822265625
757,KBS_main.csv,57,7271.572185724432,1896.1335042317708
758,KBS_main.csv,58,7273.727201704545,1834.1104193793403
759,KBS_main.csv,59,7264.994877485796,1846.7794189453125
760,KBS_main.csv,60,7276.378586647727,1885.117947048611
761,KBS_main.csv,61,7271.238245738637,1734.0310601128472
762,KBS_main.csv,62,7265.124147727272,1890.9073757595486
763,KBS_main.csv,63,7264.730069247159,1796.1599527994792
764,KBS_main.csv,64,7267.537375710227,1866.36083984375
765,KBS_main.csv,65,7269.2501953125,1781.7546251085068
766,KBS_main.csv,66,7267.675301846591,1843.9307861328125
767,KBS_main.csv,67,7274.700550426136,1764.6430528428818
768,KBS_main.csv,68,7271.153151633523,1829.9279920789932
769,KBS_main.csv,69,7286.806232244318,1872.8459879557292
770,KBS_main.csv,70,7270.841832386363,1851.2132839626736
771,KBS_main.csv,71,7270.15625,1822.0434163411458
772,KBS_main.csv,72,7270.126251775569,1816.9344211154514
773,KBS_main.csv,73,7278.934650213068,1804.2129313151042
774,KBS_main.csv,74,7260.631613991477,1839.1565348307292
775,KBS_main.csv,75,7275.253560014205,1792.898952907986
776,KBS_main.csv,76,7273.819540127841,1815.0343424479167
777,KBS_main.csv,77,7258.661381392046,1754.8078748914932
778,KBS_main.csv,78,7266.708815696023,1762.5955132378472
779,KBS_main.csv,79,7275.432253196022,1796.4364691840278
780,KBS_main.csv,80,7263.033380681818,1819.4915771484375
781,KBS_main.csv,81,7278.013201349432,1808.2707926432292
782,KBS_main.csv,82,7277.401624644886,1803.1330973307292
783,KBS_main.csv,83,7271.783753551136,1808.0275065104167
784,KBS_main.csv,84,7258.029021661931,1802.8186984592014
785,KBS_main.csv,85,7271.013698508523,1832.8870713975693
786,KBS_main.csv,86,7259.20205078125,1833.3348388671875
787,KBS_main.csv,87,7277.428471235796,1806.6411539713542
788,KBS_main.csv,88,7274.804660866477,1815.479248046875
789,KBS_main.csv,89,7273.194220525568,1812.1015218098958
790,KBS_main.csv,90,7274.391006747159,1814.1355116102432
791,KBS_main.csv,91,7277.941619318181,1812.7162136501736
792,KBS_main.csv,92,7261.802130681818,1825.0142008463542
793,KBS_main.csv,93,7248.499973366477,1821.0130072699653
794,KBS_main.csv,94,7256.709801136363,1821.391140407986
795,KBS_main.csv,95,7259.273970170455,1821.30615234375
796,KBS_main.csv,96,7253.472185724432,1821.1621907552083
797,KBS_main.csv,97,7261.805015980113,1820.1620008680557
798,KBS_main.csv,98,7271.380894886363,1819.4156765407986
799,KBS_main.csv,99,7271.617471590909,1818.6102837456597
800,KBS_main.csv,100,7262.104820667613,1818.3693305121528
801,SBS.csv,1,7166.969451349431,1744.0758734809028
802,SBS.csv,2,7156.587730823863,1777.0263536241318
803,SBS.csv,3,7141.260733309659,1708.52392578125
804,SBS.csv,4,7154.497238991477,1910.2435980902778
805,SBS.csv,5,7141.249032315341,1819.0060492621528
806,SBS.csv,6,7139.250905539773,1688.0033637152778
807,SBS.csv,7,7138.065935724432,1876.8187120225693
808,SBS.csv,8,7136.167933238637,1692.9348551432292
809,SBS.csv,9,7137.799529474431,1743.536865234375
810,SBS.csv,10,7121.355628551137,1709.7071261935764
811,SBS.csv,11,7124.155593039773,1835.2533772786458
812,SBS.csv,12,7125.198011363636,1742.9100748697917
813,SBS.csv,13,7112.220481178977,1742.081325954861
814,SBS.csv,14,7130.625577059659,1788.0931396484375
815,SBS.csv,15,7118.3228515625,1653.8832194010417
816,SBS.csv,16,7110.60888671875,1848.9784342447917
817,SBS.csv,17,7120.525603693181,1793.2553846571182
818,SBS.csv,18,7108.416752485796,1739.5661078559028
819,SBS.csv,19,7125.681338778409,1801.6131998697917
820,SBS.csv,20,7114.912819602273,1949.3264567057292
821,SBS.csv,21,7098.867844460227,1793.1383056640625
822,SBS.csv,22,7107.645747514204,1772.4650743272568
823,SBS.csv,23,7128.564870383523,1765.4250895182292
824,SBS.csv,24,7131.433780184659,1946.8511691623264
825,SBS.csv,25,7119.032421875,1823.5240207248264
826,SBS.csv,26,7115.031960227273,1812.4833034939236
827,SBS.csv,27,7116.618128551137,1746.2221137152778
828,SBS.csv,28,7118.718661221591,1684.8654106987847
829,SBS.csv,29,7101.589000355114,1774.3092854817708
830,SBS.csv,30,7094.653107244319,1917.4338921440972
831,SBS.csv,31,7109.184614701705,1776.2012261284722
832,SBS.csv,32,7117.392001065341,1788.3116861979167
833,SBS.csv,33,7103.725701349432,1799.9983045789932
834,SBS.csv,34,7096.221120383523,1803.4596761067708
835,SBS.csv,35,7119.009792258523,1855.1767035590278
836,SBS.csv,36,7106.15478515625,1810.9070231119792
837,SBS.csv,37,7081.319220525568,1840.2735324435764
838,SBS.csv,38,7111.090083451704,1841.2491319444443
839,SBS.csv,39,7102.200115411932,1805.1137288411458
840,SBS.csv,40,7099.249263139204,1665.7214762369792
841,SBS.csv,41,7090.098499644886,1749.9163411458333
842,SBS.csv,42,7085.756392045455,1837.7876112196182
843,SBS.csv,43,7085.28671875,1817.6315239800347
844,SBS.csv,44,7089.464462002841,1940.1487630208333
845,SBS.csv,45,7099.637508877841,1714.3206651475693
846,SBS.csv,46,7099.939115767045,1919.940945095486
847,SBS.csv,47,7108.329287997159,1810.2369249131943
848,SBS.csv,48,7089.063849431818,1899.112033420139
849,SBS.csv,49,7098.110280539773,1756.8856065538193
850,SBS.csv,50,7101.562757457386,1670.0510796440972
851,SBS.csv,51,7101.810369318182,1777.1147596571182
852,SBS.csv,52,7080.207084517046,1869.5648735894097
853,SBS.csv,53,7094.676766690341,1870.2852783203125
854,SBS.csv,54,7106.906223366477,1769.0323893229167
855,SBS.csv,55,7105.807084517045,1841.5403645833333
856,SBS.csv,56,7089.97470703125,1870.9146185980903
857,SBS.csv,57,7077.655850497159,1823.632595486111
858,SBS.csv,58,7100.396022727273,1710.1677788628472
859,SBS.csv,59,7100.104723011364,1743.0608723958333
860,SBS.csv,60,7107.02880859375,1823.4044596354167
861,SBS.csv,61,7084.421049360795,1867.5892333984375
862,SBS.csv,62,7099.394309303977,1766.2511121961807
863,SBS.csv,63,7105.442116477273,1763.6499159071182
864,SBS.csv,64,7086.15595703125,1874.749294704861
865,SBS.csv,65,7079.91826171875,1885.856960720486
866,SBS.csv,66,7097.130459872159,1714.5479193793403
867,SBS.csv,67,7095.791459517045,1739.519992404514
868,SBS.csv,68,7092.096937144886,1798.6257866753472
869,SBS.csv,69,7088.306800426137,1778.4739312065972
870,SBS.csv,70,7095.339453125,1797.653564453125
871,SBS.csv,71,7090.249005681818,1806.7244194878472
872,SBS.csv,72,7091.066086647727,1780.6517876519097
873,SBS.csv,73,7097.799937855114,1762.5872938368057
874,SBS.csv,74,7121.283061079545,1836.2493489583333
875,SBS.csv,75,7085.016246448864,1835.53173828125
876,SBS.csv,76,7086.222132457387,1821.367458767361
877,SBS.csv,77,7091.909117542614,1829.6414930555557
878,SBS.csv,78,7089.434161931818,1783.8413764105903
879,SBS.csv,79,7089.32314453125,1820.419216579861
880,SBS.csv,80,7091.237935014205,1833.8391655815972
881,SBS.csv,81,7096.664497514204,1817.7454155815972
882,SBS.csv,82,7100.628968394886,1786.8170030381943
883,SBS.csv,83,7086.271422230114,1798.3805067274307
884,SBS.csv,84,7089.849502840909,1783.3621826171875
885,SBS.csv,85,7081.814790482955,1796.1696641710068
886,SBS.csv,86,7093.504279119318,1794.5057779947917
887,SBS.csv,87,7089.709987571023,1805.9495171440972
888,SBS.csv,88,7083.166566051136,1802.2179361979167
889,SBS.csv,89,7094.959357244318,1800.9332139756943
890,SBS.csv,90,7074.312846235795,1798.250732421875
891,SBS.csv,91,7084.944708806818,1791.169650607639
892,SBS.csv,92,7091.058407315341,1798.9849853515625
893,SBS.csv,93,7099.562437855114,1798.5264350043403
894,SBS.csv,94,7088.276979758522,1798.3100721571182
895,SBS.csv,95,7086.250852272728,1801.4798448350693
896,SBS.csv,96,7086.84765625,1802.0292561848958
897,SBS.csv,97,7093.143386008523,1801.850857204861
898,SBS.csv,98,7097.064683948864,1803.0104302300347
899,SBS.csv,99,7078.480610795455,1802.9543592664932
900,SBS.csv,100,7084.311150568182,1803.2323540581597
901,MBC_sa.csv,1,7225.751305042613,2082.363511827257
902,MBC_sa.csv,2,7228.165704900568,2177.8252224392363
903,MBC_sa.csv,3,7232.316805752841,2012.56787109375
904,MBC_sa.csv,4,7229.986487926137,1845.7674831814236
905,MBC_sa.csv,5,7239.493323863637,1940.1868625217014
906,MBC_sa.csv,6,7225.823943536931,2067.6564127604165
907,MBC_sa.csv,7,7234.365944602273,1950.9864095052083
908,MBC_sa.csv,8,7235.525692471591,2064.4151746961807
909,MBC_sa.csv,9,7229.734721235795,1896.2741563585068
910,MBC_sa.csv,10,7240.543874289773,1959.0417344835068
911,MBC_sa.csv,11,7233.336851917614,1947.1632893880208
912,MBC_sa.csv,12,7227.303648792614,1951.6055230034722
913,MBC_sa.csv,13,7216.53408203125,2126.3467610677085
914,MBC_sa.csv,14,7237.639719460227,2017.4547797309028
915,MBC_sa.csv,15,7217.324591619318,2150.497762044271
916,MBC_sa.csv,16,7223.328391335227,1983.9954698350693
917,MBC_sa.csv,17,7235.486106178977,1854.2921006944443
918,MBC_sa.csv,18,7228.949973366477,2083.471476236979
919,MBC_sa.csv,19,7220.812819602273,2057.279486762153
920,MBC_sa.csv,20,7212.925861150568,1761.1350640190972
921,MBC_sa.csv,21,7232.708718039773,2060.941745334201
922,MBC_sa.csv,22,7222.779998224431,2031.9824354383682
923,MBC_sa.csv,23,7227.816086647727,2022.0734049479167
924,MBC_sa.csv,24,7224.59296875,2041.5977647569443
925,MBC_sa.csv,25,7221.029811789773,2057.052001953125
926,MBC_sa.csv,26,7226.597576349432,1775.3575846354167
927,MBC_sa.csv,27,7232.507652698863,1853.9511311848958
928,MBC_sa.csv,28,7211.383318536932,1928.0843234592014
929,MBC_sa.csv,29,7217.451819957387,2057.956597222222
930,MBC_sa.csv,30,7214.562908380682,1829.5639784071182
931,MBC_sa.csv,31,7220.026234019886,1999.1257731119792
932,MBC_sa.csv,32,7209.132040127841,2068.414645724826
933,MBC_sa.csv,33,7221.094415838068,2019.5133870442708
934,MBC_sa.csv,34,7204.72392578125,1836.9687093098958
935,MBC_sa.csv,35,7213.587180397727,2099.1677924262153
936,MBC_sa.csv,36,7223.749289772727,1932.6187744140625
937,MBC_sa.csv,37,7212.219797585227,2080.961859809028
938,MBC_sa.csv,38,7207.66328125,1899.5128580729167
939,MBC_sa.csv,39,7215.444744318182,2023.7247992621528
940,MBC_sa.csv,40,7225.672913707386,1874.257568359375
941,MBC_sa.csv,41,7212.854651988637,1987.5042317708333
942,MBC_sa.csv,42,7215.345232599432,2060.238674587674
943,MBC_sa.csv,43,7207.046058238637,1825.3045789930557
944,MBC_sa.csv,44,7207.740882457387,1997.9050428602432
945,MBC_sa.csv,45,7194.755344460227,1996.893039279514
946,MBC_sa.csv,46,7216.768439275568,1984.6521674262153
947,MBC_sa.csv,47,7208.6265625,2150.9682345920137
948,MBC_sa.csv,48,7217.658052201705,2045.4733344184028
949,MBC_sa.csv,49,7199.978382457386,2210.8321397569443
950,MBC_sa.csv,50,7205.629740767045,2013.796875
951,MBC_sa.csv,51,7222.871280184659,1888.0654975043403
952,MBC_sa.csv,52,7216.529438920455,2006.9798719618057
953,MBC_sa.csv,53,7219.306977982955,1998.5194498697917
954,MBC_sa.csv,54,7213.334126420455,2132.037990993924
955,MBC_sa.csv,55,7189.901695667613,1997.5926513671875
956,MBC_sa.csv,56,7225.128542258522,2142.0226779513887
957,MBC_sa.csv,57,7212.475674715909,2011.339328342014
958,MBC_sa.csv,58,7215.309348366477,2002.915771484375
959,MBC_sa.csv,59,7207.881587357954,1965.8183729383682
960,MBC_sa.csv,60,7199.379359019887,1906.8735487196182
961,MBC_sa.csv,61,7219.572745028409,1932.8361952039932
962,MBC_sa.csv,62,7191.242711292613,1921.1372477213542
963,MBC_sa.csv,63,7201.883416193182,2156.7330729166665
964,MBC_sa.csv,64,7206.220081676136,2019.6997477213542
965,MBC_sa.csv,65,7189.905282315341,1915.051513671875
966,MBC_sa.csv,66,7208.85185546875,2042.4042154947917
967,MBC_sa.csv,67,7215.645072798296,1934.5874565972222
968,MBC_sa.csv,68,7199.490553977273,1899.7014024522568
969,MBC_sa.csv,69,7211.401091974431,2000.5818549262153
970,MBC_sa.csv,70,7214.742063210228,1973.8119574652778
971,MBC_sa.csv,71,7189.014541903409,2024.9219970703125
972,MBC_sa.csv,72,7205.990571732955,2027.8004964192708
973,MBC_sa.csv,73,7202.322629616478,2056.2469482421875
974,MBC_sa.csv,74,7201.021413352273,2019.8114013671875
975,MBC_sa.csv,75,7198.422256747159,1981.9440782335068
976,MBC_sa.csv,76,7206.175692471591,1986.1881239149307
977,MBC_sa.csv,77,7200.704625355113,1993.8927544487847
978,MBC_sa.csv,78,7198.554758522727,1978.2198350694443
979,MBC_sa.csv,79,7197.788787286931,1973.6285264756943
980,MBC_sa.csv,80,7194.334090909091,2008.197021484375
981,MBC_sa.csv,81,7197.636177201704,2004.2425672743057
982,MBC_sa.csv,82,7204.568776633523,1988.2442491319443
983,MBC_sa.csv,83,7202.194477982955,1984.0890977647568
984,MBC_sa.csv,84,7216.033877840909,1995.5419243706597
985,MBC_sa.csv,85,7195.0720703125,1983.1648356119792
986,MBC_sa.csv,86,7204.302903053977,1974.2191840277778
987,MBC_sa.csv,87,7202.3611328125,1990.9281819661458
988,MBC_sa.csv,88,7199.390207741477,1993.9056125217014
989,MBC_sa.csv,89,7196.756063565341,1981.2733425564236
990,MBC_sa.csv,90,7199.410830965909,1987.7867702907986
991,MBC_sa.csv,91,7199.693856534091,1977.1490478515625
992,MBC_sa.csv,92,7211.697389914772,1981.6960042317708
993,MBC_sa.csv,93,7201.324058948863,1992.7431098090278
994,MBC_sa.csv,94,7188.184543678977,1983.0024549696182
995,MBC_sa.csv,95,7196.580033735795,1982.6613362630208
996,MBC_sa.csv,96,7198.437535511363,1981.9800482855903
997,MBC_sa.csv,97,7204.956756036931,1985.8951822916667
998,MBC_sa.csv,98,7190.260990767046,1988.190646701389
999,MBC_sa.csv,99,7208.621111505682,1987.6793891059028
1000,MBC_sa.csv,100,7195.792640269887,1988.322998046875
1001,KBS_KangNeung.csv,1,7096.631986860795,2374.7083333333335
1002,KBS_KangNeung.csv,2,7055.205459872159,2167.1674533420137
1003,KBS_KangNeung.csv,3,7036.250861150568,2104.531548394097
1004,KBS_KangNeung.csv,4,7042.658815696022,2107.271145290799
1005,KBS_KangNeung.csv,5,7032.630300071023,2153.1488444010415
1006,KBS_KangNeung.csv,6,7036.084774502841,2224.0960828993057
1007,KBS_KangNeung.csv,7,7020.935094105113,2168.715576171875
1008,KBS_KangNeung.csv,8,7014.3353515625,2180.0089518229165
1009,KBS_KangNeung.csv,9,7002.385546875,2131.054701063368
1010,KBS_KangNeung.csv,10,7017.836070667614,2234.4567599826387
1011,KBS_KangNeung.csv,11,7010.730522017046,2276.800482855903
1012,KBS_KangNeung.csv,12,7003.229163707387,2240.0643174913193
1013,KBS_KangNeung.csv,13,7015.416867897728,2311.0606282552085
1014,KBS_KangNeung.csv,14,6989.491974431819,2140.806410047743
1015,KBS_KangNeung.csv,15,6989.066068892045,2093.9138454861113
1016,KBS_KangNeung.csv,16,6983.189710582386,1926.9285346137153
1017,KBS_KangNeung.csv,17,6999.752459161932,2138.191555447049
1018,KBS_KangNeung.csv,18,6991.348579545454,2075.4151746961807
1019,KBS_KangNeung.csv,19,6985.055646306818,2137.1294623480903
1020,KBS_KangNeung.csv,20,6976.331951349432,2102.8826497395835
1021,KBS_KangNeung.csv,21,6992.396058238636,2038.351101345486
1022,KBS_KangNeung.csv,22,6997.792995383523,2364.8447536892363
1023,KBS_KangNeung.csv,23,6988.999493963068,2167.0395236545137
1024,KBS_KangNeung.csv,24,6991.622425426136,2056.424221462674
1025,KBS_KangNeung.csv,25,6994.042009943182,2160.9820692274307
1026,KBS_KangNeung.csv,26,6978.647318892045,2059.316351996528
1027,KBS_KangNeung.csv,27,6985.334312855113,2108.2034776475693
1028,KBS_KangNeung.csv,28,6973.874485085227,2039.4829508463542
1029,KBS_KangNeung.csv,29,6970.651722301136,2209.7160373263887
1030,KBS_KangNeung.csv,30,6967.613299005682,2171.872260199653
1031,KBS_KangNeung.csv,31,6970.421022727272,2118.262641059028
1032,KBS_KangNeung.csv,32,6973.978568892046,2045.0280897352432
1033,KBS_KangNeung.csv,33,6974.562171519887,2157.8267415364585
1034,KBS_KangNeung.csv,34,6974.177192826704,2077.094970703125
1035,KBS_KangNeung.csv,35,6971.238139204545,2073.8731282552085
1036,KBS_KangNeung.csv,36,6954.238565340909,2154.836235894097
1037,KBS_KangNeung.csv,37,6956.66767578125,2135.930230034722
1038,KBS_KangNeung.csv,38,6951.549946732955,1993.4549967447917
1039,KBS_KangNeung.csv,39,6952.943794389204,2034.4868570963542
1040,KBS_KangNeung.csv,40,6969.063370028409,2107.059868706597
1041,KBS_KangNeung.csv,41,6955.530921519887,1957.4370795355903
1042,KBS_KangNeung.csv,42,6956.299636008523,2143.8327365451387
1043,KBS_KangNeung.csv,43,6959.820356889205,2109.0741373697915
1044,KBS_KangNeung.csv,44,6954.496732954545,2050.1141493055557
1045,KBS_KangNeung.csv,45,6950.720534446023,2059.4035915798613
1046,KBS_KangNeung.csv,46,6956.277024147727,2083.2464192708335
1047,KBS_KangNeung.csv,47,6942.60302734375,2091.8333875868057
1048,KBS_KangNeung.csv,48,6966.494220525568,1945.159939236111
1049,KBS_KangNeung.csv,49,6955.032608309659,1991.1678873697917
1050,KBS_KangNeung.csv,50,6946.928648792614,2157.880615234375
1051,KBS_KangNeung.csv,51,6958.297176846591,2059.285942925347
1052,KBS_KangNeung.csv,52,6954.959064275568,1992.4519856770833
1053,KBS_KangNeung.csv,53,6959.185635653409,1954.0591634114583
1054,KBS_KangNeung.csv,54,6943.08203125,1987.6590847439236
1055,KBS_KangNeung.csv,55,6945.070720880682,2015.3605143229167
1056,KBS_KangNeung.csv,56,6947.629909446023,2114.3787977430557
1057,KBS_KangNeung.csv,57,6939.256232244318,2031.7903510199653
1058,KBS_KangNeung.csv,58,6940.089612926136,2054.8653700086807
1059,KBS_KangNeung.csv,59,6946.951917613636,2138.541164822049
1060,KBS_KangNeung.csv,60,6948.431605113637,2065.2437879774307
1061,KBS_KangNeung.csv,61,6949.236381392046,1998.7772759331597
1062,KBS_KangNeung.csv,62,6947.992533735795,2047.944552951389
1063,KBS_KangNeung.csv,63,6943.694620028409,2050.5360107421875
1064,KBS_KangNeung.csv,64,6938.776997514205,2074.516099717882
1065,KBS_KangNeung.csv,65,6933.919699928977,2042.8672960069443
1066,KBS_KangNeung.csv,66,6947.029137073863,1989.2807481553818
1067,KBS_KangNeung.csv,67,6948.820427911932,2051.555650499132
1068,KBS_KangNeung.csv,68,6945.238876065341,2045.0596652560764
1069,KBS_KangNeung.csv,69,6939.018838778409,2139.346584743924
1070,KBS_KangNeung.csv,70,6935.870676491477,2094.941853841146
1071,KBS_KangNeung.csv,71,6933.235049715909,2010.90478515625
1072,KBS_KangNeung.csv,72,6940.138458806819,2068.218166775174
1073,KBS_KangNeung.csv,73,6953.336851917614,2013.9534369574653
1074,KBS_KangNeung.csv,74,6940.571635298295,2004.658203125
1075,KBS_KangNeung.csv,75,6938.674636008523,2103.911146375868
1076,KBS_KangNeung.csv,76,6940.184836647727,2073.023668077257
1077,KBS_KangNeung.csv,77,6942.774502840909,2068.590671115451
1078,KBS_KangNeung.csv,78,6936.44677734375,2068.688042534722
1079,KBS_KangNeung.csv,79,6945.233815696023,2040.2010226779514
1080,KBS_KangNeung.csv,80,6942.675745738637,2039.3292778862847
1081,KBS_KangNeung.csv,81,6926.984153053977,2063.71337890625
1082,KBS_KangNeung.csv,82,6934.522718394886,2045.471435546875
1083,KBS_KangNeung.csv,83,6944.682297585227,2063.179144965278
1084,KBS_KangNeung.csv,84,6920.386993963069,2052.1685248480903
1085,KBS_KangNeung.csv,85,6939.255619673296,2046.7979871961807
1086,KBS_KangNeung.csv,86,6942.907643821023,2029.9488118489583
1087,KBS_KangNeung.csv,87,6931.438325639205,2058.0494384765625
1088,KBS_KangNeung.csv,88,6940.509446022727,2059.720743815104
1089,KBS_KangNeung.csv,89,6934.911834161931,2060.4487575954863
1090,KBS_KangNeung.csv,90,6950.873029119318,2056.1229248046875
1091,KBS_KangNeung.csv,91,6942.703977272728,2059.830064561632
1092,KBS_KangNeung.csv,92,6941.390216619318,2053.839599609375
1093,KBS_KangNeung.csv,93,6954.100603693182,2056.360690646701
1094,KBS_KangNeung.csv,94,6939.353311434659,2050.1466200086807
1095,KBS_KangNeung.csv,95,6929.421786221591,2052.169718424479
1096,KBS_KangNeung.csv,96,6940.070063920454,2051.163126627604
1097,KBS_KangNeung.csv,97,6932.087872869318,2048.3058810763887
1098,KBS_KangNeung.csv,98,6945.723943536932,2049.555162217882
1099,KBS_KangNeung.csv,99,6936.0765625,2050.5606825086807
1100,KBS_KangNeung.csv,100,6932.336594460227,2050.231974283854
1101,MBC_KangNeung.csv,1,6828.533726917613,1704.102322048611
1102,MBC_KangNeung.csv,2,6819.075301846591,1844.8856608072917
1103,MBC_KangNeung.csv,3,6817.891512784091,1677.9172498914932
1104,MBC_KangNeung.csv,4,6831.921786221591,1658.4332139756943
1105,MBC_KangNeung.csv,5,6816.525248579545,1592.0150689019097
1106,MBC_KangNeung.csv,6,6812.795205965909,1803.9135199652778
1107,MBC_KangNeung.csv,7,6810.800026633523,1819.8517659505208
1108,MBC_KangNeung.csv,8,6822.609747869318,1690.9741617838542
1109,MBC_KangNeung.csv,9,6819.247904829545,1651.5893690321182
1110,MBC_KangNeung.csv,10,6811.990953480114,1755.2213541666667
1111,MBC_KangNeung.csv,11,6803.135218394887,1823.2317979600693
1112,MBC_KangNeung.csv,12,6791.299129971591,1758.6114773220486
1113,MBC_KangNeung.csv,13,6800.248401988636,1763.1703423394097
1114,MBC_KangNeung.csv,14,6805.291068892046,1884.5280354817708
1115,MBC_KangNeung.csv,15,6802.699050071023,1724.0211452907986
1116,MBC_KangNeung.csv,16,6797.606232244319,1729.5838623046875
1117,MBC_KangNeung.csv,17,6802.109401633523,1749.9189453125
1118,MBC_KangNeung.csv,18,6799.811967329545,1752.0880805121528
1119,MBC_KangNeung.csv,19,6782.275133167614,1781.5107828776042
1120,MBC_KangNeung.csv,20,6805.271395596591,1668.6766628689236
1121,MBC_KangNeung.csv,21,6805.912908380682,1699.4926215277778
1122,MBC_KangNeung.csv,22,6824.3330078125,1713.986355251736
1123,MBC_KangNeung.csv,23,6799.068110795454,1786.8645968967014
1124,MBC_KangNeung.csv,24,6823.563609730114,1765.6677381727432
1125,MBC_KangNeung.csv,25,6782.057732599432,1856.0515814887153
1126,MBC_KangNeung.csv,26,6800.071857244318,1786.717800564236
1127,MBC_KangNeung.csv,27,6791.575346235795,1789.3352728949653
1128,MBC_KangNeung.csv,28,6801.265296519887,1619.2179226345486
1129,MBC_KangNeung.csv,29,6794.490909090909,1799.9688313802083
1130,MBC_KangNeung.csv,30,6786.672008167614,1833.9946967230903
1131,MBC_KangNeung.csv,31,6797.583931107954,1798.572238498264
1132,MBC_KangNeung.csv,32,6787.822176846591,1712.7958034939236
1133,MBC_KangNeung.csv,33,6779.738902698864,1700.7478569878472
1134,MBC_KangNeung.csv,34,6799.890873579546,1728.4292127821182
1135,MBC_KangNeung.csv,35,6784.443963068182,1798.5835096571182
1136,MBC_KangNeung.csv,36,6783.110413707386,1791.6851128472222
1137,MBC_KangNeung.csv,37,6788.607057883522,1813.4562852647568
1138,MBC_KangNeung.csv,38,6782.796058238637,1917.0763753255208
1139,MBC_KangNeung.csv,39,6789.864905894887,1727.7219780815972
1140,MBC_KangNeung.csv,40,6787.031578480113,1761.5258246527778
1141,MBC_KangNeung.csv,41,6769.018696732955,1721.376980251736
1142,MBC_KangNeung.csv,42,6779.004412286932,1682.2282172309028
1143,MBC_KangNeung.csv,43,6780.239106889205,1679.8314344618057
1144,MBC_KangNeung.csv,44,6781.519664417614,1675.2608235677083
1145,MBC_KangNeung.csv,45,6768.237144886363,1734.0943603515625
1146,MBC_KangNeung.csv,46,6788.375656960227,1842.7690565321182
1147,MBC_KangNeung.csv,47,6772.299520596591,1667.4984944661458
1148,MBC_KangNeung.csv,48,6776.074200994318,1662.8205430772568
1149,MBC_KangNeung.csv,49,6776.571040482954,1710.0987277560764
1150,MBC_KangNeung.csv,50,6768.477254971591,1669.5409749348958
1151,MBC_KangNeung.csv,51,6765.956818181819,1725.0876600477432
1152,MBC_KangNeung.csv,52,6766.504545454545,1687.770751953125
1153,MBC_KangNeung.csv,53,6770.191681463069,1758.646945529514
1154,MBC_KangNeung.csv,54,6791.224636008523,1814.5483805338542
1155,MBC_KangNeung.csv,55,6789.176571377841,1727.9285210503472
1156,MBC_KangNeung.csv,56,6771.075772372159,1782.9133978949653
1157,MBC_KangNeung.csv,57,6775.106827059659,1758.8340657552083
1158,MBC_KangNeung.csv,58,6769.659517045455,1768.4098578559028
1159,MBC_KangNeung.csv,59,6783.345543323863,1802.5069986979167
1160,MBC_KangNeung.csv,60,6777.806827059659,1771.302761501736
1161,MBC_KangNeung.csv,61,6768.553444602273,1765.7951795789932
1162,MBC_KangNeung.csv,62,6774.216370738636,1760.9564480251736
1163,MBC_KangNeung.csv,63,6770.796218039773,1725.1869167751736
1164,MBC_KangNeung.csv,64,6774.409357244318,1722.5140787760417
1165,MBC_KangNeung.csv,65,6785.578355823864,1657.8436957465278
1166,MBC_KangNeung.csv,66,6778.082537286932,1736.5004747178818
1167,MBC_KangNeung.csv,67,6779.414470880682,1742.5364990234375
1168,MBC_KangNeung.csv,68,6770.169380326704,1717.5237223307292
1169,MBC_KangNeung.csv,69,6771.695836292613,1701.6722005208333
1170,MBC_KangNeung.csv,70,6773.93994140625,1776.5009087456597
1171,MBC_KangNeung.csv,71,6773.573224431818,1720.6416422526042
1172,MBC_KangNeung.csv,72,6770.951837713068,1760.8753933376736
1173,MBC_KangNeung.csv,73,6774.775949928977,1741.3239339192708
1174,MBC_KangNeung.csv,74,6763.363307883523,1704.6339518229167
1175,MBC_KangNeung.csv,75,6761.490305397727,1728.5657958984375
1176,MBC_KangNeung.csv,76,6776.232066761364,1730.5485704210068
1177,MBC_KangNeung.csv,77,6760.808469460228,1689.6185845269097
1178,MBC_KangNeung.csv,78,6770.221537642045,1719.7736273871528
1179,MBC_KangNeung.csv,79,6774.285768821022,1726.4090847439236
1180,MBC_KangNeung.csv,80,6752.743670099432,1743.5282253689236
1181,MBC_KangNeung.csv,81,6771.051802201705,1736.8631591796875
1182,MBC_KangNeung.csv,82,6759.374600497159,1742.2491319444443
1183,MBC_KangNeung.csv,83,6763.834596946022,1712.635959201389
1184,MBC_KangNeung.csv,84,6759.022807173295,1734.4871148003472
1185,MBC_KangNeung.csv,85,6770.777024147727,1715.8223063151042
1186,MBC_KangNeung.csv,86,6761.821599786932,1723.9076334635417
1187,MBC_KangNeung.csv,87,6771.910209517046,1735.9852294921875
1188,MBC_KangNeung.csv,88,6783.089506392045,1723.5861273871528
1189,MBC_KangNeung.csv,89,6756.639772727272,1728.2754584418403
1190,MBC_KangNeung.csv,90,6771.254279119318,1730.826443142361
1191,MBC_KangNeung.csv,91,6777.878142755681,1739.047580295139
1192,MBC_KangNeung.csv,92,6766.205939275568,1739.4805908203125
1193,MBC_KangNeung.csv,93,6773.985768821023,1740.7100694444443
1194,MBC_KangNeung.csv,94,6759.215713778409,1739.8120524088542
1195,MBC_KangNeung.csv,95,6761.295632102273,1735.2401665581597
1196,MBC_KangNeung.csv,96,6758.552423650568,1738.4482964409722
1197,MBC_KangNeung.csv,97,6780.122727272727,1735.1630995008682
1198,MBC_KangNeung.csv,98,6771.753080610795,1734.7586398654514
1199,MBC_KangNeung.csv,99,6761.193403764205,1734.9024386935764
1200,MBC_KangNeung.csv,100,6775.791139914772,1734.600613064236
1201,TBN_DaeGu.csv,1,7308.255166903409,2336.2248263888887
1202,TBN_DaeGu.csv,2,7293.120436789773,2153.433783637153
1203,TBN_DaeGu.csv,3,7266.833380681818,2139.152153862847
1204,TBN_DaeGu.csv,4,7254.678639914773,2191.010064019097
1205,TBN_DaeGu.csv,5,7249.520685369318,2178.8938802083335
1206,TBN_DaeGu.csv,6,7272.323952414773,2052.3824462890625
1207,TBN_DaeGu.csv,7,7242.319451349432,1978.7410346137153
1208,TBN_DaeGu.csv,8,7238.554243607955,2147.2160915798613
1209,TBN_DaeGu.csv,9,7246.686115056818,2170.4814181857637
1210,TBN_DaeGu.csv,10,7231.061168323864,2187.8936360677085
1211,TBN_DaeGu.csv,11,7249.453977272728,2104.9243435329863
1212,TBN_DaeGu.csv,12,7251.778160511363,2089.611097547743
1213,TBN_DaeGu.csv,13,7232.960893110795,2034.8308241102432
1214,TBN_DaeGu.csv,14,7237.282661576704,2179.262261284722
1215,TBN_DaeGu.csv,15,7229.611159446023,2247.1247829861113
1216,TBN_DaeGu.csv,16,7234.545640980114,2137.1900770399307
1217,TBN_DaeGu.csv,17,7239.257102272727,2171.8262532552085
1218,TBN_DaeGu.csv,18,7245.393963068182,2224.932671440972
1219,TBN_DaeGu.csv,19,7208.244096235795,2028.592068142361
1220,TBN_DaeGu.csv,20,7218.392640269886,2120.2739529079863
1221,TBN_DaeGu.csv,21,7237.872052556818,2124.542236328125
1222,TBN_DaeGu.csv,22,7232.115403053977,1996.125244140625
1223,TBN_DaeGu.csv,23,7222.549360795455,2164.69970703125
1224,TBN_DaeGu.csv,24,7223.853382457386,2156.8553059895835
1225,TBN_DaeGu.csv,25,7233.565047940341,2092.104397243924
1226,TBN_DaeGu.csv,26,7217.897176846591,1980.5101996527778
1227,TBN_DaeGu.csv,27,7233.867294034091,2086.4996473524307
1228,TBN_DaeGu.csv,28,7220.063006036932,2178.676323784722
1229,TBN_DaeGu.csv,29,7208.967640269886,2061.129191080729
1230,TBN_DaeGu.csv,30,7215.834818892045,2079.3205295138887
1231,TBN_DaeGu.csv,31,7233.964692826705,1783.6443413628472
1232,TBN_DaeGu.csv,32,7222.280539772727,2168.3414171006943
1233,TBN_DaeGu.csv,33,7223.594673295454,2108.3172200520835
1234,TBN_DaeGu.csv,34,7226.894504616477,2113.567287868924
1235,TBN_DaeGu.csv,35,7200.4423828125,1933.2689344618057
1236,TBN_DaeGu.csv,36,7222.288316761364,2165.8924967447915
1237,TBN_DaeGu.csv,37,7220.456125710227,1960.400363498264
1238,TBN_DaeGu.csv,38,7225.480087002841,2122.908840603299
1239,TBN_DaeGu.csv,39,7220.689390980114,2021.115451388889
1240,TBN_DaeGu.csv,40,7207.649112215909,2055.022365993924
1241,TBN_DaeGu.csv,41,7211.932475142045,2022.938693576389
1242,TBN_DaeGu.csv,42,7223.843838778409,2084.0069444444443
1243,TBN_DaeGu.csv,43,7212.005894886363,1919.5379096137153
1244,TBN_DaeGu.csv,44,7208.973401988636,2124.7701280381943
1245,TBN_DaeGu.csv,45,7208.17900390625,2063.761189778646
1246,TBN_DaeGu.csv,46,7210.624387428978,2005.559299045139
1247,TBN_DaeGu.csv,47,7211.107022372159,1980.5502251519097
1248,TBN_DaeGu.csv,48,7204.319318181818,2179.2158203125
1249,TBN_DaeGu.csv,49,7212.817143110796,2245.90234375
1250,TBN_DaeGu.csv,50,7199.049653764205,2217.0321451822915
1251,TBN_DaeGu.csv,51,7207.999183238637,2114.6443684895835
1252,TBN_DaeGu.csv,52,7209.589399857955,2084.5665418836807
1253,TBN_DaeGu.csv,53,7206.653515625,2107.837497287326
1254,TBN_DaeGu.csv,54,7209.353852982955,2154.1307508680557
1255,TBN_DaeGu.csv,55,7221.795143821023,2056.2397732204863
1256,TBN_DaeGu.csv,56,7202.035884232954,2099.5418701171875
1257,TBN_DaeGu.csv,57,7216.789612926136,2070.413140190972
1258,TBN_DaeGu.csv,58,7191.248410866478,2031.0311414930557
1259,TBN_DaeGu.csv,59,7202.055060369318,2075.3347439236113
1260,TBN_DaeGu.csv,60,7217.906676136364,2039.298855251736
1261,TBN_DaeGu.csv,61,7207.831587357955,2043.8094618055557
1262,TBN_DaeGu.csv,62,7204.871280184659,2054.4530571831597
1263,TBN_DaeGu.csv,63,7206.886674360795,2088.830905490451
1264,TBN_DaeGu.csv,64,7219.410990767045,2020.9158528645833
1265,TBN_DaeGu.csv,65,7231.178107244318,2052.0099283854165
1266,TBN_DaeGu.csv,66,7189.281365411932,2110.5912000868057
1267,TBN_DaeGu.csv,67,7201.95087890625,2041.973605685764
1268,TBN_DaeGu.csv,68,7202.674396306818,2036.7590467664932
1269,TBN_DaeGu.csv,69,7194.155122514205,2036.0335015190972
1270,TBN_DaeGu.csv,70,7183.589382102273,2093.0333658854165
1271,TBN_DaeGu.csv,71,7201.349644886363,2015.5131293402778
1272,TBN_DaeGu.csv,72,7185.458877840909,2088.184027777778
1273,TBN_DaeGu.csv,73,7186.673233309659,1957.8051622178818
1274,TBN_DaeGu.csv,74,7194.662029474432,2080.777058919271
1275,TBN_DaeGu.csv,75,7202.429163707387,2060.6488986545137
1276,TBN_DaeGu.csv,76,7205.070259232954,2047.6274820963542
1277,TBN_DaeGu.csv,77,7207.348641690341,2088.7884521484375
1278,TBN_DaeGu.csv,78,7183.056063565341,2043.8081190321182
1279,TBN_DaeGu.csv,79,7204.784224076705,2070.572903103299
1280,TBN_DaeGu.csv,80,7185.330193536932,2067.0187717013887
1281,TBN_DaeGu.csv,81,7204.774067826705,2073.384724934896
1282,TBN_DaeGu.csv,82,7199.189754971591,2056.194864908854
1283,TBN_DaeGu.csv,83,7199.501615767045,2037.9569634331597
1284,TBN_DaeGu.csv,84,7191.287180397727,2073.187974717882
1285,TBN_DaeGu.csv,85,7193.185555752841,2089.6962076822915
1286,TBN_DaeGu.csv,86,7201.724032315341,2061.7584364149307
1287,TBN_DaeGu.csv,87,7195.496120383523,2083.5107421875
1288,TBN_DaeGu.csv,88,7191.077787642045,2091.0249837239585
1289,TBN_DaeGu.csv,89,7215.354456676137,2077.187744140625
1290,TBN_DaeGu.csv,90,7204.477059659091,2076.177883572049
1291,TBN_DaeGu.csv,91,7193.491441761364,2085.907565646701
1292,TBN_DaeGu.csv,92,7188.439133522727,2078.9245876736113
1293,TBN_DaeGu.csv,93,7187.949378551137,2078.1997341579863
1294,TBN_DaeGu.csv,94,7190.442666903409,2083.243259006076
1295,TBN_DaeGu.csv,95,7195.807945667613,2084.0510525173613
1296,TBN_DaeGu.csv,96,7199.924760298295,2080.8446180555557
1297,TBN_DaeGu.csv,97,7200.524094460227,2079.8274739583335
1298,TBN_DaeGu.csv,98,7209.512224786932,2079.2140299479165
1299,TBN_DaeGu.csv,99,7193.189266690341,2079.3401692708335
1300,TBN_DaeGu.csv,100,7191.028666548295,2080.1422254774307
1301,TBC_DaeGu.csv,1,7239.481844815341,2003.6820882161458
1302,TBC_DaeGu.csv,2,7220.927414772727,2159.6099989149307
1303,TBC_DaeGu.csv,3,7231.148615056818,2205.9110649956597
1304,TBC_DaeGu.csv,4,7232.389444247159,2117.0126681857637
1305,TBC_DaeGu.csv,5,7220.092125355113,2054.415378146701
1306,TBC_DaeGu.csv,6,7225.254865056818,2199.9037000868057
1307,TBC_DaeGu.csv,7,7232.794806463068,2078.415771484375
1308,TBC_DaeGu.csv,8,7214.784446022727,2317.763861762153
1309,TBC_DaeGu.csv,9,7222.804998224432,2081.4803331163193
1310,TBC_DaeGu.csv,10,7224.447079190341,2251.655910915799
1311,TBC_DaeGu.csv,11,7238.814861505682,2101.9500868055557
1312,TBC_DaeGu.csv,12,7232.343155184659,2170.327162000868
1313,TBC_DaeGu.csv,13,7211.543386008523,2256.3404134114585
1314,TBC_DaeGu.csv,14,7215.971821732955,1896.9977077907986
1315,TBC_DaeGu.csv,15,7218.684011008523,2428.2957356770835
1316,TBC_DaeGu.csv,16,7224.47177734375,2086.6942545572915
1317,TBC_DaeGu.csv,17,7216.831578480113,2131.103963216146
1318,TBC_DaeGu.csv,18,7219.562260298296,2257.7916395399307
1319,TBC_DaeGu.csv,19,7209.4494140625,1954.7670220269097
1320,TBC_DaeGu.csv,20,7210.355983664773,2164.1433919270835
1321,TBC_DaeGu.csv,21,7209.556205610796,2159.4107530381943
1322,TBC_DaeGu.csv,22,7205.55693359375,2038.9374457465278
1323,TBC_DaeGu.csv,23,7213.186203835227,1973.1459282769097
1324,TBC_DaeGu.csv,24,7206.024138849431,2178.938910590278
1325,TBC_DaeGu.csv,25,7216.566033380682,2106.206095377604
1326,TBC_DaeGu.csv,26,7205.690509588068,1985.2381591796875
1327,TBC_DaeGu.csv,27,7210.8921875,2141.1802842881943
1328,TBC_DaeGu.csv,28,7207.143536931818,2089.4685329861113
1329,TBC_DaeGu.csv,29,7217.080450994318,2041.6537407769097
1330,TBC_DaeGu.csv,30,7225.608167613636,2132.3311631944443
1331,TBC_DaeGu.csv,31,7196.544256036932,1985.9471978081597
1332,TBC_DaeGu.csv,32,7222.6603515625,2276.8484564887153
1333,TBC_DaeGu.csv,33,7213.029643110795,2053.2037217881943
1334,TBC_DaeGu.csv,34,7205.707590553977,2204.0050455729165
1335,TBC_DaeGu.csv,35,7202.832120028409,2084.718071831597
1336,TBC_DaeGu.csv,36,7201.964870383523,1974.8193359375
1337,TBC_DaeGu.csv,37,7212.177139559659,2158.393256293403
1338,TBC_DaeGu.csv,38,7217.479909446023,2354.8923611111113
1339,TBC_DaeGu.csv,39,7212.786745383522,2082.791314019097
1340,TBC_DaeGu.csv,40,7207.494185014205,2199.4322102864585
1341,TBC_DaeGu.csv,41,7194.768767755681,2341.2672254774307
1342,TBC_DaeGu.csv,42,7205.587349076704,2185.0748291015625
1343,TBC_DaeGu.csv,43,7198.888361150568,2147.153510199653
1344,TBC_DaeGu.csv,44,7198.754172585227,2171.3790418836807
1345,TBC_DaeGu.csv,45,7210.222940340909,2048.299465603299
1346,TBC_DaeGu.csv,46,7201.281081321023,2160.1276041666665
1347,TBC_DaeGu.csv,47,7210.895836292613,2101.68701171875
1348,TBC_DaeGu.csv,48,7201.465198863636,2280.2548828125
1349,TBC_DaeGu.csv,49,7213.031010298296,2191.365817599826
1350,TBC_DaeGu.csv,50,7205.142373934659,2283.204332139757
1351,TBC_DaeGu.csv,51,7190.720978338069,2107.6963975694443
1352,TBC_DaeGu.csv,52,7183.872709517045,2124.054239908854
1353,TBC_DaeGu.csv,53,7200.673268821023,2061.5816107855903
1354,TBC_DaeGu.csv,54,7195.96904296875,2058.029201931424
1355,TBC_DaeGu.csv,55,7195.243465909091,2152.942328559028
1356,TBC_DaeGu.csv,56,7204.818883167613,2093.8633626302085
1357,TBC_DaeGu.csv,57,7202.383966619318,2236.187513563368
1358,TBC_DaeGu.csv,58,7194.282421875,2234.0428331163193
1359,TBC_DaeGu.csv,59,7198.871653053977,2071.6465928819443
1360,TBC_DaeGu.csv,60,7175.106454190341,2166.8807779947915
1361,TBC_DaeGu.csv,61,7205.370552201704,2153.431450737847
1362,TBC_DaeGu.csv,62,7190.704430042613,2075.3497721354165
1363,TBC_DaeGu.csv,63,7202.936993963068,2128.1915147569443
1364,TBC_DaeGu.csv,64,7216.000754616477,2066.256293402778
1365,TBC_DaeGu.csv,65,7191.31259765625,2126.564222547743
1366,TBC_DaeGu.csv,66,7202.678311434659,2052.9451497395835
1367,TBC_DaeGu.csv,67,7201.943794389204,2126.514838324653
1368,TBC_DaeGu.csv,68,7200.029536576704,2106.6613498263887
1369,TBC_DaeGu.csv,69,7196.610822088068,2120.981838650174
1370,TBC_DaeGu.csv,70,7209.089000355114,2169.599799262153
1371,TBC_DaeGu.csv,71,7197.995640980113,2139.9457736545137
1372,TBC_DaeGu.csv,72,7198.405779474432,2118.749660915799
1373,TBC_DaeGu.csv,73,7196.627734375,2109.7434760199653
1374,TBC_DaeGu.csv,74,7200.90009765625,2100.9175482855903
1375,TBC_DaeGu.csv,75,7196.877166193181,2102.034464518229
1376,TBC_DaeGu.csv,76,7194.540056818182,2180.092054578993
1377,TBC_DaeGu.csv,77,7193.94970703125,2091.6075846354165
1378,TBC_DaeGu.csv,78,7197.313041548296,2140.0085177951387
1379,TBC_DaeGu.csv,79,7197.065101207387,2158.3485649956597
1380,TBC_DaeGu.csv,80,7192.437136008522,2143.46728515625
1381,TBC_DaeGu.csv,81,7200.325124289773,2116.473876953125
1382,TBC_DaeGu.csv,82,7208.13466796875,2144.6769748263887
1383,TBC_DaeGu.csv,83,7186.673792613637,2123.0238172743057
1384,TBC_DaeGu.csv,84,7175.813760653409,2127.672756618924
1385,TBC_DaeGu.csv,85,7194.464399857955,2125.3042263454863
1386,TBC_DaeGu.csv,86,7207.307892400569,2127.0947265625
1387,TBC_DaeGu.csv,87,7189.981232244319,2142.221177842882
1388,TBC_DaeGu.csv,88,7195.678116122159,2130.9697265625
1389,TBC_DaeGu.csv,89,7192.136097301136,2120.5208740234375
1390,TBC_DaeGu.csv,90,7187.078080610795,2123.9705268012153
1391,TBC_DaeGu.csv,91,7209.576447088069,2124.6357421875
1392,TBC_DaeGu.csv,92,7186.871795099431,2125.3852810329863
1393,TBC_DaeGu.csv,93,7180.013618607954,2121.616997612847
1394,TBC_DaeGu.csv,94,7184.628453480113,2124.945461697049
1395,TBC_DaeGu.csv,95,7196.61435546875,2127.5029025607637
1396,TBC_DaeGu.csv,96,7192.54091796875,2124.6736111111113
1397,TBC_DaeGu.csv,97,7196.460768821023,2122.2430284288193
1398,TBC_DaeGu.csv,98,7190.369540127841,2123.2959662543403
1399,TBC_DaeGu.csv,99,7202.23095703125,2122.2972954644097
1400,TBC_DaeGu.csv,100,7192.174476207387,2122.7800564236113
1401,JeonJu_Radio.csv,1,7189.442320667614,2031.3834906684028
1402,JeonJu_Radio.csv,2,7181.842986505681,1854.7008192274307
1403,JeonJu_Radio.csv,3,7191.737517755681,2069.8756103515625
1404,JeonJu_Radio.csv,4,7176.409721235796,2062.021430121528
1405,JeonJu_Radio.csv,5,7182.370703125,1984.4569091796875
1406,JeonJu_Radio.csv,6,7175.713734019886,2147.953464084201
1407,JeonJu_Radio.csv,7,7162.027086292614,2126.323920355903
1408,JeonJu_Radio.csv,8,7184.495569957387,2208.4286024305557
1409,JeonJu_Radio.csv,9,7169.505948153409,2171.316948784722
1410,JeonJu_Radio.csv,10,7170.032333096591,2055.718790690104
1411,JeonJu_Radio.csv,11,7153.015145596591,2102.593939887153
1412,JeonJu_Radio.csv,12,7154.109188565341,2167.343763563368
1413,JeonJu_Radio.csv,13,7166.436310369319,2060.9038899739585
1414,JeonJu_Radio.csv,14,7172.256285511364,1972.5103759765625
1415,JeonJu_Radio.csv,15,7167.871759588068,2119.423570421007
1416,JeonJu_Radio.csv,16,7177.850745738637,1761.9407416449653
1417,JeonJu_Radio.csv,17,7168.341228693182,1962.1688910590278
1418,JeonJu_Radio.csv,18,7175.06953125,2123.045396592882
1419,JeonJu_Radio.csv,19,7152.254323508523,2053.930867513021
1420,JeonJu_Radio.csv,20,7156.385387073864,1978.4712049696182
1421,JeonJu_Radio.csv,21,7153.50859375,1985.6334092881943
1422,JeonJu_Radio.csv,22,7164.130788352273,2155.1204698350693
1423,JeonJu_Radio.csv,23,7158.534126420454,1957.6429714626736
1424,JeonJu_Radio.csv,24,7174.692036576705,1999.1347113715278
1425,JeonJu_Radio.csv,25,7156.393980823864,2063.563286675347
1426,JeonJu_Radio.csv,26,7158.766921164773,2079.9646267361113
1427,JeonJu_Radio.csv,27,7144.457945667614,2094.1211751302085
1428,JeonJu_Radio.csv,28,7163.267595880682,1941.9167616102432
1429,JeonJu_Radio.csv,29,7148.412766335227,1918.2967529296875
1430,JeonJu_Radio.csv,30,7152.034321732955,2045.5282253689236
1431,JeonJu_Radio.csv,31,7158.426784446023,2150.201117621528
1432,JeonJu_Radio.csv,32,7154.590571732954,2105.422268337674
1433,JeonJu_Radio.csv,33,7154.929128196023,2148.7942572699653
1434,JeonJu_Radio.csv,34,7160.691352982954,1869.227810329861
1435,JeonJu_Radio.csv,35,7157.554865056818,2061.235582139757
1436,JeonJu_Radio.csv,36,7150.308274147727,1856.3722601996528
1437,JeonJu_Radio.csv,37,7156.254048295455,2049.7202419704863
1438,JeonJu_Radio.csv,38,7156.818314985795,2025.8786485460068
1439,JeonJu_Radio.csv,39,7154.485395951705,2157.535251193576
1440,JeonJu_Radio.csv,40,7152.675541548296,2204.4598795572915
1441,JeonJu_Radio.csv,41,7159.103293678977,2173.6239556206597
1442,JeonJu_Radio.csv,42,7164.011931818181,2081.298733181424
1443,JeonJu_Radio.csv,43,7151.908096590909,1968.912814670139
1444,JeonJu_Radio.csv,44,7142.590651633523,2180.1640625
1445,JeonJu_Radio.csv,45,7153.713893821023,2070.271633572049
1446,JeonJu_Radio.csv,46,7150.366521661932,2069.573825412326
1447,JeonJu_Radio.csv,47,7165.820232599432,2008.1759711371528
1448,JeonJu_Radio.csv,48,7136.802716619318,2028.9958631727432
1449,JeonJu_Radio.csv,49,7156.991441761364,2018.8458658854167
1450,JeonJu_Radio.csv,50,7147.022123579545,2198.4798041449653
1451,JeonJu_Radio.csv,51,7160.739666193182,2166.483452690972
1452,JeonJu_Radio.csv,52,7155.908132102273,2018.876980251736
1453,JeonJu_Radio.csv,53,7145.084774502841,2100.3826361762153
1454,JeonJu_Radio.csv,54,7146.853888494318,2031.0786810980903
1455,JeonJu_Radio.csv,55,7145.662278053977,2183.276353624132
1456,JeonJu_Radio.csv,56,7144.532430752841,2187.4384765625
1457,JeonJu_Radio.csv,57,7163.160946377841,2076.8884006076387
1458,JeonJu_Radio.csv,58,7153.760617897728,2050.0757649739585
1459,JeonJu_Radio.csv,59,7161.238130326705,1971.9103868272568
1460,JeonJu_Radio.csv,60,7133.436097301136,2124.626030815972
1461,JeonJu_Radio.csv,61,7157.149840198864,2005.5733235677083
1462,JeonJu_Radio.csv,62,7137.337313565341,2017.664794921875
1463,JeonJu_Radio.csv,63,7141.364533025569,2040.0465087890625
1464,JeonJu_Radio.csv,64,7154.292409446023,2096.493204752604
1465,JeonJu_Radio.csv,65,7137.569371448863,1997.6251898871528
1466,JeonJu_Radio.csv,66,7160.017267400568,2105.643269856771
1467,JeonJu_Radio.csv,67,7153.228267045454,2075.646036783854
1468,JeonJu_Radio.csv,68,7146.007386363636,1997.0929226345486
1469,JeonJu_Radio.csv,69,7148.273286576705,2107.4423556857637
1470,JeonJu_Radio.csv,70,7141.633762428977,2098.5914171006943
1471,JeonJu_Radio.csv,71,7149.526775568182,2002.4543321397568
1472,JeonJu_Radio.csv,72,7150.72841796875,2003.556640625
1473,JeonJu_Radio.csv,73,7152.983602627841,2008.5414360894097
1474,JeonJu_Radio.csv,74,7139.100301846591,2037.0188530815972
1475,JeonJu_Radio.csv,75,7140.802210582387,2063.6222330729165
1476,JeonJu_Radio.csv,76,7159.060653409091,2028.803982204861
1477,JeonJu_Radio.csv,77,7148.119806463068,2079.525241427951
1478,JeonJu_Radio.csv,78,7129.871297940341,2048.037787543403
1479,JeonJu_Radio.csv,79,7155.848268821022,2049.5115559895835
1480,JeonJu_Radio.csv,80,7143.882927911932,2053.281995985243
1481,JeonJu_Radio.csv,81,7136.078462357955,2052.984849717882
1482,JeonJu_Radio.csv,82,7153.320791903409,2072.419976128472
1483,JeonJu_Radio.csv,83,7165.694087357954,2087.678955078125
1484,JeonJu_Radio.csv,84,7141.618900923296,2058.748819986979
1485,JeonJu_Radio.csv,85,7148.19736328125,2091.4402669270835
1486,JeonJu_Radio.csv,86,7151.569620028409,2079.884073893229
1487,JeonJu_Radio.csv,87,7147.407883522727,2083.0975748697915
1488,JeonJu_Radio.csv,88,7150.320392400568,2064.4207628038193
1489,JeonJu_Radio.csv,89,7153.244113991477,2062.5609537760415
1490,JeonJu_Radio.csv,90,7145.303329190341,2054.822021484375
1491,JeonJu_Radio.csv,91,7143.062286931819,2040.9660508897568
1492,JeonJu_Radio.csv,92,7153.175887784091,2046.4838324652778
1493,JeonJu_Radio.csv,93,7163.992888849431,2047.2860921223958
1494,JeonJu_Radio.csv,94,7149.596759588068,2042.9976535373264
1495,JeonJu_Radio.csv,95,7159.769513494318,2040.9342583550347
1496,JeonJu_Radio.csv,96,7129.701988636363,2041.107937282986
1497,JeonJu_Radio.csv,97,7156.576962002841,2045.7438557942708
1498,JeonJu_Radio.csv,98,7146.189976917613,2046.1992865668403
1499,JeonJu_Radio.csv,99,7151.523126775568,2046.5838758680557
1500,JeonJu_Radio.csv,100,7150.464621803977,2047.9855278862847
1501,KBS_JeonJu.csv,1,7022.793217329546,2163.5749782986113
1502,KBS_JeonJu.csv,2,7044.236789772727,2084.0777180989585
1503,KBS_JeonJu.csv,3,7022.365767045455,2098.5934787326387
1504,KBS_JeonJu.csv,4,7027.610440340909,2027.5554063585068
1505,KBS_JeonJu.csv,5,7010.168492542613,1970.3696153428818
1506,KBS_JeonJu.csv,6,7031.458575994318,2040.5116373697917
1507,KBS_JeonJu.csv,7,7025.606267755682,1859.397243923611
1508,KBS_JeonJu.csv,8,7033.820276988637,2108.6970486111113
1509,KBS_JeonJu.csv,9,7023.269327059659,1873.73193359375
1510,KBS_JeonJu.csv,10,7036.959463778409,1794.880588107639
1511,KBS_JeonJu.csv,11,7020.670046164772,1877.590060763889
1512,KBS_JeonJu.csv,12,7015.812571022727,2038.020724826389
1513,KBS_JeonJu.csv,13,7018.147052556818,1969.6165907118057
1514,KBS_JeonJu.csv,14,7034.654030539773,2024.8474799262153
1515,KBS_JeonJu.csv,15,7025.663893821023,1734.6125081380208
1516,KBS_JeonJu.csv,16,7029.103444602273,2069.551798502604
1517,KBS_JeonJu.csv,17,7021.979705255681,1732.7627495659722
1518,KBS_JeonJu.csv,18,7039.948837002841,1871.0069308810764
1519,KBS_JeonJu.csv,19,7022.060848721591,1765.158203125
1520,KBS_JeonJu.csv,20,7021.301411576705,1785.475613064236
1521,KBS_JeonJu.csv,21,7022.50205078125,1988.615478515625
1522,KBS_JeonJu.csv,22,7004.980619673295,1819.1920166015625
1523,KBS_JeonJu.csv,23,7033.006977982955,1868.4845377604167
1524,KBS_JeonJu.csv,24,7026.806356534091,1903.9009602864583
1525,KBS_JeonJu.csv,25,7010.661319247159,1957.6294894748264
1526,KBS_JeonJu.csv,26,7022.294664417614,1801.5006917317708
1527,KBS_JeonJu.csv,27,7014.783114346591,1817.0515001085068
1528,KBS_JeonJu.csv,28,7028.726029829545,1918.8528238932292
1529,KBS_JeonJu.csv,29,7046.421954900568,2036.2289089626736
1530,KBS_JeonJu.csv,30,7023.161851917614,1866.8855794270833
1531,KBS_JeonJu.csv,31,7006.353702059659,1822.8116319444443
1532,KBS_JeonJu.csv,32,6997.485537997159,1962.1761745876736
1533,KBS_JeonJu.csv,33,7010.967329545455,1965.6082628038193
1534,KBS_JeonJu.csv,34,7018.427157315341,1850.0916205512153
1535,KBS_JeonJu.csv,35,7019.472638494318,1874.7256944444443
1536,KBS_JeonJu.csv,36,7044.285422585227,1810.4007975260417
1537,KBS_JeonJu.csv,37,7024.026970880682,1768.6646592881943
1538,KBS_JeonJu.csv,38,7035.740340909091,2007.2949083116318
1539,KBS_JeonJu.csv,39,7033.814311079545,2023.9434814453125
1540,KBS_JeonJu.csv,40,7026.108451704546,1891.2490912543403
1541,KBS_JeonJu.csv,41,7024.643963068182,1829.9021131727432
1542,KBS_JeonJu.csv,42,7021.025887784091,1957.286865234375
1543,KBS_JeonJu.csv,43,7031.339533025568,1889.4139539930557
1544,KBS_JeonJu.csv,44,7025.00986328125,1964.2741292317708
1545,KBS_JeonJu.csv,45,7016.712588778409,1988.2256944444443
1546,KBS_JeonJu.csv,46,7021.532137784091,1918.7501085069443
1547,KBS_JeonJu.csv,47,7031.690660511364,1813.6120469835068
1548,KBS_JeonJu.csv,48,7024.677965198864,1856.6858588324653
1549,KBS_JeonJu.csv,49,7012.017986505682,1744.807400173611
1550,KBS_JeonJu.csv,50,7022.355060369318,1900.5073920355903
1551,KBS_JeonJu.csv,51,7011.055300071022,1907.954372829861
1552,KBS_JeonJu.csv,52,7034.572638494318,1881.9991997612847
1553,KBS_JeonJu.csv,53,7008.933860085227,1928.3295491536458
1554,KBS_JeonJu.csv,54,7022.543137428977,1879.4225396050347
1555,KBS_JeonJu.csv,55,7000.854944957387,1900.7813042534722
1556,KBS_JeonJu.csv,56,7015.802858664772,1939.2069634331597
1557,KBS_JeonJu.csv,57,7022.186470170454,1904.2665066189236
1558,KBS_JeonJu.csv,58,7023.463654119319,1962.8476155598958
1559,KBS_JeonJu.csv,59,7015.757217684659,2032.5363362630208
1560,KBS_JeonJu.csv,60,7029.995276988637,1969.032253689236
1561,KBS_JeonJu.csv,61,7015.248544034091,1845.2930908203125
1562,KBS_JeonJu.csv,62,7018.019309303977,1931.0106743706597
1563,KBS_JeonJu.csv,63,7018.01201171875,1854.6853569878472
1564,KBS_JeonJu.csv,64,7006.485680042613,1839.7596299913193
1565,KBS_JeonJu.csv,65,7004.511772017046,1884.0948215060764
1566,KBS_JeonJu.csv,66,7013.282963423296,1966.4327935112847
1567,KBS_JeonJu.csv,67,7006.307581676137,1862.0090467664932
1568,KBS_JeonJu.csv,68,7023.37587890625,1841.8560384114583
1569,KBS_JeonJu.csv,69,7030.184099786932,1908.752468532986
1570,KBS_JeonJu.csv,70,7010.882377485796,1895.673828125
1571,KBS_JeonJu.csv,71,7026.561736505681,1818.666720920139
1572,KBS_JeonJu.csv,72,7015.380362215909,1845.0174289279514
1573,KBS_JeonJu.csv,73,7005.592595880682,1911.1646457248264
1574,KBS_JeonJu.csv,74,7013.314683948864,1902.3413899739583
1575,KBS_JeonJu.csv,75,7014.661061789773,1955.3347574869792
1576,KBS_JeonJu.csv,76,7020.345134943182,1880.2234022352432
1577,KBS_JeonJu.csv,77,7013.540411931818,1884.5573052300347
1578,KBS_JeonJu.csv,78,7014.998659446022,1890.0512017144097
1579,KBS_JeonJu.csv,79,7014.746049360795,1882.3169487847222
1580,KBS_JeonJu.csv,80,7011.233939985796,1885.6378580729167
1581,KBS_JeonJu.csv,81,7024.218146306818,1906.1314697265625
1582,KBS_JeonJu.csv,82,7018.548375355113,1893.2800157335068
1583,KBS_JeonJu.csv,83,7018.651162997159,1905.1143391927083
1584,KBS_JeonJu.csv,84,7009.4123046875,1897.7235649956597
1585,KBS_JeonJu.csv,85,7007.548304332387,1903.1434733072917
1586,KBS_JeonJu.csv,86,7018.3271484375,1926.650851779514
1587,KBS_JeonJu.csv,87,7004.0322265625,1900.9596218532986
1588,KBS_JeonJu.csv,88,7017.226988636364,1914.0156385633682
1589,KBS_JeonJu.csv,89,7023.619859730114,1903.751681857639
1590,KBS_JeonJu.csv,90,7011.379776278409,1899.9073757595486
1591,KBS_JeonJu.csv,91,7019.27890625,1909.4123670789932
1592,KBS_JeonJu.csv,92,7024.148828125,1913.9976942274307
1593,KBS_JeonJu.csv,93,7025.158629261364,1904.3648139105903
1594,KBS_JeonJu.csv,94,7010.592507102273,1908.1440565321182
1595,KBS_JeonJu.csv,95,7021.174147727273,1905.5100775824653
1596,KBS_JeonJu.csv,96,7010.191388494318,1907.8617757161458
1597,KBS_JeonJu.csv,97,7007.65166015625,1905.7201199001736
1598,KBS_JeonJu.csv,98,7019.734659090909,1907.5020480685764
1599,KBS_JeonJu.csv,99,7011.268616832386,1906.5192464192708
1600,KBS_JeonJu.csv,100,7025.360005326705,1905.9088812934028
1601,KBS_MokPo.csv,1,6577.616450639204,1486.4125569661458
1602,KBS_MokPo.csv,2,6542.413343394886,1298.337429470486
1603,KBS_MokPo.csv,3,6526.821049360796,1345.9844292534722
1604,KBS_MokPo.csv,4,6523.648890269887,1309.687744140625
1605,KBS_MokPo.csv,5,6520.913361150569,1265.3084852430557
1606,KBS_MokPo.csv,6,6539.128844105114,1366.8799913194443
1607,KBS_MokPo.csv,7,6519.604296875,1385.608425564236
1608,KBS_MokPo.csv,8,6502.158478338069,1336.2159152560764
1609,KBS_MokPo.csv,9,6519.300656960228,1407.75341796875
1610,KBS_MokPo.csv,10,6516.725257457387,1234.7885877821182
1611,KBS_MokPo.csv,11,6518.373180042614,1264.9203965928818
1612,KBS_MokPo.csv,12,6501.328639914773,1332.9856363932292
1613,KBS_MokPo.csv,13,6513.119495738636,1336.7034369574653
1614,KBS_MokPo.csv,14,6498.55849609375,1247.6414523654514
1615,KBS_MokPo.csv,15,6513.032821377841,1264.3289659288193
1616,KBS_MokPo.csv,16,6505.585298295455,1280.4166802300347
1617,KBS_MokPo.csv,17,6514.205903764205,1291.9983588324653
1618,KBS_MokPo.csv,18,6524.317116477273,1188.8452284071182
1619,KBS_MokPo.csv,19,6516.685182883522,1176.961669921875
1620,KBS_MokPo.csv,20,6508.372913707386,1314.3600396050347
1621,KBS_MokPo.csv,21,6495.448171164773,1199.7064073350693
1622,KBS_MokPo.csv,22,6517.291557173296,1323.1810980902778
1623,KBS_MokPo.csv,23,6502.817995383522,1405.4249810112847
1624,KBS_MokPo.csv,24,6497.035360440341,1429.6766086154514
1625,KBS_MokPo.csv,25,6509.624440696023,1375.3416883680557
1626,KBS_MokPo.csv,26,6505.297958096591,1314.432861328125
1627,KBS_MokPo.csv,27,6513.172434303977,1315.72412109375
1628,KBS_MokPo.csv,28,6502.093794389205,1247.3896891276042
1629,KBS_MokPo.csv,29,6504.756170099432,1412.4504937065972
1630,KBS_MokPo.csv,30,6499.92626953125,1249.9242757161458
1631,KBS_MokPo.csv,31,6495.612863991477,1213.7499864366318
1632,KBS_MokPo.csv,32,6512.033726917613,1226.8200141059028
1633,KBS_MokPo.csv,33,6496.563139204545,1430.0243733723958
1634,KBS_MokPo.csv,34,6491.259765625,1309.626953125
1635,KBS_MokPo.csv,35,6492.639861505681,1532.8100721571182
1636,KBS_MokPo.csv,36,6486.964151278409,1222.3856743706597
1637,KBS_MokPo.csv,37,6500.547745028409,1367.0462917751736
1638,KBS_MokPo.csv,38,6496.496120383523,1215.3328450520833
1639,KBS_MokPo.csv,39,6485.445596590909,1388.8360053168403
1640,KBS_MokPo.csv,40,6495.321013849431,1377.3613959418403
1641,KBS_MokPo.csv,41,6495.403045099431,1378.887234157986
1642,KBS_MokPo.csv,42,6493.873890269886,1418.7827012803818
1643,KBS_MokPo.csv,43,6501.713707386363,1257.6146647135417
1644,KBS_MokPo.csv,44,6508.498544034091,1275.7325168185764
1645,KBS_MokPo.csv,45,6504.202903053977,1238.933349609375
1646,KBS_MokPo.csv,46,6479.578497869318,1315.0120171440972
1647,KBS_MokPo.csv,47,6488.973819247159,1309.363986545139
1648,KBS_MokPo.csv,48,6502.063201349431,1363.1880832248264
1649,KBS_MokPo.csv,49,6490.060040838068,1444.7188991970486
1650,KBS_MokPo.csv,50,6505.741370738637,1328.1292724609375
1651,KBS_MokPo.csv,51,6490.98828125,1165.2965359157986
1652,KBS_MokPo.csv,52,6489.201899857954,1311.4652099609375
1653,KBS_MokPo.csv,53,6496.0962890625,1332.7254231770833
1654,KBS_MokPo.csv,54,6491.74140625,1355.2896185980903
1655,KBS_MokPo.csv,55,6495.977521306818,1454.6543918185764
1656,KBS_MokPo.csv,56,6495.743084161932,1371.9558783637153
1657,KBS_MokPo.csv,57,6501.714479758522,1292.3074951171875
1658,KBS_MokPo.csv,58,6506.955442116478,1214.2613118489583
1659,KBS_MokPo.csv,59,6495.842302911932,1288.6233452690972
1660,KBS_MokPo.csv,60,6495.694948508522,1310.9305284288193
1661,KBS_MokPo.csv,61,6489.538325639204,1339.9688042534722
1662,KBS_MokPo.csv,62,6497.666583806818,1381.779758029514
1663,KBS_MokPo.csv,63,6486.806711647727,1365.4969211154514
1664,KBS_MokPo.csv,64,6492.92421875,1315.6290554470486
1665,KBS_MokPo.csv,65,6489.270525568182,1313.6914469401042
1666,KBS_MokPo.csv,66,6492.423304332387,1351.744384765625
1667,KBS_MokPo.csv,67,6489.273597301137,1383.7589382595486
1668,KBS_MokPo.csv,68,6487.7267578125,1311.7920464409722
1669,KBS_MokPo.csv,69,6497.462642045454,1312.909640842014
1670,KBS_MokPo.csv,70,6476.752920809659,1333.0977511935764
1671,KBS_MokPo.csv,71,6494.088485440341,1262.5603434244792
1672,KBS_MokPo.csv,72,6496.716335227273,1279.9326714409722
1673,KBS_MokPo.csv,73,6485.890855823864,1354.4703097873264
1674,KBS_MokPo.csv,74,6497.853533380682,1349.9132893880208
1675,KBS_MokPo.csv,75,6495.139319957387,1360.036376953125
1676,KBS_MokPo.csv,76,6505.669131747159,1325.4354248046875
1677,KBS_MokPo.csv,77,6497.124156605114,1356.3221706814236
1678,KBS_MokPo.csv,78,6501.224680397727,1315.10009765625
1679,KBS_MokPo.csv,79,6488.374050071023,1323.157009548611
1680,KBS_MokPo.csv,80,6494.863671875,1325.2285834418403
1681,KBS_MokPo.csv,81,6484.322665127841,1304.9109429253472
1682,KBS_MokPo.csv,82,6483.947789417613,1321.1868489583333
1683,KBS_MokPo.csv,83,6493.702068536932,1345.7888726128472
1684,KBS_MokPo.csv,84,6498.945712002841,1327.2089979383682
1685,KBS_MokPo.csv,85,6494.151305042614,1330.8417833116318
1686,KBS_MokPo.csv,86,6502.604829545455,1309.9712456597222
1687,KBS_MokPo.csv,87,6497.280832741477,1320.4091254340278
1688,KBS_MokPo.csv,88,6485.27841796875,1321.0042860243057
1689,KBS_MokPo.csv,89,6497.060697798295,1324.9139404296875
1690,KBS_MokPo.csv,90,6484.705335582386,1328.6470133463542
1691,KBS_MokPo.csv,91,6493.201296164772,1326.1956108940972
1692,KBS_MokPo.csv,92,6480.9697265625,1321.7618950737847
1693,KBS_MokPo.csv,93,6500.856223366477,1315.1385362413193
1694,KBS_MokPo.csv,94,6505.8890625,1316.3741319444443
1695,KBS_MokPo.csv,95,6475.672238991478,1315.4126654730903
1696,KBS_MokPo.csv,96,6492.588414417613,1315.39306640625
1697,KBS_MokPo.csv,97,6498.899032315341,1316.6335991753472
1698,KBS_MokPo.csv,98,6485.476376065341,1317.3226589626736
1699,KBS_MokPo.csv,99,6494.034446022727,1317.2845730251736
1700,KBS_MokPo.csv,100,6486.550426136364,1317.5861138237847
1701,KBS_SunCheon.csv,1,7745.548641690341,2791.4366861979165
1702,KBS_SunCheon.csv,2,7694.828293678977,2638.771538628472
1703,KBS_SunCheon.csv,3,7648.018776633523,2491.9741482204863
1704,KBS_SunCheon.csv,4,7647.792205255681,2822.671088324653
1705,KBS_SunCheon.csv,5,7642.011461292614,2477.519775390625
1706,KBS_SunCheon.csv,6,7632.515385298296,2509.7260470920137
1707,KBS_SunCheon.csv,7,7627.513059303978,2514.2728407118057
1708,KBS_SunCheon.csv,8,7628.140767045455,2868.404242621528
1709,KBS_SunCheon.csv,9,7620.55009765625,2490.9881727430557
1710,KBS_SunCheon.csv,10,7606.740793678977,2420.5491536458335
1711,KBS_SunCheon.csv,11,7594.748987926137,2545.5957845052085
1712,KBS_SunCheon.csv,12,7601.431187855113,2688.9016384548613
1713,KBS_SunCheon.csv,13,7592.949831321022,2516.8814561631943
1714,KBS_SunCheon.csv,14,7588.96962890625,2693.560845269097
1715,KBS_SunCheon.csv,15,7607.805477627841,2516.696478949653
1716,KBS_SunCheon.csv,16,7584.421981534091,2539.598578559028
1717,KBS_SunCheon.csv,17,7573.538591974432,2580.528564453125
1718,KBS_SunCheon.csv,18,7553.347176846591,2485.3138834635415
1719,KBS_SunCheon.csv,19,7576.187455610795,2489.6627604166665
1720,KBS_SunCheon.csv,20,7583.687020596591,2612.5941026475693
1721,KBS_SunCheon.csv,21,7561.151713423295,2456.90869140625
1722,KBS_SunCheon.csv,22,7584.023481889205,2582.3756510416665
1723,KBS_SunCheon.csv,23,7571.917729048296,2457.1177842881943
1724,KBS_SunCheon.csv,24,7574.896981534091,2596.8436414930557
1725,KBS_SunCheon.csv,25,7562.225674715909,2418.570746527778
1726,KBS_SunCheon.csv,26,7551.893199573864,2342.2168240017363
1727,KBS_SunCheon.csv,27,7566.218678977273,2599.2323404947915
1728,KBS_SunCheon.csv,28,7567.662615411932,2524.4101833767363
1729,KBS_SunCheon.csv,29,7552.749618252841,2511.047064887153
1730,KBS_SunCheon.csv,30,7567.6919921875,2479.197265625
1731,KBS_SunCheon.csv,31,7557.134419389205,2512.13134765625
1732,KBS_SunCheon.csv,32,7562.194007457387,2363.671576605903
1733,KBS_SunCheon.csv,33,7566.773100142045,2570.8439127604165
1734,KBS_SunCheon.csv,34,7541.641281960227,2532.2494845920137
1735,KBS_SunCheon.csv,35,7543.716175426136,2557.5809190538193
1736,KBS_SunCheon.csv,36,7551.314115767045,2520.5475260416665
1737,KBS_SunCheon.csv,37,7560.189586292614,2643.627495659722
1738,KBS_SunCheon.csv,38,7529.518590198863,2663.8484157986113
1739,KBS_SunCheon.csv,39,7545.794930752841,2622.7836642795137
1740,KBS_SunCheon.csv,40,7539.354039417613,2487.7298177083335
1741,KBS_SunCheon.csv,41,7550.109881036932,2447.1162380642363
1742,KBS_SunCheon.csv,42,7553.558629261363,2519.2135145399307
1743,KBS_SunCheon.csv,43,7558.027947443182,2582.357231987847
1744,KBS_SunCheon.csv,44,7532.368670099432,2436.8061252170137
1745,KBS_SunCheon.csv,45,7557.073375355114,2643.9458279079863
1746,KBS_SunCheon.csv,46,7555.316495028409,2481.0857747395835
1747,KBS_SunCheon.csv,47,7544.9080078125,2543.446044921875
1748,KBS_SunCheon.csv,48,7542.499547230113,2567.7078450520835
1749,KBS_SunCheon.csv,49,7526.973082386364,2602.1149631076387
1750,KBS_SunCheon.csv,50,7550.061061789773,2485.6161295572915
1751,KBS_SunCheon.csv,51,7541.5857421875,2651.1619466145835
1752,KBS_SunCheon.csv,52,7554.051633522728,2626.5647786458335
1753,KBS_SunCheon.csv,53,7556.772904829545,2533.08447265625
1754,KBS_SunCheon.csv,54,7541.641024502841,2564.4499240451387
1755,KBS_SunCheon.csv,55,7538.338813920454,2568.5615505642363
1756,KBS_SunCheon.csv,56,7543.992569247159,2588.8136121961807
1757,KBS_SunCheon.csv,57,7532.827814275568,2592.153374565972
1758,KBS_SunCheon.csv,58,7545.101047585227,2667.595024956597
1759,KBS_SunCheon.csv,59,7541.872230113637,2429.6637912326387
1760,KBS_SunCheon.csv,60,7551.110324928977,2524.366997612847
1761,KBS_SunCheon.csv,61,7550.126100852272,2475.7743869357637
1762,KBS_SunCheon.csv,62,7534.714799360795,2611.3678114149307
1763,KBS_SunCheon.csv,63,7541.936851917613,2513.9463161892363
1764,KBS_SunCheon.csv,64,7536.151899857955,2520.2449001736113
1765,KBS_SunCheon.csv,65,7557.868705610796,2587.42529296875
1766,KBS_SunCheon.csv,66,7539.876029829546,2413.2071940104165
1767,KBS_SunCheon.csv,67,7534.809916548295,2488.2922634548613
1768,KBS_SunCheon.csv,68,7548.025790127841,2581.2610677083335
1769,KBS_SunCheon.csv,69,7544.960919744318,2506.9223904079863
1770,KBS_SunCheon.csv,70,7538.650221946023,2606.098388671875
1771,KBS_SunCheon.csv,71,7554.127361505682,2629.2184787326387
1772,KBS_SunCheon.csv,72,7534.271812855113,2530.225640190972
1773,KBS_SunCheon.csv,73,7540.529110440341,2490.7461208767363
1774,KBS_SunCheon.csv,74,7540.22607421875,2519.630181206597
1775,KBS_SunCheon.csv,75,7548.887331321022,2532.2804090711807
1776,KBS_SunCheon.csv,76,7548.160502485795,2602.4720052083335
1777,KBS_SunCheon.csv,77,7541.637144886364,2521.0710720486113
1778,KBS_SunCheon.csv,78,7543.585511363636,2552.2297092013887
1779,KBS_SunCheon.csv,79,7538.921883877841,2616.860297309028
1780,KBS_SunCheon.csv,80,7539.312553267046,2590.8357747395835
1781,KBS_SunCheon.csv,81,7547.612411221591,2588.9241807725693
1782,KBS_SunCheon.csv,82,7542.263636363637,2556.524468315972
1783,KBS_SunCheon.csv,83,7540.282972301136,2544.028754340278
1784,KBS_SunCheon.csv,84,7550.131764914773,2524.9583875868057
1785,KBS_SunCheon.csv,85,7553.189124644887,2546.7182345920137
1786,KBS_SunCheon.csv,86,7543.446067116477,2556.540717230903
1787,KBS_SunCheon.csv,87,7543.869513494318,2562.360595703125
1788,KBS_SunCheon.csv,88,7546.131969105114,2549.7159559461807
1789,KBS_SunCheon.csv,89,7544.529261363637,2561.5629611545137
1790,KBS_SunCheon.csv,90,7540.156977982954,2545.2176649305557
1791,KBS_SunCheon.csv,91,7533.746910511363,2544.595893012153
1792,KBS_SunCheon.csv,92,7535.999556107955,2546.7715115017363
1793,KBS_SunCheon.csv,93,7533.137269176136,2539.485785590278
1794,KBS_SunCheon.csv,94,7536.92265625,2542.4324001736113
1795,KBS_SunCheon.csv,95,7548.207741477273,2550.0437282986113
1796,KBS_SunCheon.csv,96,7535.891486150568,2545.980170355903
1797,KBS_SunCheon.csv,97,7525.756134588069,2547.8567979600693
1798,KBS_SunCheon.csv,98,7542.578959517045,2546.6148274739585
1799,KBS_SunCheon.csv,99,7556.266068892045,2548.0063747829863
1800,KBS_SunCheon.csv,100,7544.272887073864,2547.6422254774307
1801,KBS_GwangJu.csv,1,6992.271111505682,1947.301052517361
1802,KBS_GwangJu.csv,2,6969.733433948863,1894.1089816623264
1803,KBS_GwangJu.csv,3,6975.273197798296,1735.9463433159722
1804,KBS_GwangJu.csv,4,6964.598579545454,1820.867947048611
1805,KBS_GwangJu.csv,5,6962.398783735795,1752.791748046875
1806,KBS_GwangJu.csv,6,6967.503453480113,1835.2115478515625
1807,KBS_GwangJu.csv,7,6948.176544744319,2049.323527018229
1808,KBS_GwangJu.csv,8,6951.639284446022,1793.301242404514
1809,KBS_GwangJu.csv,9,6947.885777698863,2009.6014811197917
1810,KBS_GwangJu.csv,10,6957.003391335227,1920.235107421875
1811,KBS_GwangJu.csv,11,6930.069318181818,1748.6760660807292
1812,KBS_GwangJu.csv,12,6953.181880326704,1998.4043104383682
1813,KBS_GwangJu.csv,13,6934.435227272727,1843.9183756510417
1814,KBS_GwangJu.csv,14,6937.570188210228,1724.1858045789932
1815,KBS_GwangJu.csv,15,6929.871590909091,1951.4148627387153
1816,KBS_GwangJu.csv,16,6959.790642755682,1800.9520670572917
1817,KBS_GwangJu.csv,17,6930.874502840909,1742.4090169270833
1818,KBS_GwangJu.csv,18,6931.520818536932,1944.8763970269097
1819,KBS_GwangJu.csv,19,6925.017720170455,1763.7246229383682
1820,KBS_GwangJu.csv,20,6916.403870738636,1723.6698133680557
1821,KBS_GwangJu.csv,21,6929.46455078125,1930.4003092447917
1822,KBS_GwangJu.csv,22,6947.791956676137,1749.3890516493057
1823,KBS_GwangJu.csv,23,6918.748526278409,1854.4986436631943
1824,KBS_GwangJu.csv,24,6929.030983664773,1875.7128770616318
1825,KBS_GwangJu.csv,25,6924.623757102273,1770.6904839409722
1826,KBS_GwangJu.csv,26,6914.564772727273,1684.9432779947917
1827,KBS_GwangJu.csv,27,6926.176509232954,1863.648193359375
1828,KBS_GwangJu.csv,28,6923.969060724432,1788.7080891927083
1829,KBS_GwangJu.csv,29,6918.235999644887,1711.1155870225693
1830,KBS_GwangJu.csv,30,6929.3177734375,1838.935085720486
1831,KBS_GwangJu.csv,31,6936.859907670455,1797.5662977430557
1832,KBS_GwangJu.csv,32,6926.91328125,1789.1446804470486
1833,KBS_GwangJu.csv,33,6928.896963778409,1831.1545003255208
1834,KBS_GwangJu.csv,34,6918.077627840909,1692.6164686414932
1835,KBS_GwangJu.csv,35,6931.433123224432,1800.3842637803818
1836,KBS_GwangJu.csv,36,6931.750426136364,1802.7024603949653
1837,KBS_GwangJu.csv,37,6907.901234019886,1880.3332655164932
1838,KBS_GwangJu.csv,38,6927.968519176136,1803.5775010850693
1839,KBS_GwangJu.csv,39,6935.265420809659,1769.9401991102432
1840,KBS_GwangJu.csv,40,6935.257253196023,1885.8566487630208
1841,KBS_GwangJu.csv,41,6911.390385298296,1662.0277370876736
1842,KBS_GwangJu.csv,42,6927.741193181818,1789.7350938585068
1843,KBS_GwangJu.csv,43,6913.22197265625,1829.7868109809028
1844,KBS_GwangJu.csv,44,6936.1548828125,1722.5237630208333
1845,KBS_GwangJu.csv,45,6919.635999644886,1832.7374267578125
1846,KBS_GwangJu.csv,46,6918.281631747159,1881.7164713541667
1847,KBS_GwangJu.csv,47,6922.530255681818,1721.7334526909722
1848,KBS_GwangJu.csv,48,6920.0216796875,1753.3184271918403
1849,KBS_GwangJu.csv,49,6919.790376420455,1840.4381917317708
1850,KBS_GwangJu.csv,50,6897.991823508522,1873.5007459852432
1851,KBS_GwangJu.csv,51,6927.881187855113,1793.0389946831597
1852,KBS_GwangJu.csv,52,6901.664115767046,1950.8317464192708
1853,KBS_GwangJu.csv,53,6920.914106889205,1835.764865451389
1854,KBS_GwangJu.csv,54,6921.231605113637,1845.9003770616318
1855,KBS_GwangJu.csv,55,6928.757111150569,1856.6444769965278
1856,KBS_GwangJu.csv,56,6927.363947088068,1877.8882242838542
1857,KBS_GwangJu.csv,57,6913.50546875,1829.4573296440972
1858,KBS_GwangJu.csv,58,6903.991752485796,1825.639431423611
1859,KBS_GwangJu.csv,59,6919.203684303977,1705.2130398220486
1860,KBS_GwangJu.csv,60,6928.267160866477,1806.1478135850693
1861,KBS_GwangJu.csv,61,6921.728879616478,1804.9559461805557
1862,KBS_GwangJu.csv,62,6915.7251953125,1806.9933132595486
1863,KBS_GwangJu.csv,63,6915.727681107955,1794.9777018229167
1864,KBS_GwangJu.csv,64,6915.650719105113,1772.9693196614583
1865,KBS_GwangJu.csv,65,6924.022798295455,1820.9246554904514
1866,KBS_GwangJu.csv,66,6915.501864346591,1777.7843831380208
1867,KBS_GwangJu.csv,67,6914.188192471591,1867.8703748914932
1868,KBS_GwangJu.csv,68,6917.080646306818,1882.9999864366318
1869,KBS_GwangJu.csv,69,6919.838343394887,1808.665310329861
1870,KBS_GwangJu.csv,70,6907.954820667614,1811.3027208116318
1871,KBS_GwangJu.csv,71,6925.28681640625,1838.9105631510417
1872,KBS_GwangJu.csv,72,6914.786692116477,1779.2755533854167
1873,KBS_GwangJu.csv,73,6925.552849786932,1873.3629421657986
1874,KBS_GwangJu.csv,74,6910.099334161931,1862.4248996310764
1875,KBS_GwangJu.csv,75,6910.595392400568,1845.4673258463542
1876,KBS_GwangJu.csv,76,6924.534090909091,1823.5878092447917
1877,KBS_GwangJu.csv,77,6914.371946022728,1831.4073621961807
1878,KBS_GwangJu.csv,78,6915.582191051137,1888.2632649739583
1879,KBS_GwangJu.csv,79,6908.591122159091,1816.0642632378472
1880,KBS_GwangJu.csv,80,6919.474360795454,1817.745361328125
1881,KBS_GwangJu.csv,81,6916.254847301137,1813.8489176432292
1882,KBS_GwangJu.csv,82,6909.995348011364,1822.1950005425347
1883,KBS_GwangJu.csv,83,6922.563165838068,1839.5316975911458
1884,KBS_GwangJu.csv,84,6913.827796519887,1825.0498725043403
1885,KBS_GwangJu.csv,85,6913.046262428978,1816.1604139539932
1886,KBS_GwangJu.csv,86,6907.955095880682,1842.1528862847222
1887,KBS_GwangJu.csv,87,6917.249991122159,1825.9941541883682
1888,KBS_GwangJu.csv,88,6912.176669034091,1822.7710774739583
1889,KBS_GwangJu.csv,89,6913.794495738636,1810.6099717881943
1890,KBS_GwangJu.csv,90,6904.53828125,1812.4187147352432
1891,KBS_GwangJu.csv,91,6919.231258877841,1811.6817626953125
1892,KBS_GwangJu.csv,92,6903.68603515625,1821.7835286458333
1893,KBS_GwangJu.csv,93,6906.952388139204,1811.9247233072917
1894,KBS_GwangJu.csv,94,6922.690216619319,1811.8104383680557
1895,KBS_GwangJu.csv,95,6917.593998579546,1810.767062717014
1896,KBS_GwangJu.csv,96,6912.566397372159,1813.5663384331597
1897,KBS_GwangJu.csv,97,6930.428879616477,1815.1432969835068
1898,KBS_GwangJu.csv,98,6916.386709872159,1816.5221489800347
1899,KBS_GwangJu.csv,99,6905.524174360796,1815.5675320095486
1900,KBS_GwangJu.csv,100,6905.03466796875,1816.033474392361
