global_epoch,task,epoch_in_task,train_loss,val_loss
1,MBC_CheongJu.csv,1,28812.956651475695,28384.634114583332
2,MBC_CheongJu.csv,2,28179.760308159723,27424.895833333332
3,MBC_CheongJu.csv,3,26768.38943142361,25469.1171875
4,MBC_CheongJu.csv,4,24256.820963541668,22332.701171875
5,MBC_CheongJu.csv,5,20480.143174913195,17960.857855902777
6,MBC_CheongJu.csv,6,15674.288628472223,12795.079318576389
7,MBC_CheongJu.csv,7,10356.224894205729,7488.961859809027
8,MBC_CheongJu.csv,8,5302.44782172309,2988.426947699653
9,MBC_CheongJu.csv,9,1628.9910854763455,607.5803697374132
10,MBC_CheongJu.csv,10,455.4562123616536,403.67701212565106
11,MBC_CheongJu.csv,11,320.5400725470649,291.34883456759985
12,MBC_CheongJu.csv,12,231.85248353746204,207.31679450141058
13,MBC_CheongJu.csv,13,171.36032104492188,153.21620517306857
14,MBC_CheongJu.csv,14,134.47523223029242,121.65834469265408
15,MBC_CheongJu.csv,15,114.93087556627061,106.7216059366862
16,MBC_CheongJu.csv,16,105.28358226352267,100.32398562961154
17,MBC_CheongJu.csv,17,100.87808757358127,96.6306906806098
18,MBC_CheongJu.csv,18,98.68072403801813,95.40536499023438
19,MBC_CheongJu.csv,19,97.65423689948187,94.70151689317491
20,MBC_CheongJu.csv,20,97.81518130832248,94.95245022243924
21,MBC_CheongJu.csv,21,96.73144912719727,94.40067460801866
22,MBC_CheongJu.csv,22,97.69808620876736,95.30611504448785
23,MBC_CheongJu.csv,23,96.80462794833713,94.61851162380643
24,MBC_CheongJu.csv,24,97.54382006327312,94.9198506673177
25,MBC_CheongJu.csv,25,96.48387018839519,93.93076917860243
26,MBC_CheongJu.csv,26,96.48756472269694,93.53206888834636
27,MBC_CheongJu.csv,27,96.950865427653,93.65112982855902
28,MBC_CheongJu.csv,28,96.63805092705621,93.82606082492404
29,MBC_CheongJu.csv,29,96.8722529941135,94.86517673068576
30,MBC_CheongJu.csv,30,97.10981474982367,94.06258053249783
31,MBC_CheongJu.csv,31,96.84454769558377,93.63943142361111
32,MBC_CheongJu.csv,32,96.10295814938016,93.79730309380426
33,MBC_CheongJu.csv,33,96.61084217495389,94.75542365180121
34,MBC_CheongJu.csv,34,97.45185385810004,93.53764258490668
35,MBC_CheongJu.csv,35,96.5379089779324,93.7468024359809
36,MBC_CheongJu.csv,36,97.34511248270671,93.61409929063585
37,MBC_CheongJu.csv,37,97.4687614440918,93.55060068766277
38,MBC_CheongJu.csv,38,97.07471063401964,94.66479068332248
39,MBC_CheongJu.csv,39,96.82975811428494,94.03547753228082
40,MBC_CheongJu.csv,40,97.23334481981065,93.60272216796875
41,MBC_CheongJu.csv,41,96.96424357096355,93.59456549750433
42,MBC_CheongJu.csv,42,98.22872479756673,96.42894490559895
43,MBC_CheongJu.csv,43,97.13449160257976,93.54936896430121
44,MBC_CheongJu.csv,44,96.77208031548395,93.72415924072266
45,MBC_CheongJu.csv,45,96.92447704739041,96.02381727430556
46,MBC_CheongJu.csv,46,96.77713012695312,94.38502502441406
47,MBC_CheongJu.csv,47,96.55637084113226,94.05483161078558
48,MBC_CheongJu.csv,48,97.28596284654405,93.59502410888672
49,MBC_CheongJu.csv,49,96.97804768880208,93.79888916015625
50,MBC_CheongJu.csv,50,96.35186767578125,93.62531873914931
51,MBC_CheongJu.csv,51,97.10329988267686,93.68429904513889
52,MBC_CheongJu.csv,52,97.29926088121202,94.73694271511502
53,MBC_CheongJu.csv,53,97.1260634528266,94.16639624701605
54,MBC_CheongJu.csv,54,96.81472121344672,94.01663208007812
55,MBC_CheongJu.csv,55,96.67701085408528,93.86641777886285
56,MBC_CheongJu.csv,56,96.31683010525174,93.58465745713976
57,MBC_CheongJu.csv,57,97.33287874857585,93.57658047146268
58,MBC_CheongJu.csv,58,97.42926173739963,94.21953497992621
59,MBC_CheongJu.csv,59,96.5300956302219,94.14205339219835
60,MBC_CheongJu.csv,60,96.63274722629123,93.68504333496094
61,MBC_CheongJu.csv,61,97.47960768805609,93.80192057291667
62,MBC_CheongJu.csv,62,96.2575028737386,93.60009426540799
63,MBC_CheongJu.csv,63,96.58642323811848,93.58338250054254
64,MBC_CheongJu.csv,64,97.51494598388672,94.50142923990886
65,MBC_CheongJu.csv,65,96.92150455050998,93.75328911675348
66,MBC_CheongJu.csv,66,97.02426868014865,93.80316840277777
67,MBC_CheongJu.csv,67,96.68333541022406,93.76857333713107
68,MBC_CheongJu.csv,68,96.40664524502225,93.78706698947482
69,MBC_CheongJu.csv,69,96.88660706414117,93.73867797851562
70,MBC_CheongJu.csv,70,96.88708771599664,93.88637118869357
71,MBC_CheongJu.csv,71,96.64979404873318,93.72033182779948
72,MBC_CheongJu.csv,72,96.47649998135037,93.67940012613933
73,MBC_CheongJu.csv,73,96.50136036343045,93.89182705349393
74,MBC_CheongJu.csv,74,97.45890023973253,93.54945712619357
75,MBC_CheongJu.csv,75,96.86415608723958,93.870603773329
76,MBC_CheongJu.csv,76,96.15588739183214,93.88655768500433
77,MBC_CheongJu.csv,77,96.74039967854817,93.66296895345052
78,MBC_CheongJu.csv,78,96.25001123216417,93.71257951524522
79,MBC_CheongJu.csv,79,97.17480934990778,93.80872090657552
80,MBC_CheongJu.csv,80,97.19517283969455,93.69190300835504
81,MBC_CheongJu.csv,81,96.56969790988498,93.76488749186198
82,MBC_CheongJu.csv,82,96.22757360670302,93.64607408311632
83,MBC_CheongJu.csv,83,96.68748325771756,93.57303958468967
84,MBC_CheongJu.csv,84,96.43847190009222,93.8114479912652
85,MBC_CheongJu.csv,85,97.14442910088434,93.97367265489366
86,MBC_CheongJu.csv,86,96.78582255045573,93.74072265625
87,MBC_CheongJu.csv,87,96.89230495029025,93.75045861138238
88,MBC_CheongJu.csv,88,97.1394797431098,93.69339074028863
89,MBC_CheongJu.csv,89,97.46399603949652,93.74520280626085
90,MBC_CheongJu.csv,90,97.13745583428278,93.6620101928711
91,MBC_CheongJu.csv,91,96.45690112643771,93.78413560655382
92,MBC_CheongJu.csv,92,96.51390838623047,93.80186801486545
93,MBC_CheongJu.csv,93,96.24254205491808,93.75578308105469
94,MBC_CheongJu.csv,94,96.93121740553114,93.70238410101996
95,MBC_CheongJu.csv,95,96.74924426608615,93.7043228149414
96,MBC_CheongJu.csv,96,96.2771954006619,93.69925181070964
97,MBC_CheongJu.csv,97,97.1893859439426,93.70196024576823
98,MBC_CheongJu.csv,98,96.1718020968967,93.69724612765842
99,MBC_CheongJu.csv,99,96.78195762634277,93.69542355007596
100,MBC_CheongJu.csv,100,97.11666679382324,93.68886311848958
101,Broad_CheongJu.csv,1,18325.89314630682,4103.351128472223
102,Broad_CheongJu.csv,2,13900.884002130682,5911.824652777777
103,Broad_CheongJu.csv,3,13861.324644886363,6070.949327256944
104,Broad_CheongJu.csv,4,13861.270454545454,6135.074869791667
105,Broad_CheongJu.csv,5,13859.896040482954,5911.553439670139
106,Broad_CheongJu.csv,6,13860.22627840909,5983.506456163194
107,Broad_CheongJu.csv,7,13860.35772372159,5882.642578125
108,Broad_CheongJu.csv,8,13862.692702414774,5755.11279296875
109,Broad_CheongJu.csv,9,13860.155326704546,5860.831759982639
110,Broad_CheongJu.csv,10,13860.58096590909,5861.388943142361
111,Broad_CheongJu.csv,11,13862.023952414773,5954.26318359375
112,Broad_CheongJu.csv,12,13860.786292613637,5885.613064236111
113,Broad_CheongJu.csv,13,13859.65889559659,6067.718641493056
114,Broad_CheongJu.csv,14,13861.032830255683,5789.626898871527
115,Broad_CheongJu.csv,15,13862.083416193182,5846.722873263889
116,Broad_CheongJu.csv,16,13862.222975852274,5959.774576822917
117,Broad_CheongJu.csv,17,13860.838796164773,5918.741156684027
118,Broad_CheongJu.csv,18,13861.061594460227,6014.0576171875
119,Broad_CheongJu.csv,19,13860.594176136363,6017.189236111111
120,Broad_CheongJu.csv,20,13860.821715198863,5873.825792100694
121,Broad_CheongJu.csv,21,13861.137428977272,5911.637803819444
122,Broad_CheongJu.csv,22,13859.765127840908,5950.228895399306
123,Broad_CheongJu.csv,23,13861.562872869317,5861.106662326389
124,Broad_CheongJu.csv,24,13859.211150568182,6041.807942708333
125,Broad_CheongJu.csv,25,13859.231178977272,5970.700520833333
126,Broad_CheongJu.csv,26,13862.047869318181,5975.602213541667
127,Broad_CheongJu.csv,27,13859.219282670454,5961.7001953125
128,Broad_CheongJu.csv,28,13860.036399147728,6033.950520833333
129,Broad_CheongJu.csv,29,13861.4115234375,5821.760470920139
130,Broad_CheongJu.csv,30,13861.484552556818,6164.87841796875
131,Broad_CheongJu.csv,31,13862.100727982954,5899.987630208333
132,Broad_CheongJu.csv,32,13862.827112926136,6088.064290364583
133,Broad_CheongJu.csv,33,13861.844122869317,5888.732638888889
134,Broad_CheongJu.csv,34,13860.047869318181,5875.777126736111
135,Broad_CheongJu.csv,35,13860.368270596591,6042.8134765625
136,Broad_CheongJu.csv,36,13861.465838068181,6040.2060546875
137,Broad_CheongJu.csv,37,13862.163227982954,6068.171223958333
138,Broad_CheongJu.csv,38,13861.520916193182,6029.7587890625
139,Broad_CheongJu.csv,39,13860.464204545455,5842.631727430556
140,Broad_CheongJu.csv,40,13858.736878551137,6041.702853732639
141,Broad_CheongJu.csv,41,13859.449840198864,5995.767144097223
142,Broad_CheongJu.csv,42,13860.21748934659,5950.802463107639
143,Broad_CheongJu.csv,43,13860.912038352273,5845.084689670139
144,Broad_CheongJu.csv,44,13860.655894886364,5924.771050347223
145,Broad_CheongJu.csv,45,13859.098597301136,5874.354275173611
146,Broad_CheongJu.csv,46,13858.34735440341,5643.148491753473
147,Broad_CheongJu.csv,47,13861.451402698864,6018.22998046875
148,Broad_CheongJu.csv,48,13858.639630681819,5856.21142578125
149,Broad_CheongJu.csv,49,13860.075071022728,6090.475260416667
150,Broad_CheongJu.csv,50,13858.654563210228,5914.216634114583
151,Broad_CheongJu.csv,51,13860.658203125,6024.614529079861
152,Broad_CheongJu.csv,52,13860.710298295455,5875.977213541667
153,Broad_CheongJu.csv,53,13859.150284090909,6014.336100260417
154,Broad_CheongJu.csv,54,13859.46688565341,5968.675130208333
155,Broad_CheongJu.csv,55,13858.779403409091,5998.512152777777
156,Broad_CheongJu.csv,56,13861.96297940341,5900.407931857639
157,Broad_CheongJu.csv,57,13857.426988636364,6006.422037760417
158,Broad_CheongJu.csv,58,13859.734517045454,6040.118055555556
159,Broad_CheongJu.csv,59,13858.212624289772,6011.944390190973
160,Broad_CheongJu.csv,60,13860.20088778409,6018.756184895833
161,Broad_CheongJu.csv,61,13859.427201704546,5920.00439453125
162,Broad_CheongJu.csv,62,13856.588405539773,5941.223524305556
163,Broad_CheongJu.csv,63,13857.921928267046,6004.962890625
164,Broad_CheongJu.csv,64,13857.989151278409,5866.767306857639
165,Broad_CheongJu.csv,65,13858.2771484375,5918.0986328125
166,Broad_CheongJu.csv,66,13857.036399147728,5978.487630208333
167,Broad_CheongJu.csv,67,13858.284517045455,6019.431640625
168,Broad_CheongJu.csv,68,13857.568856534092,5887.571397569444
169,Broad_CheongJu.csv,69,13857.593252840908,5963.704969618056
170,Broad_CheongJu.csv,70,13857.349751420454,5927.88671875
171,Broad_CheongJu.csv,71,13856.286541193182,5880.903645833333
172,Broad_CheongJu.csv,72,13857.92647372159,5966.355631510417
173,Broad_CheongJu.csv,73,13858.835316051136,5830.112684461806
174,Broad_CheongJu.csv,74,13857.998401988636,5979.491373697917
175,Broad_CheongJu.csv,75,13857.669460227273,6006.509385850694
176,Broad_CheongJu.csv,76,13858.854385653409,5954.048828125
177,Broad_CheongJu.csv,77,13856.289612926137,5922.600802951389
178,Broad_CheongJu.csv,78,13858.719477982955,5995.779079861111
179,Broad_CheongJu.csv,79,13857.031463068182,5977.610026041667
180,Broad_CheongJu.csv,80,13857.649875710227,5986.73779296875
181,Broad_CheongJu.csv,81,13857.61844815341,5931.942111545139
182,Broad_CheongJu.csv,82,13858.558647017046,5962.620008680556
183,Broad_CheongJu.csv,83,13858.173064630682,5926.224500868056
184,Broad_CheongJu.csv,84,13858.241583806817,5933.01025390625
185,Broad_CheongJu.csv,85,13857.459517045454,5905.071234809027
186,Broad_CheongJu.csv,86,13857.339612926136,5952.606228298611
187,Broad_CheongJu.csv,87,13857.776171875,5962.743109809027
188,Broad_CheongJu.csv,88,13858.044904119319,5927.598524305556
189,Broad_CheongJu.csv,89,13857.053888494318,5945.343207465277
190,Broad_CheongJu.csv,90,13855.84442471591,5954.917914496527
191,Broad_CheongJu.csv,91,13858.159605823863,5953.742241753473
192,Broad_CheongJu.csv,92,13858.549786931819,5943.662651909723
193,Broad_CheongJu.csv,93,13858.157670454546,5936.842556423611
194,Broad_CheongJu.csv,94,13857.764222301137,5951.137803819444
195,Broad_CheongJu.csv,95,13856.928728693181,5952.524685329861
196,Broad_CheongJu.csv,96,13858.067169744318,5948.992730034723
197,Broad_CheongJu.csv,97,13857.665607244318,5952.504665798611
198,Broad_CheongJu.csv,98,13856.887251420454,5952.574490017361
199,Broad_CheongJu.csv,99,13857.538955965909,5952.152777777777
200,Broad_CheongJu.csv,100,13858.588529829545,5951.877712673611
201,MBC_DaeJeon.csv,1,13439.819566761364,6050.710557725694
202,MBC_DaeJeon.csv,2,13405.440092329545,6250.334581163194
203,MBC_DaeJeon.csv,3,13405.978568892046,6349.56201171875
204,MBC_DaeJeon.csv,4,13403.922088068182,6003.410319010417
205,MBC_DaeJeon.csv,5,13402.44112215909,5963.530056423611
206,MBC_DaeJeon.csv,6,13402.756906960227,6169.644856770833
207,MBC_DaeJeon.csv,7,13401.566814630682,6155.781141493056
208,MBC_DaeJeon.csv,8,13402.85772372159,6074.072808159723
209,MBC_DaeJeon.csv,9,13401.9603515625,6122.856553819444
210,MBC_DaeJeon.csv,10,13403.633647017046,6142.213812934027
211,MBC_DaeJeon.csv,11,13401.916583806818,6166.865668402777
212,MBC_DaeJeon.csv,12,13404.083362926136,6220.047146267361
213,MBC_DaeJeon.csv,13,13403.004723011363,6034.685112847223
214,MBC_DaeJeon.csv,14,13403.249058948864,6085.957411024306
215,MBC_DaeJeon.csv,15,13402.417595880683,6096.509168836806
216,MBC_DaeJeon.csv,16,13401.821413352272,6198.089626736111
217,MBC_DaeJeon.csv,17,13401.7251953125,6077.941026475694
218,MBC_DaeJeon.csv,18,13403.173029119318,6229.435384114583
219,MBC_DaeJeon.csv,19,13404.198615056817,6299.846788194444
220,MBC_DaeJeon.csv,20,13402.579865056818,6300.502875434027
221,MBC_DaeJeon.csv,21,13404.166033380681,6231.114474826389
222,MBC_DaeJeon.csv,22,13403.62178622159,6026.058485243056
223,MBC_DaeJeon.csv,23,13404.294140625,6262.168674045139
224,MBC_DaeJeon.csv,24,13403.264595170454,6268.485026041667
225,MBC_DaeJeon.csv,25,13400.667116477272,6124.498969184027
226,MBC_DaeJeon.csv,26,13402.864790482954,6263.526692708333
227,MBC_DaeJeon.csv,27,13403.119691051137,6292.763454861111
228,MBC_DaeJeon.csv,28,13400.878196022728,6144.3291015625
229,MBC_DaeJeon.csv,29,13404.4080078125,6190.792697482639
230,MBC_DaeJeon.csv,30,13406.30362215909,6316.362087673611
231,MBC_DaeJeon.csv,31,13402.37295809659,5902.92041015625
232,MBC_DaeJeon.csv,32,13403.286186079546,6106.188856336806
233,MBC_DaeJeon.csv,33,13403.107013494318,6359.808919270833
234,MBC_DaeJeon.csv,34,13402.64266690341,6000.0068359375
235,MBC_DaeJeon.csv,35,13403.58700284091,6145.929578993056
236,MBC_DaeJeon.csv,36,13403.082155539772,6233.386447482639
237,MBC_DaeJeon.csv,37,13401.537730823864,6077.624348958333
238,MBC_DaeJeon.csv,38,13403.826438210228,6210.308865017361
239,MBC_DaeJeon.csv,39,13401.793874289773,6118.517795138889
240,MBC_DaeJeon.csv,40,13401.772123579545,6310.864854600694
241,MBC_DaeJeon.csv,41,13404.316779119317,6205.271430121527
242,MBC_DaeJeon.csv,42,13402.9263671875,6127.069878472223
243,MBC_DaeJeon.csv,43,13402.490997869318,6323.651421440973
244,MBC_DaeJeon.csv,44,13403.136381392045,5932.292100694444
245,MBC_DaeJeon.csv,45,13401.97061434659,6164.8310546875
246,MBC_DaeJeon.csv,46,13401.419460227273,6142.323133680556
247,MBC_DaeJeon.csv,47,13400.950727982954,6230.241156684027
248,MBC_DaeJeon.csv,48,13401.787375710228,6004.728190104167
249,MBC_DaeJeon.csv,49,13401.470827414772,6385.268771701389
250,MBC_DaeJeon.csv,50,13401.305415482955,6136.171766493056
251,MBC_DaeJeon.csv,51,13402.393661221591,6110.538628472223
252,MBC_DaeJeon.csv,52,13399.919868607954,6129.484049479167
253,MBC_DaeJeon.csv,53,13400.785209517046,6208.855523003473
254,MBC_DaeJeon.csv,54,13400.833806818182,6161.506564670139
255,MBC_DaeJeon.csv,55,13404.7892578125,6123.231011284723
256,MBC_DaeJeon.csv,56,13403.658274147727,6158.076443142361
257,MBC_DaeJeon.csv,57,13400.590092329545,6170.914171006944
258,MBC_DaeJeon.csv,58,13402.965394176137,6272.549099392361
259,MBC_DaeJeon.csv,59,13402.443927556818,6041.777777777777
260,MBC_DaeJeon.csv,60,13402.480859375,6183.448676215277
261,MBC_DaeJeon.csv,61,13402.085973011364,6156.194878472223
262,MBC_DaeJeon.csv,62,13401.786168323864,6123.44873046875
263,MBC_DaeJeon.csv,63,13401.809019886363,6190.36376953125
264,MBC_DaeJeon.csv,64,13401.856764914774,6158.527018229167
265,MBC_DaeJeon.csv,65,13402.752574573864,6191.915907118056
266,MBC_DaeJeon.csv,66,13400.942169744318,6122.750434027777
267,MBC_DaeJeon.csv,67,13400.820170454546,6122.759982638889
268,MBC_DaeJeon.csv,68,13403.155220170454,6180.774305555556
269,MBC_DaeJeon.csv,69,13403.551118607955,6188.46728515625
270,MBC_DaeJeon.csv,70,13401.951349431818,6032.55078125
271,MBC_DaeJeon.csv,71,13402.396164772726,6173.773546006944
272,MBC_DaeJeon.csv,72,13402.665944602273,6157.809299045139
273,MBC_DaeJeon.csv,73,13400.70772372159,6149.251085069444
274,MBC_DaeJeon.csv,74,13400.460795454546,6197.803276909723
275,MBC_DaeJeon.csv,75,13402.01688565341,6169.880967881944
276,MBC_DaeJeon.csv,76,13402.318288352273,6149.645290798611
277,MBC_DaeJeon.csv,77,13403.1314453125,6164.011121961806
278,MBC_DaeJeon.csv,78,13401.41024502841,6115.390245225694
279,MBC_DaeJeon.csv,79,13402.348295454545,6166.733127170139
280,MBC_DaeJeon.csv,80,13402.09952059659,6132.323947482639
281,MBC_DaeJeon.csv,81,13400.834854403409,6149.7578125
282,MBC_DaeJeon.csv,82,13403.845188210227,6173.21240234375
283,MBC_DaeJeon.csv,83,13402.840607244318,6170.244683159723
284,MBC_DaeJeon.csv,84,13400.841352982954,6186.342936197917
285,MBC_DaeJeon.csv,85,13401.33565340909,6137.051161024306
286,MBC_DaeJeon.csv,86,13401.1205078125,6105.583062065973
287,MBC_DaeJeon.csv,87,13402.704563210227,6154.174045138889
288,MBC_DaeJeon.csv,88,13401.819193892046,6173.462727864583
289,MBC_DaeJeon.csv,89,13401.269868607955,6150.1240234375
290,MBC_DaeJeon.csv,90,13401.767080965908,6156.112738715277
291,MBC_DaeJeon.csv,91,13402.816228693182,6163.287706163194
292,MBC_DaeJeon.csv,92,13402.720738636364,6153.710720486111
293,MBC_DaeJeon.csv,93,13402.684712357954,6158.809950086806
294,MBC_DaeJeon.csv,94,13400.369389204545,6148.645562065973
295,MBC_DaeJeon.csv,95,13401.788227982954,6143.426106770833
296,MBC_DaeJeon.csv,96,13399.561878551136,6143.812771267361
297,MBC_DaeJeon.csv,97,13401.160884232955,6144.431043836806
298,MBC_DaeJeon.csv,98,13402.207528409092,6144.064887152777
299,MBC_DaeJeon.csv,99,13401.995454545455,6145.097547743056
300,MBC_DaeJeon.csv,100,13402.590944602272,6145.475911458333
301,KBS_DaeJeon.csv,1,13124.830539772727,5852.068088107639
302,KBS_DaeJeon.csv,2,13127.382563920455,5964.387803819444
303,KBS_DaeJeon.csv,3,13128.431480823863,5795.290256076389
304,KBS_DaeJeon.csv,4,13125.614754971592,5821.474338107639
305,KBS_DaeJeon.csv,5,13122.846555397728,5735.410047743056
306,KBS_DaeJeon.csv,6,13124.443536931818,5695.515842013889
307,KBS_DaeJeon.csv,7,13125.200390625,5898.944118923611
308,KBS_DaeJeon.csv,8,13123.095454545455,5884.098741319444
309,KBS_DaeJeon.csv,9,13125.16141690341,5987.022786458333
310,KBS_DaeJeon.csv,10,13128.302805397727,5685.306098090277
311,KBS_DaeJeon.csv,11,13126.325603693182,5599.786566840277
312,KBS_DaeJeon.csv,12,13126.078302556818,5791.485188802083
313,KBS_DaeJeon.csv,13,13125.936416903409,6106.050835503473
314,KBS_DaeJeon.csv,14,13125.983451704546,5752.49267578125
315,KBS_DaeJeon.csv,15,13127.085067471591,5850.854926215277
316,KBS_DaeJeon.csv,16,13126.109588068182,5917.616048177083
317,KBS_DaeJeon.csv,17,13126.652237215909,5751.963161892361
318,KBS_DaeJeon.csv,18,13128.45731534091,5748.062282986111
319,KBS_DaeJeon.csv,19,13125.519211647726,5749.239583333333
320,KBS_DaeJeon.csv,20,13125.916743607955,5780.180392795139
321,KBS_DaeJeon.csv,21,13125.804545454546,5782.437662760417
322,KBS_DaeJeon.csv,22,13125.527858664773,5868.22802734375
323,KBS_DaeJeon.csv,23,13127.10126065341,5850.900119357639
324,KBS_DaeJeon.csv,24,13124.172301136363,5978.940972222223
325,KBS_DaeJeon.csv,25,13127.967151988636,5964.337239583333
326,KBS_DaeJeon.csv,26,13126.836115056818,5834.368869357639
327,KBS_DaeJeon.csv,27,13125.247869318182,5767.0205078125
328,KBS_DaeJeon.csv,28,13125.547017045454,5737.456597222223
329,KBS_DaeJeon.csv,29,13126.118057528409,5945.018608940973
330,KBS_DaeJeon.csv,30,13125.209747869318,5924.564670138889
331,KBS_DaeJeon.csv,31,13124.799431818183,5864.332248263889
332,KBS_DaeJeon.csv,32,13125.707901278409,5733.463975694444
333,KBS_DaeJeon.csv,33,13123.911079545454,5830.295627170139
334,KBS_DaeJeon.csv,34,13124.910795454545,5742.596082899306
335,KBS_DaeJeon.csv,35,13125.354243607955,5920.199978298611
336,KBS_DaeJeon.csv,36,13126.218146306817,5869.905110677083
337,KBS_DaeJeon.csv,37,13126.520010653408,5947.216200086806
338,KBS_DaeJeon.csv,38,13125.766530539773,5939.379503038194
339,KBS_DaeJeon.csv,39,13123.86709872159,5867.346516927083
340,KBS_DaeJeon.csv,40,13126.19952059659,5784.524468315973
341,KBS_DaeJeon.csv,41,13125.007013494318,5804.428114149306
342,KBS_DaeJeon.csv,42,13123.774822443182,5666.428602430556
343,KBS_DaeJeon.csv,43,13124.429616477273,5898.258517795139
344,KBS_DaeJeon.csv,44,13125.413671875,5870.749294704861
345,KBS_DaeJeon.csv,45,13127.182848011364,5858.184136284723
346,KBS_DaeJeon.csv,46,13125.062251420455,5915.714626736111
347,KBS_DaeJeon.csv,47,13126.791495028408,5807.399142795139
348,KBS_DaeJeon.csv,48,13126.125248579545,5750.779622395833
349,KBS_DaeJeon.csv,49,13126.811097301137,5689.3876953125
350,KBS_DaeJeon.csv,50,13124.579030539773,5958.985460069444
351,KBS_DaeJeon.csv,51,13125.011541193182,5908.476996527777
352,KBS_DaeJeon.csv,52,13125.059073153408,5756.928765190973
353,KBS_DaeJeon.csv,53,13125.531800426137,5666.799262152777
354,KBS_DaeJeon.csv,54,13123.26180752841,5709.171766493056
355,KBS_DaeJeon.csv,55,13124.284126420454,5790.344780815973
356,KBS_DaeJeon.csv,56,13124.117240767046,5801.985731336806
357,KBS_DaeJeon.csv,57,13126.453142755681,5698.607421875
358,KBS_DaeJeon.csv,58,13124.205841619318,5843.062717013889
359,KBS_DaeJeon.csv,59,13125.182741477272,5826.706868489583
360,KBS_DaeJeon.csv,60,13124.845383522726,5894.661838107639
361,KBS_DaeJeon.csv,61,13124.132652698863,5841.114095052083
362,KBS_DaeJeon.csv,62,13123.973029119317,5864.836534288194
363,KBS_DaeJeon.csv,63,13124.352414772728,5784.284342447917
364,KBS_DaeJeon.csv,64,13124.783806818183,5764.783908420139
365,KBS_DaeJeon.csv,65,13123.57196377841,5772.854600694444
366,KBS_DaeJeon.csv,66,13126.633842329546,5754.124891493056
367,KBS_DaeJeon.csv,67,13124.773082386364,5852.702528211806
368,KBS_DaeJeon.csv,68,13123.229847301136,5763.213650173611
369,KBS_DaeJeon.csv,69,13125.633043323864,5731.671440972223
370,KBS_DaeJeon.csv,70,13124.05078125,5870.605740017361
371,KBS_DaeJeon.csv,71,13124.073721590908,5795.797905815973
372,KBS_DaeJeon.csv,72,13124.196395596591,5885.238661024306
373,KBS_DaeJeon.csv,73,13124.223987926136,5829.736328125
374,KBS_DaeJeon.csv,74,13125.108167613636,5830.746148003473
375,KBS_DaeJeon.csv,75,13124.747247869318,5745.173014322917
376,KBS_DaeJeon.csv,76,13123.962748579546,5819.612901475694
377,KBS_DaeJeon.csv,77,13124.43448153409,5790.436414930556
378,KBS_DaeJeon.csv,78,13124.237784090908,5688.523274739583
379,KBS_DaeJeon.csv,79,13121.618607954546,5773.862141927083
380,KBS_DaeJeon.csv,80,13123.187730823864,5820.622992621527
381,KBS_DaeJeon.csv,81,13124.908167613636,5832.962944878473
382,KBS_DaeJeon.csv,82,13123.478444602273,5800.136773003473
383,KBS_DaeJeon.csv,83,13124.605326704546,5787.352918836806
384,KBS_DaeJeon.csv,84,13122.185866477274,5775.598415798611
385,KBS_DaeJeon.csv,85,13126.149751420455,5782.618109809027
386,KBS_DaeJeon.csv,86,13125.075799005683,5799.079372829861
387,KBS_DaeJeon.csv,87,13125.875213068182,5805.047580295139
388,KBS_DaeJeon.csv,88,13122.833558238637,5800.061143663194
389,KBS_DaeJeon.csv,89,13124.80926846591,5816.249945746527
390,KBS_DaeJeon.csv,90,13124.125159801137,5798.518663194444
391,KBS_DaeJeon.csv,91,13124.340252130682,5813.128797743056
392,KBS_DaeJeon.csv,92,13123.961967329546,5814.951171875
393,KBS_DaeJeon.csv,93,13122.997052556819,5812.878472222223
394,KBS_DaeJeon.csv,94,13126.801864346591,5802.243489583333
395,KBS_DaeJeon.csv,95,13125.543110795454,5800.762098524306
396,KBS_DaeJeon.csv,96,13122.910919744318,5798.681477864583
397,KBS_DaeJeon.csv,97,13125.238405539772,5792.92822265625
398,KBS_DaeJeon.csv,98,13124.451065340909,5793.281358506944
399,KBS_DaeJeon.csv,99,13124.6857421875,5794.719780815973
400,KBS_DaeJeon.csv,100,13125.402982954545,5794.745008680556
401,CMB_DaeJeon.csv,1,12965.09375,5709.145779079861
402,CMB_DaeJeon.csv,2,12964.191974431818,5594.221299913194
403,CMB_DaeJeon.csv,3,12967.820134943182,5293.224446614583
404,CMB_DaeJeon.csv,4,12966.255859375,5674.821451822917
405,CMB_DaeJeon.csv,5,12965.422993607954,5614.814344618056
406,CMB_DaeJeon.csv,6,12965.261097301136,5665.972873263889
407,CMB_DaeJeon.csv,7,12966.659712357954,5629.030327690973
408,CMB_DaeJeon.csv,8,12965.159694602273,5645.394097222223
409,CMB_DaeJeon.csv,9,12964.285031960228,5654.261935763889
410,CMB_DaeJeon.csv,10,12968.655717329546,5479.601019965277
411,CMB_DaeJeon.csv,11,12969.265838068182,5568.978135850694
412,CMB_DaeJeon.csv,12,12965.963334517046,5605.590874565973
413,CMB_DaeJeon.csv,13,12963.282244318181,5712.677788628473
414,CMB_DaeJeon.csv,14,12966.696537642045,5654.874240451389
415,CMB_DaeJeon.csv,15,12964.26885653409,5677.681477864583
416,CMB_DaeJeon.csv,16,12963.598970170455,5445.219780815973
417,CMB_DaeJeon.csv,17,12963.446324573864,5400.537651909723
418,CMB_DaeJeon.csv,18,12968.448792613637,5386.713107638889
419,CMB_DaeJeon.csv,19,12963.49375,5719.143663194444
420,CMB_DaeJeon.csv,20,12964.77704190341,5689.786783854167
421,CMB_DaeJeon.csv,21,12964.954030539773,5667.802734375
422,CMB_DaeJeon.csv,22,12964.639595170454,5770.675944010417
423,CMB_DaeJeon.csv,23,12966.313405539773,5476.592393663194
424,CMB_DaeJeon.csv,24,12967.512517755682,5539.696506076389
425,CMB_DaeJeon.csv,25,12965.52530184659,5696.389973958333
426,CMB_DaeJeon.csv,26,12965.6556640625,5640.018012152777
427,CMB_DaeJeon.csv,27,12965.207990056819,5749.872829861111
428,CMB_DaeJeon.csv,28,12965.494087357954,5569.269368489583
429,CMB_DaeJeon.csv,29,12965.10342684659,5736.195638020833
430,CMB_DaeJeon.csv,30,12965.645454545454,5659.461588541667
431,CMB_DaeJeon.csv,31,12966.167240767045,5610.96240234375
432,CMB_DaeJeon.csv,32,12963.997265625,5744.373969184027
433,CMB_DaeJeon.csv,33,12964.927698863636,5765.941297743056
434,CMB_DaeJeon.csv,34,12966.514222301137,5670.733344184027
435,CMB_DaeJeon.csv,35,12963.047709517046,5738.520779079861
436,CMB_DaeJeon.csv,36,12966.189098011364,5520.841688368056
437,CMB_DaeJeon.csv,37,12964.460440340908,5657.721462673611
438,CMB_DaeJeon.csv,38,12965.140625,5707.848795572917
439,CMB_DaeJeon.csv,39,12964.633416193183,5668.163465711806
440,CMB_DaeJeon.csv,40,12965.068022017045,5617.542751736111
441,CMB_DaeJeon.csv,41,12964.832759232955,5656.640407986111
442,CMB_DaeJeon.csv,42,12966.48858309659,5474.684895833333
443,CMB_DaeJeon.csv,43,12965.862766335227,5690.100423177083
444,CMB_DaeJeon.csv,44,12964.782262073864,5545.57421875
445,CMB_DaeJeon.csv,45,12965.42705965909,5487.568956163194
446,CMB_DaeJeon.csv,46,12965.496111505681,5590.084852430556
447,CMB_DaeJeon.csv,47,12965.372780539772,5592.70166015625
448,CMB_DaeJeon.csv,48,12962.958203125,5562.136067708333
449,CMB_DaeJeon.csv,49,12964.58819247159,5701.660427517361
450,CMB_DaeJeon.csv,50,12964.046928267046,5717.546115451389
451,CMB_DaeJeon.csv,51,12965.783149857954,5547.159776475694
452,CMB_DaeJeon.csv,52,12964.478551136364,5692.587131076389
453,CMB_DaeJeon.csv,53,12964.272922585227,5708.152018229167
454,CMB_DaeJeon.csv,54,12962.223384232955,5628.617458767361
455,CMB_DaeJeon.csv,55,12965.992507102274,5537.059624565973
456,CMB_DaeJeon.csv,56,12966.25907315341,5615.484266493056
457,CMB_DaeJeon.csv,57,12962.897141335226,5544.690646701389
458,CMB_DaeJeon.csv,58,12964.216317471592,5582.042643229167
459,CMB_DaeJeon.csv,59,12964.589861505681,5719.853949652777
460,CMB_DaeJeon.csv,60,12964.64483309659,5595.452094184027
461,CMB_DaeJeon.csv,61,12965.916335227274,5684.821234809027
462,CMB_DaeJeon.csv,62,12964.93623934659,5559.280544704861
463,CMB_DaeJeon.csv,63,12963.426420454545,5793.143663194444
464,CMB_DaeJeon.csv,64,12965.463902698864,5695.751247829861
465,CMB_DaeJeon.csv,65,12965.230859375,5684.396701388889
466,CMB_DaeJeon.csv,66,12966.305450994318,5596.967881944444
467,CMB_DaeJeon.csv,67,12964.65166903409,5638.893934461806
468,CMB_DaeJeon.csv,68,12963.941850142046,5663.455512152777
469,CMB_DaeJeon.csv,69,12966.46708096591,5690.234646267361
470,CMB_DaeJeon.csv,70,12962.698455255682,5626.4990234375
471,CMB_DaeJeon.csv,71,12964.173792613636,5675.69384765625
472,CMB_DaeJeon.csv,72,12964.3673828125,5639.134657118056
473,CMB_DaeJeon.csv,73,12964.151740056817,5694.217610677083
474,CMB_DaeJeon.csv,74,12963.845916193182,5650.959906684027
475,CMB_DaeJeon.csv,75,12963.577752130683,5632.806098090277
476,CMB_DaeJeon.csv,76,12963.680681818181,5656.729654947917
477,CMB_DaeJeon.csv,77,12962.229829545455,5649.746636284723
478,CMB_DaeJeon.csv,78,12965.446431107954,5597.55078125
479,CMB_DaeJeon.csv,79,12964.207457386363,5662.728352864583
480,CMB_DaeJeon.csv,80,12964.925230823863,5668.432291666667
481,CMB_DaeJeon.csv,81,12963.39188565341,5624.317003038194
482,CMB_DaeJeon.csv,82,12961.486860795454,5613.62646484375
483,CMB_DaeJeon.csv,83,12964.316974431818,5589.723687065973
484,CMB_DaeJeon.csv,84,12963.174343039773,5622.853841145833
485,CMB_DaeJeon.csv,85,12962.093394886364,5637.078125
486,CMB_DaeJeon.csv,86,12962.952272727272,5655.640842013889
487,CMB_DaeJeon.csv,87,12962.412606534092,5639.965277777777
488,CMB_DaeJeon.csv,88,12963.3166015625,5652.358452690973
489,CMB_DaeJeon.csv,89,12962.83760653409,5642.080023871527
490,CMB_DaeJeon.csv,90,12964.912322443182,5638.750705295139
491,CMB_DaeJeon.csv,91,12964.596271306818,5633.090766059027
492,CMB_DaeJeon.csv,92,12966.149680397728,5626.568956163194
493,CMB_DaeJeon.csv,93,12963.758718039773,5617.740180121527
494,CMB_DaeJeon.csv,94,12963.612251420454,5625.432183159723
495,CMB_DaeJeon.csv,95,12966.031303267046,5624.775173611111
496,CMB_DaeJeon.csv,96,12964.371040482954,5626.691134982639
497,CMB_DaeJeon.csv,97,12963.164666193183,5628.17529296875
498,CMB_DaeJeon.csv,98,12964.116708096592,5630.867296006944
499,CMB_DaeJeon.csv,99,12961.81631747159,5631.900336371527
500,CMB_DaeJeon.csv,100,12962.777077414772,5632.761338975694
501,MBC_ChungJu.csv,1,13572.47237215909,6188.847005208333
502,MBC_ChungJu.csv,2,13571.350017755682,6310.537055121527
503,MBC_ChungJu.csv,3,13569.315660511364,6350.574815538194
504,MBC_ChungJu.csv,4,13570.686896306817,6084.242024739583
505,MBC_ChungJu.csv,5,13566.881942471591,6256.087456597223
506,MBC_ChungJu.csv,6,13568.856338778409,6259.275770399306
507,MBC_ChungJu.csv,7,13567.542258522728,6148.154134114583
508,MBC_ChungJu.csv,8,13563.920933948864,6334.9052734375
509,MBC_ChungJu.csv,9,13565.200994318182,6139.525119357639
510,MBC_ChungJu.csv,10,13564.106942471592,6174.452582465277
511,MBC_ChungJu.csv,11,13564.428746448864,6151.126681857639
512,MBC_ChungJu.csv,12,13566.326988636363,6225.161024305556
513,MBC_ChungJu.csv,13,13563.408078835228,6112.998860677083
514,MBC_ChungJu.csv,14,13566.820348011364,6086.276475694444
515,MBC_ChungJu.csv,15,13567.21846590909,6258.828559027777
516,MBC_ChungJu.csv,16,13565.403196022728,6168.677788628473
517,MBC_ChungJu.csv,17,13564.806392045455,5872.687717013889
518,MBC_ChungJu.csv,18,13567.015411931818,6374.455837673611
519,MBC_ChungJu.csv,19,13564.604527698864,6198.661946614583
520,MBC_ChungJu.csv,20,13563.94756747159,6268.002766927083
521,MBC_ChungJu.csv,21,13565.142950994317,6421.994954427083
522,MBC_ChungJu.csv,22,13567.514151278408,6244.089680989583
523,MBC_ChungJu.csv,23,13564.552485795455,6156.770290798611
524,MBC_ChungJu.csv,24,13565.756711647728,6235.577094184027
525,MBC_ChungJu.csv,25,13568.399911221592,6337.333387586806
526,MBC_ChungJu.csv,26,13564.61484375,6252.778537326389
527,MBC_ChungJu.csv,27,13565.05655184659,6107.506076388889
528,MBC_ChungJu.csv,28,13565.065553977272,6135.909016927083
529,MBC_ChungJu.csv,29,13567.009019886364,6113.125542534723
530,MBC_ChungJu.csv,30,13562.430308948864,6224.260091145833
531,MBC_ChungJu.csv,31,13564.338370028408,6118.408203125
532,MBC_ChungJu.csv,32,13565.446431107954,6331.37646484375
533,MBC_ChungJu.csv,33,13562.38993252841,6239.33349609375
534,MBC_ChungJu.csv,34,13566.384108664774,6122.134114583333
535,MBC_ChungJu.csv,35,13567.430131392046,6474.287163628473
536,MBC_ChungJu.csv,36,13565.195472301137,6238.312445746527
537,MBC_ChungJu.csv,37,13566.28389559659,6200.2626953125
538,MBC_ChungJu.csv,38,13565.918217329545,6304.605088975694
539,MBC_ChungJu.csv,39,13566.0904296875,6103.373806423611
540,MBC_ChungJu.csv,40,13564.184747869318,6085.006998697917
541,MBC_ChungJu.csv,41,13565.818767755682,6165.859646267361
542,MBC_ChungJu.csv,42,13563.590163352274,6153.572482638889
543,MBC_ChungJu.csv,43,13565.827006392046,6104.866753472223
544,MBC_ChungJu.csv,44,13565.961772017046,6367.617513020833
545,MBC_ChungJu.csv,45,13565.488405539772,6222.397677951389
546,MBC_ChungJu.csv,46,13565.5166015625,6199.021809895833
547,MBC_ChungJu.csv,47,13564.47176846591,6251.129991319444
548,MBC_ChungJu.csv,48,13564.740021306818,6240.393391927083
549,MBC_ChungJu.csv,49,13563.71844815341,6215.974934895833
550,MBC_ChungJu.csv,50,13565.598366477272,6235.212185329861
551,MBC_ChungJu.csv,51,13562.917702414772,6165.667100694444
552,MBC_ChungJu.csv,52,13565.652024147726,6196.500813802083
553,MBC_ChungJu.csv,53,13563.6404296875,6204.356174045139
554,MBC_ChungJu.csv,54,13567.035795454545,6215.739529079861
555,MBC_ChungJu.csv,55,13564.482244318182,6229.777506510417
556,MBC_ChungJu.csv,56,13564.468039772728,6314.7900390625
557,MBC_ChungJu.csv,57,13566.020525568181,6297.902777777777
558,MBC_ChungJu.csv,58,13566.29891690341,6304.06982421875
559,MBC_ChungJu.csv,59,13564.123011363636,6274.75146484375
560,MBC_ChungJu.csv,60,13565.193874289773,6305.86328125
561,MBC_ChungJu.csv,61,13563.002911931819,6241.783203125
562,MBC_ChungJu.csv,62,13564.559588068181,6303.566026475694
563,MBC_ChungJu.csv,63,13562.581711647726,6144.203667534723
564,MBC_ChungJu.csv,64,13564.012215909092,6290.002278645833
565,MBC_ChungJu.csv,65,13563.274236505682,6255.55810546875
566,MBC_ChungJu.csv,66,13564.714204545455,6153.428873697917
567,MBC_ChungJu.csv,67,13566.388068181817,6235.407660590277
568,MBC_ChungJu.csv,68,13566.453107244319,6176.513292100694
569,MBC_ChungJu.csv,69,13564.751491477273,6125.206597222223
570,MBC_ChungJu.csv,70,13564.86395596591,6264.981119791667
571,MBC_ChungJu.csv,71,13565.612748579546,6364.424641927083
572,MBC_ChungJu.csv,72,13565.757457386364,6254.784016927083
573,MBC_ChungJu.csv,73,13564.765571732954,6238.629286024306
574,MBC_ChungJu.csv,74,13566.313583096591,6263.779134114583
575,MBC_ChungJu.csv,75,13560.412002840909,6232.910753038194
576,MBC_ChungJu.csv,76,13563.830735085226,6250.276475694444
577,MBC_ChungJu.csv,77,13563.168980823864,6227.927625868056
578,MBC_ChungJu.csv,78,13564.998899147728,6249.359754774306
579,MBC_ChungJu.csv,79,13563.837286931817,6188.960394965277
580,MBC_ChungJu.csv,80,13565.5974609375,6209.2568359375
581,MBC_ChungJu.csv,81,13563.583451704546,6230.047905815973
582,MBC_ChungJu.csv,82,13564.864417613637,6204.9501953125
583,MBC_ChungJu.csv,83,13562.19073153409,6232.1494140625
584,MBC_ChungJu.csv,84,13564.479545454546,6224.424207899306
585,MBC_ChungJu.csv,85,13562.653799715908,6229.689236111111
586,MBC_ChungJu.csv,86,13563.613068181818,6200.767144097223
587,MBC_ChungJu.csv,87,13564.201278409091,6190.483181423611
588,MBC_ChungJu.csv,88,13564.21709872159,6210.607204861111
589,MBC_ChungJu.csv,89,13565.702556818182,6206.954481336806
590,MBC_ChungJu.csv,90,13565.987233664773,6231.741970486111
591,MBC_ChungJu.csv,91,13564.617400568182,6202.580186631944
592,MBC_ChungJu.csv,92,13566.267826704545,6204.225857204861
593,MBC_ChungJu.csv,93,13563.268377130682,6212.208170572917
594,MBC_ChungJu.csv,94,13562.8310546875,6211.8525390625
595,MBC_ChungJu.csv,95,13562.831427556817,6212.969780815973
596,MBC_ChungJu.csv,96,13564.2564453125,6211.609483506944
597,MBC_ChungJu.csv,97,13564.982759232955,6210.656141493056
598,MBC_ChungJu.csv,98,13563.76083096591,6208.379720052083
599,MBC_ChungJu.csv,99,13564.014240056818,6207.522352430556
600,MBC_ChungJu.csv,100,13562.992436079545,6207.681532118056
601,KBS_ChungJu.csv,1,13525.15401278409,6381.573079427083
602,KBS_ChungJu.csv,2,13525.939506392046,6270.657443576389
603,KBS_ChungJu.csv,3,13524.152610085228,6182.725151909723
604,KBS_ChungJu.csv,4,13525.855237926136,6027.949598524306
605,KBS_ChungJu.csv,5,13524.665216619318,6246.467827690973
606,KBS_ChungJu.csv,6,13526.812393465909,6126.006456163194
607,KBS_ChungJu.csv,7,13524.164506392046,6166.234809027777
608,KBS_ChungJu.csv,8,13526.524520596591,6271.567220052083
609,KBS_ChungJu.csv,9,13524.948100142046,6462.922743055556
610,KBS_ChungJu.csv,10,13525.295241477274,6108.796332465277
611,KBS_ChungJu.csv,11,13526.911505681817,6235.654079861111
612,KBS_ChungJu.csv,12,13524.834126420454,6290.250922309027
613,KBS_ChungJu.csv,13,13524.751722301136,6262.592447916667
614,KBS_ChungJu.csv,14,13523.442808948863,6270.736653645833
615,KBS_ChungJu.csv,15,13524.128533380683,6222.050455729167
616,KBS_ChungJu.csv,16,13526.117080965909,6400.624457465277
617,KBS_ChungJu.csv,17,13525.606977982954,6321.719618055556
618,KBS_ChungJu.csv,18,13525.427876420454,6228.75341796875
619,KBS_ChungJu.csv,19,13526.26004971591,6178.183539496527
620,KBS_ChungJu.csv,20,13526.861061789772,6195.099934895833
621,KBS_ChungJu.csv,21,13525.13876065341,6340.386990017361
622,KBS_ChungJu.csv,22,13525.763441051136,6311.182291666667
623,KBS_ChungJu.csv,23,13525.503267045455,6153.891438802083
624,KBS_ChungJu.csv,24,13524.520081676137,6318.557454427083
625,KBS_ChungJu.csv,25,13528.038032670454,6367.986219618056
626,KBS_ChungJu.csv,26,13522.5189453125,6080.854437934027
627,KBS_ChungJu.csv,27,13527.550230823863,6301.469835069444
628,KBS_ChungJu.csv,28,13522.209943181819,6264.074110243056
629,KBS_ChungJu.csv,29,13522.010901988637,6168.820149739583
630,KBS_ChungJu.csv,30,13524.702858664772,6317.641004774306
631,KBS_ChungJu.csv,31,13522.54559659091,6227.928276909723
632,KBS_ChungJu.csv,32,13525.28545809659,6177.177029079861
633,KBS_ChungJu.csv,33,13522.361896306818,6441.070203993056
634,KBS_ChungJu.csv,34,13525.144069602273,6094.366048177083
635,KBS_ChungJu.csv,35,13526.3333984375,6203.304307725694
636,KBS_ChungJu.csv,36,13527.600319602272,6273.035698784723
637,KBS_ChungJu.csv,37,13522.5173828125,6283.689995659723
638,KBS_ChungJu.csv,38,13523.760316051137,6223.456651475694
639,KBS_ChungJu.csv,39,13524.69717684659,6346.431477864583
640,KBS_ChungJu.csv,40,13525.674076704545,6356.285807291667
641,KBS_ChungJu.csv,41,13525.020933948863,6206.909993489583
642,KBS_ChungJu.csv,42,13522.506072443182,6242.460557725694
643,KBS_ChungJu.csv,43,13526.907084517046,6183.88623046875
644,KBS_ChungJu.csv,44,13523.323029119318,6303.906087239583
645,KBS_ChungJu.csv,45,13524.685564630681,6139.004937065973
646,KBS_ChungJu.csv,46,13524.2111328125,6094.303276909723
647,KBS_ChungJu.csv,47,13523.626846590909,6246.336805555556
648,KBS_ChungJu.csv,48,13523.473703835227,6109.751736111111
649,KBS_ChungJu.csv,49,13527.317311789773,6139.911241319444
650,KBS_ChungJu.csv,50,13524.576278409091,6168.986002604167
651,KBS_ChungJu.csv,51,13524.792205255682,6147.512424045139
652,KBS_ChungJu.csv,52,13523.835564630683,6276.423285590277
653,KBS_ChungJu.csv,53,13525.60770596591,6087.288031684027
654,KBS_ChungJu.csv,54,13524.93350497159,6212.745659722223
655,KBS_ChungJu.csv,55,13522.169318181817,6206.588975694444
656,KBS_ChungJu.csv,56,13523.3287109375,6240.201605902777
657,KBS_ChungJu.csv,57,13523.490660511363,6193.1640625
658,KBS_ChungJu.csv,58,13524.687322443182,6237.135145399306
659,KBS_ChungJu.csv,59,13525.3970703125,6178.630913628473
660,KBS_ChungJu.csv,60,13523.725142045454,6208.979654947917
661,KBS_ChungJu.csv,61,13523.600532670454,6237.844401041667
662,KBS_ChungJu.csv,62,13525.986221590909,6085.705078125
663,KBS_ChungJu.csv,63,13522.769673295454,6116.079047309027
664,KBS_ChungJu.csv,64,13524.179456676136,6166.109754774306
665,KBS_ChungJu.csv,65,13524.165589488637,6273.8076171875
666,KBS_ChungJu.csv,66,13524.11102627841,6149.165798611111
667,KBS_ChungJu.csv,67,13523.186754261364,6246.779568142361
668,KBS_ChungJu.csv,68,13524.635014204545,6300.912380642361
669,KBS_ChungJu.csv,69,13523.214399857954,6223.825086805556
670,KBS_ChungJu.csv,70,13524.430699573864,6287.719780815973
671,KBS_ChungJu.csv,71,13523.324609375,6118.965657552083
672,KBS_ChungJu.csv,72,13520.256818181819,6202.540310329861
673,KBS_ChungJu.csv,73,13524.36015625,6225.7578125
674,KBS_ChungJu.csv,74,13523.719318181818,6190.279568142361
675,KBS_ChungJu.csv,75,13523.989133522728,6204.756564670139
676,KBS_ChungJu.csv,76,13523.515660511364,6266.805230034723
677,KBS_ChungJu.csv,77,13522.605255681818,6152.413519965277
678,KBS_ChungJu.csv,78,13525.596235795454,6232.448893229167
679,KBS_ChungJu.csv,79,13525.135511363636,6188.461697048611
680,KBS_ChungJu.csv,80,13524.06534090909,6210.238118489583
681,KBS_ChungJu.csv,81,13524.894992897727,6257.070041232639
682,KBS_ChungJu.csv,82,13522.648419744319,6178.13330078125
683,KBS_ChungJu.csv,83,13522.582262073864,6242.175509982639
684,KBS_ChungJu.csv,84,13523.984055397726,6234.951443142361
685,KBS_ChungJu.csv,85,13526.436079545454,6159.393174913194
686,KBS_ChungJu.csv,86,13525.239985795455,6171.414713541667
687,KBS_ChungJu.csv,87,13523.920134943182,6196.637152777777
688,KBS_ChungJu.csv,88,13525.36727627841,6190.555826822917
689,KBS_ChungJu.csv,89,13523.641051136363,6229.02978515625
690,KBS_ChungJu.csv,90,13524.87430752841,6219.626844618056
691,KBS_ChungJu.csv,91,13522.843963068182,6217.344184027777
692,KBS_ChungJu.csv,92,13523.026864346592,6214.385145399306
693,KBS_ChungJu.csv,93,13521.988831676137,6212.901041666667
694,KBS_ChungJu.csv,94,13522.069744318182,6220.58544921875
695,KBS_ChungJu.csv,95,13522.851029829546,6223.568684895833
696,KBS_ChungJu.csv,96,13522.467631392046,6219.822265625
697,KBS_ChungJu.csv,97,13524.631125710228,6215.974175347223
698,KBS_ChungJu.csv,98,13522.233203125,6216.100368923611
699,KBS_ChungJu.csv,99,13524.068022017045,6216.729166666667
700,KBS_ChungJu.csv,100,13524.727272727272,6216.717013888889
701,KBS_main.csv,1,12339.423188920455,4815.680230034723
702,KBS_main.csv,2,12326.5328125,4746.07861328125
703,KBS_main.csv,3,12319.633309659092,5008.935872395833
704,KBS_main.csv,4,12312.593359375,4922.627387152777
705,KBS_main.csv,5,12305.175230823863,4776.777886284723
706,KBS_main.csv,6,12304.452219460227,5025.933430989583
707,KBS_main.csv,7,12299.268909801136,4804.932779947917
708,KBS_main.csv,8,12294.598526278409,4951.177191840277
709,KBS_main.csv,9,12291.71063565341,4780.108778211806
710,KBS_main.csv,10,12287.311931818182,4938.202799479167
711,KBS_main.csv,11,12285.264968039774,5171.855088975694
712,KBS_main.csv,12,12282.712251420455,4969.567165798611
713,KBS_main.csv,13,12281.648579545454,5003.938368055556
714,KBS_main.csv,14,12278.719655539773,5051.057508680556
715,KBS_main.csv,15,12278.56328125,5043.010796440973
716,KBS_main.csv,16,12275.686328125,4722.244032118056
717,KBS_main.csv,17,12274.483718039774,5142.535807291667
718,KBS_main.csv,18,12272.632954545454,4792.525227864583
719,KBS_main.csv,19,12272.969868607954,5024.307400173611
720,KBS_main.csv,20,12270.408451704545,5142.562608506944
721,KBS_main.csv,21,12271.669850852273,5016.48583984375
722,KBS_main.csv,22,12269.512269176137,4838.736273871527
723,KBS_main.csv,23,12270.3244140625,4816.974446614583
724,KBS_main.csv,24,12267.025213068182,4970.405381944444
725,KBS_main.csv,25,12266.65713778409,4941.493760850694
726,KBS_main.csv,26,12264.516832386364,4878.827094184027
727,KBS_main.csv,27,12265.309641335227,4860.205512152777
728,KBS_main.csv,28,12264.776473721591,4993.668619791667
729,KBS_main.csv,29,12262.40653409091,4983.762315538194
730,KBS_main.csv,30,12262.146111505683,5013.890190972223
731,KBS_main.csv,31,12262.326402698864,5091.124131944444
732,KBS_main.csv,32,12260.030308948864,4973.517144097223
733,KBS_main.csv,33,12261.290358664774,5125.8173828125
734,KBS_main.csv,34,12259.295632102272,4811.457736545139
735,KBS_main.csv,35,12258.86690340909,4780.192437065973
736,KBS_main.csv,36,12260.311665482954,4892.849500868056
737,KBS_main.csv,37,12257.976455965909,4957.489908854167
738,KBS_main.csv,38,12256.586967329546,4968.52587890625
739,KBS_main.csv,39,12257.327272727272,4869.054796006944
740,KBS_main.csv,40,12256.056960227274,4996.050672743056
741,KBS_main.csv,41,12256.009321732954,4809.151529947917
742,KBS_main.csv,42,12257.634534801136,5120.627712673611
743,KBS_main.csv,43,12256.536505681817,5062.290635850694
744,KBS_main.csv,44,12255.545703125,4918.745388454861
745,KBS_main.csv,45,12256.381906960227,4774.869954427083
746,KBS_main.csv,46,12255.584783380682,4973.923448350694
747,KBS_main.csv,47,12253.947887073864,5225.129503038194
748,KBS_main.csv,48,12255.558860085228,4920.612033420139
749,KBS_main.csv,49,12255.073419744318,4951.382378472223
750,KBS_main.csv,50,12254.269282670455,5054.253363715277
751,KBS_main.csv,51,12253.994193892046,4931.286458333333
752,KBS_main.csv,52,12254.919211647728,4984.793674045139
753,KBS_main.csv,53,12254.063245738636,5021.3720703125
754,KBS_main.csv,54,12253.809765625,5115.365180121527
755,KBS_main.csv,55,12254.139666193181,5029.347547743056
756,KBS_main.csv,56,12253.070472301137,4897.419270833333
757,KBS_main.csv,57,12252.87958096591,4969.222059461806
758,KBS_main.csv,58,12254.04385653409,4936.067003038194
759,KBS_main.csv,59,12253.509197443182,5109.097059461806
760,KBS_main.csv,60,12251.4267578125,4856.006239149306
761,KBS_main.csv,61,12251.587091619318,4940.020887586806
762,KBS_main.csv,62,12250.255628551136,4922.489637586806
763,KBS_main.csv,63,12250.714630681818,4909.923882378473
764,KBS_main.csv,64,12248.579332386364,4923.467176649306
765,KBS_main.csv,65,12248.320933948864,4964.848307291667
766,KBS_main.csv,66,12251.453835227272,5135.803765190973
767,KBS_main.csv,67,12250.836328125,5027.338812934027
768,KBS_main.csv,68,12250.807936789774,5071.150716145833
769,KBS_main.csv,69,12250.728036221592,4882.090060763889
770,KBS_main.csv,70,12251.420720880682,5016.172743055556
771,KBS_main.csv,71,12247.892933238636,5008.332845052083
772,KBS_main.csv,72,12248.644069602273,4975.052788628473
773,KBS_main.csv,73,12249.614115767046,5035.245551215277
774,KBS_main.csv,74,12249.126154119318,5013.965223524306
775,KBS_main.csv,75,12249.694833096592,5008.39501953125
776,KBS_main.csv,76,12249.113547585228,5011.415473090277
777,KBS_main.csv,77,12249.162517755682,4987.182074652777
778,KBS_main.csv,78,12248.475603693181,4986.525553385417
779,KBS_main.csv,79,12249.626171875,4991.695366753473
780,KBS_main.csv,80,12247.555149147727,4942.536404079861
781,KBS_main.csv,81,12250.174183238636,4968.016221788194
782,KBS_main.csv,82,12249.628639914772,4982.123318142361
783,KBS_main.csv,83,12248.345756392046,5001.848958333333
784,KBS_main.csv,84,12248.887233664773,4968.784071180556
785,KBS_main.csv,85,12249.401970880683,4982.010525173611
786,KBS_main.csv,86,12247.319691051136,5012.021538628473
787,KBS_main.csv,87,12247.570170454546,4998.049858940973
788,KBS_main.csv,88,12249.490465198864,4987.918891059027
789,KBS_main.csv,89,12248.37762784091,4969.497667100694
790,KBS_main.csv,90,12245.787588778408,4980.027777777777
791,KBS_main.csv,91,12249.391370738636,4979.959581163194
792,KBS_main.csv,92,12249.161381392045,4989.554144965277
793,KBS_main.csv,93,12249.672709517046,4983.713487413194
794,KBS_main.csv,94,12247.363334517046,4981.274034288194
795,KBS_main.csv,95,12248.894975142046,4984.827962239583
796,KBS_main.csv,96,12249.288884943182,4986.247884114583
797,KBS_main.csv,97,12248.100390625,4987.527560763889
798,KBS_main.csv,98,12247.257688210228,4986.502821180556
799,KBS_main.csv,99,12248.494211647727,4985.788031684027
800,KBS_main.csv,100,12247.485138494318,4984.713541666667
801,SBS.csv,1,12165.728480113636,4986.685221354167
802,SBS.csv,2,12162.610990767045,4892.853352864583
803,SBS.csv,3,12160.26825284091,4680.2568359375
804,SBS.csv,4,12158.177947443182,4734.294867621527
805,SBS.csv,5,12156.915607244318,5013.737684461806
806,SBS.csv,6,12154.733078835226,4906.581271701389
807,SBS.csv,7,12155.716424005683,4952.564127604167
808,SBS.csv,8,12154.510973011364,5119.020941840277
809,SBS.csv,9,12151.705220170454,4949.431694878473
810,SBS.csv,10,12152.773277698863,4950.56103515625
811,SBS.csv,11,12150.127397017046,5006.098687065973
812,SBS.csv,12,12148.950337357954,4906.903211805556
813,SBS.csv,13,12149.671466619318,4752.317437065973
814,SBS.csv,14,12149.692578125,5015.461046006944
815,SBS.csv,15,12149.252663352272,4855.609700520833
816,SBS.csv,16,12148.87704190341,4847.952799479167
817,SBS.csv,17,12148.003959517046,4841.476616753473
818,SBS.csv,18,12146.573277698864,4878.462673611111
819,SBS.csv,19,12148.635564630682,5064.729546440973
820,SBS.csv,20,12146.77372159091,4791.798122829861
821,SBS.csv,21,12145.967276278408,5049.949761284723
822,SBS.csv,22,12146.745081676136,4993.266276041667
823,SBS.csv,23,12144.81827059659,4968.989420572917
824,SBS.csv,24,12145.975177556818,5011.639105902777
825,SBS.csv,25,12145.603107244318,4902.681803385417
826,SBS.csv,26,12145.33719815341,4919.789116753473
827,SBS.csv,27,12143.48407315341,4996.532552083333
828,SBS.csv,28,12143.078053977273,4931.586534288194
829,SBS.csv,29,12144.793909801136,4837.423882378473
830,SBS.csv,30,12143.178675426136,4832.491427951389
831,SBS.csv,31,12142.532439630682,4890.063368055556
832,SBS.csv,32,12142.232457386364,5000.393012152777
833,SBS.csv,33,12141.978125,4918.877224392361
834,SBS.csv,34,12140.315003551137,4872.219292534723
835,SBS.csv,35,12140.828462357955,4798.185329861111
836,SBS.csv,36,12142.563156960226,5112.044921875
837,SBS.csv,37,12139.081427556817,4944.856499565973
838,SBS.csv,38,12140.296715198863,5047.576063368056
839,SBS.csv,39,12138.151349431819,4992.568142361111
840,SBS.csv,40,12138.225,5017.816134982639
841,SBS.csv,41,12136.475248579545,4987.661838107639
842,SBS.csv,42,12137.814683948864,4928.655110677083
843,SBS.csv,43,12137.961079545454,4949.119357638889
844,SBS.csv,44,12137.400177556818,4945.383951822917
845,SBS.csv,45,12137.14385653409,4931.544650607639
846,SBS.csv,46,12135.29170809659,4977.705674913194
847,SBS.csv,47,12136.420419034092,4983.232693142361
848,SBS.csv,48,12134.602308238636,4812.601616753473
849,SBS.csv,49,12135.267169744318,4978.653266059027
850,SBS.csv,50,12133.9986328125,4932.752495659723
851,SBS.csv,51,12134.53426846591,4882.403049045139
852,SBS.csv,52,12133.9068359375,5028.663031684027
853,SBS.csv,53,12133.615216619319,4832.949598524306
854,SBS.csv,54,12135.798881392046,5050.209201388889
855,SBS.csv,55,12133.848384232955,4995.037055121527
856,SBS.csv,56,12132.357421875,4888.064344618056
857,SBS.csv,57,12133.394318181818,4896.737575954861
858,SBS.csv,58,12131.801438210226,4843.046061197917
859,SBS.csv,59,12133.175656960228,4884.608127170139
860,SBS.csv,60,12132.289240056818,4982.451877170139
861,SBS.csv,61,12132.437837357955,5002.378309461806
862,SBS.csv,62,12131.341743607954,4914.794704861111
863,SBS.csv,63,12133.863387784091,5059.913953993056
864,SBS.csv,64,12130.20731534091,4903.138346354167
865,SBS.csv,65,12134.027610085228,4991.760145399306
866,SBS.csv,66,12132.05078125,4976.198404947917
867,SBS.csv,67,12132.892223011364,4875.653374565973
868,SBS.csv,68,12132.779847301137,4881.683648003473
869,SBS.csv,69,12131.022230113636,4951.163248697917
870,SBS.csv,70,12131.851402698863,4954.130425347223
871,SBS.csv,71,12132.282457386364,4982.005154079861
872,SBS.csv,72,12130.063707386364,4997.515245225694
873,SBS.csv,73,12131.318821022727,4962.5087890625
874,SBS.csv,74,12130.170951704546,4949.07080078125
875,SBS.csv,75,12129.491424005682,4983.190755208333
876,SBS.csv,76,12131.516424005682,4959.06494140625
877,SBS.csv,77,12132.014115767046,4954.712239583333
878,SBS.csv,78,12128.778444602272,4995.464301215277
879,SBS.csv,79,12129.501882102273,4914.492621527777
880,SBS.csv,80,12130.988707386363,4943.257975260417
881,SBS.csv,81,12132.257475142045,4909.115342881944
882,SBS.csv,82,12130.67997159091,4943.110297309027
883,SBS.csv,83,12130.270578835227,4971.304904513889
884,SBS.csv,84,12129.376047585227,4965.738498263889
885,SBS.csv,85,12128.886399147726,4955.919487847223
886,SBS.csv,86,12129.481764914774,4975.347764756944
887,SBS.csv,87,12132.56475497159,4973.823404947917
888,SBS.csv,88,12131.9794921875,4977.599175347223
889,SBS.csv,89,12128.973295454545,4962.226182725694
890,SBS.csv,90,12130.69403409091,4947.581325954861
891,SBS.csv,91,12130.069939630683,4936.603624131944
892,SBS.csv,92,12130.0314453125,4951.961588541667
893,SBS.csv,93,12129.023774857955,4959.249782986111
894,SBS.csv,94,12130.623668323864,4962.203776041667
895,SBS.csv,95,12129.9240234375,4957.374728732639
896,SBS.csv,96,12129.104456676136,4958.548611111111
897,SBS.csv,97,12129.278497869318,4960.908094618056
898,SBS.csv,98,12130.488813920454,4962.155978732639
899,SBS.csv,99,12129.015447443182,4961.532172309027
900,SBS.csv,100,12130.7099609375,4959.665852864583
901,MBC_sa.csv,1,12467.878125,5206.353732638889
902,MBC_sa.csv,2,12463.776793323863,5290.033854166667
903,MBC_sa.csv,3,12466.648597301137,5335.734266493056
904,MBC_sa.csv,4,12462.817134232955,5195.67919921875
905,MBC_sa.csv,5,12465.711843039773,5390.387641059027
906,MBC_sa.csv,6,12463.803338068183,5016.506401909723
907,MBC_sa.csv,7,12464.748366477274,5382.76171875
908,MBC_sa.csv,8,12462.613938210226,5235.629665798611
909,MBC_sa.csv,9,12460.94930752841,5347.611436631944
910,MBC_sa.csv,10,12461.814133522726,5398.425564236111
911,MBC_sa.csv,11,12464.143004261363,5100.898111979167
912,MBC_sa.csv,12,12460.748863636363,5074.303819444444
913,MBC_sa.csv,13,12460.221502130682,5241.200575086806
914,MBC_sa.csv,14,12458.2158203125,5272.417805989583
915,MBC_sa.csv,15,12459.493678977273,5417.448513454861
916,MBC_sa.csv,16,12460.489435369318,5082.681260850694
917,MBC_sa.csv,17,12457.98604403409,5222.979926215277
918,MBC_sa.csv,18,12456.586683238636,5162.020345052083
919,MBC_sa.csv,19,12456.420276988636,5232.003797743056
920,MBC_sa.csv,20,12456.001633522726,5282.416232638889
921,MBC_sa.csv,21,12456.990855823864,5354.275336371527
922,MBC_sa.csv,22,12458.037535511363,5195.97412109375
923,MBC_sa.csv,23,12457.820294744319,5310.097764756944
924,MBC_sa.csv,24,12453.153924005683,5338.823459201389
925,MBC_sa.csv,25,12453.833806818182,5196.87158203125
926,MBC_sa.csv,26,12454.905095880682,5237.810655381944
927,MBC_sa.csv,27,12455.772336647728,5177.862847222223
928,MBC_sa.csv,28,12454.478888494317,5197.693413628473
929,MBC_sa.csv,29,12454.14852627841,5298.138563368056
930,MBC_sa.csv,30,12452.811399147728,5208.399848090277
931,MBC_sa.csv,31,12454.561789772728,5494.720486111111
932,MBC_sa.csv,32,12453.136772017046,5232.509548611111
933,MBC_sa.csv,33,12452.463760653409,5277.066514756944
934,MBC_sa.csv,34,12451.307634943181,5213.801215277777
935,MBC_sa.csv,35,12450.60030184659,5319.608181423611
936,MBC_sa.csv,36,12451.368306107954,5286.8671875
937,MBC_sa.csv,37,12451.50399502841,5179.809353298611
938,MBC_sa.csv,38,12450.377982954546,5223.808213975694
939,MBC_sa.csv,39,12452.857350852273,5058.390950520833
940,MBC_sa.csv,40,12450.515394176136,5332.285807291667
941,MBC_sa.csv,41,12450.211700994318,5224.798177083333
942,MBC_sa.csv,42,12449.365731534092,5328.39404296875
943,MBC_sa.csv,43,12447.793359375,5262.167100694444
944,MBC_sa.csv,44,12449.471537642046,5005.865180121527
945,MBC_sa.csv,45,12448.938547585227,5292.511176215277
946,MBC_sa.csv,46,12450.861221590909,5168.025444878473
947,MBC_sa.csv,47,12446.995365767045,5334.856825086806
948,MBC_sa.csv,48,12448.300799005681,5241.131239149306
949,MBC_sa.csv,49,12446.603125,5286.039713541667
950,MBC_sa.csv,50,12447.819389204546,5277.409939236111
951,MBC_sa.csv,51,12448.1044921875,5159.123318142361
952,MBC_sa.csv,52,12447.473011363636,5330.37451171875
953,MBC_sa.csv,53,12444.013245738637,5139.833604600694
954,MBC_sa.csv,54,12445.786257102272,5245.999240451389
955,MBC_sa.csv,55,12444.0326171875,5327.159939236111
956,MBC_sa.csv,56,12444.3384765625,5308.288953993056
957,MBC_sa.csv,57,12443.997478693182,5229.828396267361
958,MBC_sa.csv,58,12445.84891690341,5306.431206597223
959,MBC_sa.csv,59,12444.81612215909,5330.847764756944
960,MBC_sa.csv,60,12446.892045454546,5263.000813802083
961,MBC_sa.csv,61,12443.7548828125,5166.793077256944
962,MBC_sa.csv,62,12446.782368607954,5242.557834201389
963,MBC_sa.csv,63,12444.230326704546,5243.565538194444
964,MBC_sa.csv,64,12444.032741477273,5439.316460503473
965,MBC_sa.csv,65,12444.239985795455,5222.118760850694
966,MBC_sa.csv,66,12444.119495738636,5291.693088107639
967,MBC_sa.csv,67,12441.904811789773,5201.364529079861
968,MBC_sa.csv,68,12444.693430397727,5257.173448350694
969,MBC_sa.csv,69,12447.183771306818,5312.130425347223
970,MBC_sa.csv,70,12441.488334517046,5220.624620225694
971,MBC_sa.csv,71,12443.627503551137,5240.933159722223
972,MBC_sa.csv,72,12443.332936789773,5301.882432725694
973,MBC_sa.csv,73,12444.1974609375,5343.5224609375
974,MBC_sa.csv,74,12441.470862926137,5223.156846788194
975,MBC_sa.csv,75,12444.204225852272,5327.509331597223
976,MBC_sa.csv,76,12443.387588778409,5270.454535590277
977,MBC_sa.csv,77,12441.100568181819,5212.951497395833
978,MBC_sa.csv,78,12446.014399857955,5265.104275173611
979,MBC_sa.csv,79,12443.7728515625,5286.426323784723
980,MBC_sa.csv,80,12442.39266690341,5281.490451388889
981,MBC_sa.csv,81,12444.815252130682,5260.261501736111
982,MBC_sa.csv,82,12440.393128551137,5278.764377170139
983,MBC_sa.csv,83,12444.854012784092,5274.58447265625
984,MBC_sa.csv,84,12441.152823153408,5285.136773003473
985,MBC_sa.csv,85,12442.280060369318,5271.993598090277
986,MBC_sa.csv,86,12442.432049005682,5262.060980902777
987,MBC_sa.csv,87,12440.59248934659,5286.765570746527
988,MBC_sa.csv,88,12443.062837357955,5275.102756076389
989,MBC_sa.csv,89,12442.374183238637,5285.201117621527
990,MBC_sa.csv,90,12441.563618607954,5275.153754340277
991,MBC_sa.csv,91,12440.0984375,5274.507975260417
992,MBC_sa.csv,92,12442.950088778409,5276.854437934027
993,MBC_sa.csv,93,12444.246999289773,5277.885091145833
994,MBC_sa.csv,94,12442.077965198863,5283.454969618056
995,MBC_sa.csv,95,12441.987801846592,5286.98486328125
996,MBC_sa.csv,96,12442.111381392046,5286.486165364583
997,MBC_sa.csv,97,12443.315891335227,5281.235677083333
998,MBC_sa.csv,98,12443.373916903409,5280.723904079861
999,MBC_sa.csv,99,12441.211097301137,5281.028645833333
1000,MBC_sa.csv,100,12443.00848721591,5280.554524739583
1001,KBS_KangNeung.csv,1,12055.8359375,5263.640679253473
1002,KBS_KangNeung.csv,2,11990.9193359375,5277.759385850694
1003,KBS_KangNeung.csv,3,11973.097159090908,5184.417534722223
1004,KBS_KangNeung.csv,4,11964.884943181818,5273.834418402777
1005,KBS_KangNeung.csv,5,11963.772088068183,5580.18798828125
1006,KBS_KangNeung.csv,6,11960.68329190341,5329.368598090277
1007,KBS_KangNeung.csv,7,11959.84774502841,5398.713541666667
1008,KBS_KangNeung.csv,8,11955.601100852273,5381.685980902777
1009,KBS_KangNeung.csv,9,11958.848899147728,5339.595920138889
1010,KBS_KangNeung.csv,10,11959.129066051137,5304.402126736111
1011,KBS_KangNeung.csv,11,11954.334037642046,5279.386447482639
1012,KBS_KangNeung.csv,12,11954.43291903409,5308.315375434027
1013,KBS_KangNeung.csv,13,11951.272567471591,5286.887912326389
1014,KBS_KangNeung.csv,14,11951.959978693181,5627.900227864583
1015,KBS_KangNeung.csv,15,11953.292578125,5349.602213541667
1016,KBS_KangNeung.csv,16,11950.385919744318,5260.307888454861
1017,KBS_KangNeung.csv,17,11951.281321022727,5378.240234375
1018,KBS_KangNeung.csv,18,11948.134818892046,5225.567708333333
1019,KBS_KangNeung.csv,19,11949.539559659092,5454.005208333333
1020,KBS_KangNeung.csv,20,11950.360848721592,5350.761773003473
1021,KBS_KangNeung.csv,21,11949.136878551137,5508.016167534723
1022,KBS_KangNeung.csv,22,11948.610724431817,5246.531358506944
1023,KBS_KangNeung.csv,23,11949.043128551137,5460.936197916667
1024,KBS_KangNeung.csv,24,11946.779794034092,5360.857801649306
1025,KBS_KangNeung.csv,25,11951.314026988637,5115.958170572917
1026,KBS_KangNeung.csv,26,11949.519051846592,5443.085503472223
1027,KBS_KangNeung.csv,27,11947.845845170454,5272.809461805556
1028,KBS_KangNeung.csv,28,11948.220134943182,5514.983235677083
1029,KBS_KangNeung.csv,29,11949.911328125,5243.238552517361
1030,KBS_KangNeung.csv,30,11947.880610795455,5264.859592013889
1031,KBS_KangNeung.csv,31,11948.603462357954,5500.419162326389
1032,KBS_KangNeung.csv,32,11949.429314630683,5378.131022135417
1033,KBS_KangNeung.csv,33,11949.30594815341,5406.984700520833
1034,KBS_KangNeung.csv,34,11948.203462357955,5369.602810329861
1035,KBS_KangNeung.csv,35,11949.133025568182,5448.687662760417
1036,KBS_KangNeung.csv,36,11949.005628551136,5311.589952256944
1037,KBS_KangNeung.csv,37,11945.088370028408,5414.085666232639
1038,KBS_KangNeung.csv,38,11949.07040127841,5337.504720052083
1039,KBS_KangNeung.csv,39,11947.487553267045,5252.394802517361
1040,KBS_KangNeung.csv,40,11947.790891335228,5399.332356770833
1041,KBS_KangNeung.csv,41,11947.25909090909,5322.361979166667
1042,KBS_KangNeung.csv,42,11951.126615767045,5459.380099826389
1043,KBS_KangNeung.csv,43,11945.989683948863,5339.680826822917
1044,KBS_KangNeung.csv,44,11948.163920454546,5272.779296875
1045,KBS_KangNeung.csv,45,11946.656001420455,5435.822374131944
1046,KBS_KangNeung.csv,46,11946.423987926137,5380.391493055556
1047,KBS_KangNeung.csv,47,11948.351988636363,5375.993109809027
1048,KBS_KangNeung.csv,48,11947.839666193182,5294.108506944444
1049,KBS_KangNeung.csv,49,11946.456676136364,5250.955295138889
1050,KBS_KangNeung.csv,50,11949.700390625,5398.559244791667
1051,KBS_KangNeung.csv,51,11946.249538352273,5353.908637152777
1052,KBS_KangNeung.csv,52,11949.996360085228,5405.414116753473
1053,KBS_KangNeung.csv,53,11946.959375,5400.344672309027
1054,KBS_KangNeung.csv,54,11948.318288352273,5320.82568359375
1055,KBS_KangNeung.csv,55,11947.118022017046,5326.997938368056
1056,KBS_KangNeung.csv,56,11948.707350852274,5217.267469618056
1057,KBS_KangNeung.csv,57,11948.194105113636,5369.614800347223
1058,KBS_KangNeung.csv,58,11946.652397017046,5435.143283420139
1059,KBS_KangNeung.csv,59,11944.855007102273,5292.776963975694
1060,KBS_KangNeung.csv,60,11948.78702059659,5394.894151475694
1061,KBS_KangNeung.csv,61,11942.931001420455,5380.482204861111
1062,KBS_KangNeung.csv,62,11946.546803977273,5329.741861979167
1063,KBS_KangNeung.csv,63,11947.238654119317,5293.441189236111
1064,KBS_KangNeung.csv,64,11947.309303977272,5351.567599826389
1065,KBS_KangNeung.csv,65,11946.690749289774,5259.128092447917
1066,KBS_KangNeung.csv,66,11945.340784801136,5311.319986979167
1067,KBS_KangNeung.csv,67,11945.200443892045,5380.231499565973
1068,KBS_KangNeung.csv,68,11950.570720880682,5356.917371961806
1069,KBS_KangNeung.csv,69,11947.055078125,5369.040418836806
1070,KBS_KangNeung.csv,70,11945.551828835227,5333.770182291667
1071,KBS_KangNeung.csv,71,11947.449822443183,5367.257758246527
1072,KBS_KangNeung.csv,72,11947.187535511364,5249.960123697917
1073,KBS_KangNeung.csv,73,11947.40204190341,5368.070475260417
1074,KBS_KangNeung.csv,74,11945.967134232955,5374.969075520833
1075,KBS_KangNeung.csv,75,11946.516051136363,5421.564778645833
1076,KBS_KangNeung.csv,76,11946.187127130683,5351.481119791667
1077,KBS_KangNeung.csv,77,11945.4447265625,5364.263888888889
1078,KBS_KangNeung.csv,78,11945.39737215909,5279.436197916667
1079,KBS_KangNeung.csv,79,11946.193146306818,5381.223470052083
1080,KBS_KangNeung.csv,80,11947.299964488637,5403.215494791667
1081,KBS_KangNeung.csv,81,11947.010866477272,5368.388237847223
1082,KBS_KangNeung.csv,82,11946.05497159091,5340.147352430556
1083,KBS_KangNeung.csv,83,11947.45907315341,5305.460394965277
1084,KBS_KangNeung.csv,84,11946.859517045454,5389.695475260417
1085,KBS_KangNeung.csv,85,11949.573792613637,5323.734483506944
1086,KBS_KangNeung.csv,86,11945.555291193183,5342.831000434027
1087,KBS_KangNeung.csv,87,11948.213316761363,5329.240017361111
1088,KBS_KangNeung.csv,88,11944.544087357954,5336.944607204861
1089,KBS_KangNeung.csv,89,11945.738121448863,5322.18994140625
1090,KBS_KangNeung.csv,90,11947.126740056818,5348.656684027777
1091,KBS_KangNeung.csv,91,11948.234055397726,5342.411295572917
1092,KBS_KangNeung.csv,92,11947.259623579546,5341.632486979167
1093,KBS_KangNeung.csv,93,11947.428142755682,5339.856770833333
1094,KBS_KangNeung.csv,94,11947.615127840909,5340.944390190973
1095,KBS_KangNeung.csv,95,11946.459730113636,5343.280219184027
1096,KBS_KangNeung.csv,96,11946.045667613636,5343.11669921875
1097,KBS_KangNeung.csv,97,11946.586949573864,5346.726128472223
1098,KBS_KangNeung.csv,98,11948.037091619319,5345.214463975694
1099,KBS_KangNeung.csv,99,11945.813884943182,5344.945258246527
1100,KBS_KangNeung.csv,100,11947.357049005683,5345.334038628473
1101,MBC_KangNeung.csv,1,11521.410955255682,4859.166286892361
1102,MBC_KangNeung.csv,2,11521.047816051136,5017.520941840277
1103,MBC_KangNeung.csv,3,11521.017613636364,4530.334689670139
1104,MBC_KangNeung.csv,4,11519.839825994319,4927.944769965277
1105,MBC_KangNeung.csv,5,11520.18721590909,4849.667534722223
1106,MBC_KangNeung.csv,6,11518.565642755682,4854.307508680556
1107,MBC_KangNeung.csv,7,11518.802290482954,4624.654839409723
1108,MBC_KangNeung.csv,8,11523.82157315341,4861.9296875
1109,MBC_KangNeung.csv,9,11520.148686079545,4586.796929253473
1110,MBC_KangNeung.csv,10,11520.463760653409,4756.724066840277
1111,MBC_KangNeung.csv,11,11518.879332386363,4867.503960503473
1112,MBC_KangNeung.csv,12,11516.627166193182,4850.7939453125
1113,MBC_KangNeung.csv,13,11517.985404829546,4844.708441840277
1114,MBC_KangNeung.csv,14,11518.518359375,4803.72216796875
1115,MBC_KangNeung.csv,15,11520.680131392046,4930.807942708333
1116,MBC_KangNeung.csv,16,11520.086736505682,4890.711100260417
1117,MBC_KangNeung.csv,17,11518.436772017045,4801.0224609375
1118,MBC_KangNeung.csv,18,11519.313796164774,4848.810980902777
1119,MBC_KangNeung.csv,19,11519.648916903408,4704.491970486111
1120,MBC_KangNeung.csv,20,11518.739364346591,4738.917263454861
1121,MBC_KangNeung.csv,21,11518.638334517045,4597.9375
1122,MBC_KangNeung.csv,22,11517.537162642046,4775.366807725694
1123,MBC_KangNeung.csv,23,11519.265802556818,4851.426649305556
1124,MBC_KangNeung.csv,24,11516.52421875,4726.528537326389
1125,MBC_KangNeung.csv,25,11518.287535511363,4769.637641059027
1126,MBC_KangNeung.csv,26,11518.79912997159,4750.58056640625
1127,MBC_KangNeung.csv,27,11519.48828125,4609.287000868056
1128,MBC_KangNeung.csv,28,11520.003746448863,4742.578667534723
1129,MBC_KangNeung.csv,29,11520.3880859375,4926.439398871527
1130,MBC_KangNeung.csv,30,11517.36299715909,4644.547526041667
1131,MBC_KangNeung.csv,31,11521.766974431817,4947.189832899306
1132,MBC_KangNeung.csv,32,11519.107475142046,4807.1328125
1133,MBC_KangNeung.csv,33,11517.148313210228,4767.500162760417
1134,MBC_KangNeung.csv,34,11519.05557528409,4703.826334635417
1135,MBC_KangNeung.csv,35,11517.266175426137,4749.684244791667
1136,MBC_KangNeung.csv,36,11518.361434659091,4662.355794270833
1137,MBC_KangNeung.csv,37,11520.426136363636,4896.078450520833
1138,MBC_KangNeung.csv,38,11521.121715198864,4852.685384114583
1139,MBC_KangNeung.csv,39,11518.743057528409,4924.435601128473
1140,MBC_KangNeung.csv,40,11519.952574573863,4866.123372395833
1141,MBC_KangNeung.csv,41,11520.476420454546,4817.0009765625
1142,MBC_KangNeung.csv,42,11518.584623579545,4829.700846354167
1143,MBC_KangNeung.csv,43,11518.78153409091,4851.003797743056
1144,MBC_KangNeung.csv,44,11518.335600142045,4963.404296875
1145,MBC_KangNeung.csv,45,11517.219371448864,4886.028157552083
1146,MBC_KangNeung.csv,46,11517.536949573863,4842.421603732639
1147,MBC_KangNeung.csv,47,11519.091033380682,4831.371473524306
1148,MBC_KangNeung.csv,48,11517.083149857954,4781.803819444444
1149,MBC_KangNeung.csv,49,11519.739328835227,4866.252061631944
1150,MBC_KangNeung.csv,50,11518.409889914772,4780.736165364583
1151,MBC_KangNeung.csv,51,11517.554066051136,4987.204698350694
1152,MBC_KangNeung.csv,52,11519.187233664772,4832.77392578125
1153,MBC_KangNeung.csv,53,11518.711008522727,4823.142144097223
1154,MBC_KangNeung.csv,54,11516.831427556817,4844.344509548611
1155,MBC_KangNeung.csv,55,11518.478000710227,4873.795789930556
1156,MBC_KangNeung.csv,56,11516.809002130682,4841.800021701389
1157,MBC_KangNeung.csv,57,11517.473703835227,4751.454264322917
1158,MBC_KangNeung.csv,58,11517.639026988636,4785.972222222223
1159,MBC_KangNeung.csv,59,11517.005610795455,4838.713541666667
1160,MBC_KangNeung.csv,60,11519.112730823863,4851.386013454861
1161,MBC_KangNeung.csv,61,11517.380362215908,4873.217393663194
1162,MBC_KangNeung.csv,62,11519.568199573863,4768.547743055556
1163,MBC_KangNeung.csv,63,11519.9974609375,4852.279405381944
1164,MBC_KangNeung.csv,64,11518.782865767045,4820.470377604167
1165,MBC_KangNeung.csv,65,11518.452414772728,4814.083550347223
1166,MBC_KangNeung.csv,66,11516.236328125,4896.753580729167
1167,MBC_KangNeung.csv,67,11518.781143465909,4809.429796006944
1168,MBC_KangNeung.csv,68,11518.577663352273,4822.831868489583
1169,MBC_KangNeung.csv,69,11520.283718039773,4828.227484809027
1170,MBC_KangNeung.csv,70,11517.708433948863,4777.254231770833
1171,MBC_KangNeung.csv,71,11518.798100142045,4766.786892361111
1172,MBC_KangNeung.csv,72,11517.132936789772,4885.037272135417
1173,MBC_KangNeung.csv,73,11518.107084517045,4828.890787760417
1174,MBC_KangNeung.csv,74,11519.698899147726,4812.04736328125
1175,MBC_KangNeung.csv,75,11519.834446022727,4862.551486545139
1176,MBC_KangNeung.csv,76,11518.759712357954,4841.816134982639
1177,MBC_KangNeung.csv,77,11521.383451704545,4814.55810546875
1178,MBC_KangNeung.csv,78,11517.86202059659,4865.030870225694
1179,MBC_KangNeung.csv,79,11516.718909801137,4807.624782986111
1180,MBC_KangNeung.csv,80,11519.533842329545,4825.750651041667
1181,MBC_KangNeung.csv,81,11517.328480113636,4793.841905381944
1182,MBC_KangNeung.csv,82,11518.415909090909,4837.743055555556
1183,MBC_KangNeung.csv,83,11517.666637073864,4846.265679253473
1184,MBC_KangNeung.csv,84,11515.985529119318,4832.732204861111
1185,MBC_KangNeung.csv,85,11518.49921875,4829.817165798611
1186,MBC_KangNeung.csv,86,11516.464275568182,4829.94482421875
1187,MBC_KangNeung.csv,87,11518.081232244318,4857.685763888889
1188,MBC_KangNeung.csv,88,11517.493093039773,4826.943793402777
1189,MBC_KangNeung.csv,89,11515.385369318183,4811.607313368056
1190,MBC_KangNeung.csv,90,11516.830504261363,4802.549750434027
1191,MBC_KangNeung.csv,91,11516.438583096591,4801.035373263889
1192,MBC_KangNeung.csv,92,11517.897247869318,4808.62841796875
1193,MBC_KangNeung.csv,93,11516.94696377841,4814.418131510417
1194,MBC_KangNeung.csv,94,11520.53311434659,4820.706163194444
1195,MBC_KangNeung.csv,95,11519.342631392046,4822.8759765625
1196,MBC_KangNeung.csv,96,11518.635706676136,4824.816514756944
1197,MBC_KangNeung.csv,97,11517.521253551136,4824.801920572917
1198,MBC_KangNeung.csv,98,11518.371466619317,4824.319118923611
1199,MBC_KangNeung.csv,99,11517.985511363637,4825.194064670139
1200,MBC_KangNeung.csv,100,11519.075994318182,4824.638346354167
1201,TBN_DaeGu.csv,1,13127.866317471591,5779.459581163194
1202,TBN_DaeGu.csv,2,13099.411629971592,5655.476019965277
1203,TBN_DaeGu.csv,3,13077.3619140625,5842.439670138889
1204,TBN_DaeGu.csv,4,13065.096573153409,5674.608235677083
1205,TBN_DaeGu.csv,5,13063.437642045454,5704.837999131944
1206,TBN_DaeGu.csv,6,13055.461594460226,5837.786241319444
1207,TBN_DaeGu.csv,7,13054.731977982954,5597.325575086806
1208,TBN_DaeGu.csv,8,13053.121644176137,5665.120225694444
1209,TBN_DaeGu.csv,9,13054.349200994318,5720.148817274306
1210,TBN_DaeGu.csv,10,13051.376598011364,5594.531467013889
1211,TBN_DaeGu.csv,11,13051.723384232955,5708.181911892361
1212,TBN_DaeGu.csv,12,13052.29765625,5689.229654947917
1213,TBN_DaeGu.csv,13,13049.419264914774,5607.344835069444
1214,TBN_DaeGu.csv,14,13048.376047585227,5674.150065104167
1215,TBN_DaeGu.csv,15,13048.799698153409,5720.34130859375
1216,TBN_DaeGu.csv,16,13053.072816051137,6032.236545138889
1217,TBN_DaeGu.csv,17,13052.417826704546,5649.040907118056
1218,TBN_DaeGu.csv,18,13048.288458806817,5745.047417534723
1219,TBN_DaeGu.csv,19,13049.046999289772,5439.0712890625
1220,TBN_DaeGu.csv,20,13047.988547585228,5700.6728515625
1221,TBN_DaeGu.csv,21,13047.350426136363,5706.674153645833
1222,TBN_DaeGu.csv,22,13049.537357954545,5874.4140625
1223,TBN_DaeGu.csv,23,13046.198348721591,5486.731608072917
1224,TBN_DaeGu.csv,24,13047.231214488636,5548.782280815973
1225,TBN_DaeGu.csv,25,13051.007776988636,5690.39013671875
1226,TBN_DaeGu.csv,26,13047.54911221591,5744.578342013889
1227,TBN_DaeGu.csv,27,13048.504989346591,5675.842393663194
1228,TBN_DaeGu.csv,28,13047.065305397728,5725.089898003473
1229,TBN_DaeGu.csv,29,13047.420951704546,5747.737358940973
1230,TBN_DaeGu.csv,30,13046.740216619319,5858.170789930556
1231,TBN_DaeGu.csv,31,13045.513529829546,5712.915635850694
1232,TBN_DaeGu.csv,32,13046.3373046875,5543.722330729167
1233,TBN_DaeGu.csv,33,13047.971200284092,5680.486924913194
1234,TBN_DaeGu.csv,34,13047.107546164772,5935.818467881944
1235,TBN_DaeGu.csv,35,13047.082954545454,5806.7861328125
1236,TBN_DaeGu.csv,36,13045.410280539772,5611.58203125
1237,TBN_DaeGu.csv,37,13045.750337357955,5692.303005642361
1238,TBN_DaeGu.csv,38,13046.413654119318,5783.49267578125
1239,TBN_DaeGu.csv,39,13044.629829545454,5699.690049913194
1240,TBN_DaeGu.csv,40,13046.843963068182,5675.027886284723
1241,TBN_DaeGu.csv,41,13048.6482421875,5717.058539496527
1242,TBN_DaeGu.csv,42,13048.128178267045,5788.18359375
1243,TBN_DaeGu.csv,43,13045.72979403409,5709.541883680556
1244,TBN_DaeGu.csv,44,13044.020276988636,5615.207573784723
1245,TBN_DaeGu.csv,45,13046.383558238636,5709.03564453125
1246,TBN_DaeGu.csv,46,13045.0173828125,5860.245876736111
1247,TBN_DaeGu.csv,47,13045.383043323864,5650.98095703125
1248,TBN_DaeGu.csv,48,13043.706409801136,5646.499348958333
1249,TBN_DaeGu.csv,49,13044.965287642046,5697.025444878473
1250,TBN_DaeGu.csv,50,13047.59286221591,5871.1083984375
1251,TBN_DaeGu.csv,51,13048.072745028408,5856.076063368056
1252,TBN_DaeGu.csv,52,13045.926598011363,5647.619357638889
1253,TBN_DaeGu.csv,53,13045.403639914774,5787.266330295139
1254,TBN_DaeGu.csv,54,13045.667933238636,5651.945421006944
1255,TBN_DaeGu.csv,55,13046.169211647728,5709.401421440973
1256,TBN_DaeGu.csv,56,13044.822141335228,5690.084906684027
1257,TBN_DaeGu.csv,57,13043.579545454546,5723.891493055556
1258,TBN_DaeGu.csv,58,13045.429456676136,5821.890082465277
1259,TBN_DaeGu.csv,59,13045.746040482954,5780.886773003473
1260,TBN_DaeGu.csv,60,13047.944460227272,5742.880099826389
1261,TBN_DaeGu.csv,61,13047.001083096591,5828.132378472223
1262,TBN_DaeGu.csv,62,13046.32333096591,5856.277506510417
1263,TBN_DaeGu.csv,63,13046.556409801136,5714.460774739583
1264,TBN_DaeGu.csv,64,13045.3541015625,5664.393229166667
1265,TBN_DaeGu.csv,65,13045.247052556819,5698.539008246527
1266,TBN_DaeGu.csv,66,13043.230983664773,5754.0859375
1267,TBN_DaeGu.csv,67,13046.0861328125,5789.555989583333
1268,TBN_DaeGu.csv,68,13044.805326704545,5756.083387586806
1269,TBN_DaeGu.csv,69,13044.452379261364,5778.023383246527
1270,TBN_DaeGu.csv,70,13044.299840198864,5699.871636284723
1271,TBN_DaeGu.csv,71,13045.211505681818,5645.603786892361
1272,TBN_DaeGu.csv,72,13046.326669034092,5666.1865234375
1273,TBN_DaeGu.csv,73,13043.677272727273,5714.425455729167
1274,TBN_DaeGu.csv,74,13047.141122159092,5764.6474609375
1275,TBN_DaeGu.csv,75,13044.978036221592,5744.0146484375
1276,TBN_DaeGu.csv,76,13046.464790482954,5750.210015190973
1277,TBN_DaeGu.csv,77,13044.689612926137,5749.146375868056
1278,TBN_DaeGu.csv,78,13045.169708806818,5730.293402777777
1279,TBN_DaeGu.csv,79,13045.745880681818,5707.919270833333
1280,TBN_DaeGu.csv,80,13045.421484375,5771.486545138889
1281,TBN_DaeGu.csv,81,13044.367205255681,5706.944661458333
1282,TBN_DaeGu.csv,82,13044.780912642045,5729.140353732639
1283,TBN_DaeGu.csv,83,13046.824325284091,5726.879448784723
1284,TBN_DaeGu.csv,84,13042.801775568181,5736.403591579861
1285,TBN_DaeGu.csv,85,13045.974538352273,5737.097222222223
1286,TBN_DaeGu.csv,86,13044.441299715909,5740.029568142361
1287,TBN_DaeGu.csv,87,13043.08036221591,5732.503472222223
1288,TBN_DaeGu.csv,88,13043.593004261364,5745.771321614583
1289,TBN_DaeGu.csv,89,13046.901864346592,5743.973361545139
1290,TBN_DaeGu.csv,90,13045.655450994318,5751.184950086806
1291,TBN_DaeGu.csv,91,13048.174964488637,5731.079427083333
1292,TBN_DaeGu.csv,92,13045.795756392046,5726.665690104167
1293,TBN_DaeGu.csv,93,13045.603746448864,5731.462565104167
1294,TBN_DaeGu.csv,94,13046.944886363637,5727.088650173611
1295,TBN_DaeGu.csv,95,13043.453249289772,5733.025444878473
1296,TBN_DaeGu.csv,96,13045.618927556818,5730.893012152777
1297,TBN_DaeGu.csv,97,13044.9990234375,5732.78369140625
1298,TBN_DaeGu.csv,98,13044.7359375,5732.616048177083
1299,TBN_DaeGu.csv,99,13042.910049715909,5734.640842013889
1300,TBN_DaeGu.csv,100,13042.856374289773,5733.799696180556
1301,TBC_DaeGu.csv,1,13211.455735085226,6080.226508246527
1302,TBC_DaeGu.csv,2,13211.794975142046,5794.774685329861
1303,TBC_DaeGu.csv,3,13209.303639914773,5761.102430555556
1304,TBC_DaeGu.csv,4,13210.463725142046,5748.802734375
1305,TBC_DaeGu.csv,5,13208.6166015625,6093.09716796875
1306,TBC_DaeGu.csv,6,13207.973419744318,5899.721082899306
1307,TBC_DaeGu.csv,7,13204.974840198864,6021.329481336806
1308,TBC_DaeGu.csv,8,13206.93428622159,5748.483018663194
1309,TBC_DaeGu.csv,9,13206.297230113636,6003.420789930556
1310,TBC_DaeGu.csv,10,13205.814382102273,5885.722927517361
1311,TBC_DaeGu.csv,11,13205.7033203125,5917.709689670139
1312,TBC_DaeGu.csv,12,13206.457066761364,5787.006401909723
1313,TBC_DaeGu.csv,13,13209.246892755682,5804.532280815973
1314,TBC_DaeGu.csv,14,13206.014222301137,6048.069227430556
1315,TBC_DaeGu.csv,15,13206.532972301136,6167.016276041667
1316,TBC_DaeGu.csv,16,13208.878426846592,5783.966742621527
1317,TBC_DaeGu.csv,17,13205.746253551137,5826.895670572917
1318,TBC_DaeGu.csv,18,13207.817400568181,5790.505316840277
1319,TBC_DaeGu.csv,19,13206.263405539772,6021.296006944444
1320,TBC_DaeGu.csv,20,13206.012162642046,6078.452745225694
1321,TBC_DaeGu.csv,21,13203.018661221591,5871.256510416667
1322,TBC_DaeGu.csv,22,13203.883167613636,5856.494574652777
1323,TBC_DaeGu.csv,23,13204.664666193183,5781.5576171875
1324,TBC_DaeGu.csv,24,13207.252894176136,6130.045355902777
1325,TBC_DaeGu.csv,25,13205.510884232954,6050.645453559027
1326,TBC_DaeGu.csv,26,13207.679651988636,5886.8134765625
1327,TBC_DaeGu.csv,27,13206.203888494318,5896.038140190973
1328,TBC_DaeGu.csv,28,13207.025159801136,5822.656521267361
1329,TBC_DaeGu.csv,29,13205.756729403409,5970.671169704861
1330,TBC_DaeGu.csv,30,13205.29403409091,5986.328179253473
1331,TBC_DaeGu.csv,31,13206.7392578125,5983.2978515625
1332,TBC_DaeGu.csv,32,13207.642009943182,6011.794325086806
1333,TBC_DaeGu.csv,33,13205.238796164773,6001.036783854167
1334,TBC_DaeGu.csv,34,13204.826793323864,5894.960232204861
1335,TBC_DaeGu.csv,35,13204.152734375,5772.570963541667
1336,TBC_DaeGu.csv,36,13206.955450994317,5784.899631076389
1337,TBC_DaeGu.csv,37,13207.074236505681,5792.532931857639
1338,TBC_DaeGu.csv,38,13204.684108664773,5898.096516927083
1339,TBC_DaeGu.csv,39,13207.312659801137,5889.948621961806
1340,TBC_DaeGu.csv,40,13206.838725142046,6071.454427083333
1341,TBC_DaeGu.csv,41,13203.278355823864,5988.511067708333
1342,TBC_DaeGu.csv,42,13207.063813920455,5728.079372829861
1343,TBC_DaeGu.csv,43,13208.433540482954,5993.263617621527
1344,TBC_DaeGu.csv,44,13203.802876420454,5943.970377604167
1345,TBC_DaeGu.csv,45,13205.842294034092,5933.033582899306
1346,TBC_DaeGu.csv,46,13204.713494318183,5777.49658203125
1347,TBC_DaeGu.csv,47,13206.274307528409,5849.716634114583
1348,TBC_DaeGu.csv,48,13205.959215198864,5992.255316840277
1349,TBC_DaeGu.csv,49,13202.901171875,5944.735731336806
1350,TBC_DaeGu.csv,50,13205.498064630681,5868.757975260417
1351,TBC_DaeGu.csv,51,13204.638050426136,5934.541720920139
1352,TBC_DaeGu.csv,52,13205.473011363636,5954.414279513889
1353,TBC_DaeGu.csv,53,13206.09893465909,6005.01416015625
1354,TBC_DaeGu.csv,54,13205.328728693183,5954.684787326389
1355,TBC_DaeGu.csv,55,13204.230788352274,5922.778483072917
1356,TBC_DaeGu.csv,56,13206.163955965909,5930.050564236111
1357,TBC_DaeGu.csv,57,13205.740216619319,6020.402018229167
1358,TBC_DaeGu.csv,58,13204.488405539772,6067.744140625
1359,TBC_DaeGu.csv,59,13204.565802556817,5934.753797743056
1360,TBC_DaeGu.csv,60,13208.41962002841,5951.022894965277
1361,TBC_DaeGu.csv,61,13202.576686789773,6017.813856336806
1362,TBC_DaeGu.csv,62,13204.803302556818,6049.680501302083
1363,TBC_DaeGu.csv,63,13203.92782315341,5961.286729600694
1364,TBC_DaeGu.csv,64,13205.620649857954,6027.938802083333
1365,TBC_DaeGu.csv,65,13206.546129261364,5932.621310763889
1366,TBC_DaeGu.csv,66,13204.800337357954,5984.537217881944
1367,TBC_DaeGu.csv,67,13203.328639914773,5959.089084201389
1368,TBC_DaeGu.csv,68,13205.147478693181,6007.093641493056
1369,TBC_DaeGu.csv,69,13205.646022727273,5940.820203993056
1370,TBC_DaeGu.csv,70,13205.048579545455,5910.939832899306
1371,TBC_DaeGu.csv,71,13204.131942471591,6012.318142361111
1372,TBC_DaeGu.csv,72,13205.383309659092,5916.090711805556
1373,TBC_DaeGu.csv,73,13203.73233309659,5912.418891059027
1374,TBC_DaeGu.csv,74,13202.420259232955,5943.431477864583
1375,TBC_DaeGu.csv,75,13201.081605113637,5923.322265625
1376,TBC_DaeGu.csv,76,13203.781640625,5984.201388888889
1377,TBC_DaeGu.csv,77,13203.5435546875,5881.986056857639
1378,TBC_DaeGu.csv,78,13203.941796875,5967.338487413194
1379,TBC_DaeGu.csv,79,13205.284232954546,5918.917317708333
1380,TBC_DaeGu.csv,80,13204.600177556818,5977.792805989583
1381,TBC_DaeGu.csv,81,13205.690607244318,5968.6806640625
1382,TBC_DaeGu.csv,82,13201.881125710228,5933.317545572917
1383,TBC_DaeGu.csv,83,13203.407368607954,5898.121365017361
1384,TBC_DaeGu.csv,84,13202.76083096591,5938.546603732639
1385,TBC_DaeGu.csv,85,13205.918341619317,5902.850314670139
1386,TBC_DaeGu.csv,86,13203.120134943181,5928.020670572917
1387,TBC_DaeGu.csv,87,13206.45546875,5953.512044270833
1388,TBC_DaeGu.csv,88,13202.940482954546,5916.440646701389
1389,TBC_DaeGu.csv,89,13205.048117897728,5913.2529296875
1390,TBC_DaeGu.csv,90,13204.749165482954,5938.511827256944
1391,TBC_DaeGu.csv,91,13201.346324573864,5944.559516059027
1392,TBC_DaeGu.csv,92,13206.790003551136,5920.393120659723
1393,TBC_DaeGu.csv,93,13204.8611328125,5938.410047743056
1394,TBC_DaeGu.csv,94,13203.309801136364,5937.456108940973
1395,TBC_DaeGu.csv,95,13203.727592329546,5944.539930555556
1396,TBC_DaeGu.csv,96,13203.664399857955,5939.967122395833
1397,TBC_DaeGu.csv,97,13203.152787642046,5941.604600694444
1398,TBC_DaeGu.csv,98,13205.240678267046,5940.90478515625
1399,TBC_DaeGu.csv,99,13204.009108664774,5940.114583333333
1400,TBC_DaeGu.csv,100,13202.891459517046,5940.131184895833
1401,JeonJu_Radio.csv,1,12717.498490767046,5396.508951822917
1402,JeonJu_Radio.csv,2,12713.223171164773,5565.332845052083
1403,JeonJu_Radio.csv,3,12710.16278409091,5461.682834201389
1404,JeonJu_Radio.csv,4,12706.167365056817,5333.956922743056
1405,JeonJu_Radio.csv,5,12706.0865234375,5374.886555989583
1406,JeonJu_Radio.csv,6,12704.59405184659,5246.697374131944
1407,JeonJu_Radio.csv,7,12699.548899147727,5510.840766059027
1408,JeonJu_Radio.csv,8,12698.284286221591,5565.726508246527
1409,JeonJu_Radio.csv,9,12698.7669921875,5407.785373263889
1410,JeonJu_Radio.csv,10,12694.92666903409,5501.286404079861
1411,JeonJu_Radio.csv,11,12693.023828125,5271.118272569444
1412,JeonJu_Radio.csv,12,12691.848597301136,5665.114908854167
1413,JeonJu_Radio.csv,13,12692.598490767046,5253.744194878473
1414,JeonJu_Radio.csv,14,12691.005522017045,5497.732150607639
1415,JeonJu_Radio.csv,15,12694.061754261364,5211.172037760417
1416,JeonJu_Radio.csv,16,12688.458025568181,5310.01123046875
1417,JeonJu_Radio.csv,17,12691.315092329545,5318.43310546875
1418,JeonJu_Radio.csv,18,12689.133806818181,5356.685601128473
1419,JeonJu_Radio.csv,19,12687.156889204545,5449.627332899306
1420,JeonJu_Radio.csv,20,12685.470649857954,5481.88427734375
1421,JeonJu_Radio.csv,21,12685.180983664774,5028.344129774306
1422,JeonJu_Radio.csv,22,12689.631303267046,5438.627170138889
1423,JeonJu_Radio.csv,23,12683.748774857955,5358.806206597223
1424,JeonJu_Radio.csv,24,12683.592009943182,5327.833387586806
1425,JeonJu_Radio.csv,25,12686.879723011363,5178.578233506944
1426,JeonJu_Radio.csv,26,12683.132581676136,5146.901692708333
1427,JeonJu_Radio.csv,27,12684.2212890625,5332.970757378473
1428,JeonJu_Radio.csv,28,12685.554527698863,5023.961805555556
1429,JeonJu_Radio.csv,29,12682.8033203125,5412.196723090277
1430,JeonJu_Radio.csv,30,12681.8427734375,5453.834038628473
1431,JeonJu_Radio.csv,31,12681.491814630683,5345.034993489583
1432,JeonJu_Radio.csv,32,12682.449822443183,5336.405978732639
1433,JeonJu_Radio.csv,33,12681.600035511363,5485.751898871527
1434,JeonJu_Radio.csv,34,12677.941352982954,5443.628038194444
1435,JeonJu_Radio.csv,35,12680.488387784091,5426.739420572917
1436,JeonJu_Radio.csv,36,12680.422674005682,5321.385470920139
1437,JeonJu_Radio.csv,37,12679.762180397727,5239.084581163194
1438,JeonJu_Radio.csv,38,12680.474378551136,5396.679036458333
1439,JeonJu_Radio.csv,39,12678.9900390625,5433.157552083333
1440,JeonJu_Radio.csv,40,12679.004261363636,5338.893391927083
1441,JeonJu_Radio.csv,41,12678.241938920455,5278.650336371527
1442,JeonJu_Radio.csv,42,12679.023792613636,5413.289930555556
1443,JeonJu_Radio.csv,43,12677.882297585227,5454.205512152777
1444,JeonJu_Radio.csv,44,12680.463032670454,5327.416232638889
1445,JeonJu_Radio.csv,45,12677.353249289772,5473.513237847223
1446,JeonJu_Radio.csv,46,12677.521324573863,5391.467339409723
1447,JeonJu_Radio.csv,47,12677.943714488636,5455.025933159723
1448,JeonJu_Radio.csv,48,12679.24921875,5487.51123046875
1449,JeonJu_Radio.csv,49,12679.003835227273,5374.810926649306
1450,JeonJu_Radio.csv,50,12677.552166193182,5401.574273003473
1451,JeonJu_Radio.csv,51,12677.475994318182,5419.653049045139
1452,JeonJu_Radio.csv,52,12675.656107954546,5296.523708767361
1453,JeonJu_Radio.csv,53,12677.808718039772,5339.163519965277
1454,JeonJu_Radio.csv,54,12676.759943181818,5344.608778211806
1455,JeonJu_Radio.csv,55,12679.333061079546,5273.89599609375
1456,JeonJu_Radio.csv,56,12677.392347301136,5426.388780381944
1457,JeonJu_Radio.csv,57,12675.8248046875,5362.116644965277
1458,JeonJu_Radio.csv,58,12678.913636363637,5447.041829427083
1459,JeonJu_Radio.csv,59,12676.320365767046,5336.2646484375
1460,JeonJu_Radio.csv,60,12676.3931640625,5474.091254340277
1461,JeonJu_Radio.csv,61,12675.939382102273,5422.264702690973
1462,JeonJu_Radio.csv,62,12676.536629971592,5378.038411458333
1463,JeonJu_Radio.csv,63,12676.408256392046,5329.852105034723
1464,JeonJu_Radio.csv,64,12675.900355113636,5389.766764322917
1465,JeonJu_Radio.csv,65,12677.4873046875,5461.758463541667
1466,JeonJu_Radio.csv,66,12677.823810369318,5324.312282986111
1467,JeonJu_Radio.csv,67,12678.175941051137,5435.854275173611
1468,JeonJu_Radio.csv,68,12675.564098011364,5350.626790364583
1469,JeonJu_Radio.csv,69,12677.021484375,5405.990125868056
1470,JeonJu_Radio.csv,70,12677.051686789773,5421.714789496527
1471,JeonJu_Radio.csv,71,12676.590163352274,5331.725531684027
1472,JeonJu_Radio.csv,72,12678.500266335228,5384.137315538194
1473,JeonJu_Radio.csv,73,12675.056285511364,5405.457682291667
1474,JeonJu_Radio.csv,74,12677.825372869318,5359.378200954861
1475,JeonJu_Radio.csv,75,12676.688156960226,5442.233235677083
1476,JeonJu_Radio.csv,76,12676.826491477274,5422.615831163194
1477,JeonJu_Radio.csv,77,12674.65703125,5375.653428819444
1478,JeonJu_Radio.csv,78,12679.201811079545,5420.289333767361
1479,JeonJu_Radio.csv,79,12672.499520596592,5415.190538194444
1480,JeonJu_Radio.csv,80,12673.751171875,5449.387044270833
1481,JeonJu_Radio.csv,81,12676.484872159092,5366.77001953125
1482,JeonJu_Radio.csv,82,12676.102698863637,5380.343912760417
1483,JeonJu_Radio.csv,83,12675.061754261364,5385.78271484375
1484,JeonJu_Radio.csv,84,12674.65497159091,5367.4208984375
1485,JeonJu_Radio.csv,85,12673.88407315341,5398.368218315973
1486,JeonJu_Radio.csv,86,12675.373188920454,5384.739040798611
1487,JeonJu_Radio.csv,87,12678.413050426136,5401.671061197917
1488,JeonJu_Radio.csv,88,12676.361594460228,5405.144694010417
1489,JeonJu_Radio.csv,89,12673.872034801136,5397.445529513889
1490,JeonJu_Radio.csv,90,12675.228196022726,5389.923611111111
1491,JeonJu_Radio.csv,91,12677.369193892046,5397.848849826389
1492,JeonJu_Radio.csv,92,12677.175674715909,5384.027615017361
1493,JeonJu_Radio.csv,93,12675.69991122159,5385.625813802083
1494,JeonJu_Radio.csv,94,12676.969353693183,5400.443088107639
1495,JeonJu_Radio.csv,95,12673.737642045455,5411.0712890625
1496,JeonJu_Radio.csv,96,12675.240287642046,5405.593804253473
1497,JeonJu_Radio.csv,97,12678.057244318183,5401.833550347223
1498,JeonJu_Radio.csv,98,12675.255007102272,5403.261176215277
1499,JeonJu_Radio.csv,99,12678.013778409091,5402.505154079861
1500,JeonJu_Radio.csv,100,12674.477574573864,5403.03662109375
1501,KBS_JeonJu.csv,1,12542.452414772728,5265.004177517361
1502,KBS_JeonJu.csv,2,12539.650763494317,5290.840440538194
1503,KBS_JeonJu.csv,3,12540.137056107955,5367.578559027777
1504,KBS_JeonJu.csv,4,12539.978959517046,5263.786783854167
1505,KBS_JeonJu.csv,5,12540.467542613636,5078.952690972223
1506,KBS_JeonJu.csv,6,12538.871999289773,5147.575141059027
1507,KBS_JeonJu.csv,7,12537.6599609375,5029.549370659723
1508,KBS_JeonJu.csv,8,12538.51631747159,5338.538628472223
1509,KBS_JeonJu.csv,9,12539.28583096591,5237.944986979167
1510,KBS_JeonJu.csv,10,12535.896431107954,5129.694118923611
1511,KBS_JeonJu.csv,11,12538.510795454546,5436.669759114583
1512,KBS_JeonJu.csv,12,12536.879900568181,5076.554958767361
1513,KBS_JeonJu.csv,13,12538.024076704545,5200.027777777777
1514,KBS_JeonJu.csv,14,12538.045330255682,5190.939073350694
1515,KBS_JeonJu.csv,15,12537.335102982954,5085.662000868056
1516,KBS_JeonJu.csv,16,12538.15555752841,5169.260308159723
1517,KBS_JeonJu.csv,17,12536.379119318182,5304.076443142361
1518,KBS_JeonJu.csv,18,12533.754137073864,5239.971950954861
1519,KBS_JeonJu.csv,19,12535.865589488636,5387.24560546875
1520,KBS_JeonJu.csv,20,12534.298171164774,5116.438856336806
1521,KBS_JeonJu.csv,21,12537.986665482955,4868.929090711806
1522,KBS_JeonJu.csv,22,12537.229811789774,5125.26953125
1523,KBS_JeonJu.csv,23,12536.381107954545,5255.7919921875
1524,KBS_JeonJu.csv,24,12535.116051136363,4996.710611979167
1525,KBS_JeonJu.csv,25,12536.4009765625,5143.123318142361
1526,KBS_JeonJu.csv,26,12534.499272017045,5142.087293836806
1527,KBS_JeonJu.csv,27,12535.14227627841,4950.466145833333
1528,KBS_JeonJu.csv,28,12537.879634232955,5408.876898871527
1529,KBS_JeonJu.csv,29,12533.40362215909,5111.068196614583
1530,KBS_JeonJu.csv,30,12535.54598721591,5131.152398003473
1531,KBS_JeonJu.csv,31,12533.838813920454,5068.221788194444
1532,KBS_JeonJu.csv,32,12535.22823153409,5228.712239583333
1533,KBS_JeonJu.csv,33,12530.639169034092,5086.013292100694
1534,KBS_JeonJu.csv,34,12533.452485795455,4991.449381510417
1535,KBS_JeonJu.csv,35,12533.403426846591,5031.471462673611
1536,KBS_JeonJu.csv,36,12535.135245028408,5157.703559027777
1537,KBS_JeonJu.csv,37,12534.084588068183,5150.387478298611
1538,KBS_JeonJu.csv,38,12534.216903409091,5111.574001736111
1539,KBS_JeonJu.csv,39,12531.201828835226,5222.869249131944
1540,KBS_JeonJu.csv,40,12532.706285511364,5301.488118489583
1541,KBS_JeonJu.csv,41,12532.417489346592,5195.754937065973
1542,KBS_JeonJu.csv,42,12532.559907670455,5235.150987413194
1543,KBS_JeonJu.csv,43,12532.620188210227,5220.901529947917
1544,KBS_JeonJu.csv,44,12532.990021306818,5002.540256076389
1545,KBS_JeonJu.csv,45,12532.62393465909,5266.473849826389
1546,KBS_JeonJu.csv,46,12533.822904829545,5236.336046006944
1547,KBS_JeonJu.csv,47,12532.60067471591,5224.384440104167
1548,KBS_JeonJu.csv,48,12530.8015625,5169.762586805556
1549,KBS_JeonJu.csv,49,12534.093430397726,5132.868272569444
1550,KBS_JeonJu.csv,50,12531.95829190341,5276.981770833333
1551,KBS_JeonJu.csv,51,12532.501225142045,5238.681098090277
1552,KBS_JeonJu.csv,52,12533.29678622159,5146.307400173611
1553,KBS_JeonJu.csv,53,12533.819140625,5193.446180555556
1554,KBS_JeonJu.csv,54,12532.254137073864,5118.930881076389
1555,KBS_JeonJu.csv,55,12531.464612926136,5356.50244140625
1556,KBS_JeonJu.csv,56,12531.24090909091,5228.684190538194
1557,KBS_JeonJu.csv,57,12532.311310369318,5142.435438368056
1558,KBS_JeonJu.csv,58,12532.857368607954,5166.399685329861
1559,KBS_JeonJu.csv,59,12532.14921875,5246.066569010417
1560,KBS_JeonJu.csv,60,12531.978675426137,5253.998697916667
1561,KBS_JeonJu.csv,61,12533.495951704546,5127.043185763889
1562,KBS_JeonJu.csv,62,12532.088370028408,5109.038736979167
1563,KBS_JeonJu.csv,63,12531.66962002841,5208.491644965277
1564,KBS_JeonJu.csv,64,12531.256942471591,5243.058702256944
1565,KBS_JeonJu.csv,65,12532.736434659091,5220.060384114583
1566,KBS_JeonJu.csv,66,12530.89620028409,5133.44970703125
1567,KBS_JeonJu.csv,67,12531.036487926136,5135.273600260417
1568,KBS_JeonJu.csv,68,12531.907865767045,5230.980523003473
1569,KBS_JeonJu.csv,69,12530.457741477272,5296.97802734375
1570,KBS_JeonJu.csv,70,12532.971786221591,5284.895453559027
1571,KBS_JeonJu.csv,71,12530.951225142046,5110.090006510417
1572,KBS_JeonJu.csv,72,12531.534517045455,5276.782063802083
1573,KBS_JeonJu.csv,73,12530.370348011364,5213.1357421875
1574,KBS_JeonJu.csv,74,12531.0541015625,5187.304090711806
1575,KBS_JeonJu.csv,75,12533.31610440341,5243.781521267361
1576,KBS_JeonJu.csv,76,12531.255149147728,5256.144151475694
1577,KBS_JeonJu.csv,77,12531.3521484375,5178.802897135417
1578,KBS_JeonJu.csv,78,12532.919211647728,5250.240071614583
1579,KBS_JeonJu.csv,79,12531.692720170455,5183.122395833333
1580,KBS_JeonJu.csv,80,12530.687766335228,5232.973687065973
1581,KBS_JeonJu.csv,81,12532.940678267045,5198.370442708333
1582,KBS_JeonJu.csv,82,12531.543465909092,5159.336642795139
1583,KBS_JeonJu.csv,83,12530.24600497159,5203.024631076389
1584,KBS_JeonJu.csv,84,12532.22821377841,5177.039496527777
1585,KBS_JeonJu.csv,85,12530.537642045454,5175.497178819444
1586,KBS_JeonJu.csv,86,12531.531800426137,5161.751302083333
1587,KBS_JeonJu.csv,87,12530.06278409091,5197.181423611111
1588,KBS_JeonJu.csv,88,12531.414559659092,5220.771484375
1589,KBS_JeonJu.csv,89,12533.6087890625,5204.619032118056
1590,KBS_JeonJu.csv,90,12532.717400568183,5214.612521701389
1591,KBS_JeonJu.csv,91,12530.794016335227,5198.634928385417
1592,KBS_JeonJu.csv,92,12530.086576704545,5207.789171006944
1593,KBS_JeonJu.csv,93,12533.092986505682,5192.18798828125
1594,KBS_JeonJu.csv,94,12530.358220880682,5189.3935546875
1595,KBS_JeonJu.csv,95,12532.019762073864,5187.650553385417
1596,KBS_JeonJu.csv,96,12532.705326704545,5190.053276909723
1597,KBS_JeonJu.csv,97,12532.908647017046,5193.939181857639
1598,KBS_JeonJu.csv,98,12530.665056818181,5196.090060763889
1599,KBS_JeonJu.csv,99,12531.305149147727,5195.145941840277
1600,KBS_JeonJu.csv,100,12530.46942471591,5195.562879774306
1601,KBS_MokPo.csv,1,11594.676828835227,4324.34033203125
1602,KBS_MokPo.csv,2,11583.350550426136,4428.441840277777
1603,KBS_MokPo.csv,3,11576.58584872159,4524.179796006944
1604,KBS_MokPo.csv,4,11572.573206676136,4525.020941840277
1605,KBS_MokPo.csv,5,11570.787535511363,4577.456434461806
1606,KBS_MokPo.csv,6,11567.319442471591,4634.52392578125
1607,KBS_MokPo.csv,7,11564.992027698863,4383.449001736111
1608,KBS_MokPo.csv,8,11559.031640625,4543.9677734375
1609,KBS_MokPo.csv,9,11555.317897727273,4525.409125434027
1610,KBS_MokPo.csv,10,11555.081764914772,4580.602105034723
1611,KBS_MokPo.csv,11,11552.851544744319,4569.672471788194
1612,KBS_MokPo.csv,12,11548.448064630682,4674.96875
1613,KBS_MokPo.csv,13,11546.413121448864,4473.624782986111
1614,KBS_MokPo.csv,14,11541.974502840909,4425.367513020833
1615,KBS_MokPo.csv,15,11542.106232244318,4383.322428385417
1616,KBS_MokPo.csv,16,11539.431977982955,4523.787380642361
1617,KBS_MokPo.csv,17,11536.169051846591,4641.422797309027
1618,KBS_MokPo.csv,18,11535.009925426137,4513.664659288194
1619,KBS_MokPo.csv,19,11532.477787642045,4556.247233072917
1620,KBS_MokPo.csv,20,11529.266850142045,4596.343695746527
1621,KBS_MokPo.csv,21,11524.473384232955,4362.17333984375
1622,KBS_MokPo.csv,22,11527.42764559659,4743.949869791667
1623,KBS_MokPo.csv,23,11526.393306107955,4437.053385416667
1624,KBS_MokPo.csv,24,11523.789275568182,4532.424587673611
1625,KBS_MokPo.csv,25,11521.498597301137,4698.396430121527
1626,KBS_MokPo.csv,26,11519.777201704546,4503.324435763889
1627,KBS_MokPo.csv,27,11515.3337890625,4627.747233072917
1628,KBS_MokPo.csv,28,11516.334943181819,4626.25537109375
1629,KBS_MokPo.csv,29,11513.618004261363,4692.132921006944
1630,KBS_MokPo.csv,30,11514.634286221592,4624.944715711806
1631,KBS_MokPo.csv,31,11510.989080255682,4562.800075954861
1632,KBS_MokPo.csv,32,11510.890696022727,4894.442328559027
1633,KBS_MokPo.csv,33,11510.280522017045,4511.083658854167
1634,KBS_MokPo.csv,34,11510.145720880682,4610.203721788194
1635,KBS_MokPo.csv,35,11506.946360085227,4737.650227864583
1636,KBS_MokPo.csv,36,11505.437872869317,4787.03173828125
1637,KBS_MokPo.csv,37,11506.679030539774,4632.082682291667
1638,KBS_MokPo.csv,38,11504.818909801137,4600.8603515625
1639,KBS_MokPo.csv,39,11504.04659090909,4624.072699652777
1640,KBS_MokPo.csv,40,11503.470205965908,4660.849989149306
1641,KBS_MokPo.csv,41,11501.239595170455,4499.82177734375
1642,KBS_MokPo.csv,42,11502.665518465908,4636.135850694444
1643,KBS_MokPo.csv,43,11503.593643465909,4945.375705295139
1644,KBS_MokPo.csv,44,11499.612322443181,4583.1923828125
1645,KBS_MokPo.csv,45,11500.013174715908,4589.730414496527
1646,KBS_MokPo.csv,46,11500.134499289772,4528.670355902777
1647,KBS_MokPo.csv,47,11499.827379261364,4818.458658854167
1648,KBS_MokPo.csv,48,11497.919176136364,4625.670952690973
1649,KBS_MokPo.csv,49,11498.797372159092,4662.008029513889
1650,KBS_MokPo.csv,50,11500.869975142046,4589.835883246527
1651,KBS_MokPo.csv,51,11496.73359375,4734.195366753473
1652,KBS_MokPo.csv,52,11499.42938565341,4716.130696614583
1653,KBS_MokPo.csv,53,11498.00225497159,4578.977267795139
1654,KBS_MokPo.csv,54,11495.948899147726,4654.693739149306
1655,KBS_MokPo.csv,55,11495.484357244319,4741.3037109375
1656,KBS_MokPo.csv,56,11496.681232244318,4618.301812065973
1657,KBS_MokPo.csv,57,11497.038014914773,4712.582194010417
1658,KBS_MokPo.csv,58,11495.101740056818,4711.837890625
1659,KBS_MokPo.csv,59,11494.85516690341,4767.628146701389
1660,KBS_MokPo.csv,60,11494.946750710227,4673.170572916667
1661,KBS_MokPo.csv,61,11495.105983664773,4592.601453993056
1662,KBS_MokPo.csv,62,11495.3255859375,4686.454806857639
1663,KBS_MokPo.csv,63,11494.039240056818,4689.137803819444
1664,KBS_MokPo.csv,64,11492.856818181817,4619.833550347223
1665,KBS_MokPo.csv,65,11492.921910511364,4696.203179253473
1666,KBS_MokPo.csv,66,11493.494264914772,4630.553276909723
1667,KBS_MokPo.csv,67,11492.711558948864,4626.195963541667
1668,KBS_MokPo.csv,68,11492.77901278409,4694.498426649306
1669,KBS_MokPo.csv,69,11493.228533380681,4671.959906684027
1670,KBS_MokPo.csv,70,11494.049325284092,4528.365831163194
1671,KBS_MokPo.csv,71,11492.841299715908,4634.872992621527
1672,KBS_MokPo.csv,72,11493.693004261364,4651.682834201389
1673,KBS_MokPo.csv,73,11492.856924715908,4589.573513454861
1674,KBS_MokPo.csv,74,11492.791157670454,4647.545844184027
1675,KBS_MokPo.csv,75,11492.159730113637,4723.044704861111
1676,KBS_MokPo.csv,76,11491.754119318182,4685.879069010417
1677,KBS_MokPo.csv,77,11490.961274857955,4668.657009548611
1678,KBS_MokPo.csv,78,11492.413423295455,4647.216200086806
1679,KBS_MokPo.csv,79,11490.049183238636,4725.163845486111
1680,KBS_MokPo.csv,80,11491.387730823864,4633.329698350694
1681,KBS_MokPo.csv,81,11490.94424715909,4689.970486111111
1682,KBS_MokPo.csv,82,11491.542826704546,4701.954644097223
1683,KBS_MokPo.csv,83,11491.83359375,4662.574001736111
1684,KBS_MokPo.csv,84,11492.063955965908,4669.90234375
1685,KBS_MokPo.csv,85,11493.713316761363,4706.30859375
1686,KBS_MokPo.csv,86,11490.71942471591,4665.702311197917
1687,KBS_MokPo.csv,87,11491.37899502841,4638.40380859375
1688,KBS_MokPo.csv,88,11491.859872159092,4686.135416666667
1689,KBS_MokPo.csv,89,11492.361558948864,4689.605577256944
1690,KBS_MokPo.csv,90,11491.78448153409,4685.770399305556
1691,KBS_MokPo.csv,91,11491.50321377841,4671.316026475694
1692,KBS_MokPo.csv,92,11491.896928267046,4667.353407118056
1693,KBS_MokPo.csv,93,11491.170419034092,4675.42578125
1694,KBS_MokPo.csv,94,11493.291388494317,4675.209906684027
1695,KBS_MokPo.csv,95,11490.902982954545,4674.756293402777
1696,KBS_MokPo.csv,96,11491.332279829545,4669.653537326389
1697,KBS_MokPo.csv,97,11492.27080965909,4670.726236979167
1698,KBS_MokPo.csv,98,11492.800355113637,4671.6279296875
1699,KBS_MokPo.csv,99,11491.44852627841,4671.348415798611
1700,KBS_MokPo.csv,100,11490.413245738637,4672.267523871527
1701,KBS_SunCheon.csv,1,13816.763796164772,6387.6162109375
1702,KBS_SunCheon.csv,2,13792.86953125,6476.497395833333
1703,KBS_SunCheon.csv,3,13791.17734375,6475.442979600694
1704,KBS_SunCheon.csv,4,13786.83856534091,6541.195583767361
1705,KBS_SunCheon.csv,5,13782.568341619319,6380.777669270833
1706,KBS_SunCheon.csv,6,13780.7912109375,6341.979329427083
1707,KBS_SunCheon.csv,7,13776.642755681818,6598.795247395833
1708,KBS_SunCheon.csv,8,13777.72762784091,6645.185275607639
1709,KBS_SunCheon.csv,9,13774.993714488637,6386.910861545139
1710,KBS_SunCheon.csv,10,13769.337109375,6413.352322048611
1711,KBS_SunCheon.csv,11,13772.954616477273,6243.026692708333
1712,KBS_SunCheon.csv,12,13767.806889204545,6603.676486545139
1713,KBS_SunCheon.csv,13,13768.218110795455,6328.873209635417
1714,KBS_SunCheon.csv,14,13767.070170454546,6610.112467447917
1715,KBS_SunCheon.csv,15,13763.874449573863,6458.785970052083
1716,KBS_SunCheon.csv,16,13762.577397017045,6535.088216145833
1717,KBS_SunCheon.csv,17,13761.978196022726,6428.402126736111
1718,KBS_SunCheon.csv,18,13761.493394886364,6502.467881944444
1719,KBS_SunCheon.csv,19,13762.475248579545,6470.423882378473
1720,KBS_SunCheon.csv,20,13762.293288352274,6706.256456163194
1721,KBS_SunCheon.csv,21,13758.535102982954,6228.665798611111
1722,KBS_SunCheon.csv,22,13756.889311079545,6243.467122395833
1723,KBS_SunCheon.csv,23,13761.90262784091,6272.908203125
1724,KBS_SunCheon.csv,24,13759.870578835227,6315.568088107639
1725,KBS_SunCheon.csv,25,13756.895561079546,6360.445475260417
1726,KBS_SunCheon.csv,26,13758.775124289772,6643.194064670139
1727,KBS_SunCheon.csv,27,13756.267702414772,6272.316080729167
1728,KBS_SunCheon.csv,28,13756.388636363636,6580.258843315973
1729,KBS_SunCheon.csv,29,13754.024449573864,6444.565646701389
1730,KBS_SunCheon.csv,30,13756.4044921875,6399.338107638889
1731,KBS_SunCheon.csv,31,13756.861985085226,6391.726942274306
1732,KBS_SunCheon.csv,32,13755.86337002841,6336.265245225694
1733,KBS_SunCheon.csv,33,13755.420099431818,6502.125379774306
1734,KBS_SunCheon.csv,34,13754.664577414773,6474.9765625
1735,KBS_SunCheon.csv,35,13755.766086647727,6573.48779296875
1736,KBS_SunCheon.csv,36,13754.020294744318,6572.035970052083
1737,KBS_SunCheon.csv,37,13755.627450284092,6645.649631076389
1738,KBS_SunCheon.csv,38,13754.077272727272,6644.250542534723
1739,KBS_SunCheon.csv,39,13757.511594460228,6468.915201822917
1740,KBS_SunCheon.csv,40,13753.951509232955,6457.420572916667
1741,KBS_SunCheon.csv,41,13753.77890625,6601.720811631944
1742,KBS_SunCheon.csv,42,13753.497993607954,6359.877658420139
1743,KBS_SunCheon.csv,43,13755.898366477273,6638.505208333333
1744,KBS_SunCheon.csv,44,13754.027805397727,6382.516276041667
1745,KBS_SunCheon.csv,45,13753.0833984375,6528.649956597223
1746,KBS_SunCheon.csv,46,13753.371360085228,6546.117621527777
1747,KBS_SunCheon.csv,47,13753.231800426136,6594.624565972223
1748,KBS_SunCheon.csv,48,13751.447265625,6592.636176215277
1749,KBS_SunCheon.csv,49,13754.2322265625,6608.6845703125
1750,KBS_SunCheon.csv,50,13754.435475852273,6586.525499131944
1751,KBS_SunCheon.csv,51,13752.582563920454,6361.996148003473
1752,KBS_SunCheon.csv,52,13753.057794744318,6497.507432725694
1753,KBS_SunCheon.csv,53,13752.251846590909,6494.112250434027
1754,KBS_SunCheon.csv,54,13753.520738636364,6619.650119357639
1755,KBS_SunCheon.csv,55,13752.349165482954,6472.040581597223
1756,KBS_SunCheon.csv,56,13751.842507102272,6417.501627604167
1757,KBS_SunCheon.csv,57,13749.876207386364,6481.049424913194
1758,KBS_SunCheon.csv,58,13749.71484375,6396.535970052083
1759,KBS_SunCheon.csv,59,13752.476544744319,6605.578776041667
1760,KBS_SunCheon.csv,60,13753.916796875,6545.980034722223
1761,KBS_SunCheon.csv,61,13751.108504971591,6723.9990234375
1762,KBS_SunCheon.csv,62,13753.258522727272,6524.460286458333
1763,KBS_SunCheon.csv,63,13748.202627840908,6306.097439236111
1764,KBS_SunCheon.csv,64,13752.329367897728,6560.377983940973
1765,KBS_SunCheon.csv,65,13750.47821377841,6626.09423828125
1766,KBS_SunCheon.csv,66,13751.586150568182,6463.659450954861
1767,KBS_SunCheon.csv,67,13751.41434659091,6588.421657986111
1768,KBS_SunCheon.csv,68,13752.309428267046,6476.846408420139
1769,KBS_SunCheon.csv,69,13752.05390625,6600.7978515625
1770,KBS_SunCheon.csv,70,13751.571946022726,6506.518663194444
1771,KBS_SunCheon.csv,71,13751.475159801137,6595.594346788194
1772,KBS_SunCheon.csv,72,13751.503480113637,6605.984971788194
1773,KBS_SunCheon.csv,73,13750.639506392046,6432.551052517361
1774,KBS_SunCheon.csv,74,13752.369318181818,6558.627278645833
1775,KBS_SunCheon.csv,75,13750.979651988637,6562.357855902777
1776,KBS_SunCheon.csv,76,13751.174041193182,6539.521592881944
1777,KBS_SunCheon.csv,77,13752.958238636364,6473.606391059027
1778,KBS_SunCheon.csv,78,13749.985866477273,6548.2314453125
1779,KBS_SunCheon.csv,79,13751.43780184659,6520.13818359375
1780,KBS_SunCheon.csv,80,13751.325532670455,6439.777506510417
1781,KBS_SunCheon.csv,81,13751.16573153409,6518.125108506944
1782,KBS_SunCheon.csv,82,13750.6724609375,6524.887152777777
1783,KBS_SunCheon.csv,83,13751.237943892045,6548.841688368056
1784,KBS_SunCheon.csv,84,13751.715553977272,6495.999186197917
1785,KBS_SunCheon.csv,85,13748.7154296875,6513.468641493056
1786,KBS_SunCheon.csv,86,13752.499147727272,6477.760362413194
1787,KBS_SunCheon.csv,87,13751.664914772728,6466.629448784723
1788,KBS_SunCheon.csv,88,13751.318590198864,6516.371907552083
1789,KBS_SunCheon.csv,89,13753.3853515625,6510.56494140625
1790,KBS_SunCheon.csv,90,13748.783238636364,6496.617350260417
1791,KBS_SunCheon.csv,91,13749.434747869318,6489.386555989583
1792,KBS_SunCheon.csv,92,13753.045365767046,6505.734103732639
1793,KBS_SunCheon.csv,93,13752.302876420454,6495.723036024306
1794,KBS_SunCheon.csv,94,13752.802574573863,6501.894965277777
1795,KBS_SunCheon.csv,95,13749.684552556819,6505.630262586806
1796,KBS_SunCheon.csv,96,13750.67549715909,6500.704915364583
1797,KBS_SunCheon.csv,97,13753.185813210228,6498.296278211806
1798,KBS_SunCheon.csv,98,13751.830202414772,6498.729437934027
1799,KBS_SunCheon.csv,99,13751.856019176137,6500.448404947917
1800,KBS_SunCheon.csv,100,13750.620276988637,6500.3671875
1801,KBS_GwangJu.csv,1,12494.307794744318,5149.966959635417
1802,KBS_GwangJu.csv,2,12490.250372869317,5094.305826822917
1803,KBS_GwangJu.csv,3,12489.453657670454,5121.384874131944
1804,KBS_GwangJu.csv,4,12486.732599431818,4988.895779079861
1805,KBS_GwangJu.csv,5,12490.647088068183,4773.571885850694
1806,KBS_GwangJu.csv,6,12485.027450284091,4884.656846788194
1807,KBS_GwangJu.csv,7,12484.511878551137,5253.434841579861
1808,KBS_GwangJu.csv,8,12484.118217329546,5072.285481770833
1809,KBS_GwangJu.csv,9,12484.938707386364,5118.471950954861
1810,KBS_GwangJu.csv,10,12484.075532670455,5012.241644965277
1811,KBS_GwangJu.csv,11,12482.382279829546,5159.023166232639
1812,KBS_GwangJu.csv,12,12480.433327414772,4973.599609375
1813,KBS_GwangJu.csv,13,12482.349431818182,5021.994466145833
1814,KBS_GwangJu.csv,14,12479.626828835228,4834.973578559027
1815,KBS_GwangJu.csv,15,12481.089435369318,5177.191351996527
1816,KBS_GwangJu.csv,16,12481.539435369317,5071.12548828125
1817,KBS_GwangJu.csv,17,12481.471626420454,4990.437228732639
1818,KBS_GwangJu.csv,18,12479.530113636363,5195.735785590277
1819,KBS_GwangJu.csv,19,12479.797301136363,5032.529513888889
1820,KBS_GwangJu.csv,20,12480.039897017046,5140.561631944444
1821,KBS_GwangJu.csv,21,12477.837748579546,4956.892903645833
1822,KBS_GwangJu.csv,22,12477.975372869318,4920.604817708333
1823,KBS_GwangJu.csv,23,12478.432404119318,5099.616482204861
1824,KBS_GwangJu.csv,24,12476.480788352274,4950.938910590277
1825,KBS_GwangJu.csv,25,12475.81475497159,5051.897298177083
1826,KBS_GwangJu.csv,26,12477.730326704546,5298.945475260417
1827,KBS_GwangJu.csv,27,12476.752379261363,5090.733940972223
1828,KBS_GwangJu.csv,28,12478.634641335228,5137.739854600694
1829,KBS_GwangJu.csv,29,12477.528338068181,5120.789496527777
1830,KBS_GwangJu.csv,30,12476.507386363637,5376.703179253473
1831,KBS_GwangJu.csv,31,12476.685191761364,5020.178331163194
1832,KBS_GwangJu.csv,32,12475.634055397728,5037.9609375
1833,KBS_GwangJu.csv,33,12475.847336647726,5086.40966796875
1834,KBS_GwangJu.csv,34,12473.31942471591,4979.414333767361
1835,KBS_GwangJu.csv,35,12474.112180397728,5004.998697916667
1836,KBS_GwangJu.csv,36,12474.736541193182,5075.949978298611
1837,KBS_GwangJu.csv,37,12476.152769886363,5045.326443142361
1838,KBS_GwangJu.csv,38,12472.907670454546,5200.615342881944
1839,KBS_GwangJu.csv,39,12474.120046164773,4990.095865885417
1840,KBS_GwangJu.csv,40,12473.2775390625,5206.717013888889
1841,KBS_GwangJu.csv,41,12473.767471590909,5143.077799479167
1842,KBS_GwangJu.csv,42,12474.418430397727,5097.694769965277
1843,KBS_GwangJu.csv,43,12474.767737926137,5211.580186631944
1844,KBS_GwangJu.csv,44,12473.501988636364,4906.760362413194
1845,KBS_GwangJu.csv,45,12476.13125,4887.509602864583
1846,KBS_GwangJu.csv,46,12474.814719460228,5139.537380642361
1847,KBS_GwangJu.csv,47,12471.850905539774,5114.213704427083
1848,KBS_GwangJu.csv,48,12472.786150568181,5178.365939670139
1849,KBS_GwangJu.csv,49,12472.04129971591,4997.241156684027
1850,KBS_GwangJu.csv,50,12473.344105113636,4911.523817274306
1851,KBS_GwangJu.csv,51,12474.8603515625,4954.880913628473
1852,KBS_GwangJu.csv,52,12473.197887073864,5030.919542100694
1853,KBS_GwangJu.csv,53,12472.480007102273,5074.348470052083
1854,KBS_GwangJu.csv,54,12473.863813920454,5070.191731770833
1855,KBS_GwangJu.csv,55,12473.131622869318,5145.020887586806
1856,KBS_GwangJu.csv,56,12471.926988636364,4902.699327256944
1857,KBS_GwangJu.csv,57,12472.035387073864,4953.674262152777
1858,KBS_GwangJu.csv,58,12473.667098721591,5118.890842013889
1859,KBS_GwangJu.csv,59,12470.961452414773,5213.064561631944
1860,KBS_GwangJu.csv,60,12471.10928622159,5030.4716796875
1861,KBS_GwangJu.csv,61,12472.645951704546,5146.671169704861
1862,KBS_GwangJu.csv,62,12472.269034090908,5009.280056423611
1863,KBS_GwangJu.csv,63,12471.426793323864,5021.934841579861
1864,KBS_GwangJu.csv,64,12470.78984375,5127.310709635417
1865,KBS_GwangJu.csv,65,12471.35946377841,4992.873155381944
1866,KBS_GwangJu.csv,66,12471.920294744317,5065.746148003473
1867,KBS_GwangJu.csv,67,12469.694691051136,5060.199761284723
1868,KBS_GwangJu.csv,68,12472.454456676136,5156.674967447917
1869,KBS_GwangJu.csv,69,12472.535333806818,5177.816731770833
1870,KBS_GwangJu.csv,70,12470.644122869318,5072.997287326389
1871,KBS_GwangJu.csv,71,12469.125230823864,5074.645182291667
1872,KBS_GwangJu.csv,72,12470.5037109375,5048.956868489583
1873,KBS_GwangJu.csv,73,12470.655042613636,5052.955403645833
1874,KBS_GwangJu.csv,74,12469.751633522726,5114.216851128473
1875,KBS_GwangJu.csv,75,12468.955788352272,5032.700846354167
1876,KBS_GwangJu.csv,76,12470.2802734375,5072.902994791667
1877,KBS_GwangJu.csv,77,12471.393483664773,5057.50244140625
1878,KBS_GwangJu.csv,78,12469.399573863637,5043.026746961806
1879,KBS_GwangJu.csv,79,12472.397034801137,5066.005262586806
1880,KBS_GwangJu.csv,80,12470.881587357955,5110.838812934027
1881,KBS_GwangJu.csv,81,12471.029066051136,5094.455240885417
1882,KBS_GwangJu.csv,82,12470.710031960227,5048.402940538194
1883,KBS_GwangJu.csv,83,12470.573686079546,5099.643988715277
1884,KBS_GwangJu.csv,84,12473.080983664773,5072.146701388889
1885,KBS_GwangJu.csv,85,12470.165447443182,5094.967936197917
1886,KBS_GwangJu.csv,86,12472.11787997159,5085.152126736111
1887,KBS_GwangJu.csv,87,12470.659517045455,5075.058919270833
1888,KBS_GwangJu.csv,88,12470.295685369318,5074.065700954861
1889,KBS_GwangJu.csv,89,12471.261665482954,5094.075900607639
1890,KBS_GwangJu.csv,90,12470.159925426136,5090.345377604167
1891,KBS_GwangJu.csv,91,12470.366690340908,5084.963433159723
1892,KBS_GwangJu.csv,92,12468.958611505683,5080.349880642361
1893,KBS_GwangJu.csv,93,12472.174467329545,5081.337944878473
1894,KBS_GwangJu.csv,94,12472.873366477274,5082.506401909723
1895,KBS_GwangJu.csv,95,12469.369957386363,5089.012315538194
1896,KBS_GwangJu.csv,96,12469.358895596592,5084.786349826389
1897,KBS_GwangJu.csv,97,12472.552272727273,5085.908962673611
1898,KBS_GwangJu.csv,98,12469.219850852272,5084.131293402777
1899,KBS_GwangJu.csv,99,12471.373615056818,5084.303602430556
1900,KBS_GwangJu.csv,100,12472.562943892046,5083.328721788194
